country_code,country,quarter,year,cluster_data,cluster_literature,y_true,naive_persistence,rolling_mean,ols,ridge,lasso,rf,gb,ridge_km0,lasso_km0,ridge_km1,lasso_km1,ridge_km2,lasso_km2,rf_km2,gb_km2,ridge_km3,lasso_km3,rf_km3,gb_km3,ridge_lit_east,lasso_lit_east,rf_lit_east,gb_lit_east,ridge_lit_west,lasso_lit_west,rf_lit_west,gb_lit_west,ridge_lit_south,lasso_lit_south,ridge_lit_north,lasso_lit_north,rf_km0,gb_km0,rf_km1,gb_km1
AT,Austria,2022-Q1,2022,2,West,2.915628986211516,2.488275143303809,3.202090475235914,1.5915390045904418,1.7065905747203822,1.652389061682087,2.6545425164353347,2.593138332815751,,,,,1.8435021615508729,2.024960877176322,2.0262866197443237,2.0699336228988616,,,,,,,,,1.9509553697069308,2.007241906473052,1.8614631290357844,1.88511822008425,,,,,,,,
BE,Belgium,2022-Q1,2022,2,West,1.66128287955698,0.4529834426741708,1.4480366725406646,0.6075088728453859,0.7692043642171505,0.6993748399287838,2.2055311992766984,2.21242544392542,,,,,1.380106901612967,1.9122512257289883,1.7067170158435148,1.598187330574078,,,,,,,,,1.1929949915789684,1.541925963996559,1.7243299359779454,1.5233611506576723,,,,,,,,
BG,Bulgaria,2022-Q1,2022,3,East,3.113462958405111,2.372432074221331,2.2738071724208444,1.746890921079319,1.8518747426507964,1.7865060442928697,2.5504032862780828,3.050667785366659,,,,,,,,,2.1880778039085476,2.183350660055651,2.8138984819976796,3.536011283186327,2.7467926012110184,2.4375429644666884,3.331648096672602,2.9280416298216387,,,,,,,,,,,,
CY,Cyprus,2022-Q1,2022,3,South,2.228080619100248,-3.648727091798665,-0.654703087540346,0.8148189129028465,1.0360468325063388,0.9242714650190592,2.416286394324808,2.186378952877898,,,,,,,,,1.8702964753762532,1.9917631635249209,3.536024239279482,4.716710311276075,,,,,,,,,1.1602908367687919,0.6472739118276003,,,,,,
CZ,Czechia,2022-Q1,2022,2,East,3.428571428571425,5.690200210748153,5.900990854357763,1.8220554517330745,1.9197491765998382,1.8757476510436746,2.7702360274458546,2.4273695537751028,,,,,2.2621145044167434,2.3328336816217785,3.034760303832238,3.227516773115946,,,,,2.4253742528180684,2.3974329995384798,3.834873813551949,3.60162477090658,,,,,,,,,,,,
DE,Germany,2022-Q1,2022,2,West,2.010968921389411,2.718078381795208,3.0198880113320894,1.7671951029518194,1.8648948760497757,1.8220985994444325,2.4737079000567714,2.73227925695772,,,,,2.3004443276662663,2.3844926830307456,2.9245280502334694,2.6813989610502293,,,,,,,,,2.418027224564093,2.5051401350262683,3.0737572914824187,2.8939134115301104,,,,,,,,
DK,Denmark,2022-Q1,2022,2,North,1.774478614351382,0.1716615406623268,2.700233138172176,1.7705764186587616,1.8205124178118137,1.8056762573204272,2.180959240807809,2.245880034767553,,,,,2.1981449901011545,2.1570836638557545,2.028756804449277,2.0643449977348394,,,,,,,,,,,,,,,0.45744962782347776,0.09224227910600047,,,,
EE,Estonia,2022-Q1,2022,3,East,7.977419170895828,6.551297898640285,4.770036704522396,0.618781978206622,0.8162341236712201,0.7139466002974738,2.5432284639056504,2.7078659096673725,,,,,,,,,1.7935866337887694,2.0106170513477206,2.8676938599074555,2.0116045144080457,2.4360919527949942,2.6208987841059725,3.6390739822714107,3.596340057769732,,,,,,,,,,,,
ES,Spain,2022-Q1,2022,0,South,1.912980942107145,1.239545997610536,1.5408713278459663,0.7141780883817495,0.8250723944576821,0.7744215337252218,1.644304130081844,1.3305936285958417,0.5142928715552689,0.23949149337566927,,,,,,,,,,,,,,,,,,,0.6478835005699052,0.24852943356214957,,,1.0371875214355402,0.657862026643091,,
FI,Finland,2022-Q1,2022,0,North,1.439427805096116,0.1712791850716711,0.9663198691555158,0.664932155099996,0.7734695331005033,0.7312115857057033,1.4469142329532299,1.2305325800003917,0.2814950224752991,0.23949149337566927,,,,,,,,,,,,,,,,,,,,,0.04590184375768325,-0.3549796912669152,0.7345500034997817,1.0091011859793892,,
FR,France,2022-Q1,2022,0,West,1.734059097978236,1.118071524859254,1.690697126548679,1.6002955368396257,1.6871828263621296,1.6508366071321792,2.240643427862767,2.072265998854013,1.2418253436192521,0.23949149337566927,,,,,,,,,,,,,,,1.4819286731593093,1.777804032120875,1.422675076582789,1.488591130591448,,,,,1.0321748022819992,1.1007115336736775,,
HR,Croatia,2022-Q1,2022,3,East,3.737274220032849,2.509898190045257,2.195711154357621,1.3614171888834727,1.5116132731641052,1.4380013169076644,1.6573367242669954,1.4026791600171433,,,,,,,,,1.7508233707114544,1.6805045015785092,2.2652955296345114,1.9882967623370307,2.0212237532385364,1.9248442791037168,2.0712613269035804,1.404765548137451,,,,,,,,,,,,
HU,Hungary,2022-Q1,2022,3,East,5.720321431530118,3.736906671699547,5.28961185736897,1.398659242760331,1.617346911824841,1.4780235219567681,2.1825393708725236,3.727104612843308,,,,,,,,,2.0530279857588076,1.6337233082163314,2.6515090827206906,4.200834737265256,2.2340194742089636,1.7555485207441233,1.6985368031443981,4.081185013545876,,,,,,,,,,,,
IE,Ireland,2022-Q1,2022,1,East,1.772804425724517,4.22686647402728,3.2964570865664458,1.2665359807313292,1.397485589252234,1.345008150657902,2.87561047692952,2.870774105787567,,,0.4578642759760568,1.0738435591903932,,,,,,,,,2.0960245091186755,2.257540799995163,3.7680357884530933,3.474266316922998,,,,,,,,,,,1.7527944238007758,0.609891323352898
IT,Italy,2022-Q1,2022,0,South,2.270577105014193,0.09624639076033503,0.9869471907962668,1.0488057815133272,1.2152901381045713,1.1308238138623892,1.067839533257473,0.8614041818223047,0.618364671939774,0.23949149337566927,,,,,,,,,,,,,,,,,,,1.061416999321844,0.7409945275025753,,,0.9403298087813564,0.8448011671345381,,
LT,Lithuania,2022-Q1,2022,3,East,5.892311052861499,4.730052556139519,4.627548804097753,0.8672727158269744,0.9758936497213666,0.93749893323573,3.019825162525248,2.4546263594921562,,,,,,,,,1.4404814823371117,1.8532158790930955,3.9369945896939975,4.986263498275663,2.4767701826317463,2.5458827712221046,4.13690533015083,4.160841562615646,,,,,,,,,,,,
LU,Luxembourg,2022-Q1,2022,2,West,2.2024519908864,3.613901397067298,2.909268187843144,1.4779080545968064,1.5517265626975747,1.510908256271689,2.6417611726160977,3.547381761815236,,,,,1.9509204402304972,2.1876994763512307,2.9585121595368284,3.0936327763628904,,,,,,,,,2.056234776183019,2.1554631587396176,2.9306227933892597,2.503015228380862,,,,,,,,
LV,Latvia,2022-Q1,2022,3,East,5.395887765534479,3.919908051539522,3.8258000583072604,1.4835292185445796,1.6690241950112674,1.5539312553484528,3.8631583021651976,3.981853989932342,,,,,,,,,2.2672753956482725,2.2862083594764746,2.9764840467725024,4.063886629881177,2.5524133572680574,2.3218574747432816,3.9857220981913146,4.493656425209896,,,,,,,,,,,,
MT,Malta,2022-Q1,2022,1,South,3.536402033073238,1.06893542757418,1.1201299797139048,1.9780596656785254,1.9966480272175233,1.9817472063871011,2.583163643134935,3.135830882799635,,,1.7374598083392692,0.9306705832020881,,,,,,,,,,,,,,,,,1.8590672355584865,1.9881936550467019,,,,,1.9251507754373793,2.1457943684428584
NL,Netherlands,2022-Q1,2022,2,West,3.082978025582173,3.720738251076128,4.350094131724291,1.6203982746842112,1.7343776415163539,1.6840553787966508,2.910440676493865,4.199397825730452,,,,,2.152748348504455,2.384593371092974,3.033787323628782,3.6798132425891117,,,,,,,,,2.436653023903175,2.6382887917481437,3.0056987083891062,3.13235181588454,,,,,,,,
PL,Poland,2022-Q1,2022,3,East,1.996257018091074,3.932207931404075,2.8960385426837822,0.9542978215575548,1.216791556205719,1.0674739500047614,3.1488778866706446,2.6295578069182164,,,,,,,,,1.5560900051681068,1.3794525094828007,2.261929200650114,1.769050364006177,2.0827767128104453,1.6871092207062826,3.2496040212700783,3.50892363655898,,,,,,,,,,,,
PT,Portugal,2022-Q1,2022,3,South,3.104467805519073,2.720373613543492,2.778666596928192,1.8213730153712202,1.9125760107771672,1.8792384950888192,2.3683128580412087,1.8413921507922535,,,,,,,,,2.099417100922661,2.0834809388421274,2.805478588037241,3.3491248584936266,,,,,,,,,1.4023748917027843,1.2874966371557957,,,,,,
RO,Romania,2022-Q1,2022,3,East,3.661850951223,2.788159665121825,1.8194983382507797,-0.2496719262471514,-0.030578479291329508,-0.16309869927769816,-0.8373401024046643,-0.9019969643055726,,,,,,,,,0.4512065513134552,0.4903225348917851,0.3422534060248977,0.08782551672766277,0.8532176338435297,0.6805195154095549,-0.12574356583809962,-0.2049017044730136,,,,,,,,,,,,
SE,Sweden,2022-Q1,2022,2,North,0.4712005063647329,1.263788443275637,2.6248951302224213,1.4212435197791222,1.4744445783168953,1.4494081225718893,1.8973768080595774,1.4959175008071774,,,,,1.3183615787858887,1.593245577278521,1.3512549069821496,0.9264931600871734,,,,,,,,,,,,,,,0.06966430080014963,-0.41817250559138985,,,,
SI,Slovenia,2022-Q1,2022,2,East,3.294794225124309,4.642507345739455,3.7325553136299647,1.7311122065840467,1.88181313554814,1.810034676699984,2.9263945528275697,3.171284343831146,,,,,1.4397522564713872,1.7009863319979752,2.214916529036374,2.537174845932787,,,,,2.8479374219456877,2.6464828752796112,3.835617379222817,4.033954724236502,,,,,,,,,,,,
SK,Slovakia,2022-Q1,2022,3,East,5.498137243119827,3.566216130465127,2.592466518011607,1.5661287240189146,1.728156813153451,1.6493391854143713,2.4959793701598088,2.626993163315622,,,,,,,,,2.1225171980015816,2.1335436800155043,3.472600402589858,4.070141400341428,2.4145466553817707,2.4404322069671585,3.329491855287699,3.5346640312588655,,,,,,,,,,,,
AT,Austria,2022-Q2,2022,2,West,2.455291270731275,4.633278250921569,3.392563451563019,0.6658615215846531,0.9263088342985548,0.7965987088491103,2.5565873845416345,2.752311061460278,,,,,1.2950456109957436,1.8351363704480939,2.0842440527254045,2.5390257096510975,,,,,,,,,1.5820540296100747,1.9596921670912848,1.2542668704908946,0.9547913042949299,,,,,,,,
BE,Belgium,2022-Q2,2022,2,West,2.103192616129523,1.088477686207434,1.5225439080077174,-0.8637894511403699,-0.5168824266583909,-0.6931612925800033,1.2186953228392006,1.7297957998203373,,,,,0.6425704048566664,1.4994612188219096,1.185120061554755,1.5874991742189795,,,,,,,,,0.3932273509408041,1.0352582889107493,0.8300393874857304,0.5262145600352687,,,,,,,,
BG,Bulgaria,2022-Q2,2022,3,East,4.0875999522616,5.204557224236162,2.78014367454304,0.8783884570575353,1.1560014497230717,1.009088941093423,2.437071591886601,2.4598539182247614,,,,,,,,,2.030820876006916,2.0618631417339355,2.168234871242371,1.5034707583417732,2.816802251872061,2.539809879610237,3.042439075017713,3.8146748675457878,,,,,,,,,,,,
CY,Cyprus,2022-Q2,2022,3,South,8.926046086016148,1.204922970995792,1.7371490111972747,0.37947822919301577,0.6402531184215723,0.48215666524063105,1.2883852378713723,1.2986396001787404,,,,,,,,,1.4868130558922306,1.3607933348943664,2.5283747993231667,3.3369107708628505,,,,,,,,,0.783244722579801,0.627397802056326,,,,,,
CZ,Czechia,2022-Q2,2022,2,East,1.012891344383071,4.685942173479574,5.5991221657527355,-0.15859419017366072,0.21689258249818177,0.05283378409719863,2.8839184103836244,1.892503182759197,,,,,0.7867858419233884,1.611354390538384,1.3069590095980321,1.9278335320885773,,,,,2.20748067677253,1.7245659394598827,3.2595339068027895,3.4240769721294804,,,,,,,,,,,,
DE,Germany,2022-Q2,2022,2,West,-0.6571087216248439,0.9846153846153838,2.9195415109855904,0.8136552116562276,1.0416495945512687,0.9331947527171742,2.1702591966204468,2.7374581484941674,,,,,1.6584160176174758,2.024191670275173,2.1294731733616596,2.023357726600097,,,,,,,,,1.6216301049160735,1.9775838200469449,1.469174215623437,1.2827843783800594,,,,,,,,
DK,Denmark,2022-Q2,2022,2,North,0.2986940816893435,0.999642984648319,2.3468735239595917,0.42071882898952784,0.6909768446012268,0.5538094596355572,1.7196449299296406,1.2891944266362705,,,,,1.1996191151802138,1.7017553385101762,1.689878731858896,1.7080727931729196,,,,,,,,,,,,,,,-1.2316959351311256,-1.5847752065613165,,,,
EE,Estonia,2022-Q2,2022,3,East,0.8343895226024411,7.076566125290018,4.899592911236411,0.2348892671823123,0.6074278785862646,0.4435461988582715,2.3607499857141683,1.6133352907951473,,,,,,,,,1.3974134125883295,1.6016967522136825,2.7063832180940763,1.600886937876402,2.1956781938222,2.3023603538519533,3.600639720914107,4.54833377595019,,,,,,,,,,,,
ES,Spain,2022-Q2,2022,0,South,1.7218262649072,2.559374539017556,2.0689940688332022,-0.5056290112773654,-0.16459566293313999,-0.34368500359129395,0.9757609248374962,1.399277227589871,-0.9225427620474833,0.23949149337566927,,,,,,,,,,,,,,,,,,,-0.04637704732585374,-0.5805136500984303,,,0.6446753654598192,-0.002573883254296012,,
FI,Finland,2022-Q2,2022,0,North,-1.0752688172043,0.6569474442044587,0.7495375623711971,-0.12517162754948719,0.19417910602878663,0.03951439812501534,1.2902339648552232,0.9157395662914385,-0.6419878608659961,0.23949149337566927,,,,,,,,,,,,,,,,,,,,,-1.608273716672978,-2.3164942663277137,0.18990164868379064,0.009228018603040844,,
FR,France,2022-Q2,2022,0,West,2.682870901169454,0.8469259723964839,1.7179731824045694,0.4616311806781417,0.7357633914236034,0.5965434745571239,1.364179050827811,1.1343885939205702,-0.1142431780560586,0.23949149337566927,,,,,,,,,,,,,,,0.8802892286312702,1.2846939712919554,0.42433140735592967,0.3318269400787781,,,,,0.3868474928851292,-0.09896742249904995,,
HR,Croatia,2022-Q2,2022,3,East,2.849183234139541,5.007241878750257,3.2143512592463894,1.091268179665316,1.4092865651902746,1.2533136637251623,2.576388760050616,1.7847125171961318,,,,,,,,,1.6742194520455234,1.4085469138251916,2.3050764082162454,2.8271933371685822,2.0612590567705746,1.8211465950289345,2.88484088845354,2.93403795115131,,,,,,,,,,,,
HU,Hungary,2022-Q2,2022,3,East,3.036476903185381,9.806240334758476,5.386079245056807,0.8885212520593202,1.3550251016860453,1.0818216610992297,0.052268174340451404,2.1148648155933105,,,,,,,,,1.9318594005122285,1.3282322493945176,0.896545891546788,3.0020937281345006,2.5126459738584535,1.9268483445489035,0.8132722032104612,1.779773336879561,,,,,,,,,,,,
IE,Ireland,2022-Q2,2022,1,East,2.829081475075679,2.559638942617659,3.5584683778416393,0.7150682059464661,0.9444501970767811,0.8464403368117175,2.5985046773072153,2.6919768784009683,,,0.4924706342536589,0.7951901343408154,,,,,,,,,1.9427223300607679,2.1106399379459626,3.582633366406819,4.2218451279382725,,,,,,,,,,,1.7530641613893567,1.422405273742545
IT,Italy,2022-Q2,2022,0,South,-1.11008325624421,1.634615384615379,1.120601036950114,-0.3546543347478113,-0.019135879447335746,-0.20558814105084333,0.8418349449808328,1.0036317600683942,-1.1760390275885606,0.23949149337566927,,,,,,,,,,,,,,,,,,,0.02598916661560774,-0.42189454993113557,,,0.23957778119057874,-0.13145138800250714,,
LT,Lithuania,2022-Q2,2022,3,East,2.985921303697592,4.42518248175181,4.480000898741377,-0.1945040495226189,0.01720593224923561,-0.08618931992272616,-0.8339354326334257,-0.5193086322479914,,,,,,,,,1.2982073469026654,1.9772960080083082,4.1113612102024355,5.422459218216374,2.3766384032626995,2.581453147265851,4.131566736518093,4.74821099187346,,,,,,,,,,,,
LU,Luxembourg,2022-Q2,2022,2,West,2.070063694267521,2.707822598618237,2.478964966932989,0.07068871418128597,0.4374453522251921,0.28022259197056987,2.822182149054856,2.456682307978794,,,,,1.4053270564620632,2.083933382415406,2.272811778538067,3.0838667826920054,,,,,,,,,1.4212678188937904,2.0427874554044623,0.963857919230948,0.9618969404304208,,,,,,,,
LV,Latvia,2022-Q2,2022,3,East,1.201767622332395,2.485592875021836,4.100727211621941,0.32625591798289344,0.6932921210515224,0.4982027851227717,1.849752222241289,1.522173387994365,,,,,,,,,1.846248899420314,1.9998284068478593,3.208942330706775,4.258680168108921,2.20835230288178,2.1121029221370864,3.134634974611591,3.1485345113848,,,,,,,,,,,,
MT,Malta,2022-Q2,2022,1,South,1.106271174721707,0.5036333549176097,1.6576615046699053,1.7940605589957894,1.9389479513602972,1.8587732175222513,1.820629791755866,3.1761501402961367,,,1.1029557885278702,1.107963910940867,,,,,,,,,,,,,,,,,2.264326443700881,2.1888943340443014,,,,,2.726187262222227,3.7572015806044963
NL,Netherlands,2022-Q2,2022,2,West,0.7264821296001589,4.002274019329155,4.449200076739906,0.4881765187346736,0.8033935201942803,0.6449158278932295,2.864117596409481,3.1906467296901875,,,,,1.1887624350558916,1.9363984484971977,2.2386771098404514,3.0894931287922187,,,,,,,,,1.5682551778685911,2.099769222341223,1.153398695633808,1.2219497804302588,,,,,,,,
PL,Poland,2022-Q2,2022,3,East,2.37308868501529,3.319368353206587,3.231009947558178,-0.26296987276799455,0.2697521316157089,-0.004006755022073261,0.6493074770158261,1.6332931098717018,,,,,,,,,1.1075706759395931,0.937871155621697,2.049080498663424,2.4584939696864123,1.560017215078877,1.139760778278313,0.6036452895361287,1.2166380796985654,,,,,,,,,,,,
PT,Portugal,2022-Q2,2022,3,South,2.926026233338641,3.796317344851086,3.092004922296904,0.7946489130683148,1.0360543150337242,0.9161835069181872,2.3281497821987265,1.6350508956555645,,,,,,,,,1.343549056746443,1.348560072107146,1.9307408162592743,1.7036525441258468,,,,,,,,,0.6614211355419019,0.30611256295829165,,,,,,
RO,Romania,2022-Q2,2022,3,East,-1.200496757278879,1.679877827067133,1.5596209559146532,-1.1403806862582515,-0.6383956261592019,-0.8769876505956407,-0.7944672852079263,-0.47554240893785865,,,,,,,,,0.07924878396115154,0.09267880397962958,-0.9003511012750969,-0.1825109784269892,0.5400980335075369,0.3012108482279846,-0.37466884144772084,-0.1130196406217597,,,,,,,,,,,,
SE,Sweden,2022-Q2,2022,2,North,-3.079938401231974,2.575385947193753,2.486679052015656,0.8153375276587267,1.0512643419708092,0.9422449176868396,1.2534947738093423,1.2605833405881748,,,,,0.7762999420894666,1.3426298065114564,1.2368956483732492,1.4114738889277738,,,,,,,,,,,,,,,-0.647986198859339,-1.1756263407585257,,,,
SI,Slovenia,2022-Q2,2022,2,East,2.302383575943856,4.161986771496329,4.010933968506503,0.9664464178015446,1.2008366423494479,1.0748384605079213,2.8223234765929615,2.4995494184796603,,,,,1.5703949585707995,1.8566298650062354,2.1949389133910766,3.425156284385529,,,,,1.8216887861950384,1.9685357328454234,3.7179651307484147,3.9958810927946353,,,,,,,,,,,,
SK,Slovakia,2022-Q2,2022,3,East,2.847866947656197,1.966791250536115,3.377444319795969,0.09949552736520961,0.45929420912110897,0.29802809833633925,2.0864342475027184,0.6745862339657586,,,,,,,,,1.2626508268850454,1.5627098750476216,2.7793088048972177,3.3176789898544676,2.0676304316007106,1.819002498072718,2.9367314165174196,4.259966301615296,,,,,,,,,,,,
AT,Austria,2022-Q3,2022,2,West,-4.18802926435855,2.915628986211516,3.2469565393152324,0.3467386564242765,0.4935415860258783,0.4182256293428239,2.608428059771682,2.292172361311577,,,,,1.3155132014525155,1.8966764755120906,2.0288020304227636,2.2649281468035163,,,,,,,,,1.2692255036439224,1.9378310859522578,0.9567877050273143,0.821294707192234,,,,,,,,
BE,Belgium,2022-Q3,2022,2,West,-0.3037937166567861,1.66128287955698,1.4538355453056706,-0.40214814083611095,-0.16568497965072493,-0.3016163129082843,0.9568180313455373,1.1371823065918,,,,,0.7284929797746158,1.4828354812122644,1.1111144309119518,1.6405070474548775,,,,,,,,,0.5442567046892652,1.1045765984470792,0.7736006906772759,0.5315847002726812,,,,,,,,
BG,Bulgaria,2022-Q3,2022,3,East,0.4070400733818591,3.113462958405111,3.47101284538231,0.26862988118595654,0.49355868379837686,0.3530919122199565,0.12222805476832439,1.1395456199763165,,,,,,,,,1.4948643850210286,1.837536762930782,3.365891308655005,3.591901237327253,2.509436947012663,2.3264336315441962,3.1235349351449724,3.508381517242305,,,,,,,,,,,,
CY,Cyprus,2022-Q3,2022,3,South,-5.193218267908961,2.228080619100248,0.9330530052742807,-0.2296332549305451,0.07345132916278296,-0.08651407687750123,0.8840775755084053,0.002577842656296331,,,,,,,,,0.6989571288599703,1.024463879549176,1.7341436639601113,1.6967616164163455,,,,,,,,,-0.24342197463200493,-0.7927226852750713,,,,,,
CZ,Czechia,2022-Q3,2022,2,East,-2.233363719234283,3.428571428571425,5.168520795542131,-1.7804375866543154,-1.5213312166198434,-1.6889952627290152,-0.4894458926750903,-2.103896237987544,,,,,-0.24431780509378553,1.2035600577357317,0.7082827623260525,1.4855023274281842,,,,,0.9315335377328999,1.2822129835520888,0.5957484635421048,2.665051952418605,,,,,,,,,,,,
DE,Germany,2022-Q3,2022,2,West,-4.690318701142515,2.010968921389411,2.482434117272792,-0.16522078968068965,0.038363024788044764,-0.08075491722434136,1.7042741712179896,2.186712847108826,,,,,0.8468267947195696,1.5922887538150798,1.5985355769920562,1.9981775614194135,,,,,,,,,0.8474581695580596,1.4298676615473456,0.9143720696366752,0.6544215475931907,,,,,,,,
DK,Denmark,2022-Q3,2022,2,North,-2.354733707320433,1.774478614351382,1.393422955876383,-0.19175337780582535,0.005138133746641627,-0.0984211844952918,1.439769250049452,1.3068061984686963,,,,,0.7334281761621679,1.5681358451369822,1.5508578239602988,2.438562280103524,,,,,,,,,,,,,,,-2.4630808065705136,-3.6722272767878796,,,,
EE,Estonia,2022-Q3,2022,3,East,0.2304388813239688,7.977419170895828,6.245358729972927,-1.3968576455170476,-0.9265568166776539,-1.146250158885476,-1.6220225285913032,-2.091319316060643,,,,,,,,,0.35406599658582627,1.086311957602359,2.2217419802928933,-0.4716917583198987,2.3617225851347188,2.3010564523015047,3.10641376592562,1.9031185930703898,,,,,,,,,,,,
ES,Spain,2022-Q3,2022,0,South,-0.8047173083593484,1.912980942107145,1.9559967192834982,-0.4406778141852372,-0.21769451404578577,-0.3405308084187304,2.0248301925681185,0.9526294690544358,-0.991111164625603,0.23949149337566927,,,,,,,,,,,,,,,,,,,-0.3474410997246464,-0.9339003936956694,,,0.7448379786517557,0.022891506300224896,,
FI,Finland,2022-Q3,2022,0,North,-3.323235923022083,1.439427805096116,0.5084551141241374,-0.7350625356844283,-0.5326285730739664,-0.6555628211374875,0.5764250748920843,0.08940948175286213,-1.7715951253435067,0.23949149337566927,,,,,,,,,,,,,,,,,,,,,-2.155587954223123,-3.2675228598713297,-0.142211198301009,-0.8564518116117269,,
FR,France,2022-Q3,2022,0,West,-0.625279142474322,1.734059097978236,1.7415836705903465,0.09004275349297641,0.28905651272739286,0.1734625698019685,0.6716460937311138,0.5009604070198083,-0.7702918583821856,0.23949149337566927,,,,,,,,,,,,,,,0.44155695536231143,1.0072768937840675,0.212846406776698,-0.082032488593338,,,,,0.36377296820385474,0.0065265539583188575,,
HR,Croatia,2022-Q3,2022,3,East,4.721743412952484,3.737274220032849,3.246963278745246,0.15887000896727232,0.4231978909936628,0.2950865181995377,2.6919543040082554,1.2463353723339197,,,,,,,,,1.0090243195561663,1.2940234650256368,3.3661285000578096,2.989261305589476,2.3174691777686647,1.9267700489255,3.216824063235875,3.48144452016557,,,,,,,,,,,,
HU,Hungary,2022-Q3,2022,3,East,-1.730169594645981,5.720321431530118,5.738078459790574,0.05729807307676238,0.42878079520281864,0.2029464482224017,-0.26222165366991756,0.08064426037937786,,,,,,,,,1.1460964567498733,0.9119722122604802,0.39838975946342453,0.30947448082131707,1.875774164113151,1.406369122907196,0.5958659622941459,0.34812868768589833,,,,,,,,,,,,
IE,Ireland,2022-Q3,2022,1,East,1.165375142668346,1.772804425724517,3.403505540366453,0.14760288943137767,0.2827526561617445,0.19982622344058432,3.0282237587559546,2.103868790438682,,,-1.2853716756060414,0.7812342536964442,,,,,,,,,1.496844937996633,1.458295005524401,2.8234925700939026,3.846588563084075,,,,,,,,,,,1.5198445683554087,1.6339390915334109
IT,Italy,2022-Q3,2022,0,South,-0.0935453695042221,2.270577105014193,1.2678694477239405,-0.38468559206039843,-0.1342072134978971,-0.2815303283385484,1.1097048982285926,0.7632374296636828,-1.2846133767849377,0.23949149337566927,,,,,,,,,,,,,,,,,,,-0.4242994968262684,-0.9387690919668805,,,0.6712039793283111,0.5897921906456765,,
LT,Lithuania,2022-Q3,2022,3,East,1.882824236354552,5.892311052861499,5.110473417633759,-1.267403691769882,-1.0439770212265889,-1.150173040971577,-1.3801802083838939,-2.143695029167721,,,,,,,,,0.368282545723424,1.3173160022293695,2.6338943679511675,2.913159131212482,1.5890721230830178,2.089898324358417,3.6029335052705,4.636721726131916,,,,,,,,,,,,
LU,Luxembourg,2022-Q3,2022,2,West,-1.534061362454509,2.2024519908864,2.794787033267376,-0.7843275698928398,-0.5229642978150173,-0.6460007212966492,1.9832178825167668,0.9321893640891818,,,,,0.6994050190450558,1.6969387963119917,1.549566884875257,2.348148012185392,,,,,,,,,0.6053121009245778,1.5184369176287504,-0.028065387798480494,0.32018650637809226,,,,,,,,
LV,Latvia,2022-Q3,2022,3,East,-0.6283614675967719,5.395887765534479,3.859381089392838,-1.6383625154703556,-1.271627392881042,-1.4486612216544223,1.9417494428324251,-0.090645307495736,,,,,,,,,-0.09388067756463414,0.7069270746630094,2.0908187589616576,-0.1227536470194047,1.7826771765955414,1.5743662940606802,2.380425719671757,1.6488491666705274,,,,,,,,,,,,
MT,Malta,2022-Q3,2022,1,South,0.6906927443069311,3.536402033073238,1.853793812357263,-0.3009250381644606,0.02398579771199305,-0.1532194121512278,2.22556093784846,3.5050203469445234,,,-0.3482597434155069,0.7214598111039957,,,,,,,,,,,,,,,,,-0.8550300317509996,-1.5046988740222618,,,,,1.9384637651420868,1.6928571760240956
NL,Netherlands,2022-Q3,2022,2,West,-2.137404580152669,3.082978025582173,4.109158738743046,0.0783613303398144,0.2858144622285287,0.1717223633038497,2.056486344798107,2.7375081208870693,,,,,1.1268657378460247,1.8593442722006537,2.3661774568560854,3.2901626780578415,,,,,,,,,1.1475149523475041,1.9249018478702467,0.9769665188246034,1.0703824054812645,,,,,,,,
PL,Poland,2022-Q3,2022,3,East,1.350221053889356,1.996257018091074,2.9614428617579076,-1.0642991871069767,-0.9176612891939318,-1.0532737119179028,-1.7146218220949292,-1.081684586031167,,,,,,,,,0.2732530694359969,0.7066853716406669,-0.3243093909024366,0.464336975350554,0.9117047222346994,0.7251693525308451,-0.03724717101152186,0.7621607148784194,,,,,,,,,,,,
PT,Portugal,2022-Q3,2022,3,South,1.078320090805907,3.104467805519073,3.1414675755937984,-0.12882725319951605,0.12715241615585682,-0.007368365276917643,2.1416035844717745,0.8200910474994897,,,,,,,,,0.8853903465964434,1.3267266290493431,2.566322365769888,2.8594575572622554,,,,,,,,,-0.4519097044344032,-1.0819974982064848,,,,,,
RO,Romania,2022-Q3,2022,3,East,2.534916201117343,3.661850951223,2.064281107185595,-1.9499388603342354,-1.5937622859542278,-1.815753503514168,-0.9253605517003027,-0.3768500722186798,,,,,,,,,-0.49319672383082613,-0.1863618489767247,-0.431859135487793,0.44940996769518177,0.1534846958910454,-0.024194797199721618,-0.05909820378587886,0.6148260156059094,,,,,,,,,,,,
SE,Sweden,2022-Q3,2022,2,North,-3.589484327603643,0.4712005063647329,1.7239516378775912,0.4682663049677729,0.5694671558929296,0.5217323834554533,1.7155381271490164,1.1956450687042783,,,,,0.25039501556476895,1.0057055809867774,1.0742082707450762,0.8564536557044288,,,,,,,,,,,,,,,-1.8925016372511472,-2.8054133492358577,,,,
SI,Slovenia,2022-Q3,2022,2,East,1.377551020408174,3.294794225124309,3.6849655076126755,0.6445106024535383,0.8107201634338942,0.7072408319906094,2.300798131994069,1.596736302888717,,,,,0.6584843085973914,1.4883818338885375,1.879750699878914,2.0132394158149896,,,,,2.6435601209967383,2.3678467383505595,3.009624092374531,3.4976613718509926,,,,,,,,,,,,
SK,Slovakia,2022-Q3,2022,3,East,-0.830702774547265,5.498137243119827,3.9303099054489863,-0.9252737527906993,-0.6087813121173262,-0.8032741802996108,-1.3962842715694304,-1.512979221293744,,,,,,,,,0.723719169542534,1.1617520565423947,1.8188531663955265,0.5720465687810492,1.2890396218850377,1.6080562707793022,1.4107371979556267,1.3342407754190964,,,,,,,,,,,,
AT,Austria,2022-Q4,2022,2,West,-1.184463684463688,2.455291270731275,3.1231184127920417,-0.4455233335218385,-0.11583160286479277,-0.2711488483052873,1.873116326823222,1.9659760404265736,,,,,0.6446850573555531,1.3475570425509145,1.408859695544332,2.3750253344208705,,,,,,,,,0.5734970639738262,1.1903390468388135,0.8319424336305289,0.751763423302218,,,,,,,,
BE,Belgium,2022-Q4,2022,2,West,0.3641768859160122,2.103192616129523,1.326484156142027,-0.2592167144066331,-0.034706106592206964,-0.1425654581532272,1.209096246687505,0.9098019431304069,,,,,0.8226802227938661,1.3395636751877538,1.285844360237455,2.0432993336115763,,,,,,,,,0.5949521942887425,1.0375822387552056,0.6393531599100191,0.5457377955738665,,,,,,,,
BG,Bulgaria,2022-Q4,2022,3,East,1.593011305241543,4.0875999522616,3.694513052281051,0.22150857901453969,0.3628400793871527,0.25021398391380445,-2.442696492196075,-2.6365348407607194,,,,,,,,,1.898699424127522,2.141610114009221,2.9296141337870365,2.3853904725550468,2.1035500177714157,2.3070425074815493,3.622094528594659,4.049628290332407,,,,,,,,,,,,
CY,Cyprus,2022-Q4,2022,3,South,6.081843080393101,8.926046086016148,2.1775806460783804,-1.1009206166242498,-0.7554220361527111,-0.9476910600987678,-2.2481328174583224,-2.9287703719895117,,,,,,,,,0.8017635768597442,1.0083401631784081,2.216596195866974,0.7457923283968085,,,,,,,,,-1.5287763068859581,-2.051361174643599,,,,,,
CZ,Czechia,2022-Q4,2022,2,East,-1.258741258741258,1.012891344383071,3.7044012892955562,-1.6268018689858135,-1.3029267389811552,-1.465320655739141,-0.6532407628091912,-2.3238266395169354,,,,,-0.1321145727203914,0.8847417590015906,0.2692839665166075,0.6126626066579114,,,,,0.4620572568174127,0.7811190779763594,0.05069954411301401,1.084195072954138,,,,,,,,,,,,
DE,Germany,2022-Q4,2022,2,West,-3.028391167192435,-0.6571087216248439,1.26413849154379,-0.47026039162891986,-0.169727304304635,-0.3227870609927386,1.140289550874847,1.4583519849552171,,,,,0.844535113070799,1.4993187314411371,1.6247928457960588,2.3791796278293798,,,,,,,,,0.5595811693943643,1.151623859793369,0.8160426756474313,0.6156840344764191,,,,,,,,
DK,Denmark,2022-Q4,2022,2,North,-4.156323143485363,0.2986940816893435,0.8111193053378428,-0.4590574655136028,-0.17017455432988737,-0.30166133407585005,-0.928349651662494,0.7962387486988001,,,,,0.6153638114233322,1.3734102316665893,1.393292064337232,2.5387224692426558,,,,,,,,,,,,,,,-2.0292875979921186,-3.00044636682984,,,,
EE,Estonia,2022-Q4,2022,3,East,0.02612603197826857,0.8343895226024411,5.609918179357143,-3.152811371892632,-2.551344063340065,-2.860721214526584,-2.107496769820923,-4.039952343985918,,,,,,,,,0.07398896185974713,1.0113102386875572,2.6989665424107403,1.3774002530075145,0.4627974040716806,1.0979399296395262,2.072982655527711,2.2347809911681917,,,,,,,,,,,,
ES,Spain,2022-Q4,2022,0,South,0.6923561088187924,1.7218262649072,1.8584319359106094,-0.8790638146264371,-0.6065285908962523,-0.74005560532311,-1.1276692966565929,0.0081953350753485,-1.3000418407401861,0.23949149337566927,,,,,,,,,,,,,,,,,,,-0.524339712626348,-0.8835619057304087,,,0.6196135445788897,0.18543320361748633,,
FI,Finland,2022-Q4,2022,0,North,-2.543544373790441,-1.0752688172043,0.2980964042919866,-0.6323890625926909,-0.30465072341937827,-0.45585975975529447,0.7664918479607397,0.9327449808234999,-1.2078823901297921,0.23949149337566927,,,,,,,,,,,,,,,,,,,,,-0.9770452947174744,-1.4606165464947845,0.2826797052546484,-0.2701681434421938,,
FR,France,2022-Q4,2022,0,West,-0.8838951310861431,2.682870901169454,1.595481874100857,-0.04840644947115602,0.17274135700959403,0.05762383865146359,1.2717732381025864,1.612509478666083,-0.6182830687714891,0.23949149337566927,,,,,,,,,,,,,,,0.4396009425290386,0.9729329005411977,0.4465649541346439,0.25291419756859007,,,,,0.33012229593442044,0.14111781032220108,,
HR,Croatia,2022-Q4,2022,3,East,2.028099465052025,2.849183234139541,3.525899380741976,-1.055216504261971,-0.7340270027120879,-0.90345873053245,-2.020605271369376,-1.9677503244565537,,,,,,,,,0.7730638653510215,1.1517655467595938,3.329819187390264,3.2711110894524156,0.9151875289145557,1.3298574017512241,2.8485968251743317,3.56262735184438,,,,,,,,,,,,
HU,Hungary,2022-Q4,2022,3,East,4.016561544712305,3.036476903185381,5.57498633529338,-2.282355494291508,-1.8562086843806616,-2.1060594411316513,-1.3341525188774601,-1.941668953422603,,,,,,,,,-0.17664760835606663,0.24500213026433537,0.592514199178425,1.9227614562526807,0.866517546605985,0.4327983206142718,-0.027344251406212064,-0.07218755091523726,,,,,,,,,,,,
IE,Ireland,2022-Q4,2022,1,East,-0.7422362092512347,2.829081475075679,2.847097829361284,-0.4500635921640317,-0.2105303499107225,-0.33164280055948137,-0.9758387274827414,1.3450739320471472,,,-1.834193849144583,0.4444299332621869,,,,,,,,,1.0387182322118753,1.4109137901083115,3.0050690610797592,3.7292606229828054,,,,,,,,,,,0.4190491514291891,-0.5787878125020651
IT,Italy,2022-Q4,2022,0,South,0.0,-1.11008325624421,0.7228389060364242,-0.750768537513467,-0.46527348473368946,-0.6160728747528281,1.135632887147589,1.8247590580973403,-1.3833474833702875,0.23949149337566927,,,,,,,,,,,,,,,,,,,-0.37184290118500557,-0.7407165026190436,,,0.39326615627875855,0.2657096994830776,,
LT,Lithuania,2022-Q4,2022,3,East,1.828369212621639,2.985921303697592,4.508366848612606,-1.8389664557706116,-1.212248522680739,-1.494134328884599,-1.603404027516034,-3.008644943596305,,,,,,,,,0.6005803134864123,1.2119862809714665,3.008302852305332,3.0312575957045893,1.0799358691747676,1.6284272454460083,3.4789520137457792,3.720710027738677,,,,,,,,,,,,
LU,Luxembourg,2022-Q4,2022,2,West,-4.304198574069185,2.070063694267521,2.6485599202098635,-0.25906666816788215,0.015302106231410595,-0.14466469976562357,-1.208829625280248,-0.2697524482871379,,,,,1.0436796204347463,1.4180233647150606,1.5426201982029146,2.2887277125371033,,,,,,,,,0.9009679861733555,1.1377396767863108,0.5510192989841474,0.7095673546783374,,,,,,,,
LV,Latvia,2022-Q4,2022,3,East,-0.1125341621563747,1.201767622332395,3.2507890786070583,-3.2659193293317497,-2.6383396169813196,-2.9685858974603474,-1.7718281841731054,-2.632292288926502,,,,,,,,,0.04017028943664358,0.9050254362142153,2.6967189228501733,1.7673670395726644,0.22038428894948403,0.8585008675895219,1.7772908616533467,1.623504360332173,,,,,,,,,,,,
MT,Malta,2022-Q4,2022,1,South,1.799782667753314,1.106271174721707,1.553810497571684,-1.9223868265583919,-1.5571358804074564,-1.7594828911782,-2.0077967628349525,-2.7866929442511807,,,-4.1692037944403815,-0.011337523554465823,,,,,,,,,,,,,,,,,-1.3589899836794836,-2.041685190128843,,,,,-2.9014503821775373,-2.7459137086683523
NL,Netherlands,2022-Q4,2022,2,West,-1.479369519608376,0.7264821296001589,2.8831181063969042,-0.6812707900862625,-0.34346988125093736,-0.5091346399052663,2.2868005335460526,1.3843826535309711,,,,,0.4577255974957497,1.3679402234373979,1.5750626673169734,2.309031169568517,,,,,,,,,0.4028595439671724,1.1828766678748663,0.8633634715764016,0.7012081766420347,,,,,,,,
PL,Poland,2022-Q4,2022,3,East,-0.0707380334826535,2.37308868501529,2.905230496929257,-1.8235727324705349,-1.4325493937124807,-1.638481901150529,-0.7710557317385816,-1.4559043803296317,,,,,,,,,0.24173991597884303,0.5318842141527832,-0.8749330343556025,0.3933907039653005,0.2716890609218535,0.48694157660594306,-0.42738546206543115,0.12152718565442451,,,,,,,,,,,,
PT,Portugal,2022-Q4,2022,3,South,1.347557551937117,2.926026233338641,3.136796249313073,-1.051954018583757,-0.7607758071778876,-0.9106214314851895,-2.19765451623834,-2.572854065370609,,,,,,,,,0.7591651951355608,1.1116897999007869,2.900472818670637,2.5653820459158023,,,,,,,,,-0.8989402944237523,-1.347610313620624,,,,,,
RO,Romania,2022-Q4,2022,3,East,-0.3745828509160276,-1.200496757278879,1.7323479215332698,-1.8622392222943303,-1.7697151657220478,-1.8695050205869044,-0.6169625584181251,-2.1980582546159835,,,,,,,,,-0.29826913080476514,0.12185173930340432,-0.8375419635463788,0.2759140200154324,-0.7177925365131617,-0.28597000153150187,-0.5400147580622163,-0.5936578475925356,,,,,,,,,,,,
SE,Sweden,2022-Q4,2022,2,North,-0.8390141583639266,-3.079938401231974,0.3076091239005375,-0.6069560998313659,-0.43190009125895057,-0.5194190387220992,0.4336269791627571,0.5737057483004472,,,,,-0.45485700174022603,0.5412459007605526,0.5448051476698146,0.9897910149213013,,,,,,,,,,,,,,,-1.7384722453050094,-2.699925507480841,,,,
SI,Slovenia,2022-Q4,2022,2,East,1.750265615388913,2.302383575943856,3.600417979575987,-0.8489029295702064,-0.43651687839071895,-0.6460863014225022,-2.058638884822849,-1.7839679481098545,,,,,0.04353736802187669,1.0606682413076136,1.1107222088031288,1.8361289072661253,,,,,1.1278107510361401,1.3853934508341752,2.9438713674446504,3.238345006313585,,,,,,,,,,,,
SK,Slovakia,2022-Q4,2022,3,East,-0.1396102082984352,2.847866947656197,3.4697528929443164,-0.3698291894333665,-0.03288438641588254,-0.20966219877482128,-1.767904530061783,-0.9912866825833839,,,,,,,,,1.3532285596791434,1.5975129787744728,2.598639931454912,1.3666464526490285,1.4779165761616486,1.691592845992001,2.6651504756219335,1.8922029888048864,,,,,,,,,,,,
AT,Austria,2023-Q1,2023,2,West,0.2007909948281261,-4.18802926435855,1.4540423108764524,-0.9194668638821972,-0.7215072675698442,-0.823290359535805,1.5697593647566448,0.390948813936716,,,,,0.4671702320691058,1.2110388820973497,0.9352888115287834,1.5072407200113216,,,,,,,,,-0.21545551381664474,0.5705861801157007,0.466964660710676,0.006793349292866719,,,,,,,,
BE,Belgium,2023-Q1,2023,2,West,-0.3628554502369541,-0.3037937166567861,1.1372898663092879,-0.6618783311184646,-0.45234920384379174,-0.5566616954559414,1.3276216860688734,1.0226093276056147,,,,,0.4656519841474903,1.1992455820248056,0.8902556303367656,0.6818879432807013,,,,,,,,,0.11244955590158856,0.7162733927062604,0.6882906313460034,0.4732716160152122,,,,,,,,
BG,Bulgaria,2023-Q1,2023,3,East,4.254482099702117,0.4070400733818591,3.203165052071183,0.4956234362553402,0.7763493897232131,0.6503862406945685,1.8658951004883624,1.8085869573743152,,,,,,,,,1.6495261965965082,1.6972272667419905,2.659688700302145,1.9452889572096794,1.7116402475783463,1.622501725098028,1.9708240964093129,2.216403493187866,,,,,,,,,,,,
CY,Cyprus,2023-Q1,2023,3,South,0.3872731414686026,-5.193218267908961,1.7914578520508067,0.5679940690546774,0.635123077174974,0.5921131943693563,0.8397157269430114,0.7232524498126182,,,,,,,,,1.4653974707084803,1.595971572030979,2.1392458065075566,2.051286414224924,,,,,,,,,0.5721553945541312,0.12289165826209003,,,,,,
CZ,Czechia,2023-Q1,2023,2,East,-0.3777148253068963,-2.233363719234283,1.7235103067999473,-0.615095184642185,-0.6055729386330098,-0.6409757459421599,-1.188271484521903,0.03961766954107006,,,,,0.6633601812162776,0.9314055927001476,0.11079475282095236,0.6382471951062769,,,,,-0.16988060783887216,0.25836484647327074,0.02385631099387094,-0.12150927788858784,,,,,,,,,,,,
DE,Germany,2023-Q1,2023,2,West,-1.366297983083931,-4.690318701142515,-0.5879607791906409,-0.7340182996870341,-0.5515366200608454,-0.6634006194695479,1.30290826943226,1.2058258429007773,,,,,0.554302933350898,1.1504582390601115,1.292031766467952,1.2777093826600592,,,,,,,,,-0.1374181817817861,0.44023185252085373,0.22315672002567807,0.006860860256710148,,,,,,,,
DK,Denmark,2023-Q1,2023,2,North,0.3996151853770336,-2.354733707320433,0.17952049334215292,-0.35404802368689525,-0.22707647035653622,-0.2946365249334202,1.1082204735117485,1.0646916452584334,,,,,0.7157981583187609,1.2486789312499798,1.2653785183026738,2.0600868796186944,,,,,,,,,,,,,,,-0.38261788671470653,-0.7355674892680708,,,,
EE,Estonia,2023-Q1,2023,3,East,3.844747427258,0.2304388813239688,4.029703425028064,-1.404957578511723,-1.1862645836868606,-1.3654345482770371,-0.8359515098490845,-1.0643974013926591,,,,,,,,,0.914901702996032,1.2735297455115375,1.749131900590136,1.268714296481338,-0.2634176600980187,0.5707164799623609,0.8081885284114443,0.09644612660942124,,,,,,,,,,,,
ES,Spain,2023-Q1,2023,0,South,2.076677316293929,-0.8047173083593484,1.3473661094181382,0.15499718457719402,0.26514116031593193,0.20659200307254033,0.9516374539333596,0.7474124820491321,0.27677067273102063,0.23949149337566927,,,,,,,,,,,,,,,,,,,0.5260192735548468,0.40052330715091516,,,0.7147853263649248,0.92140131570597,,
FI,Finland,2023-Q1,2023,0,North,0.784869976359337,-3.323235923022083,-0.575532372731452,-1.0489424747525944,-0.9086999758253429,-0.9804959006067901,-0.8032297309434688,-2.060661131765403,-1.7662468029057021,0.23949149337566927,,,,,,,,,,,,,,,,,,,,,-0.6845034505447924,-1.316634831084147,-0.19021986518752057,-0.48269044653663895,,
FR,France,2023-Q1,2023,0,West,-0.4534461910519871,-0.625279142474322,1.1596442072674629,0.2965464162161049,0.4065471906029424,0.35488449568224145,1.667948655865493,1.3639555479581418,-0.16492807100384382,0.23949149337566927,,,,,,,,,,,,,,,0.32570868559176547,0.9164758528422716,0.4876402363662353,0.6219401458796205,,,,,0.3331909831542741,0.13145183368310165,,
HR,Croatia,2023-Q1,2023,3,East,3.497349619728052,4.721743412952484,4.078860686468783,-0.19666418543352293,-0.08781466083340406,-0.17025831604023578,2.2789373541237095,2.1187311009278673,,,,,,,,,0.7668682778829614,1.0035725952360193,2.700182114232494,1.0421038610235818,0.7448325110035472,1.175863308419665,2.8774693545536816,2.662424733407303,,,,,,,,,,,,
HU,Hungary,2023-Q1,2023,3,East,1.015587217737446,-1.730169594645981,4.208217268706998,-3.574266618523313,-3.366098011134233,-3.533234455622611,-1.2465845864846785,-2.6875573616048074,,,,,,,,,-0.785929174290384,0.12322242202318823,-0.34375682014119313,0.0576662521405704,-0.5780783748800817,-0.32357957788476166,-0.077284855291806,-1.2997165089751805,,,,,,,,,,,,
IE,Ireland,2023-Q1,2023,1,East,-0.5144771476429666,1.165375142668346,2.0817249965215505,-0.07026251359138147,0.06264994009307567,-0.001031341759035076,2.134242299028458,1.6160981423206997,,,-1.4680525138165366,0.5833849378758664,,,,,,,,,0.6435305089758506,0.9676297027062033,1.4834111526566582,2.4440085390617874,,,,,,,,,,,1.1949091081017627,0.02220081378127868
IT,Italy,2023-Q1,2023,0,South,1.872659176029967,-0.0935453695042221,0.675390965970285,-1.52327517250795,-1.3374308226196896,-1.4481592422829284,-0.7304059923958945,-1.7847864179121282,-3.0230187524126206,0.23949149337566927,,,,,,,,,,,,,,,,,,,-1.2048872594941393,-1.6771971831569596,,,-0.4741971411853753,-0.25026006616266233,,
LT,Lithuania,2023-Q1,2023,3,East,2.350612993532186,1.882824236354552,3.7965597686663637,-1.7395123598825584,-1.3394806226474358,-1.5329954464335835,-1.17591042349817,-0.5851117607482913,,,,,,,,,-0.0015064579463259786,0.5555034822631111,2.790174651296769,3.3077000297729153,0.16248010207709762,0.6375169346447288,2.8006572714896767,3.729699662419111,,,,,,,,,,,,
LU,Luxembourg,2023-Q1,2023,2,West,-2.179911699779247,-1.534061362454509,1.3615692303294118,0.7215489253036969,0.7410850540593261,0.715976529880447,1.4205453617341917,1.1602198112449866,,,,,1.405733488956415,1.4722677520643352,1.2557388151120443,0.994106158888889,,,,,,,,,0.977983570640614,1.0830084608315476,0.40456910172021265,0.8357774955513337,,,,,,,,
LV,Latvia,2023-Q1,2023,3,East,4.903433476394836,-0.6283614675967719,2.1137216988229848,-1.7156611485099726,-1.450114776791425,-1.6334429472970298,-1.41019264594745,-1.8730652569362765,,,,,,,,,0.7805049208659557,1.3203662409239798,2.089289885151788,1.655435516281047,0.31946498835808057,0.7732599082487345,1.1252443932218599,1.1405823645609092,,,,,,,,,,,,
MT,Malta,2023-Q1,2023,1,South,1.56781639869239,0.6906927443069311,1.4592498267548717,0.6457704583881287,0.6504386678054155,0.6125201376742473,1.5909686156116003,2.3341524546034087,,,-0.85026347104082,0.310727543294518,,,,,,,,,,,,,,,,,0.73506088137181,0.7740170019343329,,,,,0.4693159911117395,1.6416134680503134
NL,Netherlands,2023-Q1,2023,2,West,-1.212187397619302,-2.137404580152669,1.4185823985897046,-1.112580511542022,-0.8879594786403575,-1.031108391241078,-0.6823898461798197,-1.8037896882525657,,,,,0.32406875389202106,1.1043421704988865,1.054962081051987,1.5895457289826012,,,,,,,,,-0.153637945364266,0.5570129040542648,0.21684428156738414,0.22521694139331844,,,,,,,,
PL,Poland,2023-Q1,2023,3,East,3.232656913638499,1.350221053889356,2.2597337775505766,-0.7973993984213446,-0.8445435829795125,-0.8600193967422456,-1.451555919554342,0.705109860136038,,,,,,,,,0.08038257221677325,0.5382713974208954,-0.4096663981812024,0.5176895518392598,0.4388807389807824,0.5322344581213144,-0.30045600915246323,0.5353579373604971,,,,,,,,,,,,
PT,Portugal,2023-Q1,2023,3,South,3.117602618987658,1.078320090805907,2.726282868628677,0.16788365757803903,0.2826392378575836,0.22600368228291423,1.8130904216024268,1.2972097341156834,,,,,,,,,0.7879482505871984,1.0128881211567746,1.9425341131142393,1.3592405698991898,,,,,,,,,0.04419451014468606,-0.1877953282396861,,,,,,
RO,Romania,2023-Q1,2023,3,East,-0.7793273174733439,2.534916201117343,1.6690370555321492,-0.9571058441742355,-0.9858789280998124,-0.9937145276404737,-0.4414119369759008,-0.49283441381549775,,,,,,,,,-0.1669883175251079,0.17669297534873707,-0.7575992210658937,-0.5290607823111713,0.30524983802621286,0.2536232307132258,-0.3218376659927362,0.6372990115995253,,,,,,,,,,,,
SE,Sweden,2023-Q1,2023,2,North,0.5892573846037585,-3.589484327603643,-0.9057090688192826,-1.0042526807042877,-0.7923630128788917,-0.9041727950236493,0.3168737771083726,0.036987747366704696,,,,,-0.7473168403476276,0.09902420827285874,0.12581987864420957,-0.06755594297653832,,,,,,,,,,,,,,,-1.5223494668151196,-2.2844264730682093,,,,
SI,Slovenia,2023-Q1,2023,2,East,1.885029676852046,1.377551020408174,2.7841788982431668,-0.07456263314433476,0.05592086301927213,-0.045304571580260466,1.446896133322969,1.7346152986175118,,,,,0.518703785080211,1.1142649528677837,0.94556820030814,1.2896707104824596,,,,,0.9342105373805661,1.1997661098900196,1.596662428149692,1.8700408982921946,,,,,,,,,,,,
SK,Slovakia,2023-Q1,2023,3,East,-3.953696454535283,-0.830702774547265,2.370523166691218,-0.6129776870034713,-0.44584865806437946,-0.5454662444405314,1.5175398943793468,0.7905771494986136,,,,,,,,,0.6420975012688775,1.054977334469309,2.4977317254250155,1.1637225503622275,0.6897824366426685,0.8213832009977938,1.5172090807839815,1.948911289405029,,,,,,,,,,,,
AT,Austria,2023-Q2,2023,2,West,-0.2368229293174706,-1.184463684463688,-0.00039317296986174366,-1.3340226330487082,-1.156875437748257,-1.2664082977339088,0.42140888754383615,0.7219920431631112,,,,,-0.3677374325940581,0.28554901437326474,0.3278704388593006,0.5019192929696614,,,,,,,,,-0.9029384261834497,-0.49605649879504154,-0.097987250253021,-0.3780091613718076,,,,,,,,
BE,Belgium,2023-Q2,2023,2,West,1.308063916759572,0.3641768859160122,0.9562146662364323,-0.12068435715953574,-0.029932064881142084,-0.10170679516069825,0.3810298087185536,1.118614071410317,,,,,0.9206549536305606,1.0268906446730628,0.5900838703767826,0.8262548354766024,,,,,,,,,0.3840630536938767,0.4557661013191767,0.6692945698932432,0.7959882191532439,,,,,,,,
BG,Bulgaria,2023-Q2,2023,3,East,2.684636118598371,1.593011305241543,2.3002785723225285,-0.13593792307996577,0.18192222077419884,0.018581286895877236,1.3644560223991216,1.7728370343530027,,,,,,,,,0.923761903495183,0.9570497988917107,2.722946226175412,1.9850142413341134,1.1311029155874797,0.9661954647287324,1.926914230233263,1.9495240156193314,,,,,,,,,,,,
CY,Cyprus,2023-Q2,2023,3,South,3.267776096823005,6.081843080393101,3.010687879400134,1.1978997345682882,1.1040346949894297,1.1099229935340804,-0.1811788261802861,-0.5675245120506501,,,,,,,,,1.3261396653189357,1.1084451744203714,0.753565040839048,-0.6915176856195382,,,,,,,,,0.7854678844267167,1.1584589407175279,,,,,,
CZ,Czechia,2023-Q2,2023,2,East,0.3317535545023675,-1.258741258741258,0.23733944874473917,-1.5679027179482996,-1.3661284722546712,-1.4585495662739243,-0.7031165996584678,-0.9172818873553963,,,,,-0.8903434483342418,0.025544254130530852,-0.6308652101879388,-0.8213483235563417,,,,,1.150861227239296,0.4704690670526608,0.31924737880741516,-0.40990692789444444,,,,,,,,,,,,
DE,Germany,2023-Q2,2023,2,West,-1.517150395778355,-3.028391167192435,-1.5912124171425956,-0.8369230427708971,-0.7086769312321979,-0.7993232880821617,0.9076627764643428,0.6974397742873145,,,,,0.2032856732959456,0.5928855482365565,0.8242434388314247,0.9580357230762152,,,,,,,,,-0.4812670848777272,-0.2183986617996716,-0.23103069696447734,-0.20882533517810503,,,,,,,,
DK,Denmark,2023-Q2,2023,2,North,1.768998304709957,-4.156323143485363,-1.1094710386912676,0.018045681597603336,0.0782533652024977,0.04712432957062107,0.7876133040616018,0.45899112151315874,,,,,0.8371215561681328,0.8955042664688007,0.7209348299246113,0.04983088666430732,,,,,,,,,,,,,,,1.2327267656490517,1.2752436018214643,,,,
EE,Estonia,2023-Q2,2023,3,East,-0.2666130087026541,0.02612603197826857,2.267093401700127,0.10763437836452594,0.13464140860894225,0.12915159864073933,0.7034923265587558,0.6968987114212443,,,,,,,,,0.4507198517579727,0.6508926731391642,0.4419688747346284,0.0655191864466784,0.5379611997535639,0.5175262054968006,0.8880761400359006,0.06831006801620576,,,,,,,,,,,,
ES,Spain,2023-Q2,2023,0,South,2.524324692114033,0.6923561088187924,0.8806115018684473,0.4441861685365365,0.49215743134452095,0.45806891097605074,0.9872310584511294,1.189902734765559,0.30343483841118973,0.23949149337566927,,,,,,,,,,,,,,,,,,,0.5956039554783058,0.6134779600180491,,,0.33587335685489267,1.0410460721453334,,
FI,Finland,2023-Q2,2023,0,North,-2.880465378119712,-2.543544373790441,-1.3756553272301768,-1.192806132115078,-1.0454681378743285,-1.1309231689468158,0.3563400634056759,0.711773561382413,-2.553603395810854,0.23949149337566927,,,,,,,,,,,,,,,,,,,,,-0.6660547037288533,-1.1216574011426172,-0.17480082053485826,-0.7303875332592706,,
FR,France,2023-Q2,2023,0,West,0.4023686607956378,-0.8838951310861431,0.7269389313968061,-0.3855391933105541,-0.2748038474625494,-0.3310323029691675,0.5431543330533919,0.29690407819680703,-1.3390730527722332,0.23949149337566927,,,,,,,,,,,,,,,-0.33180936026779984,0.11241593231215319,0.25039772571845065,0.22584022132387355,,,,,0.0027146109288762044,-0.149813498415506,,
HR,Croatia,2023-Q2,2023,3,East,0.256081946222797,2.028099465052025,3.3340750830442243,0.8226037332775639,0.8826978598065285,0.8431788049225387,2.1468406201208405,1.4327182093176045,,,,,,,,,1.4294999848881305,1.5004003628334186,2.020199173241796,2.346084787414443,1.5381325226527682,1.65314725330083,2.5050823302571157,2.8139526370129193,,,,,,,,,,,,
HU,Hungary,2023-Q2,2023,3,East,0.4014141562937334,4.016561544712305,2.7607975711954555,-2.8550241090414668,-2.6302203295844744,-2.7755018002560417,-0.7074542169675965,-0.023416071447951353,,,,,,,,,-0.3275145108420212,0.265708669731623,-0.02553245682770907,2.7351323457189802,-0.042442081253131425,0.17573876377597397,0.38672325570794186,1.5345910037211592,,,,,,,,,,,,
IE,Ireland,2023-Q2,2023,1,East,1.497294046903175,-0.7422362092512347,1.256256208554327,-0.002884340486453585,0.05828609916755567,0.004269110482973959,1.0851991502175447,0.3755259223703206,,,-2.206996336947861,0.5998396972976172,,,,,,,,,0.37785871719029873,0.7692671344415642,1.2894296741673188,1.2459659522642774,,,,,,,,,,,0.7491844589439174,-0.7729101969363124
IT,Italy,2023-Q2,2023,0,South,-0.09191176470587648,0.0,0.2667371198164402,-1.2981564302942101,-1.1421646673411767,-1.2617684899847226,-0.2637803759824379,-0.9216207744937522,-2.6140353989901204,0.23949149337566927,,,,,,,,,,,,,,,,,,,-0.7386195176983132,-1.0539299562726372,,,-0.49398808786483994,-0.08657776380591463,,
LT,Lithuania,2023-Q2,2023,3,East,2.405093138410752,1.828369212621639,3.1473564513838204,-0.7420536479056783,-0.4800378761445385,-0.6213699767705625,-1.0760988661597493,-0.011784106250172439,,,,,,,,,0.7564886695495803,1.146381664621484,2.7128537935013797,2.2538765772910585,0.6838357235161195,1.171159463497735,1.7848926477167693,1.7179900298276936,,,,,,,,,,,,
LU,Luxembourg,2023-Q2,2023,2,West,-6.617771509167836,-4.304198574069185,-0.3914360628424436,0.011532390761770261,0.10308355511370859,0.04748196196761889,0.5148308114596518,0.391361752032045,,,,,0.9938466953317524,0.8887179141172513,0.4426510615366215,-0.018832778032329345,,,,,,,,,0.1298313547975971,0.07021045411558946,0.37402240601713715,0.2664941006079882,,,,,,,,
LV,Latvia,2023-Q2,2023,3,East,-1.063720977805049,-0.1125341621563747,1.4641899395284317,-0.6580425606310774,-0.5572197351716781,-0.6206216225955123,0.3557499616261375,0.1154135454533807,,,,,,,,,0.5487764100325309,0.865953235610932,1.472401057405659,0.9180448545736473,0.12971138992141662,0.43077901229428384,0.5839129514480358,0.6187501536931754,,,,,,,,,,,,
MT,Malta,2023-Q2,2023,1,South,1.491066736731472,1.799782667753314,1.7832871549637979,2.115876517972958,2.033104752813008,2.0714135290618687,2.004119880920295,2.971799712903127,,,1.411324861698146,0.7718695056235771,,,,,,,,,,,,,,,,,1.6407047398111299,1.829787777763137,,,,,3.5076204550036336,5.521647758923465
NL,Netherlands,2023-Q2,2023,2,West,1.09993367234138,-1.479369519608376,0.0481715138553217,0.4509106835234846,0.48816581526072933,0.4456966178657522,0.9496510763685725,1.5396224091044564,,,,,1.058775196822092,0.9240438563422894,0.49358255835613996,-0.8293033705551383,,,,,,,,,0.5228150993903831,0.46795542815116176,-0.28443157642554573,0.15228665884116172,,,,,,,,
PL,Poland,2023-Q2,2023,3,East,4.502857142857142,-0.0707380334826535,1.4122071808782668,-1.279098147966946,-1.1589951291026974,-1.2188466159662865,-0.7082124412942079,-0.17561518452699623,,,,,,,,,0.00146618932965481,0.49575960508920336,-1.1026549479911902,-1.1342947921170827,0.3855832140406428,0.4536037461672927,-0.537103555727487,-0.39164499056037616,,,,,,,,,,,,
PT,Portugal,2023-Q2,2023,3,South,1.826707043079012,1.347557551937117,2.1140929204001844,0.5062773093092876,0.5615631932215979,0.5140288089101674,0.7451984831399764,1.2170942199652535,,,,,,,,,1.1978855819612715,1.2851691345494518,2.456629536704506,1.9058601190491344,,,,,,,,,0.5414950316349443,0.4058292883344979,,,,,,
RO,Romania,2023-Q2,2023,3,East,3.362270910844711,-0.3745828509160276,1.1554218860363592,-1.0073444432037482,-1.0068904755278605,-1.0024659433571261,-0.9289655317024521,-0.4152808426771179,,,,,,,,,-0.14444115341559183,0.2900260851457205,-0.7680008072561145,-0.5742882837081295,-0.1647499397257215,0.08061740563521314,-0.401374585626373,0.10083107368758884,,,,,,,,,,,,
SE,Sweden,2023-Q2,2023,2,North,-0.4055576417574147,-0.8390141583639266,-1.7593090952087027,-0.23030082834855703,-0.11763983497442876,-0.17851699562319978,0.42269346099781435,0.6892114505603276,,,,,-0.4902091543984064,0.0693505095632263,-0.13650739045001764,0.020234677788363725,,,,,,,,,,,,,,,-0.2094222495378999,-0.44724938981626794,,,,
SI,Slovenia,2023-Q2,2023,2,East,0.507039214628624,1.750265615388913,2.181248609216313,0.6118987392561082,0.6431083129928934,0.6065667026420207,1.3891762007066988,1.5115497699483917,,,,,0.7540329514603605,0.8167158964433814,0.4529946721318538,0.38416181993379955,,,,,1.1449283477967875,1.2445315269566453,1.9232455343209713,1.8078202543140083,,,,,,,,,,,,
SK,Slovakia,2023-Q2,2023,3,East,0.8442503639010113,-0.1396102082984352,1.8439228019825806,-1.379363819958539,-1.1121917276502287,-1.2686788384491439,0.5440411464458085,0.12120362498326878,,,,,,,,,0.34255364653073583,0.9208572562327882,2.4875433585730033,1.242080414668427,0.7727656103245539,0.704383618538849,0.9575122623940827,1.6577780658835755,,,,,,,,,,,,
AT,Austria,2023-Q3,2023,2,West,-1.759084545620537,0.2007909948281261,-0.6791026708157092,-0.573425058372866,-0.43678364426950855,-0.5121779160552593,0.4333935014016194,0.20896809533201874,,,,,0.2686761057512532,0.6494261663034148,0.1883231404561396,-0.32321881283781195,,,,,,,,,-0.06343546460585059,0.1808956672798675,-0.3612884238695668,-0.19881892183119293,,,,,,,,
BE,Belgium,2023-Q3,2023,2,West,1.445235125816158,-0.3628554502369541,0.4501800837879488,1.671422479888215,1.6331589891507243,1.6527504624819085,1.041693536988375,1.451384618456076,,,,,1.7174650753766096,1.2140494509179531,0.7053999428198378,1.1866240152980232,,,,,,,,,1.3021056734747847,0.894169784356383,0.7642073529059346,1.0418870725555456,,,,,,,,
BG,Bulgaria,2023-Q3,2023,3,East,1.207475850482997,4.254482099702117,2.5855333576467796,0.7046429254527848,0.8080328805374382,0.7104795226345475,1.000438388212392,1.957284396037635,,,,,,,,,1.4715488671595343,1.3549990095979303,2.4732675128378747,2.3251961022105494,1.4471499852744905,1.5107445775159563,1.1404812317378954,2.9428073251227995,,,,,,,,,,,,
CY,Cyprus,2023-Q3,2023,3,South,1.069440375036601,0.3872731414686026,2.5504860099922224,1.5163462000113324,1.4904242788834057,1.5130146521425698,0.8014109281883176,-0.45806060679842553,,,,,,,,,1.3213454092810863,1.397653046976412,0.59536911188986,0.005103529835785231,,,,,,,,,0.6518251127153128,0.3543219498335502,,,,,,
CZ,Czechia,2023-Q3,2023,2,East,0.2834199338686894,-0.3777148253068963,-0.714232114724841,-2.2425115213846913,-2.043531304817622,-2.1816868553816158,0.0029460990647342303,-1.2030287352409825,,,,,-0.4990931408383996,0.43314758042169466,-0.06946992852804709,0.2992436713301139,,,,,-0.7345660127324725,0.21754152877530863,0.16033589362271955,0.5140672322666904,,,,,,,,,,,,
DE,Germany,2023-Q3,2023,2,West,-1.942397856664435,-1.366297983083931,-2.435529143260931,-0.20540682969188917,-0.08754485809978974,-0.15418892180579968,1.046499604009579,1.0950174516452944,,,,,0.5425282914811212,0.7433430838425885,0.5472648067485598,0.4627394459598268,,,,,,,,,0.07196178149432542,0.20587056819144933,-0.284650984870421,-0.07893150416764763,,,,,,,,
DK,Denmark,2023-Q3,2023,2,North,1.586151951908454,0.3996151853770336,-1.4531868959348548,0.6909441878098421,0.7591566340982598,0.7143614276460837,0.97688478057555,1.0161217858166942,,,,,0.8949629851442886,0.7033527228753368,0.8269181066085729,0.5683341625756044,,,,,,,,,,,,,,,1.4946823826802529,2.058226198482144,,,,
EE,Estonia,2023-Q3,2023,3,East,2.088167053364276,3.844747427258,1.2339254657906698,-0.7588946400853955,-0.5024988229214735,-0.5986696691256794,0.2888852934428208,0.24378233079624004,,,,,,,,,0.16359379621758718,0.4177632787179927,0.8694622437108205,-0.19041245216112382,0.5889520658594428,0.6848176892569596,0.9413251863728304,1.114925682164335,,,,,,,,,,,,
ES,Spain,2023-Q3,2023,0,South,-1.028670029200962,2.076677316293929,0.9215355954151432,-0.04074187172278876,0.029639583736731145,-0.007432034296926515,0.6571518414351809,0.135409784058441,-0.29753664523415707,0.23949149337566927,,,,,,,,,,,,,,,,,,,-0.04023687285787231,-0.15842094901041376,,,0.09462728270454905,0.4288819857851122,,
FI,Finland,2023-Q3,2023,0,North,-0.9950729398125802,0.784869976359337,-1.5392947844143716,-0.4532298650127904,-0.32133621057535344,-0.3887274046596534,0.4023047855744144,0.19062211033292975,-1.331302243693468,0.23949149337566927,,,,,,,,,,,,,,,,,,,,,-0.03728678696355958,-0.19783544757381377,-0.23776379253046187,-0.6423339881536345,,
FR,France,2023-Q3,2023,0,West,-2.661625708884696,-0.4534461910519871,0.18006260913925037,-0.4410241732653246,-0.2779219282622756,-0.36720186173193126,0.37990576120573044,0.055000164331874934,-1.5726283257312876,0.23949149337566927,,,,,,,,,,,,,,,-0.3705668606450496,-0.006061059878807784,0.00660093189319882,-0.2192936305782643,,,,,-0.04133476344012284,-0.5319544749995068,,
HR,Croatia,2023-Q3,2023,3,East,3.41495918707313,3.497349619728052,3.274093932968025,0.3278877220393116,0.3860695133756319,0.35805782396440033,1.7958181948986225,1.0330293624286295,,,,,,,,,0.8694080045690417,1.0793039744230433,1.1137168434120246,0.17864317754697864,1.3501043825591434,1.2792487891960675,1.917604627458367,0.834159580164433,,,,,,,,,,,,
HU,Hungary,2023-Q3,2023,3,East,1.672596559439543,1.015587217737446,1.5846140177472876,-0.8875460007754263,-0.8467143767100018,-0.8993811828550691,-0.25608634895220134,-0.14579658568410694,,,,,,,,,0.546471680767684,0.7246385611364266,0.001351089765374957,2.3592118160808586,-0.01979271140990102,0.36120812947814485,0.5535130239374655,0.6750339896809368,,,,,,,,,,,,
IE,Ireland,2023-Q3,2023,1,East,2.903015581491797,-0.5144771476429666,0.6844358152124561,-0.06023168487123365,0.05253523547236527,-0.0010407212809850908,1.0304147544559843,0.6624499552234167,,,-0.8450807239950465,0.6790294373400448,,,,,,,,,0.9483784109405918,0.9107994674014144,1.3934027947231706,1.2706599184072676,,,,,,,,,,,0.8913012212282588,-0.22961449617865062
IT,Italy,2023-Q3,2023,0,South,0.0,1.872659176029967,0.16725763757038364,0.5664619770460031,0.6008410689833651,0.5807999940471495,-0.4455703260853854,-0.5450904668026435,-0.09125514358046638,0.23949149337566927,,,,,,,,,,,,,,,,,,,0.2198284099605412,0.18340206942197496,,,-0.5494206226401379,-0.745843601050208,,
LT,Lithuania,2023-Q3,2023,3,East,1.496661294036383,2.350612993532186,2.2619319365514925,0.40859945262282193,0.38402802310092143,0.3909759502715383,1.30742279253999,0.8128487825663144,,,,,,,,,0.8362490833508469,1.0795198098425458,2.204636088290559,2.2083013887926235,0.8543302224797873,1.2083040761295645,1.7640988912255897,1.8642531592018041,,,,,,,,,,,,
LU,Luxembourg,2023-Q3,2023,2,West,-2.150797486708556,-2.179911699779247,-1.4870269855088554,-0.1650990723989889,-0.08874726447139114,-0.13159604239561973,1.0237227474175112,0.9256831904118306,,,,,0.3840953837212371,0.4702489965432278,0.6164395823879613,0.6484855860223475,,,,,,,,,-0.2712483366252265,-0.27628168831224675,0.729285783708551,0.6687524305447586,,,,,,,,
LV,Latvia,2023-Q3,2023,3,East,-2.749922464592169,4.903433476394836,1.341076367243521,0.24581657612065888,0.3488769267507349,0.25946181341856045,0.19648387341249327,0.45076164165375354,,,,,,,,,0.8351230601668115,0.9075373035290102,0.706502485453929,-0.3737781167703885,0.9802340544088644,1.0814026567004469,1.1125978211707128,-0.6120289430369975,,,,,,,,,,,,
MT,Malta,2023-Q3,2023,1,South,1.643906543265827,1.56781639869239,1.2911407463685858,-0.08250862628809119,0.0931763700973054,0.011050496652842856,2.0514036271435505,1.4968971346312308,,,-1.173476392265472,0.546437746628121,,,,,,,,,,,,,,,,,-0.47725805571896923,-0.9712148556152727,,,,,2.080763293045145,1.8059750188581838
NL,Netherlands,2023-Q3,2023,2,West,1.727625608222616,-1.212187397619302,-1.025619841945047,0.7200607733466202,0.7773701887040259,0.7482798518755946,1.0854903575616865,0.8717819280092828,,,,,0.9128096501366798,0.8196242928251526,0.39812488357631726,0.37620662645000574,,,,,,,,,0.6296973591068061,0.5203476179171396,-0.09633882780472097,0.13235817723703946,,,,,,,,
PL,Poland,2023-Q3,2023,3,East,4.83377077865268,3.232656913638499,1.721307154765123,-0.6550760881692912,-0.5844089712111835,-0.6538357469448886,-0.8042649383563484,0.6354588593716073,,,,,,,,,0.5097684277345905,0.7604639554356538,-0.6241870120985723,0.6671600763815285,0.5038975936102555,0.7050083061033983,0.024744779034419306,0.5206019271636283,,,,,,,,,,,,
PT,Portugal,2023-Q3,2023,3,South,1.338257866462023,3.117602618987658,2.1173766237673304,0.6116692210460759,0.6861561443327677,0.6512636615366203,1.1050631206358528,0.835923405461665,,,,,,,,,0.9425892505091811,1.1439324390467078,1.6553962061161058,1.2582452801457582,,,,,,,,,0.15383083255665564,0.010833729643195789,,,,,,
RO,Romania,2023-Q3,2023,3,East,1.506465804559376,-0.7793273174733439,0.04512731886227317,-1.1493155025968038,-0.9994235081577783,-1.0755718111298105,-0.7412784961990891,-0.8962319226386812,,,,,,,,,-0.17155131012473834,0.14364104635375619,-0.8921349040242836,-0.373512114264862,-0.10840347219722268,-0.08007372359008147,-0.48048617012673794,-0.5063459830481724,,,,,,,,,,,,
SE,Sweden,2023-Q3,2023,2,North,-2.277354648970675,0.5892573846037585,-1.7297948756489463,0.5204396373047107,0.6409221908837016,0.5814364791938402,0.4349661718985965,0.1039296425383543,,,,,0.1414499713892694,0.35836856659761873,0.4008258121750919,0.14503426462857938,,,,,,,,,,,,,,,0.03265729714670118,-0.21258033627780004,,,,
SI,Slovenia,2023-Q3,2023,2,East,2.608275639993551,1.885029676852046,1.8288074721482472,0.5160770507213751,0.6302386710847845,0.5610210921191779,1.5978651227013942,1.4110360347062068,,,,,0.508221502029523,0.7061403399404217,0.5027887596782088,0.7744604322775528,,,,,1.6360900067591646,1.4368052063709773,2.1924893936129433,1.4463413901248459,,,,,,,,,,,,
SK,Slovakia,2023-Q3,2023,3,East,1.939953810623574,-3.953696454535283,-0.5190356224311968,-1.5380015896838097,-1.3226468093055264,-1.4621998856245146,-1.179623606805848,-2.5703556837360693,,,,,,,,,0.5829790433811043,1.1081338745292542,1.9957639514220216,1.570162585991054,-0.11597950140434277,0.20474842776599522,1.2631573087862897,1.2836018503858067,,,,,,,,,,,,
AT,Austria,2023-Q4,2023,2,West,-1.152416356877328,-0.2368229293174706,-1.3521312208278955,-0.028553562806642008,0.059423184026582754,0.004525479776557484,0.4709757438276563,0.3941120966822965,,,,,0.5501480078304326,0.8473360380522644,0.42489560630302314,0.39166342625118034,,,,,,,,,0.2466300672297197,0.41391809212744424,-0.22080353545103318,0.38714157798933246,,,,,,,,
BE,Belgium,2023-Q4,2023,2,West,0.7810240092565923,1.308063916759572,0.251397908945461,0.8012675391809827,0.7734882801765651,0.7902617151646361,0.980837445617881,0.9155653542693086,,,,,1.039800618677883,0.9728809522486568,0.614867371336908,0.37322459924928575,,,,,,,,,0.7271964159045154,0.6404693149640299,0.652914557726567,0.7381822999369658,,,,,,,,
BG,Bulgaria,2023-Q4,2023,3,East,7.075422761697259,2.684636118598371,2.2347923992309724,1.5486139557584062,1.555360995155492,1.5407480244664764,1.166373515783545,1.3538955440064657,,,,,,,,,1.8731194693403943,1.739596539247834,0.9074399217823855,1.570681403211318,2.1684511045130495,1.9172294543813557,1.0362205293278135,1.3720367043239883,,,,,,,,,,,,
CY,Cyprus,2023-Q4,2023,3,South,4.015074648499795,3.267776096823005,1.1359185126939366,-0.2440839175145093,-0.14900152509122022,-0.220290419596042,0.7157520050883651,1.1126260698495463,,,,,,,,,0.8969804130141001,1.198122372446682,0.6600483688704812,0.6648128659113199,,,,,,,,,-0.5072839992948983,-0.8065825067746217,,,,,,
CZ,Czechia,2023-Q4,2023,2,East,0.9420631182289307,0.3317535545023675,-0.8845165621950171,0.4603754626737103,0.4865181352426231,0.46860968488301413,-0.17276175831329255,-0.2849849013161028,,,,,0.9864709529014508,0.8349518497423969,-0.11333725137854782,-0.037170923058411416,,,,,0.7216709137751676,0.7106259816390744,0.3153822547103099,0.1357601912380369,,,,,,,,,,,,
DE,Germany,2023-Q4,2023,2,West,-0.4098360655737654,-1.517150395778355,-2.6505395617993086,-0.11531460573227581,-0.02993034659656435,-0.08679061382206021,0.9188194348928748,0.7686922810908591,,,,,0.7118114559150821,0.9336501216599435,0.6796456008336952,0.13877498183141837,,,,,,,,,0.21752725503027548,0.41523216807234975,0.1483945861043735,0.062066836493049476,,,,,,,,
DK,Denmark,2023-Q4,2023,2,North,-2.566661913589041,1.768998304709957,-1.0856108401797013,1.0147195475221213,0.9900967632086859,1.017001411650874,1.052391874315973,0.8920360171460644,,,,,1.215591415023839,1.1706443395387303,1.0713437249188122,0.914749813365097,,,,,,,,,,,,,,,0.7956250898764214,0.5651254000008727,,,,
EE,Estonia,2023-Q4,2023,3,East,1.966403162055341,-0.2666130087026541,0.9586748329643958,0.21279961456438268,0.2836894935676144,0.2063399657660815,0.46464020998603245,-0.12515667834906447,,,,,,,,,1.2167465217595848,1.3959101932598224,0.44537695513373116,-0.30493995833454585,0.7126038902436378,1.0661350294538166,0.0011613800394214536,0.008287290676194319,,,,,,,,,,,,
ES,Spain,2023-Q4,2023,0,South,2.715751357875695,2.524324692114033,1.1221602022168515,-0.014808960177957298,0.06629240186152896,0.029743092456518294,1.4249693335853102,0.7848621116178653,-0.1433431651948519,0.23949149337566927,,,,,,,,,,,,,,,,,,,-0.185081770240287,-0.29599355442593905,,,0.7420172233966151,0.662398842279983,,
FI,Finland,2023-Q4,2023,0,North,-0.9562841530054711,-2.880465378119712,-1.9905939246432247,-0.006771910527634262,0.03977769768901762,0.042134109802163144,0.5361711502523683,0.0024384509495814152,-0.22375975546149457,0.23949149337566927,,,,,,,,,,,,,,,,,,,,,1.5648256056618206,1.685955583943735,0.41434871845072485,0.258435193411003,,
FR,France,2023-Q4,2023,0,West,-2.15179056940884,0.4023686607956378,-0.3900629509542037,-0.09215828740239651,-0.005182759216410648,-0.060827869545729385,0.5956601954709911,0.5583549391424718,-1.0731291713425093,0.23949149337566927,,,,,,,,,,,,,,,-0.12843272866208966,0.17227076272346054,0.33698655504504876,0.22887479139281175,,,,,-0.03857991969977974,-0.4414450202693469,,
HR,Croatia,2023-Q4,2023,3,East,1.702104810996552,0.256081946222797,2.6258186109888393,-0.4240095246810509,-0.2809576324529497,-0.36757440044565026,1.7841571533486476,1.0685022778597462,,,,,,,,,0.7375312513636986,1.1308707364553725,1.977398163971225,1.551169453538838,0.7398867453365723,0.9178624714682986,1.6599938939288392,1.9343217783588118,,,,,,,,,,,,
HU,Hungary,2023-Q4,2023,3,East,8.586168332190924,0.4014141562937334,0.9258483310243757,0.3763146915244425,0.35785399310922195,0.35031087123797855,0.20566018874532593,1.3904133097692397,,,,,,,,,1.060090553271594,0.9514982031500039,0.43851169705686827,1.6211814564356024,0.8276116178519107,0.5877189377376262,0.6130671544091628,0.7764900197573666,,,,,,,,,,,,
IE,Ireland,2023-Q4,2023,1,East,2.308710921757151,1.497294046903175,0.35148895816932996,-0.4946578612303947,-0.3961436855613365,-0.4504457505669204,1.0852369670972353,0.23574346042678546,,,-1.537238754151844,0.5522852897555894,,,,,,,,,0.23611206592996903,0.6699622941623621,1.1723609466429206,1.5553333256374273,,,,,,,,,,,1.2102387975236062,0.47732895604955083
IT,Italy,2023-Q4,2023,0,South,-0.1839926402943948,-0.09191176470587648,0.421800510454967,0.31859475753566113,0.38944675876115764,0.3465417402013242,-0.25362039388039986,-0.40544741118492134,-0.01265461911203375,0.23949149337566927,,,,,,,,,,,,,,,,,,,0.2514629505636552,0.21651811804876855,,,-0.3453027746366925,-0.3124113857785268,,
LT,Lithuania,2023-Q4,2023,3,East,3.312159709618867,2.405093138410752,2.116724895229783,0.7745537567743541,0.7762036653801309,0.7960526236975196,1.848133557165337,1.3716706566201424,,,,,,,,,0.9297198785296409,1.0012728365988788,1.8869503826975498,1.5967620445992494,0.6586812226971087,1.0027944322356745,1.8610063697418562,1.1673097598243387,,,,,,,,,,,,
LU,Luxembourg,2023-Q4,2023,2,West,-0.6544825882934036,-6.617771509167836,-3.6589857863676944,-0.9626944568887117,-0.8577143732138128,-0.906050918180068,0.7449533430856672,0.473694079706314,,,,,0.28674209710717036,0.6222041042213309,0.5080543764486612,0.25589981519405613,,,,,,,,,-0.8800381270878308,-0.4763016288990263,0.4889927202409298,0.06938901098200301,,,,,,,,
LV,Latvia,2023-Q4,2023,3,East,2.65759540767514,-1.063720977805049,0.7747042172091602,0.9041443145948935,0.9520729081578727,0.9122798561786268,1.5871598158667586,0.18060051131555352,,,,,,,,,1.6732528011202454,1.6634371621289845,0.7776803932597951,0.6382364434254805,1.1956701888583008,1.274947954213286,1.2929368550320428,1.1357344654147878,,,,,,,,,,,,
MT,Malta,2023-Q4,2023,1,South,1.865647882839849,1.491066736731472,1.3873396368710271,-1.3536789015618678,-1.1501738927435623,-1.2818793673645619,-1.0598633784404792,-1.4851624660328686,,,-2.95617988355559,0.012087754263902184,,,,,,,,,,,,,,,,,-0.9917104365468028,-1.409347237428782,,,,,-2.406762340049434,-1.565692116670637
NL,Netherlands,2023-Q4,2023,2,West,2.042242166926433,1.09993367234138,-0.9322569562597418,-0.14147764572349852,-0.051848158181475146,-0.11503799761379496,0.8991860854705629,0.9385088224833912,,,,,0.34192879952663746,0.7597723308066551,0.2500082656044577,-0.34662092828459207,,,,,,,,,0.18500001424875634,0.4392219466936603,-0.19443224019153907,-0.05348565707260444,,,,,,,,
PL,Poland,2023-Q4,2023,3,East,4.339662007093681,4.502857142857142,2.253749269225586,1.0361533638692202,1.0142237117476203,1.0086991999434918,-0.31179115065814905,1.210509047912794,,,,,,,,,1.383121979795175,1.1847501553904822,-0.44002947340127735,-0.3140384714208505,1.2769485806207514,1.4133321154336194,0.2195411493902678,0.5904598905116406,,,,,,,,,,,,
PT,Portugal,2023-Q4,2023,3,South,0.5585270033606093,1.826707043079012,1.8425468262024234,0.037354995924383516,0.09959969212954922,0.06497758364237982,1.8351742566167486,1.787247741994733,,,,,,,,,0.8647057112078919,1.1118131563190015,2.690662089016121,2.0304752089618647,,,,,,,,,-0.11527678073984776,-0.2612899216851073,,,,,,
RO,Romania,2023-Q4,2023,3,East,1.300236406619382,3.362270910844711,1.1858192358931707,-0.578532133602734,-0.5227908574827327,-0.576146785129374,-0.2459640666404098,0.19254290877894875,,,,,,,,,0.10415065517449329,0.21359465237108566,-0.748991515205783,-0.06483882188289218,0.11597493065850717,0.2613882324863184,-0.16209495992339568,0.20325562838859965,,,,,,,,,,,,
SE,Sweden,2023-Q4,2023,2,North,0.5478817810016245,-0.4055576417574147,-1.061199685780306,0.7458894867357783,0.7863618617731908,0.7690670605486907,0.3749583814791746,0.12061467368039566,,,,,0.1512265465058631,0.5179791210149104,0.10278217169242788,0.07404619225313734,,,,,,,,,,,,,,,0.5758765679155713,0.4170714895932979,,,,
SI,Slovenia,2023-Q4,2023,2,East,2.22291960876615,0.507039214628624,1.3799713818194392,0.058325030256075716,0.17039877950993254,0.10011350583476264,1.5585599909921206,1.9365552620242175,,,,,0.2653284828310589,0.7526736901930369,0.788682442855086,2.21676446945972,,,,,1.0473066934512572,1.1866141845414195,1.7742905530442112,2.5466982109708853,,,,,,,,,,,,
SK,Slovakia,2023-Q4,2023,3,East,-1.727458087902134,0.8442503639010113,-1.0199397683699933,-0.22102528163027912,-0.13774767372949048,-0.21290027472668305,0.7134896310308187,1.5885574425097675,,,,,,,,,0.9437694615913428,1.066052589557448,2.0746054761969144,2.4884676091074667,0.31779970601294294,0.5168422088873974,0.8399442028221958,0.9626843494732557,,,,,,,,,,,,
AT,Austria,2024-Q1,2024,2,West,3.008649868371571,-1.759084545620537,-0.7448950411433923,0.08414189425518981,0.08988116078807395,0.08195734891848239,0.44796990528099734,0.23204659357103413,,,,,0.5485808164645875,0.7928751258743014,0.3487476084293531,0.32262323918808544,,,,,,,,,0.0870167476670034,0.2323154081176637,-0.1239490498226003,0.4340009355418118,,,,,,,,
BE,Belgium,2024-Q1,2024,2,West,-0.2870264064293915,1.445235125816158,0.688655119563697,0.28374467617615196,0.3030263281627572,0.29385248294635835,0.6612044052106385,0.4631826141647641,,,,,0.955339068742715,1.0481677152909852,0.5025021398098851,0.24591742326524177,,,,,,,,,0.6351334864695031,0.657681300222339,0.6333259691983557,0.566085583769922,,,,,,,,
BG,Bulgaria,2024-Q1,2024,3,East,3.4444336789071,1.207475850482997,2.434901343506257,1.239270657935108,1.2203696821229462,1.1982799446636638,1.0422477127965186,0.5290534925746327,,,,,,,,,1.4614264740152318,1.3293510858123243,0.9439564151142679,0.4103604681342755,1.2728196863170775,1.2435071294836595,0.780569023249973,0.3732601501271508,,,,,,,,,,,,
CY,Cyprus,2024-Q1,2024,3,South,-0.1254180602006771,1.069440375036601,2.701583173430327,0.9161506868338251,0.8565142568326981,0.8624154251025775,2.1566715659624744,2.0077284143205176,,,,,,,,,1.6317555308492926,1.6566027054289982,2.283751642061092,2.0777893991985206,,,,,,,,,0.5415010854459532,0.4248061201059389,,,,,,
CZ,Czechia,2024-Q1,2024,2,East,2.61315912272515,0.2834199338686894,-0.25532064891927386,1.0948113015101015,0.9796617179732028,1.022913109698295,0.29363256309201163,0.30530510324137095,,,,,1.3808183016577085,1.0745290058571138,0.15778567998761447,0.1886224269532985,,,,,0.9491126639393398,1.0497104009458398,0.5561942420061147,0.4736938464836777,,,,,,,,,,,,
DE,Germany,2024-Q1,2024,2,West,1.371742112482854,-1.942397856664435,-1.963559350679789,0.4395312168365705,0.4412385594002617,0.42394516273070626,0.9166486442945114,0.8856782161992426,,,,,1.1002418660839293,0.9918752184671248,0.6486305799787072,0.22066658644841067,,,,,,,,,0.5349364176408894,0.4607563580081543,-0.2816997222693688,0.16748504262907293,,,,,,,,
DK,Denmark,2024-Q1,2024,2,North,3.131860090736138,1.586151951908454,-0.10038942537247969,1.3369950088261167,1.3119597383219,1.3419442094920646,1.2335045062903418,0.6330900809427807,,,,,1.43376186378701,1.268323892178812,0.7502973997139595,0.27692172414732835,,,,,,,,,,,,,,,1.7516196437901717,2.0777151240287326,,,,
EE,Estonia,2024-Q1,2024,3,East,2.771586394030434,2.088167053364276,1.4231068759744727,1.1170357560430564,0.9954134611369025,1.0208982452898778,0.547726361728076,0.5842837092561624,,,,,,,,,1.3580696130243748,1.3104082376742572,0.8550012123147671,0.08579807469941139,1.0383047679363036,1.1037830279101466,1.1431777988363685,0.655358677749974,,,,,,,,,,,,
ES,Spain,2024-Q1,2024,0,South,3.557905731818778,-1.028670029200962,1.066172022006448,0.26069674644517404,0.24511422873289868,0.25739659655451264,1.6776087611259607,1.122981230108569,0.1657857264728937,0.23949149337566927,,,,,,,,,,,,,,,,,,,0.3095130068961723,0.21484294596970344,,,0.9448813580684081,1.1643212508366538,,
FI,Finland,2024-Q1,2024,0,North,0.3448275862068861,-0.9950729398125802,-1.408553178840849,-0.05939552182354535,-0.06844506803864348,-0.06662131729802856,0.15193329893067162,0.6383594319775434,-0.6762098221457387,0.23949149337566927,,,,,,,,,,,,,,,,,,,,,1.3451193561624362,1.4324693147975567,0.43090473766345705,0.5557428920833062,,
FR,France,2024-Q1,2024,0,West,-0.2222927913623218,-2.661625708884696,-0.8991495925567972,0.4070987046656658,0.40721175827868106,0.4031885234182243,0.5848396900788881,0.6229382294140752,-0.3261485714299783,0.23949149337566927,,,,,,,,,,,,,,,-0.0024646819300711,0.15982482072525483,0.4000004555206541,0.35624872581947614,,,,,0.3746188304762705,0.379194075463872,,
HR,Croatia,2024-Q1,2024,3,East,4.286996462699966,3.41495918707313,2.2991225545190006,0.6616801978384079,0.6038235780241095,0.5870477528177636,0.76398058507407,1.0227586409570115,,,,,,,,,1.547502290336468,1.6260119200813363,2.060800519277797,1.8662962677899217,1.1565353879846862,1.5205866718999845,1.47289330028685,1.3432762632836126,,,,,,,,,,,,
HU,Hungary,2024-Q1,2024,3,East,1.833947971693406,1.672596559439543,1.7765398695457566,0.9587500973119841,0.8581413435718614,0.8613084624727201,0.45692155936868145,0.2802397009117702,,,,,,,,,1.2213988007260925,0.992609363216288,1.449830175972408,1.3985182358939134,0.7385667224706194,0.62585583621962,1.2297891711755362,0.6650241934774878,,,,,,,,,,,,
IE,Ireland,2024-Q1,2024,1,East,1.48564997186269,2.903015581491797,0.7858990678751927,0.4592063578745884,0.4638692339857886,0.45576040288055464,1.5680334771228361,1.444623897319336,,,-0.7457285509824433,0.6553224160218162,,,,,,,,,0.7589556648315108,1.228751076381178,2.102273937810856,1.6343120933422106,,,,,,,,,,,1.5843375998036158,1.5734183699484476
IT,Italy,2024-Q1,2024,0,South,3.2258064516129,0.0,0.44518685283102255,0.7827336792166129,0.6805999850872911,0.7145758016517996,-0.031063768789329486,0.031109824434591808,0.10713076652304249,0.23949149337566927,,,,,,,,,,,,,,,,,,,0.5279927241235784,0.5708956851292012,,,-0.05048247042887191,0.36640146077091706,,
LT,Lithuania,2024-Q1,2024,3,East,2.771190162494519,1.496661294036383,2.0201841596502406,0.8920919155397624,0.9453270486643175,0.9241225729216206,1.7401805105779309,1.5251739015149177,,,,,,,,,0.7985656224861193,0.8499368008891288,1.7096767773453707,1.197634097127569,0.8052001474062556,0.9545622730142804,1.5032532960236051,1.170648160087221,,,,,,,,,,,,
LU,Luxembourg,2024-Q1,2024,2,West,0.9384711000621548,-2.150797486708556,-3.8131698174312065,-0.9656499846376794,-0.8974673130908779,-0.9527618504214621,0.696336960463439,0.5902755350183608,,,,,-0.03118337570936891,0.12879493865894887,0.7003381342855336,0.3118452409801706,,,,,,,,,-0.8019360968776008,-0.8441425109316936,0.05703585565801346,0.10155326419262811,,,,,,,,
LV,Latvia,2024-Q1,2024,3,East,1.967484726105417,-2.749922464592169,0.2443139679603108,0.8139948329494345,0.7401222060139909,0.7666542950411386,0.8119285317848892,0.6463913455953079,,,,,,,,,1.0872651853104605,1.1161796616672306,0.6386660020553611,0.3003061746180267,0.3206359206264443,0.41644754059491074,0.6803057922261238,-0.40802512581348555,,,,,,,,,,,,
MT,Malta,2024-Q1,2024,1,South,1.725215651956513,1.643906543265827,1.6256430866107512,1.3548006269973047,1.1859166042490523,1.258679280948576,1.6258036393999786,2.338525385144446,,,0.5356833137392374,0.43715898813305043,,,,,,,,,,,,,,,,,1.0203185628586011,1.4439924124203047,,,,,2.220938459278587,3.562711867565743
NL,Netherlands,2024-Q1,2024,2,West,2.601780165376311,1.727625608222616,0.03400059083407947,1.066201800847424,1.0062796726421164,1.021839696236281,1.220717505992742,1.2545222549379944,,,,,1.448806037584068,1.1868115138730113,0.571726383453674,0.9898894700065335,,,,,,,,,1.2360933051055363,1.0818469089570488,0.40396615728248336,0.7322347103471556,,,,,,,,
PL,Poland,2024-Q1,2024,3,East,2.93941211757649,4.83377077865268,3.124636700416417,1.9120712134513655,1.852915222916116,1.8744899720228423,0.02144960605359966,1.3936509146691596,,,,,,,,,1.6560569626922983,1.3925584523944599,0.3214953989824098,0.5618880959749128,1.972479273982934,1.7151707748561322,0.6181722095251527,1.354670723727108,,,,,,,,,,,,
PT,Portugal,2024-Q1,2024,3,South,3.902094610496598,1.338257866462023,1.9075312701164524,1.0209422050614032,0.9794656191248884,1.0013305927708065,1.170396743889368,0.666034664466326,,,,,,,,,1.1976134188061884,1.2388384406611916,1.5584510008189814,1.3196246174494295,,,,,,,,,0.6913785408157895,0.7885535423307104,,,,,,
RO,Romania,2024-Q1,2024,3,East,0.518604952677304,1.506465804559376,0.9287066367536788,0.36406558493431507,0.3377191216587955,0.3380895785224166,0.6804644969091739,1.6210096770371916,,,,,,,,,0.7020460741890094,0.7980491517234953,0.24071519859906418,1.3206712179844917,0.8784805619640126,0.8565820954001109,0.14122976807897103,1.1148618961375303,,,,,,,,,,,,
SE,Sweden,2024-Q1,2024,2,North,1.404451266308504,-2.277354648970675,-0.7331672661220642,0.6083586078762122,0.601461839898118,0.6133722670214272,0.5477399942220902,0.19749832431085307,,,,,0.18125594173429982,0.3457395988655736,0.09388562634812765,7.546639026585408e-05,,,,,,,,,,,,,,,0.9323679490916397,0.8035401317482114,,,,
SI,Slovenia,2024-Q1,2024,2,East,1.478714695047079,2.608275639993551,1.6876525367157833,0.7714775193501756,0.7262724312100598,0.7287400773369626,1.5223402664872334,1.549114989867384,,,,,0.7010863284467436,0.7294534986385388,0.629590177065017,0.7015377378744267,,,,,1.0513158998799434,1.2990440193455521,2.0287747985483837,1.5021738117334265,,,,,,,,,,,,
SK,Slovakia,2024-Q1,2024,3,East,2.991182064434317,1.939953810623574,-0.32727562207728345,1.1208658568132983,1.065147105268014,1.0708646204157528,0.8712443776408411,0.8522060306858714,,,,,,,,,1.3160208581790902,1.3175075822917224,1.4922612996038458,1.263105296203911,1.2269246591594078,1.201856933510873,1.3106168590146245,1.4050388652961077,,,,,,,,,,,,
AT,Austria,2024-Q2,2024,2,West,0.480710721674571,-1.152416356877328,-0.7368832092468023,-0.23989247900849464,-0.1508390273354041,-0.20276071373895976,0.5544785254455491,0.2809035241727975,,,,,0.49759014061396756,0.6460650389690709,0.3159655826580246,-0.14426659359508145,,,,,,,,,-0.02181704962003761,0.05247015556045209,0.12083814226400001,0.33951911441624194,,,,,,,,
BE,Belgium,2024-Q2,2024,2,West,1.5831894070236,0.7810240092565923,0.792866900398842,0.13463650399368587,0.2662021518034339,0.20578319776556786,0.8324059653271672,0.8904227907882528,,,,,0.6875773460369616,1.00145148613798,0.5583427666769674,0.6665819248780603,,,,,,,,,0.4545225890077408,0.5633078983923899,0.7244407294466301,0.794846505686192,,,,,,,,
BG,Bulgaria,2024-Q2,2024,3,East,3.924507095021768,7.075422761697259,3.805504207620186,2.1376616589617883,2.148482781301821,2.1230139536540373,0.8468228493958497,1.2962855230919332,,,,,,,,,2.3784416064191065,1.9933613048595205,0.7914981816148556,0.2597321968744662,2.8097510170695665,2.449068959510176,1.4515917898488742,2.7638634960597086,,,,,,,,,,,,
CY,Cyprus,2024-Q2,2024,3,South,2.385935537881956,4.015074648499795,2.184891065457,2.448738997651205,2.3440204094419386,2.3863928775385794,1.2749720307592576,2.4512634585412214,,,,,,,,,2.1792833047747253,1.803412241114129,1.8983044062753016,1.4913767705280176,,,,,,,,,1.5987641229236562,1.8489868329518944,,,,,,
CZ,Czechia,2024-Q2,2024,2,East,2.182810368349242,0.9420631182289307,0.29488044532327334,0.82334484271989,0.8885606809160773,0.8708386632845717,1.098063536994849,1.5365606020832818,,,,,1.0808708033487413,0.9210655958058866,0.7118920000632137,1.1768468066318591,,,,,1.3593669738485563,1.0500657474622062,1.182841499182392,1.4402164004980287,,,,,,,,,,,,
DE,Germany,2024-Q2,2024,2,West,0.8119079837618282,-0.4098360655737654,-1.3089205752751216,0.7288568382513003,0.782322079035632,0.7564309969455615,1.1836115667363278,1.5960138479026673,,,,,1.0642952680307147,0.9302098526162812,0.639311253872287,0.4185865919088022,,,,,,,,,0.7100052150319915,0.5713088212867747,-0.29531041761225935,0.21576129878525202,,,,,,,,
DK,Denmark,2024-Q2,2024,2,North,3.072229317440045,-2.566661913589041,0.29702588210160064,1.197207201486836,1.1777707438963407,1.2208775412747817,1.3490343028976763,1.2522465640880178,,,,,1.4029554230151642,1.236099368950258,1.145248375498167,1.3545502258503554,,,,,,,,,,,,,,,1.6578332212771412,1.4828366700651603,,,,
EE,Estonia,2024-Q2,2024,3,East,-0.504479019330506,1.966403162055341,1.9081761584937407,0.884253694536671,1.0370654426051311,0.9887029400885287,1.5222742568040553,1.1787898369447065,,,,,,,,,1.2775085774244113,1.2557910560727334,1.7887095168741554,1.8480825634167737,1.5599318929221155,1.3171924122556367,2.012478262890111,2.467579055470855,,,,,,,,,,,,
ES,Spain,2024-Q2,2024,0,South,2.830486036689162,2.715751357875695,1.5720208342706736,0.2984624925670909,0.3517406812869339,0.323250264064078,0.8697970914834515,0.7489402675278634,-0.07942141653041351,0.23949149337566927,,,,,,,,,,,,,,,,,,,0.3149268902785212,0.32826963142373455,,,0.34594534913810526,0.5244641243121391,,
FI,Finland,2024-Q2,2024,0,North,-0.3927344133529576,-0.9562841530054711,-1.0117381236446064,0.14855030648596446,0.240102454681015,0.21173863390951553,0.6205189646046969,0.03030687241089531,-0.6190490751979738,0.23949149337566927,,,,,,,,,,,,,,,,,,,,,0.6339370072350586,0.3825764522269206,0.21008532265020963,0.32257751160449266,,
FR,France,2024-Q2,2024,0,West,1.559516231699543,-2.15179056940884,-1.2161234521374715,0.08035008228316387,0.16939881885934294,0.12549668028313543,0.8020267886115173,0.7163899360819106,-0.8498647191228448,0.23949149337566927,,,,,,,,,,,,,,,-0.37005976102764326,-0.27228888376504257,0.39211662494500665,0.30269027661785275,,,,,0.43572314901726117,0.869471250706433,,
HR,Croatia,2024-Q2,2024,3,East,2.359135321217032,1.702104810996552,2.2176238910051325,1.6842957367490217,1.6157235403292305,1.651556871865272,2.1702247940043407,2.1234593762532006,,,,,,,,,1.6146964733879938,1.5509199545781909,1.8450711789614067,1.9148964378089246,1.4747297130086494,1.4526413900626824,2.1656143691855396,2.1274329937168415,,,,,,,,,,,,
HU,Hungary,2024-Q2,2024,3,East,1.083162050177799,8.586168332190924,2.9189415664154117,1.6780538665956106,1.775829329876013,1.713425743153516,0.4125193464150074,1.687685732629882,,,,,,,,,1.8779524159587972,1.3491622699320112,0.9384875125644612,2.0481410583577504,2.416368486682508,1.8927145959583216,0.9686142024712986,1.3042248614132843,,,,,,,,,,,,
IE,Ireland,2024-Q2,2024,1,East,2.861262060552283,2.308710921757151,1.548635850627289,1.2481206321838463,1.2370293013935203,1.2637596208269504,2.096041960725024,2.765118591107921,,,0.5768507117720383,0.719547820076238,,,,,,,,,1.259764112316238,1.5110330417671416,2.83194823585215,3.6778468985438835,,,,,,,,,,,2.308116866237347,2.4182019912638557
IT,Italy,2024-Q2,2024,0,South,0.7142857142857117,-0.1839926402943948,0.39918869275742386,0.6448245281479116,0.6670510226545827,0.6379929889646621,0.5380042923784537,0.5107012231348061,0.043257677194381006,0.23949149337566927,,,,,,,,,,,,,,,,,,,0.6790961436592237,0.655767714278946,,,-0.15891333037080088,0.09574596804340736,,
LT,Lithuania,2024-Q2,2024,3,East,1.021323875048075,3.312159709618867,2.3911317838995476,1.340747409362859,1.3951557310851679,1.3567287049061896,1.1021785397176458,1.0883656367771186,,,,,,,,,1.7021485301571206,1.6429700235453717,1.5984654979377813,1.4772794021539974,1.8521719037265325,1.8406005867041206,1.474250887095566,1.308716453371822,,,,,,,,,,,,
LU,Luxembourg,2024-Q2,2024,2,West,0.01847176897973313,-0.6544825882934036,-2.900740820987261,0.304422831821037,0.3814868921205915,0.33287844889436846,0.904697400026571,1.0846853440837978,,,,,0.9809497709538763,0.6933370926458322,0.8513750384005326,0.6893291856132833,,,,,,,,,0.40423272354223183,0.12283171155801864,0.10212191490021133,0.7893511441112168,,,,,,,,
LV,Latvia,2024-Q2,2024,3,East,3.391896008936746,2.65759540767514,0.9368463604181896,0.8653177983106319,0.8833312092615326,0.885533017794707,0.9342602423885078,1.0831117134520993,,,,,,,,,0.9766731401544149,0.9674651515648602,1.7775757969377215,1.298813802710851,1.1419103094101404,0.979345359996795,2.0516772720007306,2.8756251217803026,,,,,,,,,,,,
MT,Malta,2024-Q2,2024,1,South,1.54848224161237,1.865647882839849,1.6421093903823847,2.8323300667713687,2.720413338349335,2.7644268495579176,2.0396667774957833,3.6532971019873104,,,1.8302713191378,0.8996110060214674,,,,,,,,,,,,,,,,,2.4518021649718746,2.5716036284101147,,,,,3.3887401481773045,4.8689004166650305
NL,Netherlands,2024-Q2,2024,2,West,3.680509214106054,2.042242166926433,0.9144035124677817,1.5800415855959242,1.6083348989906872,1.592332354355624,1.5842758074183343,1.7635218042928678,,,,,1.5102180579463886,1.2230437999401929,0.8255158194003925,1.0084617184239926,,,,,,,,,1.5671891294229043,1.2577494473197546,0.9597552634888163,0.873483270943768,,,,,,,,
PL,Poland,2024-Q2,2024,3,East,1.592851592851585,4.339662007093681,4.227236710560501,1.362855403115538,1.399941613800997,1.376314943125726,-0.10708947663999055,0.9190176537345206,,,,,,,,,1.4121748160471848,1.2042355535220393,0.07147595941640286,-0.2657644905529716,1.7690094625403372,1.602620764533684,0.2094688288907601,1.5213560140128308,,,,,,,,,,,,
PT,Portugal,2024-Q2,2024,3,South,3.692126483645919,0.5585270033606093,1.7102736329723256,1.184111359805961,1.190319552828011,1.1965073246280764,1.1314300787283962,1.2498234415381768,,,,,,,,,1.1986642141120087,1.2026332847627297,1.5678565240535882,1.4334183319300344,,,,,,,,,0.9512333860535418,1.0450863039781846,,,,,,
RO,Romania,2024-Q2,2024,3,East,0.5159293176834945,1.300236406619382,1.347411451137531,-0.2729657768272704,-0.21576422363667014,-0.23939310467038655,-0.5834884542584264,-0.6571071160491776,,,,,,,,,0.21995426303592724,0.41941421231480414,-0.5903122258646358,0.1307767857758764,0.43957921344540085,0.43605693322149186,-0.31830177528454634,-0.1976297048150981,,,,,,,,,,,,
SE,Sweden,2024-Q2,2024,2,North,0.6584424430485125,0.5478817810016245,-0.3864432812806764,0.8488951871607803,0.8920740618520595,0.8629709298321282,0.4732333407744486,0.3322297354419431,,,,,0.017571625322225115,0.1153889012016498,-0.12280125217441692,-0.4100114335019725,,,,,,,,,,,,,,,0.6075926336108195,0.5950893087331587,,,,
SI,Slovenia,2024-Q2,2024,2,East,1.61851459688398,2.22291960876615,1.8058160350600927,1.6689571028179722,1.6289814571971966,1.643944587837114,2.0698434745557077,2.0395533528353345,,,,,1.4988425279094764,1.0841835057891234,0.7976489172852187,0.8910802867172135,,,,,1.4715279503815166,1.515173229738307,2.1395468022306368,1.7995977297253727,,,,,,,,,,,,
SK,Slovakia,2024-Q2,2024,3,East,2.898712926692792,-1.727458087902134,-0.7242375919782081,0.61295205603809,0.6972721800523678,0.6557436825810212,1.230912723300435,1.1060272101576254,,,,,,,,,1.3307897921024625,1.4570475250798516,1.3402408515540498,0.8556298770021146,1.2011316701584318,1.0241864850908433,1.4165131619218472,1.3162763774781066,,,,,,,,,,,,
AT,Austria,2024-Q3,2024,2,West,-1.150608611397086,3.008649868371571,-0.03491849086094112,0.4679482721913235,0.48796438189097424,0.4716206080034906,0.8473527949603122,0.5101651145820535,,,,,0.6960724870417015,0.7952782208012612,0.7439482585026731,0.15665519180013135,,,,,,,,,0.6037250096717498,0.5900160435720384,0.1632678258493306,0.3622974968220633,,,,,,,,
BE,Belgium,2024-Q3,2024,2,West,0.7225843015018496,-0.2870264064293915,0.8118241613507327,-0.13095081214600124,-0.09808694334630697,-0.12003053850216538,0.6060832393177759,0.5041544590025389,,,,,0.725719505678593,1.037350301757406,0.5808133171801266,0.16928702394354914,,,,,,,,,0.2246946280309967,0.48269311787516744,0.5098480342047073,0.30432238253174093,,,,,,,,
BG,Bulgaria,2024-Q3,2024,3,East,2.744355819927002,3.4444336789071,3.6029921024214318,2.2834034758930137,2.202930635991068,2.247310705668369,2.1178705451198345,1.5166839741842368,,,,,,,,,2.040637815705782,1.766011790145607,1.2369427386445304,1.0619986111390627,2.1375141106713986,2.067899374653294,1.952093396266762,2.503685713511142,,,,,,,,,,,,
CY,Cyprus,2024-Q3,2024,3,South,-1.744344508040341,-0.1254180602006771,2.0567182650396805,1.6067205561446614,1.5475426298713946,1.5608014365858138,1.803254918557091,1.2180725031234974,,,,,,,,,1.331884937150484,1.488899343641465,0.8711364456539358,0.3459047148899128,,,,,,,,,1.020812742312317,0.6296238554831154,,,,,,
CZ,Czechia,2024-Q3,2024,2,East,2.447708055184683,2.61315912272515,1.042598932331285,0.5919369825413581,0.566214744874046,0.5530011696023523,0.8747976557203127,1.7252443450415054,,,,,1.051708875967602,1.1147133914756104,1.1068053843773553,1.5666708428791338,,,,,1.126417500601376,1.269057073410042,0.8139787307979893,1.2493764764321782,,,,,,,,,,,,
DE,Germany,2024-Q3,2024,2,West,0.1342281879194607,1.371742112482854,-0.6244105513834254,0.5619216298108832,0.5837074770744006,0.5664089504883385,1.1275748096527154,1.0073216672754783,,,,,0.9629842786210829,1.0732720100873157,0.7262594744761057,0.5041856235440314,,,,,,,,,0.7983592326067557,0.8607048137741578,-0.11493408330663289,0.3366078759017275,,,,,,,,
DK,Denmark,2024-Q3,2024,2,North,0.2065120121153674,3.131860090736138,0.9800871084413767,0.9852159532880971,0.9673911894524231,0.9431922112832442,1.08113820072726,1.9415003247714417,,,,,1.102069590207274,0.7837868554178584,1.099997845738972,0.7953246837081098,,,,,,,,,,,,,,,0.759072925081246,0.8796145970212419,,,,
EE,Estonia,2024-Q3,2024,3,East,-0.6586741221627279,2.771586394030434,1.639885900186849,0.16897952363362279,0.22757900958306543,0.17946567579460415,1.1611933854523933,0.08438950617340508,,,,,,,,,0.682398028057297,0.8536110743099702,1.1647702866550296,0.8669075222148713,0.7018333072332195,0.9308279683735359,0.8488606638086382,0.7309495969513802,,,,,,,,,,,,
ES,Spain,2024-Q3,2024,0,South,1.8084845512506,3.557905731818778,1.9423279381518859,0.6024376505932453,0.6271569516208602,0.6186763765196319,2.0279937672564765,1.3517486321351502,0.5380345223954413,0.23949149337566927,,,,,,,,,,,,,,,,,,,0.1401901080865795,-0.01735189809002663,,,0.7646913365595874,0.5164879021871931,,
FI,Finland,2024-Q3,2024,0,North,-0.8477082306554973,0.3448275862068861,-1.1217487211827193,0.1616107829608654,0.20976534290172455,0.1557416708389584,0.6218423673353856,0.6934963803644575,-0.3570018749727501,0.23949149337566927,,,,,,,,,,,,,,,,,,,,,0.7199249711833309,0.7310932934432602,0.2279730718667645,0.6888933593994879,,
FR,France,2024-Q3,2024,0,West,-1.06549670949545,-0.2222927913623218,-1.1583351022150552,-0.07115292815366359,-0.010626687476948504,-0.05132760189955299,0.44996509338627866,0.19195608907566714,-1.111394713010462,0.23949149337566927,,,,,,,,,,,,,,,-0.2924132789957332,-0.05196589016396547,0.11363738089652108,-0.18465696691123762,,,,,0.048253858368074005,-0.08778102399957678,,
HR,Croatia,2024-Q3,2024,3,East,1.394727731341794,4.286996462699966,2.415035601748111,0.8969340457739752,0.9238445270357681,0.9116005450508864,1.5303346610184738,1.5397809025187554,,,,,,,,,1.0374239220033497,1.1237875867708944,1.4658989670988674,0.7921938738660453,1.6127367233661183,1.4961664580141791,2.099379471989554,1.374093431581959,,,,,,,,,,,,
HU,Hungary,2024-Q3,2024,3,East,3.963463835006298,1.833947971693406,3.123531754904401,1.346495195878168,1.262880099467937,1.2937666776351793,-0.12295377452032064,-0.5091993030843008,,,,,,,,,1.3699678855470412,1.2047222974159402,0.8446006056932569,1.264302235701179,1.4725247034375704,1.3144353936291007,0.8409089330126467,0.20267123222508415,,,,,,,,,,,,
IE,Ireland,2024-Q3,2024,1,East,2.409703504043126,1.48564997186269,2.0486676305037035,1.0144152557317254,0.9875383155077818,1.012625529719136,1.8056924500162768,1.7642670776667055,,,0.31849200209709133,0.8118295602227683,,,,,,,,,1.2461562206669183,1.2665171560093396,1.6083178914700325,2.4461412237466678,,,,,,,,,,,2.585116620638932,1.4068411218205366
IT,Italy,2024-Q3,2024,0,South,0.6205673758865382,3.2258064516129,0.7374755116531571,1.038082147103739,1.0029154565501766,1.0021525410831729,0.8799502807275214,0.9287886529573692,0.4086025770402509,0.23949149337566927,,,,,,,,,,,,,,,,,,,0.4797125872523433,0.49798074336106046,,,0.3116828564305983,0.7736183628464269,,
LT,Lithuania,2024-Q3,2024,3,East,2.360406091370559,2.771190162494519,2.4962760761401306,1.1376413527326334,1.0898174231195352,1.1280253074964486,1.954988659239165,1.591540612780618,,,,,,,,,1.0780215683311059,1.191492801303903,1.930772928946242,1.8314625809176326,1.2268917801027668,1.3866932584933014,2.259654026191411,2.068213178613811,,,,,,,,,,,,
LU,Luxembourg,2024-Q3,2024,2,West,1.114257572026589,0.9384711000621548,-2.1211451210269106,0.418211058250754,0.4690913735215412,0.4533362993770512,0.6567964167561224,0.4932793704954967,,,,,0.6206471550292109,0.8245785928976952,0.5589029019916819,0.49245257433860595,,,,,,,,,0.337161711974887,0.4261308913820373,0.08588959880460174,0.1974232071733154,,,,,,,,
LV,Latvia,2024-Q3,2024,3,East,-0.8447107356841177,1.967484726105417,0.20285917284583466,0.947525849759781,0.9666565514190636,0.8960706103598522,1.6332850434801185,1.7062461663586148,,,,,,,,,1.147734746112889,1.1974498929432273,1.2711406007897768,1.0366913138033298,1.3170684609412724,1.28329514334826,1.573470038418152,1.0312334573943538,,,,,,,,,,,,
MT,Malta,2024-Q3,2024,1,South,1.028682076727594,1.725215651956513,1.6814592036984155,0.7953299039451447,0.8376526035690544,0.8008247790016783,1.9007869816684895,2.1060889409468007,,,-0.31176470193112815,0.7070523871327345,,,,,,,,,,,,,,,,,-0.004176106655787271,-0.43271209228011537,,,,,2.6430045872341386,1.9669603954632806
NL,Netherlands,2024-Q3,2024,2,West,2.1437766115457,2.601780165376311,1.8678954032166852,0.9339067144609119,0.9509721276168499,0.9248293514982957,1.8728387734721532,1.8291365114457172,,,,,1.0668062176680198,1.1872059129877501,0.9373252609782383,0.9880123436657227,,,,,,,,,1.1645144815058182,1.1810588581578716,0.5986468304044291,0.8463689336999572,,,,,,,,
PL,Poland,2024-Q3,2024,3,East,1.171128107074582,2.93941211757649,4.1539255115449985,1.1867622324631641,1.1331587979359847,1.1405446141621012,0.04514795225716745,0.4505699226017992,,,,,,,,,1.2958729089637546,1.198080883471747,-0.2014193051527456,0.441277169737294,1.5571871474136354,1.3982833765342562,0.35352740315557374,0.2622197391026868,,,,,,,,,,,,
PT,Portugal,2024-Q3,2024,3,South,2.966490453929849,3.902094610496598,1.9063966308495606,0.45188351078648126,0.4820678828838014,0.45971976210201737,0.9822448226468062,0.6357574983955574,,,,,,,,,0.671460837104586,0.9656124121485204,1.5911359292089897,0.6797837235730839,,,,,,,,,0.040097476753695516,-0.1378932679610077,,,,,,
RO,Romania,2024-Q3,2024,3,East,1.60400359296804,0.518604952677304,1.671894518675193,-0.5703150063495002,-0.44934831380253626,-0.5193838910898017,-1.0885360082115079,-1.4090736720636496,,,,,,,,,-0.013760848611342968,0.10850430597803995,-1.0726228542987433,-0.7395666001080382,-0.17563507944872225,0.002631782258443627,-0.5046809118181578,-1.2620793234156094,,,,,,,,,,,,
SE,Sweden,2024-Q3,2024,2,North,-0.2706766917293324,1.404451266308504,-0.18264481085449003,1.4320228062118248,1.3718414203843348,1.3884601617593155,0.7557144119701522,0.6251028206484915,,,,,0.48193899029056286,0.5585419943596752,0.6387537685706716,0.7177460142794506,,,,,,,,,,,,,,,0.6761813484763104,0.6659692961679646,,,,
SI,Slovenia,2024-Q3,2024,2,East,2.069068175052102,1.478714695047079,1.7042372896088511,1.1910424345500061,1.1724707766247542,1.1854232847888684,1.7244607661435074,1.6320039678473013,,,,,1.1011087753230122,0.9870843700104195,0.8376563066292003,0.921757463789166,,,,,1.4962669767944374,1.3144222296277444,1.5082743536190248,1.7101113475721157,,,,,,,,,,,,
SK,Slovakia,2024-Q3,2024,3,East,3.643680661300852,2.991182064434317,1.011982037764192,0.3605886647509504,0.36937339073015185,0.33425162139811804,0.9938672105370844,1.1682300205071983,,,,,,,,,1.0218517824909727,1.1264262669071132,1.9755509834604925,2.2048924084432366,0.8516703569924629,0.9941297200824379,1.66597775587815,1.2853354537890913,,,,,,,,,,,,
AT,Austria,2024-Q4,2024,2,West,1.188507014641904,0.480710721674571,0.14446492188706928,1.001787270292116,1.008359988336635,1.0091971158039326,1.5854781628472594,0.9997899627144223,,,,,1.4321555138778015,1.3090264640253861,0.839483289510486,0.7545144391931219,,,,,,,,,1.1523174237702223,1.0906734907004887,0.09063740544584703,0.44080051060163705,,,,,,,,
BE,Belgium,2024-Q4,2024,2,West,0.633000422000296,1.5831894070236,0.8806055339167397,0.21939445639621746,0.27762438059970607,0.250342531965804,0.6028201948818025,0.25718774121534893,,,,,0.7951433347552022,0.9101070157592198,0.5539617504279938,0.19695154821039093,,,,,,,,,0.47784848437071237,0.47393533221805173,0.5471258476505578,0.4957582971363883,,,,,,,,
BG,Bulgaria,2024-Q4,2024,3,East,4.188596491228069,3.924507095021768,3.912959846527281,1.927530501936526,1.881751297709123,1.8984043741296364,2.424881166257636,2.6178567593564916,,,,,,,,,1.868065383416949,1.6334303923880626,1.149300967075526,1.0849956676378512,2.1520459746900684,1.9007873409754252,2.2010435714318035,2.878133116987352,,,,,,,,,,,,
CY,Cyprus,2024-Q4,2024,3,South,4.049930651872402,2.385935537881956,1.8362581253044181,-0.22100795195753942,-0.13951124385633817,-0.1917083820284351,1.1489738501753195,1.2917862416218877,,,,,,,,,1.2707834437539687,1.6077353944287287,2.6433534962248615,2.272696912753307,,,,,,,,,-0.6499228530146015,-0.8018831907363009,,,,,,
CZ,Czechia,2024-Q4,2024,2,East,2.345786272806261,2.182810368349242,1.5053631357930035,1.1112656370418543,1.1377369643929023,1.1238122759552318,1.7369444571874033,1.6108562363880732,,,,,1.5064784482136906,1.2930331182632513,1.273748919220777,1.295212288459302,,,,,1.4160851561646188,1.4035000132230553,2.008469816671476,1.7490396233635044,,,,,,,,,,,,
DE,Germany,2024-Q4,2024,2,West,1.139410187667567,0.8119079837618282,-0.0421459564983796,0.6419324724493695,0.6901130609542239,0.6636718750770674,1.108434924936688,1.2110231911246079,,,,,1.1403089682384717,1.2572705847874255,0.7798522829455663,0.5508966746161598,,,,,,,,,0.9433458576992683,1.024147469707871,0.4432196554055495,0.5623533508268364,,,,,,,,
DK,Denmark,2024-Q4,2024,2,North,2.163907398502452,3.072229317440045,1.3058948616238988,2.0587888305665905,2.0167865900161153,2.038957979086713,1.943533358810999,1.3662968681993601,,,,,1.52188344657936,1.4335728494803837,1.5907754744194398,0.947311575312364,,,,,,,,,,,,,,,0.6385874786458823,0.569993558838118,,,,
EE,Estonia,2024-Q4,2024,3,East,2.986071360427411,-0.504479019330506,1.5804193975298864,0.5054556493734691,0.5588300423857939,0.5267205091606207,1.5878443219780936,0.9468906219042836,,,,,,,,,1.3523351520078395,1.4966806110932158,1.1708219464566973,0.9465802304866877,1.1249465368215505,1.1932817136840481,1.5107788781783034,1.9349004454974148,,,,,,,,,,,,
ES,Spain,2024-Q4,2024,0,South,3.570783404588429,2.830486036689162,2.0188682742956683,0.706007904436181,0.7101619995087899,0.7045146372440061,2.156857212797543,1.7458925466830293,0.864347280677368,0.23949149337566927,,,,,,,,,,,,,,,,,,,0.41820431445791867,0.3170174434026931,,,0.7295594132695881,0.519054354826175,,
FI,Finland,2024-Q4,2024,0,North,-1.0239586440004,-0.3927344133529576,-0.49981597999103056,0.7649465995721325,0.7648897804140031,0.7671629163977448,0.6878077590479778,0.959300402056101,-0.02587130443472424,0.23949149337566927,,,,,,,,,,,,,,,,,,,,,1.13387397322557,1.131120860649183,0.4775592523627432,1.0857305142041387,,
FR,France,2024-Q4,2024,0,West,0.2058916693063129,1.559516231699543,-0.8690482094890789,0.35580304752245184,0.4292924604115018,0.3816234980223856,0.549568244303822,0.45484663061355685,-0.32104363492697235,0.23949149337566927,,,,,,,,,,,,,,,0.21969388835970038,0.3311560762444703,0.41248775549092853,0.4450287557467034,,,,,-0.06786074090882455,-0.2810977716244631,,
HR,Croatia,2024-Q4,2024,3,East,4.472952538900543,2.359135321217032,2.9407989454966694,0.6031891236037374,0.6775077936039464,0.6386139884661886,2.1828118491947106,2.1172243993373017,,,,,,,,,1.436546468823042,1.617969702007113,2.9429091500760283,2.587642912332623,1.5190622560000113,1.6649047388807547,2.715567869509385,2.977973204952696,,,,,,,,,,,,
HU,Hungary,2024-Q4,2024,3,East,9.36015646828723,1.083162050177799,3.2939687283754173,0.5512386433012344,0.6342113154638271,0.5637011478620326,0.34350096678974096,0.5294555314921342,,,,,,,,,1.2308110434025377,1.0533786998748687,1.1986599217164553,2.393663187493783,0.9893878947550617,0.7725549698343277,0.8460222989618288,1.0242833714934285,,,,,,,,,,,,
IE,Ireland,2024-Q4,2024,1,East,0.9791019634679321,2.861262060552283,2.38965963391598,0.9283428817621727,0.894250017866445,0.9095998404012577,2.0987370062408663,2.7781148739609036,,,-0.3323132279697186,0.6728771207609489,,,,,,,,,1.357423951106368,1.5968224924895038,2.2614463247568737,1.5855845345496884,,,,,,,,,,,1.8439718796604716,1.4637706407078126
IT,Italy,2024-Q4,2024,0,South,-0.1762114537445014,0.7142857142857117,0.9390248814010542,0.8605091469048644,0.8114364277159515,0.828703819197902,1.8426719347759197,1.1815755156638776,0.49339761801741383,0.23949149337566927,,,,,,,,,,,,,,,,,,,0.4195246950081669,0.39524212515248475,,,0.5663500473981652,0.6330739381358217,,
LT,Lithuania,2024-Q4,2024,3,East,2.359699148689987,1.021323875048075,2.1503337602994614,1.027091022907965,1.0409394256443467,1.032289305276243,1.76118366322165,1.582936813371857,,,,,,,,,1.2563128659189209,1.3263732907801642,1.8138441120552753,1.7239984933996695,1.0892751991402003,1.3059484744330605,1.9410724271181108,1.7094477392556091,,,,,,,,,,,,
LU,Luxembourg,2024-Q4,2024,2,West,-1.041095890410959,0.01847176897973313,-0.46208430149001833,-0.04005714185349318,0.03439336138586291,0.015186803403325233,0.16465281864936815,0.11639792459915496,,,,,0.7558655058460501,0.9799910166484889,0.5185573196823836,0.5590796927249306,,,,,,,,,0.3519314592384969,0.5360391249765557,-0.2199740457735837,0.24192178909639978,,,,,,,,
LV,Latvia,2024-Q4,2024,3,East,0.8618127786032659,3.391896008936746,1.3167634195312834,1.5153858690590265,1.5105874308340654,1.4701709521245607,1.588446780537408,2.091656356686338,,,,,,,,,2.4693249282700753,2.3244277011649035,2.2541120854817773,1.4686605755502686,2.2512885647777594,2.1445284240745757,1.9930626845934318,1.8032644241633886,,,,,,,,,,,,
MT,Malta,2024-Q4,2024,1,South,1.437470052707246,1.54848224161237,1.69581307991864,-1.200959251042978,-1.0561296406440288,-1.140966418592047,-1.5704123861054697,-1.569201065219984,,,-2.7830740782524166,0.20865801834601672,,,,,,,,,,,,,,,,,-0.9098506973185214,-1.1948485901870254,,,,,-2.7541663010743527,-2.473320964348585
NL,Netherlands,2024-Q4,2024,2,West,1.919441616984163,3.680509214106054,2.513039288657853,0.6823370534537592,0.7286749866460631,0.704516636451336,2.7392208538790994,2.344105259597255,,,,,0.9091585318590243,1.2124008816726115,1.6082602301198918,1.7219001332338457,,,,,,,,,1.0148965808844408,1.2258854282236435,0.8846513019557163,0.7579148171771101,,,,,,,,
PL,Poland,2024-Q4,2024,3,East,0.7323411292227577,1.592851592851585,3.426424124043609,0.7037304960136539,0.7851837488928715,0.7356166783015983,0.15718592018850824,0.5595958515142403,,,,,,,,,1.216005686562924,1.1473575558174107,0.22340483922069387,1.1722945179039008,1.1904580484579925,1.0424940532321418,0.4880108616139077,0.8922853067039973,,,,,,,,,,,,
PT,Portugal,2024-Q4,2024,3,South,4.824338085539726,3.692126483645919,2.3727514909912872,0.46227631237016353,0.4952486645976898,0.4718752247761404,2.0213093037986973,2.727350593000683,,,,,,,,,1.3221379216667986,1.4708571867061901,2.917484753852919,2.926861958381946,,,,,,,,,0.03332789401393954,-0.1438903242738871,,,,,,
RO,Romania,2024-Q4,2024,3,East,2.140692093963104,0.5159293176834945,0.960309120384889,-0.04704684126077008,0.05932760559600658,-0.014928135156386357,-0.022553874487767432,-0.5004680017680483,,,,,,,,,0.4513809306979576,0.4498128351321563,-0.024554493889580337,-0.06497255505020649,0.4926771334104967,0.3677434432868193,-0.08350475545596642,-0.29190078942626246,,,,,,,,,,,,
SE,Sweden,2024-Q4,2024,2,North,0.06785283474064485,0.6584424430485125,0.08335521034699178,1.5169480660729633,1.5328875434699647,1.5419347257131113,0.6177085370565419,0.5710444260698279,,,,,0.5443774220655835,0.6707870440933996,0.40544844747896136,0.4264290214891937,,,,,,,,,,,,,,,1.3450099419577999,1.4902895991628737,,,,
SI,Slovenia,2024-Q4,2024,2,East,-1.968791016479521,1.61851459688398,1.98210613517269,0.8202456015288239,0.8947565734859314,0.8485072396319093,1.2122740767111189,1.1468829983943183,,,,,0.7447962769350561,0.8292482126886266,0.3955547102893214,0.3733841713199452,,,,,1.3561857971802582,1.5146154169394297,1.4649948293966168,1.761312059312809,,,,,,,,,,,,
SK,Slovakia,2024-Q4,2024,3,East,2.109350404029797,2.898712926692792,1.525597678462137,1.195660448823396,1.1802950654141022,1.1893478933981418,2.1436597266947808,1.7016087692762178,,,,,,,,,1.5873064107845312,1.600717495171028,1.789240682501583,0.996655557953693,1.583946607664885,1.6329468429850706,2.2866602301195176,2.2069607613282187,,,,,,,,,,,,
AT,Austria,2025-Q1,2025,2,West,1.077677544348243,-1.150608611397086,0.296583905442932,0.6359251377166892,0.6988928732316481,0.6745554479392846,0.7778576637990928,0.7099398868459864,,,,,0.9932999074118223,0.9948495464899132,0.5499536611989938,0.5969312232812543,,,,,,,,,0.5892616236520729,0.6103894559331764,0.2134980372514601,0.47507690936561336,,,,,,,,
BE,Belgium,2025-Q1,2025,2,West,-0.09784735812133905,0.7225843015018496,0.6999428278381625,0.2306320374131372,0.33284325583568064,0.29870583690189034,0.9375524823608983,0.46386201196892063,,,,,1.0001387085111375,1.1265910243066573,0.8644759962631121,0.4263292224763378,,,,,,,,,0.6101978364168402,0.7627627971239991,0.5650492089134194,0.5644034774322266,,,,,,,,
BG,Bulgaria,2025-Q1,2025,3,East,3.830772468953891,2.744355819927002,4.297179838888282,1.8549212218715008,1.8339404589618236,1.8313977500704974,2.2979265641659805,2.3219090156858933,,,,,,,,,1.9959781867488473,1.7453282738460132,1.4129307822171422,2.0642686047121357,1.9599053080217956,1.8253438229973473,1.9264816987771105,2.0852634997422346,,,,,,,,,,,,
CY,Cyprus,2025-Q1,2025,3,South,-1.866169021594233,-1.744344508040341,1.1328119045351825,0.6325101224409386,0.6873353478190853,0.6297057542455962,0.8753946228592696,-2.0833271542153917,,,,,,,,,1.2256738879122682,1.2829720709343428,1.1433356663075473,-2.8410020974020824,,,,,,,,,1.1310733035289473,0.7796528877734761,,,,,,
CZ,Czechia,2025-Q1,2025,2,East,3.140916808149408,2.447708055184683,2.046435166122002,1.3759398108651877,1.3741837958350518,1.36880274789063,1.3267023867893457,1.5670876293976974,,,,,1.6310687416367442,1.3496153788044445,1.2001496213800646,1.3470433280617629,,,,,1.4632222669741286,1.425792557445101,1.161916081373281,1.3267930507784553,,,,,,,,,,,,
DE,Germany,2025-Q1,2025,2,West,0.994035785288272,0.1342281879194607,0.47701055464759434,1.0085648344470282,1.0243820062366868,1.0216351366451748,0.9836677410151602,0.9482178767839917,,,,,1.1636043128965328,0.9502837751283791,0.46080515865758154,0.2179052397501254,,,,,,,,,1.087592609884139,1.074465032643033,0.2780678667836927,0.6169322149742071,,,,,,,,
DK,Denmark,2025-Q1,2025,2,North,1.802044109736411,0.2065120121153674,0.960984876675627,1.3871825753090898,1.421156924357573,1.4218940785467973,1.7052865777209951,1.577990719638254,,,,,1.598791558696423,1.4897143601865945,1.1983887485445404,1.2483960771995208,,,,,,,,,,,,,,,1.6900805372951815,1.8113688085793007,,,,
EE,Estonia,2025-Q1,2025,3,East,3.63131079203336,-0.6586741221627279,0.8937091036481353,0.06786651324549176,0.0900341156422173,0.08139241486395254,0.3724554352727545,-0.09838104432418557,,,,,,,,,0.5031475060577152,0.6742449765842382,1.0882565239580062,0.3111751886243119,0.09562454934739106,0.3118163248860526,0.43422439143658426,-0.03440207363687415,,,,,,,,,,,,
ES,Spain,2025-Q1,2025,0,South,4.005813953488357,1.8084845512506,2.7281569194085584,1.0020528831079885,1.020749889093622,1.02688075001062,1.817611844026608,1.659963198190377,1.194409006032191,0.23949149337566927,,,,,,,,,,,,,,,,,,,0.60102562574939,0.5845689453043361,,,0.9449353167394531,1.1793604288001087,,
FI,Finland,2025-Q1,2025,0,North,0.9441542788268364,-0.8477082306554973,-0.46297480270175984,-0.0968830722661167,0.010486402663885563,-0.030934855326431032,-0.3078982168815318,-0.6389872435722377,-0.37559978070793426,0.23949149337566927,,,,,,,,,,,,,,,,,,,,,0.8512987173569866,0.5507886338730831,0.3491658916475382,0.5944597863487316,,
FR,France,2025-Q1,2025,0,West,0.0,-1.06549670949545,-0.47001595964176734,0.7547803669694083,0.8017790451616982,0.7791725170958286,0.9990904802661545,0.9544499751978993,0.41470665252491096,0.23949149337566927,,,,,,,,,,,,,,,0.47972218343213346,0.6148440109871873,0.49174161884333223,0.5727428009451107,,,,,0.6264226242385754,0.5380262526444729,,
HR,Croatia,2025-Q1,2025,3,East,4.421514613876187,1.394727731341794,2.4357410815638354,0.704572737284606,0.668090143769045,0.6730779763195113,1.7754558641529499,1.8087069882748616,,,,,,,,,1.1962015244569542,1.3559795729406212,2.335086086451643,2.294663201533262,0.9492310140205048,1.2004378770171573,1.6216170044393663,1.6678354515769611,,,,,,,,,,,,
HU,Hungary,2025-Q1,2025,3,East,3.264634077102135,3.963463835006298,3.8666855472671062,1.0789815817456747,1.1299189980727469,1.0622117756443543,0.4914561028672219,1.784905573593813,,,,,,,,,1.5267186344199093,1.1463131740211916,1.1198081316820732,2.4644263705682596,1.4490398872069499,1.1314567253778265,0.8216376571456985,1.5903193126605182,,,,,,,,,,,,
IE,Ireland,2025-Q1,2025,1,East,1.308450190272636,2.409703504043126,2.2663316145538124,1.6772768966218683,1.695316057993585,1.6989138054046193,3.2576883985286424,3.2047385563210873,,,0.5932942925667931,0.6939781142481122,,,,,,,,,1.5611513399813366,1.5720303237496116,2.836594997856403,3.389437146366967,,,,,,,,,,,2.1205060987736655,2.5978249929570016
IT,Italy,2025-Q1,2025,0,South,2.736098852603708,0.6205673758865382,1.0941667253726888,0.6841570849360976,0.7322925562766304,0.7120235942194131,0.6675151358804612,0.5209124595919884,0.08241100959722439,0.23949149337566927,,,,,,,,,,,,,,,,,,,0.441752201915501,0.3894872452124784,,,0.5963832198768043,0.9113250894872522,,
LT,Lithuania,2025-Q1,2025,3,East,2.761516411643594,2.360406091370559,2.3662699596330055,1.0799489351493694,1.0376599283347352,1.0484529839946612,1.1816662561227873,1.4022040886015725,,,,,,,,,1.1023379653376288,1.1785137770069065,1.8409283481716658,1.8849567988956328,1.1880003704411732,1.237977014788304,1.699048083173841,1.5132760383306456,,,,,,,,,,,,
LU,Luxembourg,2025-Q1,2025,2,West,4.435831180017225,1.114257572026589,0.3541794631937679,0.9164653539134586,0.9756287144579266,0.9122788491270619,0.6821348358532621,1.6527352513910651,,,,,1.2077737013306762,0.9602975739645061,1.026080978549382,1.8635451662231097,,,,,,,,,1.1188532015195425,0.6593421718354777,0.4252888049283947,0.9274198206205763,,,,,,,,
LV,Latvia,2025-Q1,2025,3,East,2.961107837360055,-0.8447107356841177,1.7930663517582963,1.0233167411803328,1.0614261428595402,1.0626160215865892,1.5868254341921417,1.2990675620903223,,,,,,,,,1.1786568960850587,1.192773306851813,1.1197546985793299,1.1687079960098377,0.9281536486557465,0.9527112384426982,0.8054064888187744,1.5694010627229327,,,,,,,,,,,,
MT,Malta,2025-Q1,2025,1,South,1.464336324988191,1.028682076727594,1.5420069632840818,1.1082187002092467,1.0973663017126296,1.085676955059372,1.312692740684871,1.4147896288571995,,,-0.18895562540982658,0.4462550293016709,,,,,,,,,,,,,,,,,1.2267181461486738,1.4289979414778327,,,,,1.3529583104115297,2.7839830935450465
NL,Netherlands,2025-Q1,2025,2,West,1.46478337375755,2.1437766115457,2.617077039488625,1.1819437434351137,1.235336041217141,1.1980730745076595,2.047083431986494,2.222592162266004,,,,,1.7599960557604324,1.501002022724762,1.463129320033711,1.9284839813428882,,,,,,,,,1.665852300833528,1.5544316020249296,0.9513967379609525,1.2555250652609982,,,,,,,,
PL,Poland,2025-Q1,2025,3,East,1.15384615384615,1.171128107074582,2.5107634561490846,0.6122115241559126,0.6559085895947175,0.6173366787870016,-0.18659489503499174,-0.03722286493179956,,,,,,,,,1.002347828976123,0.9010477490969266,-0.17755686902053763,0.22165328676188767,0.9361410299420745,0.8099263821125273,0.09467190913656448,-0.005080889522901666,,,,,,,,,,,,
PT,Portugal,2025-Q1,2025,3,South,4.748026715239817,2.966490453929849,2.7798096378582438,1.5746882135093818,1.6202858786300096,1.609258167202217,2.068762786866407,2.021848241350373,,,,,,,,,1.5494440257184747,1.4384518760528089,1.883579909433939,2.0328647233362904,,,,,,,,,0.9763648224405894,0.9554588838341724,,,,,,
RO,Romania,2025-Q1,2025,3,East,0.3894899536321494,1.60400359296804,0.9846935674870552,-0.10604094427986976,-0.038303359593392594,-0.09382789042023743,-0.062385744894992406,-0.4028833957454716,,,,,,,,,0.26790856472980906,0.28623650631856046,-0.43617926452078193,0.040303414481304416,0.3780746534888445,0.2809928501815817,-0.16402936889081698,-0.6544829433521251,,,,,,,,,,,,
SE,Sweden,2025-Q1,2025,2,North,0.2109545694266579,-0.2706766917293324,0.5850246996573274,1.110844138092773,1.165052658755704,1.1453499225825188,0.8656934967361394,0.7096133856398588,,,,,0.581166932604415,0.5992271614707456,0.4288762522759119,0.5014909187787425,,,,,,,,,,,,,,,0.9255379080698599,0.6206719616155327,,,,
SI,Slovenia,2025-Q1,2025,2,East,3.793513835168105,2.069068175052102,1.8473042689373276,1.3137591507223187,1.284396675446711,1.2858206917301815,1.4400054531979967,1.4379202429696734,,,,,1.1627070584936667,0.986287424141565,0.38091896435796707,0.23998792881542996,,,,,1.4040330268467263,1.4086545172026828,1.8429356500662826,1.7311756802232714,,,,,,,,,,,,
SK,Slovakia,2025-Q1,2025,3,East,2.183967112024665,3.643680661300852,1.9515293911314564,1.0328678942691636,1.0635933751652566,1.0522928806672645,2.163324738459407,1.2857555679724335,,,,,,,,,1.2810811258222363,1.284612161137179,1.606432366086958,0.6362348016167985,1.3753479555280772,1.4619790513500213,2.072991467435489,1.5352464743760812,,,,,,,,,,,,
AT,Austria,2025-Q2,2025,2,West,1.611260856543884,1.188507014641904,0.8818147483227401,-0.14734714809256855,-0.05442196171735336,-0.10887458757334967,0.6690875646052816,0.4853274199275471,,,,,0.4128845062904405,0.6966651593445085,0.17245719240778687,0.037863132330318315,,,,,,,,,0.15661512091647445,0.33477610316228235,0.5277977296119782,0.3950769478007934,,,,,,,,
BE,Belgium,2025-Q2,2025,2,West,2.413600111935077,0.633000422000296,0.6629369310240885,0.058632465454031,0.16528042908963547,0.11129583206986937,0.48218586282627085,0.14354142486376748,,,,,0.6758049179476625,0.9593335297524297,0.4217832667336491,-0.1907567892411295,,,,,,,,,0.35071575678021094,0.5205842955004816,0.5469585679455241,0.4528582748778337,,,,,,,,
BG,Bulgaria,2025-Q2,2025,3,East,3.794851003446165,4.188596491228069,3.575473271270985,1.5526615543498177,1.5532480405265374,1.5377205267866845,2.3936379564263017,2.7128082481820206,,,,,,,,,1.6510040450504055,1.5562036576135312,0.9398371766571781,1.0855311424889422,2.354338629413588,1.9358663849255162,2.1997994916298866,2.790983349319225,,,,,,,,,,,,
CY,Cyprus,2025-Q2,2025,3,South,-0.2580820429231134,4.049930651872402,1.1415259053783344,2.4745211014762356,2.378728873564219,2.361705913773073,1.8861056476020588,2.694895141395612,,,,,,,,,2.5672944054892675,2.1530708953484985,2.2028350722910766,2.340533268328216,,,,,,,,,1.8172555304934166,1.798478771851983,,,,,,
CZ,Czechia,2025-Q2,2025,2,East,2.469135802469147,2.345786272806261,2.3973659547663346,1.1356425987263958,1.1123969056423406,1.1309317200441233,0.7429150008301543,1.0941509276823218,,,,,1.428288500778544,1.2693068795040752,1.0663798235824824,1.583870895362685,,,,,1.45219563378477,1.3017424988609476,0.9653031745680666,1.016891456870516,,,,,,,,,,,,
DE,Germany,2025-Q2,2025,2,West,0.9842519685039353,1.139410187667567,0.8643221179579275,1.2633783197612625,1.281763187401746,1.2557752710457435,1.1897541230719297,1.138055845075426,,,,,0.9494282247845367,0.8556145808834631,0.28836707164088193,0.05056311706203216,,,,,,,,,1.0375129432179186,1.0501204757761742,0.7829474450187912,0.351651925976719,,,,,,,,
DK,Denmark,2025-Q2,2025,2,North,2.476882430647298,2.163907398502452,2.1436272046985003,1.2848473706186534,1.2900647290435006,1.2935589504228269,0.9938127127931135,0.9400092015528475,,,,,1.0788697322517642,1.169859430606891,0.9143914410618132,0.5237355040287134,,,,,,,,,,,,,,,0.7347941744540545,0.7636898201461428,,,,
EE,Estonia,2025-Q2,2025,3,East,-0.7866273352999054,2.986071360427411,1.1486261532411528,0.5016664134178528,0.6104717981336747,0.5388774320811286,0.6118598976062514,0.7082796809782216,,,,,,,,,1.0804463276282734,1.1653099738461368,1.7176001592993797,1.3115832534822942,1.3871122658863038,1.2627646107386712,1.4750419093661873,1.132182103762884,,,,,,,,,,,,
ES,Spain,2025-Q2,2025,0,South,2.89004416121641,3.570783404588429,2.9419149310867425,0.638126695097106,0.6783547779845485,0.6605005114964151,1.4554158183706685,1.0045669113506506,0.6706291715621054,0.23949149337566927,,,,,,,,,,,,,,,,,,,0.3395821944801305,0.3177286845320238,,,0.6221525501381905,0.7455157352843051,,
FI,Finland,2025-Q2,2025,0,North,-2.208955223880593,-1.0239586440004,-0.4798934254504921,-0.10474298111369218,0.0007977792734104039,-0.05328893847946037,0.33919492223776215,-0.1273890886661378,-0.8734189721978627,0.23949149337566927,,,,,,,,,,,,,,,,,,,,,0.18776445635171135,-0.08679723204904799,0.011370938877347683,-0.08244848744513704,,
FR,France,2025-Q2,2025,0,West,1.580527896317352,0.2058916693063129,0.11940460003702091,0.6533849275039029,0.6637957763345878,0.6516152201301153,0.8089276347512069,0.845696771620588,0.012438136391724225,0.23949149337566927,,,,,,,,,,,,,,,0.26496653938789283,0.2815081577680576,0.02445198705626621,0.16778745542354428,,,,,0.29681499634032754,0.4726442251433687,,
HR,Croatia,2025-Q2,2025,3,East,2.87055667337357,4.472952538900543,3.128453013539833,1.1794950681830256,1.2076399265786302,1.1928266113368475,1.1163917442463598,1.2436609791859707,,,,,,,,,1.4942870806093655,1.4631331912978307,1.6974591006487594,1.4636317910576337,1.58978673459723,1.6457115029900211,1.7354578898131694,1.2105909138349429,,,,,,,,,,,,
HU,Hungary,2025-Q2,2025,3,East,3.142181658236209,9.36015646828723,4.0601825812911825,1.3136116134308258,1.3559088146719032,1.314432697265357,-0.4934784317870074,1.149803522461804,,,,,,,,,1.3668523005139919,1.0066851935926682,0.6985560731046736,1.2981446778085624,2.160131452926856,1.772104533736263,0.8467996946886089,0.01876944903844168,,,,,,,,,,,,
IE,Ireland,2025-Q2,2025,1,East,2.634557991149533,0.9791019634679321,1.9339293749815079,1.6284069806274797,1.5769979927446949,1.6022527733649579,2.5541538110483684,3.4614693210499867,,,0.05091515468598973,0.7536761828233653,,,,,,,,,1.565412590417059,1.4319104231941615,2.1764026004263544,2.6439389655886987,,,,,,,,,,,2.522938393156888,2.63392048673037
IT,Italy,2025-Q2,2025,0,South,0.6013745704467333,-0.1762114537445014,1.0961120220101623,0.4832949576656743,0.5156812504672544,0.4885382866558158,0.5093176050878238,0.20397101317528474,-0.3364259732124592,0.23949149337566927,,,,,,,,,,,,,,,,,,,0.3710080598770986,0.33818687420911764,,,0.1854932612670012,0.11034317034673952,,
LT,Lithuania,2025-Q2,2025,3,East,2.93874985266962,2.359699148689987,2.1281548194007853,0.27306680071646083,0.3545609275826692,0.33886495467316,1.776207084115199,1.2525128131579966,,,,,,,,,0.6575663205178592,0.9489351221566682,1.7826141871857206,0.9995632624287325,1.1497720436567282,1.1958220709555152,1.9987935107978156,1.4507331190467025,,,,,,,,,,,,
LU,Luxembourg,2025-Q2,2025,2,West,-3.139911634756998,-1.041095890410959,0.25752613766437904,0.951378105098401,0.9400616862616699,0.9361179290183947,0.9245616725580303,0.9680386175808873,,,,,0.9477412217107983,1.0844939148490098,0.7169315282642141,0.2070089164477869,,,,,,,,,0.6544715989510991,0.6678537871889301,0.5588628373024952,0.7232126859369612,,,,,,,,
LV,Latvia,2025-Q2,2025,3,East,5.246339485858731,0.8618127786032659,1.3441206944903277,0.5692388200560526,0.6641543930950544,0.5845343344904501,0.673217585922833,0.6205029547104074,,,,,,,,,1.1853760178346464,1.2612824515577827,1.678773122818608,1.2773832107086012,1.275831967916064,1.0857656390920454,1.0837696674199797,1.299670308768556,,,,,,,,,,,,
MT,Malta,2025-Q2,2025,1,South,1.623603351955305,1.437470052707246,1.434962505750931,2.8391490302126714,2.7021342113488407,2.768898529669621,1.5752682337074735,2.369175404971649,,,3.2158415568046372,0.938882927688431,,,,,,,,,,,,,,,,,2.0399652067431058,2.404728799193285,,,,,3.6141807085247137,4.556610576942203
NL,Netherlands,2025-Q2,2025,2,West,1.99671900632763,1.919441616984163,2.586376902003057,1.6895345266422193,1.6735788084817043,1.6769116504305128,1.770686882755392,2.2265329870798003,,,,,1.5008293804827813,1.350682382605253,0.9978645788306572,1.044085979737256,,,,,,,,,1.5293150540714182,1.4093678494736306,0.998931479002256,1.2488222007165264,,,,,,,,
PL,Poland,2025-Q2,2025,3,East,0.8717425577297488,0.7323411292227577,1.6089332366813538,0.7079640078884653,0.6593230266881562,0.665659017727803,0.2390307109578266,0.6058411830478359,,,,,,,,,0.9988395573781238,1.0175689412309108,0.0627655768489407,0.863726873322009,1.0768309814295665,0.8715729314576567,0.2583842031071884,-0.16195144649460427,,,,,,,,,,,,
PT,Portugal,2025-Q2,2025,3,South,4.084550583507252,4.824338085539726,3.8462624084030232,1.764934216881118,1.717534213690508,1.7307484542339777,2.1571787762039816,1.9559256519600265,,,,,,,,,1.6245800660592642,1.4782069056632052,1.7205695314953735,1.746244264287362,,,,,,,,,1.0771846769959807,1.166862693204483,,,,,,
RO,Romania,2025-Q2,2025,3,East,2.315556102968341,2.140692093963104,1.1948074893229856,-0.34458122813494496,-0.21637583151620743,-0.27960255498708,-0.680460853556544,-0.8363961172879489,,,,,,,,,0.26264943025584886,0.34389586527157456,-0.6971756457374798,-0.24236687400756288,0.44712862535720677,0.37754181810268517,-0.20226059581980077,-0.06278025164615456,,,,,,,,,,,,
SE,Sweden,2025-Q2,2025,2,North,0.4962032929854976,0.06785283474064485,0.4650174630920825,0.863652855717769,0.9425335988682921,0.8891445146349395,0.6360935316123286,0.558444833639191,,,,,0.030565977012182666,0.38951293663039366,0.48506643659365256,0.3537740879462297,,,,,,,,,,,,,,,0.05191140106618719,-0.11952533964063239,,,,
SI,Slovenia,2025-Q2,2025,2,East,-1.089293392575608,-1.968791016479521,0.7993766126259099,1.0542305478033782,1.079592474085793,1.0526277534758177,1.5149686900938357,1.738208958969168,,,,,1.08498066335922,1.0335143722842748,0.5383075978519964,0.7793768420815723,,,,,1.2783614124983171,1.1802840296045192,1.5425853501824593,1.3380200042794514,,,,,,,,,,,,
SK,Slovakia,2025-Q2,2025,3,East,4.862962031682172,2.109350404029797,2.910731514114439,0.7497350475343949,0.8257215821280401,0.7853358245528208,1.7869530862997673,1.300986932997419,,,,,,,,,1.2782197466819416,1.3869298325711925,1.7523845216746838,1.233689891600804,1.5126118129824495,1.4566989091054372,2.181522169465384,1.5638866221279775,,,,,,,,,,,,
