country_code,country,quarter,year,cluster_data,cluster_literature,y_true,naive_persistence,rolling_mean,ols,ridge,lasso,rf,gb,ridge_km0,lasso_km0,rf_km0,gb_km0,ridge_km1,lasso_km1,rf_km1,gb_km1,ridge_km2,lasso_km2,rf_km2,gb_km2,ridge_km3,lasso_km3,rf_km3,gb_km3,ridge_lit_east,lasso_lit_east,rf_lit_east,gb_lit_east,ridge_lit_west,lasso_lit_west,rf_lit_west,gb_lit_west,ridge_lit_south,lasso_lit_south,rf_lit_south,gb_lit_south,ridge_lit_north,lasso_lit_north,rf_lit_north,gb_lit_north
AT,Austria,2022-Q1,2022,0,West,2.915628986211516,2.488275143303809,3.202090475235914,1.5915390045904416,1.7065905747203822,1.6523890616820869,2.6545425164353347,2.593138332815751,2.1020798528534166,2.175329838119678,2.4869774473440183,2.1294137802876687,,,,,,,,,,,,,,,,,1.9509553697069344,2.007241906473052,1.64892718178876,2.1625529416223066,,,,,,,,
BE,Belgium,2022-Q1,2022,0,West,1.66128287955698,0.4529834426741708,1.4480366725406646,0.6075088728453852,0.7692043642171504,0.6993748399287831,2.2055311992766993,2.21242544392542,1.738453586660292,2.148095633503114,2.1524441258092426,3.3734388034467346,,,,,,,,,,,,,,,,,1.1929949915789708,1.5419259639965586,1.4998032933054464,1.4744843611741207,,,,,,,,
BG,Bulgaria,2022-Q1,2022,1,East,3.113462958405111,2.372432074221331,2.2738071724208444,1.746890921079319,1.8518747426507969,1.7865060442928697,2.550403286278083,3.050667785366659,,,,,1.897609949758143,1.9222999876785902,2.4461009657899804,2.1488847762390306,,,,,,,,,2.74679260121105,2.708115536978963,3.331648096672601,2.9280416298216387,,,,,,,,,,,,
CY,Cyprus,2022-Q1,2022,3,South,2.228080619100248,-3.648727091798665,-0.654703087540346,0.814818912902848,1.0360468325063388,0.9242714650190585,2.416286394324808,2.186378952877898,,,,,,,,,,,,,1.8198031379373836,1.811770974728347,2.67324693660946,3.4146375802374282,,,,,,,,,1.1602908367687919,0.6472739118276,2.6170132344582,2.063638492967871,,,,
CZ,Czechia,2022-Q1,2022,0,East,3.428571428571425,5.690200210748153,5.900990854357763,1.8220554517330738,1.9197491765998398,1.8757476510436746,2.7702360274458546,2.4273695537751028,2.2170856796489438,2.184259489967241,3.0377755082262534,3.224715126714004,,,,,,,,,,,,,2.4253742528181,2.186292617195188,3.834873813551948,3.60162477090658,,,,,,,,,,,,
DE,Germany,2022-Q1,2022,0,West,2.010968921389411,2.718078381795208,3.0198880113320894,1.7671951029518191,1.8648948760497759,1.8220985994444323,2.4737079000567714,2.73227925695772,2.4749804424479627,2.509225792303523,2.721003104293906,2.6879101693052143,,,,,,,,,,,,,,,,,2.4180272245640966,2.5051401350262683,2.874707908749013,2.6223079867486594,,,,,,,,
DK,Denmark,2022-Q1,2022,0,North,1.774478614351382,0.1716615406623268,2.700233138172176,1.770576418658763,1.820512417811814,1.8056762573204272,2.180959240807809,2.245880034767553,2.290258481093398,2.2683234522862774,1.9580879459868428,1.957215571328762,,,,,,,,,,,,,,,,,,,,,,,,,0.4574496278234741,0.09224227910600014,0.00018032789134257764,0.3175341322014996
EE,Estonia,2022-Q1,2022,0,East,7.977419170895828,6.551297898640285,4.770036704522396,0.6187819782066195,0.8162341236712203,0.7139466002974734,2.5432284639056504,2.7078659096673725,1.1806141853698318,1.8481081388391054,3.0719691984606614,4.293324091994087,,,,,,,,,,,,,2.4360919527950413,2.306993420092754,3.639073982271411,3.596340057769732,,,,,,,,,,,,
ES,Spain,2022-Q1,2022,1,South,1.912980942107145,1.239545997610536,1.5408713278459663,0.7141780883817488,0.8250723944576821,0.7744215337252214,1.644304130081844,1.3305936285958417,,,,,1.02604446926099,1.2225593396906165,1.2845851772625478,0.7717329816022557,,,,,,,,,,,,,,,,,0.647883500569899,0.24852943356214968,1.4246922159431474,0.6341363073560238,,,,
FI,Finland,2022-Q1,2022,1,North,1.439427805096116,0.1712791850716711,0.9663198691555158,0.6649321550999963,0.7734695331005033,0.731211585705703,1.4469142329532303,1.2305325800003917,,,,,0.6341036378783811,0.6474489937459148,1.0704546375482438,1.85869036034015,,,,,,,,,,,,,,,,,,,,,0.04590184375768014,-0.3549796912669152,-0.38139073537731144,-0.6327553350896215
FR,France,2022-Q1,2022,1,West,1.734059097978236,1.118071524859254,1.690697126548679,1.6002955368396266,1.6871828263621296,1.650836607132179,2.240643427862767,2.072265998854013,,,,,1.6463925138777933,1.5359413159272433,1.899440974781146,2.1781487637124477,,,,,,,,,,,,,1.4819286731593087,1.7778040321208748,1.320045423664536,1.5654043507427116,,,,,,,,
HR,Croatia,2022-Q1,2022,1,East,3.737274220032849,2.509898190045257,2.195711154357621,1.3614171888834734,1.5116132731641063,1.438001316907664,1.6573367242669954,1.4026791600171433,,,,,1.4413185973537366,1.3285343381919452,2.3847432190284246,2.6189994921097655,,,,,,,,,2.0212237532385595,1.8420618470620618,2.07126132690358,1.404765548137451,,,,,,,,,,,,
HU,Hungary,2022-Q1,2022,3,East,5.720321431530118,3.736906671699547,5.28961185736897,1.3986592427603295,1.6173469118248427,1.4780235219567688,2.1825393708725236,3.727104612843308,,,,,,,,,,,,,2.141637448773257,1.759687523423635,2.615788373191633,4.293670567288326,2.234019474208986,1.7953885261519182,1.698536803144398,4.081185013545876,,,,,,,,,,,,
IE,Ireland,2022-Q1,2022,2,East,1.772804425724517,4.22686647402728,3.2964570865664458,1.2665359807313292,1.3974855892522344,1.3450081506579015,2.87561047692952,2.870774105787567,,,,,,,,,0.4578642759761383,0.762308199391416,1.7527944238007762,0.609891323352898,,,,,2.096024509118704,1.9645401070132689,3.7680357884530946,3.474266316922998,,,,,,,,,,,,
IT,Italy,2022-Q1,2022,1,South,2.270577105014193,0.09624639076033503,0.9869471907962668,1.0488057815133263,1.215290138104571,1.1308238138623892,1.067839533257473,0.8614041818223047,,,,,1.119519035784093,1.022858934572946,1.353671757139663,0.9255387413660533,,,,,,,,,,,,,,,,,1.0614169993218452,0.7409945275025756,1.4400475586446049,0.5782121044347409,,,,
LT,Lithuania,2022-Q1,2022,3,East,5.892311052861499,4.730052556139519,4.627548804097753,0.8672727158269731,0.9758936497213665,0.9374989332357293,3.0198251625252484,2.4546263594921562,,,,,,,,,,,,,0.7427784665898398,0.9963619953417456,2.9450509863912333,3.3091166571032833,2.476770182631779,2.5421798952153156,4.136905330150832,4.160841562615646,,,,,,,,,,,,
LU,Luxembourg,2022-Q1,2022,0,West,2.2024519908864,3.613901397067298,2.909268187843144,1.4779080545968057,1.5517265626975747,1.510908256271689,2.6417611726160977,3.547381761815236,2.252343147801053,2.356018499653673,3.1831328508489216,3.5688220961455452,,,,,,,,,,,,,,,,,2.0562347761830213,2.155463158739617,3.0578156264387544,2.508296742518649,,,,,,,,
LV,Latvia,2022-Q1,2022,3,East,5.395887765534479,3.919908051539522,3.8258000583072604,1.483529218544579,1.6690241950112683,1.5539312553484526,3.8631583021651985,3.981853989932342,,,,,,,,,,,,,1.9832713405113362,2.0587112967958707,2.716339290614089,3.2415925271051216,2.5524133572680885,2.433295811887903,3.985722098191314,4.493656425209896,,,,,,,,,,,,
MT,Malta,2022-Q1,2022,2,South,3.536402033073238,1.06893542757418,1.1201299797139048,1.9780596656785283,1.9966480272175238,1.981747206387101,2.583163643134936,3.135830882799635,,,,,,,,,1.7374598083393131,1.3111316858658177,1.9251507754373793,2.1457943684428584,,,,,,,,,,,,,1.8590672355584825,1.9881936550467019,2.2906251844113026,2.209783184698011,,,,
NL,Netherlands,2022-Q1,2022,0,West,3.082978025582173,3.720738251076128,4.350094131724291,1.6203982746842112,1.7343776415163537,1.6840553787966503,2.9104406764938657,4.199397825730452,2.5382412743915594,2.6372651733771013,3.44012472117103,5.128616326349639,,,,,,,,,,,,,,,,,2.4366530239031805,2.638288791748143,2.940443870866854,2.9042067550388926,,,,,,,,
PL,Poland,2022-Q1,2022,3,East,1.996257018091074,3.932207931404075,2.8960385426837822,0.954297821557553,1.2167915562057208,1.0674739500047619,3.1488778866706455,2.6295578069182164,,,,,,,,,,,,,1.4100429956591156,1.1869803766101596,2.0696973695966343,2.2023117090272026,2.0827767128104657,1.6481054418543248,3.2496040212700783,3.50892363655898,,,,,,,,,,,,
PT,Portugal,2022-Q1,2022,1,South,3.104467805519073,2.720373613543492,2.778666596928192,1.8213730153712206,1.9125760107771672,1.8792384950888192,2.3683128580412087,1.8413921507922535,,,,,1.8895967635793616,1.7177043696642698,2.3797205126954397,2.7668993340725305,,,,,,,,,,,,,,,,,1.4023748917027785,1.2874966371557959,2.1835821705100167,2.1636308563768254,,,,
RO,Romania,2022-Q1,2022,3,East,3.661850951223,2.788159665121825,1.8194983382507797,-0.24967192624715429,-0.03057847929132751,-0.1630986992776977,-0.8373401024046647,-0.9019969643055726,,,,,,,,,,,,,0.2537779963283451,0.19450033529084676,0.3615880912695484,0.40494570872829216,0.8532176338435251,0.48056406203814317,-0.12574356583809962,-0.2049017044730136,,,,,,,,,,,,
SE,Sweden,2022-Q1,2022,0,North,0.4712005063647329,1.263788443275637,2.6248951302224213,1.4212435197791227,1.4744445783168958,1.4494081225718891,1.8973768080595774,1.4959175008071774,1.6269537056892014,1.862195746575332,1.470010903757748,1.4971254302809247,,,,,,,,,,,,,,,,,,,,,,,,,0.06966430080014507,-0.4181725055913903,0.13990732116143453,0.48641659178089813
SI,Slovenia,2022-Q1,2022,0,East,3.294794225124309,4.642507345739455,3.7325553136299647,1.7311122065840456,1.8818131355481402,1.810034676699984,2.926394552827571,3.171284343831146,1.822186668009603,1.9282855577967957,3.024814394869901,3.0829656543881456,,,,,,,,,,,,,2.847937421945728,2.797299619366189,3.835617379222819,4.033954724236502,,,,,,,,,,,,
SK,Slovakia,2022-Q1,2022,3,East,5.498137243119827,3.566216130465127,2.592466518011607,1.566128724018914,1.7281568131534515,1.649339185414371,2.4959793701598083,2.626993163315622,,,,,,,,,,,,,1.7218101530925534,1.6820091535630999,2.5326236707865544,3.2644731619879557,2.414546655381808,2.2631809962193037,3.3294918552876993,3.5346640312588655,,,,,,,,,,,,
AT,Austria,2022-Q2,2022,0,West,2.455291270731275,4.633278250921569,3.392563451563019,0.6658615215846512,0.9263088342985557,0.79659870884911,2.5565873845416345,2.752311061460278,1.6046099159384006,2.003918473272895,2.557467243591248,2.881250763282375,,,,,,,,,,,,,,,,,1.582054029610076,1.9596921670912844,1.0702636037624818,1.1997998519047846,,,,,,,,
BE,Belgium,2022-Q2,2022,0,West,2.103192616129523,1.088477686207434,1.5225439080077174,-0.8637894511403716,-0.51688242665839,-0.6931612925800041,1.2186953228392006,1.7297957998203373,1.056483136682302,1.7978739818436091,1.4950687867617334,2.8003841081066696,,,,,,,,,,,,,,,,,0.3932273509408022,1.0352582889107487,0.631013271354345,0.03077868784235706,,,,,,,,
BG,Bulgaria,2022-Q2,2022,1,East,4.0875999522616,5.204557224236162,2.78014367454304,0.8783884570575332,1.1560014497230733,1.009088941093423,2.4370715918866015,2.4598539182247614,,,,,1.7478208817759486,2.0262418443965884,2.7557824222849057,2.7747026918536295,,,,,,,,,2.8168022518721005,2.6904690795311677,3.0424390750177124,3.8146748675457878,,,,,,,,,,,,
CY,Cyprus,2022-Q2,2022,3,South,8.926046086016148,1.204922970995792,1.7371490111972747,0.3794782291930149,0.6402531184215735,0.48215666524063094,1.2883852378713723,1.2986396001787404,,,,,,,,,,,,,1.4591733714239297,1.35362135162187,2.505006639666635,2.771170329277423,,,,,,,,,0.7832447225798005,0.627397802056326,2.555709015487484,2.4187646959334073,,,,
CZ,Czechia,2022-Q2,2022,0,East,1.012891344383071,4.685942173479574,5.5991221657527355,-0.15859419017366427,0.216892582498183,0.05283378409719819,2.8839184103836257,1.892503182759197,1.2507439955804622,1.7546645286034779,1.2185278560440211,3.258067288960815,,,,,,,,,,,,,2.2074806767725437,1.8950612486625409,3.2595339068027895,3.4240769721294804,,,,,,,,,,,,
DE,Germany,2022-Q2,2022,0,West,-0.6571087216248439,0.9846153846153838,2.9195415109855904,0.8136552116562266,1.041649594551269,0.9331947527171737,2.1702591966204476,2.7374581484941674,1.939067070161161,2.2259782960545182,2.371823346295002,2.5692105732833816,,,,,,,,,,,,,,,,,1.6216301049160753,1.9775838200469444,1.4282852398803394,1.09110803073413,,,,,,,,
DK,Denmark,2022-Q2,2022,0,North,0.2986940816893435,0.999642984648319,2.3468735239595917,0.4207188289895276,0.6909768446012283,0.553809459635557,1.7196449299296406,1.2891944266362705,1.4366944117665732,1.8372952223626429,2.017746563090268,1.7075178221625462,,,,,,,,,,,,,,,,,,,,,,,,,-1.231695935131134,-1.584775206561317,-0.932102900575891,-0.8478356539501676
EE,Estonia,2022-Q2,2022,0,East,0.8343895226024411,7.076566125290018,4.899592911236411,0.2348892671823095,0.607427878586266,0.4435461988582712,2.3607499857141687,1.6133352907951473,1.2310406806003158,2.0513511623095075,2.175769052485725,3.8739270286327314,,,,,,,,,,,,,2.195678193822241,1.8289607759439546,3.6006397209141072,4.54833377595019,,,,,,,,,,,,
ES,Spain,2022-Q2,2022,1,South,1.7218262649072,2.559374539017556,2.0689940688332022,-0.5056290112773667,-0.16459566293313865,-0.3436850035912946,0.9757609248374965,1.399277227589871,,,,,0.530710258131311,0.9406202177926882,1.4175326894870026,1.5236879512851165,,,,,,,,,,,,,,,,,-0.04637704732586273,-0.5805136500984305,1.2289925557057304,0.6324418442239168,,,,
FI,Finland,2022-Q2,2022,1,North,-1.0752688172043,0.6569474442044587,0.7495375623711971,-0.12517162754948918,0.19417910602878719,0.03951439812501489,1.2902339648552232,0.9157395662914385,,,,,0.36146431335661444,0.6384228340315253,0.4254125366655445,-0.4295258356923281,,,,,,,,,,,,,,,,,,,,,-1.6082737166729841,-2.316494266327714,-0.967782796041736,-1.6823689809397588
FR,France,2022-Q2,2022,1,West,2.682870901169454,0.8469259723964839,1.7179731824045694,0.4616311806781409,0.7357633914236039,0.5965434745571234,1.3641790508278113,1.1343885939205702,,,,,0.8216642606012534,0.8544731861173664,0.9451741763961486,0.4575870055008863,,,,,,,,,,,,,0.8802892286312693,1.2846939712919552,0.4893922020031514,0.5663296313340305,,,,,,,,
HR,Croatia,2022-Q2,2022,1,East,2.849183234139541,5.007241878750257,3.2143512592463894,1.0912681796653154,1.409286565190277,1.2533136637251623,2.576388760050616,1.7847125171961318,,,,,1.5646652326097499,1.446481557951049,2.8861058095998016,2.8588878453080246,,,,,,,,,2.0612590567706004,1.6664601541226178,2.88484088845354,2.93403795115131,,,,,,,,,,,,
HU,Hungary,2022-Q2,2022,3,East,3.036476903185381,9.806240334758476,5.386079245056807,0.8885212520593156,1.3550251016860482,1.081821661099231,0.05226817434045141,2.1148648155933105,,,,,,,,,,,,,1.7891785418870183,1.2529104685425239,1.028448002204086,2.077411533962993,2.512645973858478,1.8418072541572088,0.8132722032104612,1.779773336879561,,,,,,,,,,,,
IE,Ireland,2022-Q2,2022,2,East,2.829081475075679,2.559638942617659,3.5584683778416393,0.7150682059464648,0.9444501970767816,0.8464403368117167,2.598504677307216,2.6919768784009683,,,,,,,,,0.4924706342537182,0.29245252200787536,1.7530641613893572,1.422405273742545,,,,,1.9427223300608047,1.675000195097222,3.58263336640682,4.2218451279382725,,,,,,,,,,,,
IT,Italy,2022-Q2,2022,1,South,-1.11008325624421,1.634615384615379,1.120601036950114,-0.35465433474781305,-0.019135879447334636,-0.20558814105084378,0.8418349449808328,1.0036317600683942,,,,,0.43131563086868857,0.6131757837499262,1.2205015042464393,0.7669443194621663,,,,,,,,,,,,,,,,,0.025989166615606463,-0.42189454993113557,1.6040862062391938,0.7219963049266518,,,,
LT,Lithuania,2022-Q2,2022,3,East,2.985921303697592,4.42518248175181,4.480000898741377,-0.194504049522622,0.0172059322492355,-0.08618931992272727,-0.8339354326334255,-0.5193086322479914,,,,,,,,,,,,,0.5390836608728362,0.9525218989606798,3.196588836372621,4.371589315918516,2.3766384032627395,2.4658225772323186,4.131566736518094,4.74821099187346,,,,,,,,,,,,
LU,Luxembourg,2022-Q2,2022,0,West,2.070063694267521,2.707822598618237,2.478964966932989,0.07068871418128486,0.4374453522251931,0.2802225919705692,2.822182149054856,2.456682307978794,1.6079206082798143,2.2150456626471424,2.880689857079642,4.140617518446396,,,,,,,,,,,,,,,,,1.4212678188937913,2.042787455404462,0.9974668934098967,0.8156067329017256,,,,,,,,
LV,Latvia,2022-Q2,2022,3,East,1.201767622332395,2.485592875021836,4.100727211621941,0.3262559179828911,0.6932921210515233,0.4982027851227713,1.8497522222412885,1.522173387994365,,,,,,,,,,,,,1.4131109092047143,1.3837943307996463,2.8325899863006656,2.3348487541765803,2.208352302881818,1.90322263492731,3.1346349746115907,3.1485345113848,,,,,,,,,,,,
MT,Malta,2022-Q2,2022,2,South,1.106271174721707,0.5036333549176097,1.6576615046699053,1.79406055899579,1.9389479513602978,1.858773217522252,1.8206297917558651,3.1761501402961367,,,,,,,,,1.1029557885279115,1.6386159153203732,2.7261872622222265,3.7572015806044963,,,,,,,,,,,,,2.2643264437008703,2.1888943340442997,1.7977805896760792,0.08519621999819159,,,,
NL,Netherlands,2022-Q2,2022,0,West,0.7264821296001589,4.002274019329155,4.449200076739906,0.48817651873467083,0.8033935201942807,0.644915827893229,2.864117596409482,3.1906467296901875,1.7315195542786608,2.2530208426038967,2.800878156164789,4.6606105253645485,,,,,,,,,,,,,,,,,1.5682551778685911,2.099769222341222,0.9756578048172021,0.7044380098714267,,,,,,,,
PL,Poland,2022-Q2,2022,3,East,2.37308868501529,3.319368353206587,3.231009947558178,-0.26296987276799766,0.2697521316157112,-0.004006755022073039,0.6493074770158259,1.6332931098717018,,,,,,,,,,,,,0.9270175344592829,0.6485135716596505,1.4320946877155172,1.9391497892393201,1.5600172150788951,0.8656760151853594,0.6036452895361293,1.2166380796985654,,,,,,,,,,,,
PT,Portugal,2022-Q2,2022,1,South,2.926026233338641,3.796317344851086,3.092004922296904,0.7946489130683143,1.0360543150337254,0.9161835069181868,2.328149782198727,1.6350508956555645,,,,,1.3326820838228066,1.368338078506799,2.1692027758108594,1.8109877901237823,,,,,,,,,,,,,,,,,0.6614211355418907,0.3061125629582913,1.851212042674886,0.48749440041301545,,,,
RO,Romania,2022-Q2,2022,3,East,-1.200496757278879,1.679877827067133,1.5596209559146532,-1.140380686258255,-0.6383956261592003,-0.8769876505956411,-0.7944672852079264,-0.47554240893785865,,,,,,,,,,,,,-0.13461146738620067,-0.3080447591817501,-0.868170740368999,-0.45564440356475366,0.5400980335075303,-0.06767726440951805,-0.3746688414477209,-0.1130196406217597,,,,,,,,,,,,
SE,Sweden,2022-Q2,2022,0,North,-3.079938401231974,2.575385947193753,2.486679052015656,0.8153375276587265,1.0512643419708105,0.9422449176868395,1.2534947738093423,1.2605833405881748,1.0481447247560398,1.5384663046603573,1.5269921994968016,2.4473812482405095,,,,,,,,,,,,,,,,,,,,,,,,,-0.6479861988593445,-1.175626340758527,-0.8154612539454467,-0.5278154622942922
SI,Slovenia,2022-Q2,2022,0,East,2.302383575943856,4.161986771496329,4.010933968506503,0.9664464178015438,1.200836642349449,1.0748384605079209,2.8223234765929615,2.4995494184796603,1.9100729973275195,2.113630553733633,2.4303140366421214,3.1560706209630895,,,,,,,,,,,,,1.8216887861950735,1.4189954490181265,3.7179651307484156,3.9958810927946353,,,,,,,,,,,,
SK,Slovakia,2022-Q2,2022,3,East,2.847866947656197,1.966791250536115,3.377444319795969,0.09949552736520739,0.4592942091211094,0.2980280983363387,2.0864342475027184,0.6745862339657586,,,,,,,,,,,,,0.7865059797748253,0.7952031308536407,2.1573329245729935,1.780544084154503,2.067630431600738,1.7415423595229593,2.936731416517419,4.259966301615296,,,,,,,,,,,,
AT,Austria,2022-Q3,2022,0,West,-4.18802926435855,2.915628986211516,3.2469565393152324,0.3467386564242746,0.4935415860258786,0.41822562934282326,2.6084280597716827,2.292172361311577,1.6760073248805412,2.151886337026291,1.8576246245591823,4.200345239522276,,,,,,,,,,,,,,,,,1.2692255036439224,1.9378310859522572,0.7837264241653106,0.7615223552012631,,,,,,,,
BE,Belgium,2022-Q3,2022,0,West,-0.3037937166567861,1.66128287955698,1.4538355453056706,-0.40214814083611317,-0.16568497965072382,-0.30161631290828494,0.9568180313455372,1.1371823065918,1.0491250691601373,1.6988178444543396,1.0906361990777504,1.6095626108945658,,,,,,,,,,,,,,,,,0.5442567046892641,1.1045765984470786,0.6330012700032593,0.4033053401366987,,,,,,,,
BG,Bulgaria,2022-Q3,2022,1,East,0.4070400733818591,3.113462958405111,3.47101284538231,0.268629881185954,0.4935586837983783,0.35309191221995584,0.12222805476832443,1.1395456199763165,,,,,1.5122583926070292,2.2012228077785356,2.59067177884343,2.954213206210011,,,,,,,,,2.5094369470126954,2.419558070441583,3.123534935144972,3.508381517242305,,,,,,,,,,,,
CY,Cyprus,2022-Q3,2022,3,South,-5.193218267908961,2.228080619100248,0.9330530052742807,-0.2296332549305482,0.07345132916278374,-0.08651407687750168,0.8840775755084049,0.002577842656296331,,,,,,,,,,,,,0.24840206435091317,0.34302271199554313,1.6127124506995,0.7581050301214199,,,,,,,,,-0.2434219746320067,-0.7927226852750708,1.5022188271578816,0.19084333078188212,,,,
CZ,Czechia,2022-Q3,2022,0,East,-2.233363719234283,3.428571428571425,5.168520795542131,-1.780437586654319,-1.5213312166198425,-1.6889952627290157,-0.48944589267509014,-2.103896237987544,0.3649468892103921,1.4827561665545248,0.6912019957786346,3.2997288263983062,,,,,,,,,,,,,0.9315335377329235,0.7575497920724432,0.5957484635421049,2.665051952418605,,,,,,,,,,,,
DE,Germany,2022-Q3,2022,0,West,-4.690318701142515,2.010968921389411,2.482434117272792,-0.16522078968069254,0.03836302478804532,-0.08075491722434225,1.7042741712179896,2.186712847108826,1.299790120686419,1.9032036232287424,1.831886082829703,3.0557448846711015,,,,,,,,,,,,,,,,,0.8474581695580597,1.429867661547345,0.7030872231996201,0.19026780935441717,,,,,,,,
DK,Denmark,2022-Q3,2022,0,North,-2.354733707320433,1.774478614351382,1.393422955876383,-0.19175337780582824,0.005138133746642293,-0.09842118449529247,1.4397692500494523,1.3068061984686963,1.1299938499305984,1.83347458071361,1.6915964270785946,3.202774973449873,,,,,,,,,,,,,,,,,,,,,,,,,-2.463080806570523,-3.6722272767878805,-0.7763195074185617,-1.1006776975289154
EE,Estonia,2022-Q3,2022,0,East,0.2304388813239688,7.977419170895828,6.245358729972927,-1.3968576455170543,-0.926556816677653,-1.146250158885477,-1.6220225285913037,-2.091319316060643,0.24793123682805307,1.8442972026507478,1.7435265976292909,2.7348422569269815,,,,,,,,,,,,,2.361722585134754,2.1019959556767667,3.10641376592562,1.9031185930703898,,,,,,,,,,,,
ES,Spain,2022-Q3,2022,1,South,-0.8047173083593484,1.912980942107145,1.9559967192834982,-0.44067781418523944,-0.21769451404578488,-0.34053080841873107,2.024830192568118,0.9526294690544358,,,,,0.4856119685209218,1.018301564397223,1.722116724547684,1.2896822384958317,,,,,,,,,,,,,,,,,-0.34744109972465426,-0.9339003936956691,1.225873435941,-0.17318794090068296,,,,
FI,Finland,2022-Q3,2022,1,North,-3.323235923022083,1.439427805096116,0.5084551141241374,-0.7350625356844303,-0.5326285730739655,-0.6555628211374886,0.5764250748920843,0.08940948175286213,,,,,-0.08904661067626407,0.47629305006177236,0.469965168873273,0.04525154858251905,,,,,,,,,,,,,,,,,,,,,-2.1555879542231313,-3.2675228598713306,-0.9430204690913733,-1.5768692782351579
FR,France,2022-Q3,2022,1,West,-0.625279142474322,1.734059097978236,1.7415836705903465,0.09004275349297419,0.2890565127273934,0.17346256980196806,0.6716460937311141,0.5009604070198083,,,,,0.6595024190794765,0.9744215449780093,1.2151563937579763,0.7343172000648766,,,,,,,,,,,,,0.4415569553623093,1.007276893784067,-0.06868572151381232,-0.5753917113781325,,,,,,,,
HR,Croatia,2022-Q3,2022,1,East,4.721743412952484,3.737274220032849,3.246963278745246,0.15887000896726944,0.42319789099366456,0.29508651819953746,2.6919543040082554,1.2463353723339197,,,,,1.326226361914792,1.8728314497985754,2.7141127129725953,2.9467380823849614,,,,,,,,,2.3174691777686798,2.2114394052903323,3.216824063235875,3.48144452016557,,,,,,,,,,,,
HU,Hungary,2022-Q3,2022,3,East,-1.730169594645981,5.720321431530118,5.738078459790574,0.057298073076757716,0.428780795202821,0.20294644822240215,-0.2622216536699176,0.08064426037937786,,,,,,,,,,,,,0.8262716497389504,0.4792689747182214,0.3047972960858249,0.1623505341473515,1.875774164113169,1.1725199477350863,0.5958659622941455,0.34812868768589833,,,,,,,,,,,,
IE,Ireland,2022-Q3,2022,2,East,1.165375142668346,1.772804425724517,3.403505540366453,0.14760288943137667,0.28275265616174483,0.19982622344058343,3.028223758755955,2.103868790438682,,,,,,,,,-1.285371675605954,-1.0041826795324762,1.5198445683554085,1.6339390915334109,,,,,1.496844937996649,1.2764217337497017,2.8234925700939035,3.846588563084075,,,,,,,,,,,,
IT,Italy,2022-Q3,2022,1,South,-0.0935453695042221,2.270577105014193,1.2678694477239405,-0.38468559206040154,-0.13420721349789555,-0.2815303283385484,1.109704898228593,0.7632374296636828,,,,,0.5124621850276649,0.8511603275135582,1.7308457570997065,1.11196420109968,,,,,,,,,,,,,,,,,-0.4242994968262707,-0.9387690919668805,1.2232491473577631,-0.17929671901323083,,,,
LT,Lithuania,2022-Q3,2022,3,East,1.882824236354552,5.892311052861499,5.110473417633759,-1.2674036917698852,-1.0439770212265884,-1.1501730409715778,-1.3801802083838939,-2.143695029167721,,,,,,,,,,,,,-0.5795273841118491,0.047866641839861,1.9111155576660148,1.7677960600892,1.5890721230830533,1.5778336487444498,3.6029335052705007,4.636721726131916,,,,,,,,,,,,
LU,Luxembourg,2022-Q3,2022,0,West,-1.534061362454509,2.2024519908864,2.794787033267376,-0.7843275698928431,-0.5229642978150162,-0.6460007212966501,1.983217882516767,0.9321893640891818,1.0511807865345413,1.9544283245637581,1.4619545405280865,3.2885253266413916,,,,,,,,,,,,,,,,,0.6053121009245785,1.5184369176287495,0.1888055967448697,0.10140706530413111,,,,,,,,
LV,Latvia,2022-Q3,2022,3,East,-0.6283614675967719,5.395887765534479,3.859381089392838,-1.6383625154703623,-1.271627392881041,-1.4486612216544232,1.9417494428324256,-0.090645307495736,,,,,,,,,,,,,-0.9265018371762461,-0.5840161313129224,1.22685711891454,-1.3306678725368464,1.7826771765955585,1.5142919956389482,2.380425719671757,1.6488491666705274,,,,,,,,,,,,
MT,Malta,2022-Q3,2022,2,South,0.6906927443069311,3.536402033073238,1.853793812357263,-0.3009250381644675,0.023985797711993162,-0.15321941215122803,2.2255609378484604,3.5050203469445234,,,,,,,,,-0.34825974341542965,-0.22776328931126644,1.9384637651420868,1.6928571760240956,,,,,,,,,,,,,-0.8550300317510116,-1.50469887402226,1.2053219777222206,-0.058131502605844536,,,,
NL,Netherlands,2022-Q3,2022,0,West,-2.137404580152669,3.082978025582173,4.109158738743046,0.07836133033981219,0.28581446222852935,0.17172236330384893,2.0564863447981074,2.7375081208870693,1.5457016402328216,2.1712607643103627,2.437935235901042,4.331676232932902,,,,,,,,,,,,,,,,,1.1475149523475034,1.9249018478702458,0.8080633818892057,0.7818967667706991,,,,,,,,
PL,Poland,2022-Q3,2022,3,East,1.350221053889356,1.996257018091074,2.9614428617579076,-1.0642991871069807,-0.9176612891939298,-1.0532737119179028,-1.7146218220949296,-1.081684586031167,,,,,,,,,,,,,-0.005218557292654635,0.22683642101381807,-0.15779052796873558,1.4956732826862638,0.9117047222347004,0.6193111154557251,-0.03724717101152183,0.7621607148784194,,,,,,,,,,,,
PT,Portugal,2022-Q3,2022,1,South,1.078320090805907,3.104467805519073,3.1414675755937984,-0.1288272531995196,0.12715241615585737,-0.0073683652769185315,2.141603584471775,0.8200910474994897,,,,,0.8749902548326411,1.5074484149451122,2.4167238532217135,2.755117468225495,,,,,,,,,,,,,,,,,-0.45190970443441175,-1.081997498206484,1.8135750626096703,0.44564539148605586,,,,
RO,Romania,2022-Q3,2022,3,East,2.534916201117343,3.661850951223,2.064281107185595,-1.9499388603342402,-1.5937622859542242,-1.815753503514168,-0.9253605517003024,-0.3768500722186798,,,,,,,,,,,,,-0.7955631026076477,-0.6878487086488234,-0.1676278891418537,0.6813807688666083,0.1534846958910272,-0.42947060044617524,-0.059098203785878996,0.6148260156059094,,,,,,,,,,,,
SE,Sweden,2022-Q3,2022,0,North,-3.589484327603643,0.4712005063647329,1.7239516378775912,0.4682663049677718,0.5694671558929307,0.5217323834554533,1.715538127149016,1.1956450687042783,0.7422580868691429,1.4452889717512927,1.2647649779765675,2.8027578181259285,,,,,,,,,,,,,,,,,,,,,,,,,-1.892501637251157,-2.805413349235858,-0.060283241466230965,-0.6502940249328668
SI,Slovenia,2022-Q3,2022,0,East,1.377551020408174,3.294794225124309,3.6849655076126755,0.6445106024535349,0.8107201634338946,0.7072408319906089,2.300798131994069,1.596736302888717,1.2882782521588554,1.8447898914035166,1.8497031264225814,3.721627655793492,,,,,,,,,,,,,2.6435601209967743,2.5938327462187227,3.0096240923745303,3.4976613718509926,,,,,,,,,,,,
SK,Slovakia,2022-Q3,2022,3,East,-0.830702774547265,5.498137243119827,3.9303099054489863,-0.9252737527907036,-0.6087813121173244,-0.8032741802996113,-1.3962842715694301,-1.512979221293744,,,,,,,,,,,,,0.10746831027805404,0.36630577806693165,0.893873103572988,-0.2720540100817647,1.2890396218850644,0.9345795376449373,1.410737197955626,1.3342407754190964,,,,,,,,,,,,
AT,Austria,2022-Q4,2022,0,West,-1.184463684463688,2.455291270731275,3.1231184127920417,-0.44552333352184026,-0.11583160286479122,-0.27114884830528796,1.8731163268232225,1.9659760404265736,0.9157164572427748,1.5049123126682975,1.495213795553818,2.370375581114267,,,,,,,,,,,,,,,,,0.5734970639738244,1.1903390468388129,0.5982279514361786,0.2558130070002127,,,,,,,,
BE,Belgium,2022-Q4,2022,0,West,0.3641768859160122,2.103192616129523,1.326484156142027,-0.2592167144066342,-0.0347061065922063,-0.1425654581532274,1.209096246687505,0.9098019431304069,0.9822296796210881,1.424906156004548,1.3163732108759854,1.714640635241494,,,,,,,,,,,,,,,,,0.594952194288741,1.0375822387552052,0.34991223556442264,-0.07623512306654863,,,,,,,,
BG,Bulgaria,2022-Q4,2022,1,East,1.593011305241543,4.0875999522616,3.694513052281051,0.22150857901453747,0.36284007938715357,0.2502139839138042,-2.442696492196076,-2.6365348407607194,,,,,1.173312245876346,1.8345578697984384,2.727315075099889,3.5838225211127854,,,,,,,,,2.1035500177714597,2.1226248097506435,3.6220945285946597,4.049628290332407,,,,,,,,,,,,
CY,Cyprus,2022-Q4,2022,3,South,6.081843080393101,8.926046086016148,2.1775806460783804,-1.1009206166242547,-0.7554220361527095,-0.9476910600987687,-2.248132817458323,-2.9287703719895117,,,,,,,,,,,,,0.16744298804027014,0.3505058458213338,1.5228451498504263,0.6668277517399962,,,,,,,,,-1.5287763068859654,-2.0513611746435987,-3.4648875267301507,-3.6361041834763648,,,,
CZ,Czechia,2022-Q4,2022,0,East,-1.258741258741258,1.012891344383071,3.7044012892955562,-1.6268018689858166,-1.3029267389811539,-1.4653206557391414,-0.6532407628091913,-2.3238266395169354,0.08893378581538447,0.9012505223087621,0.3702643361908229,1.9502760606550118,,,,,,,,,,,,,0.4620572568174288,0.275900107372113,0.05069954411301406,1.084195072954138,,,,,,,,,,,,
DE,Germany,2022-Q4,2022,0,West,-3.028391167192435,-0.6571087216248439,1.26413849154379,-0.4702603916289214,-0.16972730430463479,-0.32278706099273924,1.1402895508748465,1.4583519849552171,1.0923337670622373,1.6893631927727486,1.8025982018026896,2.6646655960936183,,,,,,,,,,,,,,,,,0.5595811693943633,1.1516238597933686,0.4564142769176096,0.38550897080545,,,,,,,,
DK,Denmark,2022-Q4,2022,0,North,-4.156323143485363,0.2986940816893435,0.8111193053378428,-0.4590574655136037,-0.17017455432988648,-0.3016613340758507,-0.9283496516624935,0.7962387486988001,0.8546541001977147,1.5527664214573713,1.5088178394195277,3.2536663992882455,,,,,,,,,,,,,,,,,,,,,,,,,-2.0292875979921288,-3.000446366829841,-0.3226948235215617,-0.37260800589941995
EE,Estonia,2022-Q4,2022,0,East,0.02612603197826857,0.8343895226024411,5.609918179357143,-3.1528113718926383,-2.551344063340065,-2.860721214526586,-2.107496769820923,-4.039952343985918,-0.4138671162449732,1.5805624309304265,-0.01025615339667647,0.05233485044844162,,,,,,,,,,,,,0.4627974040717183,-0.0024090834839956,2.072982655527711,2.2347809911681917,,,,,,,,,,,,
ES,Spain,2022-Q4,2022,1,South,0.6923561088187924,1.7218262649072,1.8584319359106094,-0.879063814626438,-0.6065285908962512,-0.7400556053231109,-1.1276692966565929,0.0081953350753485,,,,,0.17706027212325093,0.6164591996609718,1.3921018608614601,1.6382419489804354,,,,,,,,,,,,,,,,,-0.5243397126263529,-0.8835619057304087,-0.08473813708566659,0.23680452682799596,,,,
FI,Finland,2022-Q4,2022,1,North,-2.543544373790441,-1.0752688172043,0.2980964042919866,-0.6323890625926927,-0.30465072341937804,-0.4558597597552956,0.7664918479607395,0.9327449808234999,,,,,-0.05199237276097102,0.27149212030306447,0.47331038889378857,0.06584742540767619,,,,,,,,,,,,,,,,,,,,,-0.9770452947174781,-1.4606165464947853,-0.6811425347832055,-1.95404542097029
FR,France,2022-Q4,2022,1,West,-0.8838951310861431,2.682870901169454,1.595481874100857,-0.04840644947115735,0.17274135700959492,0.05762383865146292,1.2717732381025864,1.612509478666083,,,,,0.7740636266582966,1.047358460090736,2.018323204710549,2.3509751833941053,,,,,,,,,,,,,0.4396009425290356,0.9729329005411973,0.16299785876827996,-0.025377455237362585,,,,,,,,
HR,Croatia,2022-Q4,2022,1,East,2.028099465052025,2.849183234139541,3.525899380741976,-1.0552165042619737,-0.734027002712087,-0.9034587305324506,-2.0206052713693756,-1.9677503244565537,,,,,0.5890228256114292,1.3563190472889817,2.8909807717757636,3.217068401841037,,,,,,,,,0.915187528914575,0.686818080277883,2.848596825174332,3.56262735184438,,,,,,,,,,,,
HU,Hungary,2022-Q4,2022,3,East,4.016561544712305,3.036476903185381,5.57498633529338,-2.2823554942915147,-1.8562086843806598,-2.106059441131651,-1.3341525188774603,-1.941668953422603,,,,,,,,,,,,,-0.5579234218006497,-0.4357444620286888,0.21559483023370446,1.5465806066455077,0.8665175466059848,0.467636162153088,-0.027344251406212064,-0.07218755091523726,,,,,,,,,,,,
IE,Ireland,2022-Q4,2022,2,East,-0.7422362092512347,2.829081475075679,2.847097829361284,-0.45006359216403324,-0.2105303499107214,-0.33164280055948225,-0.9758387274827414,1.3450739320471472,,,,,,,,,-1.8341938491445022,-1.8607517461036964,0.419049151429189,-0.5787878125020651,,,,,1.0387182322119062,0.8347278480613833,3.0050690610797592,3.7292606229828054,,,,,,,,,,,,
IT,Italy,2022-Q4,2022,1,South,0.0,-1.11008325624421,0.7228389060364242,-0.7507685375134683,-0.4652734847336888,-0.6160728747528283,1.1356328871475894,1.8247590580973403,,,,,0.06361242734404882,0.3066896036776162,0.9682016330983882,0.8533808883475941,,,,,,,,,,,,,,,,,-0.37184290118500113,-0.7407165026190434,0.757895418138385,0.8032800424783754,,,,
LT,Lithuania,2022-Q4,2022,3,East,1.828369212621639,2.985921303697592,4.508366848612606,-1.8389664557706151,-1.2122485226807371,-1.4941343288846007,-1.6034040275160344,-3.008644943596305,,,,,,,,,,,,,-0.18768323164920653,0.14184616499301472,2.2450739718244606,1.4475970852931508,1.079935869174812,0.6742871973460788,3.478952013745781,3.720710027738677,,,,,,,,,,,,
LU,Luxembourg,2022-Q4,2022,0,West,-4.304198574069185,2.070063694267521,2.6485599202098635,-0.2590666681678837,0.015302106231411372,-0.14466469976562424,-1.2088296252802484,-0.2697524482871379,1.2034540905029203,1.5110527449829818,1.392074352323867,2.0985253028606627,,,,,,,,,,,,,,,,,0.9009679861733553,1.1377396767863106,0.2905090896266836,0.1494802159638115,,,,,,,,
LV,Latvia,2022-Q4,2022,3,East,-0.1125341621563747,1.201767622332395,3.2507890786070583,-3.265919329331755,-2.638339616981319,-2.9685858974603496,-1.771828184173105,-2.632292288926502,,,,,,,,,,,,,-0.583382445076738,-0.047717618993562194,1.609603704055129,1.0606162648575317,0.22038428894951523,-0.22901240957648028,1.7772908616533463,1.623504360332173,,,,,,,,,,,,
MT,Malta,2022-Q4,2022,2,South,1.799782667753314,1.106271174721707,1.553810497571684,-1.9223868265583937,-1.5571358804074555,-1.7594828911782008,-2.007796762834952,-2.7866929442511807,,,,,,,,,-4.169203794440294,-4.453479863917023,-2.9014503821775377,-2.7459137086683523,,,,,,,,,,,,,-1.3589899836795005,-2.041685190128843,-1.9101378938702482,-2.075816338948377,,,,
NL,Netherlands,2022-Q4,2022,0,West,-1.479369519608376,0.7264821296001589,2.8831181063969042,-0.6812707900862649,-0.34346988125093714,-0.509134639905267,2.2868005335460526,1.3843826535309711,0.9681379921706734,1.6930976889979679,1.792173777819654,3.8209065197754217,,,,,,,,,,,,,,,,,0.4028595439671715,1.1828766678748655,0.6133027521088804,0.10107881464052904,,,,,,,,
PL,Poland,2022-Q4,2022,3,East,-0.0707380334826535,2.37308868501529,2.905230496929257,-1.8235727324705389,-1.4325493937124794,-1.638481901150529,-0.7710557317385814,-1.4559043803296317,,,,,,,,,,,,,-0.02973046065446705,0.10185015976620049,-0.9301354140866325,-0.15395105242114326,0.2716890609218626,-0.006405453135998718,-0.42738546206543143,0.12152718565442451,,,,,,,,,,,,
PT,Portugal,2022-Q4,2022,1,South,1.347557551937117,2.926026233338641,3.136796249313073,-1.0519540185837593,-0.7607758071778867,-0.9106214314851906,-2.1976545162383396,-2.572854065370609,,,,,0.36655615918639883,1.0040985902830775,2.598183711615626,3.427454131331927,,,,,,,,,,,,,,,,,-0.8989402944237634,-1.3476103136206234,-1.797850643668085,-1.417406172376968,,,,
RO,Romania,2022-Q4,2022,3,East,-0.3745828509160276,-1.200496757278879,1.7323479215332698,-1.8622392222943325,-1.769715165722046,-1.8695050205869053,-0.6169625584181251,-2.1980582546159835,,,,,,,,,,,,,-0.48097810891818393,-0.1888863982869331,-0.8280755651310778,0.6997810975472563,-0.7177925365131741,-0.9261596422312848,-0.5400147580622165,-0.5936578475925356,,,,,,,,,,,,
SE,Sweden,2022-Q4,2022,0,North,-0.8390141583639266,-3.079938401231974,0.3076091239005375,-0.6069560998313659,-0.43190009125895035,-0.5194190387220998,0.43362697916275694,0.5737057483004472,-0.11226078362637204,0.8785538768363359,0.5646820506347313,1.284502776013628,,,,,,,,,,,,,,,,,,,,,,,,,-1.7384722453050157,-2.6999255074808417,-0.5298022110503284,-1.297575424724969
SI,Slovenia,2022-Q4,2022,0,East,1.750265615388913,2.302383575943856,3.600417979575987,-0.8489029295702089,-0.4365168783907183,-0.6460863014225033,-2.058638884822849,-1.7839679481098545,0.5260434483439506,1.361504750312641,1.1312405433897104,2.926010591896247,,,,,,,,,,,,,1.1278107510361715,0.7375341299834234,2.94387136744465,3.238345006313585,,,,,,,,,,,,
SK,Slovakia,2022-Q4,2022,3,East,-0.1396102082984352,2.847866947656197,3.4697528929443164,-0.3698291894333685,-0.032884386415882094,-0.20966219877482173,-1.7679045300617826,-0.9912866825833839,,,,,,,,,,,,,0.8482285503790042,0.9143885436861414,1.9134744249835092,0.883283166116673,1.4779165761616846,1.1424212237830988,2.665150475621934,1.8922029888048864,,,,,,,,,,,,
AT,Austria,2023-Q1,2023,0,West,0.2007909948281261,-4.18802926435855,1.4540423108764524,-0.9194668638821986,-0.7215072675698444,-0.8232903595358056,1.5697593647566446,0.390948813936716,0.6118760841902433,1.3649473896196322,0.9500147055716943,2.25330244831074,,,,,,,,,,,,,,,,,-0.2154555138166463,0.5705861801157003,0.12226700709313626,-0.1435787438823816,,,,,,,,
BE,Belgium,2023-Q1,2023,0,West,-0.3628554502369541,-0.3037937166567861,1.1372898663092879,-0.6618783311184668,-0.45234920384379107,-0.5566616954559425,1.3276216860688732,1.0226093276056147,0.7340432093222787,1.3553468956535886,0.844557459116084,1.5633759248210415,,,,,,,,,,,,,,,,,0.11244955590158745,0.7162733927062599,0.4137412706626494,0.2112166075230872,,,,,,,,
BG,Bulgaria,2023-Q1,2023,1,East,4.254482099702117,0.4070400733818591,3.203165052071183,0.49562343625533956,0.7763493897232139,0.6503862406945684,1.8658951004883624,1.8085869573743152,,,,,1.144055683224388,1.2439187246530716,1.9969403714108447,1.6823024361125976,,,,,,,,,1.7116402475783747,1.4865967180526252,1.970824096409313,2.216403493187866,,,,,,,,,,,,
CY,Cyprus,2023-Q1,2023,3,South,0.3872731414686026,-5.193218267908961,1.7914578520508067,0.5679940690546792,0.6351230771749737,0.5921131943693556,0.8397157269430116,0.7232524498126182,,,,,,,,,,,,,1.3769494989296802,1.371420127185649,1.7515511229467426,2.0405455662267946,,,,,,,,,0.5721553945541387,0.12289165826208948,1.713105700484612,0.7128982405169915,,,,
CZ,Czechia,2023-Q1,2023,0,East,-0.3777148253068963,-2.233363719234283,1.7235103067999473,-0.6150951846421848,-0.6055729386330091,-0.6409757459421601,-1.1882714845219031,0.03961766954107006,0.4249309214120195,0.7448896792708601,0.14133406335247006,0.22319385563525876,,,,,,,,,,,,,-0.1698806078388715,-0.28927855236019817,0.023856310993870915,-0.12150927788858784,,,,,,,,,,,,
DE,Germany,2023-Q1,2023,0,West,-1.366297983083931,-4.690318701142515,-0.5879607791906409,-0.734018299687035,-0.5515366200608458,-0.6634006194695485,1.3029082694322596,1.2058258429007773,0.6921544405639385,1.3091892989352334,1.4315567579913675,2.204017383629508,,,,,,,,,,,,,,,,,-0.13741818178178677,0.4402318525208534,-0.08545697269797928,-0.1750369771870898,,,,,,,,
DK,Denmark,2023-Q1,2023,0,North,0.3996151853770336,-2.354733707320433,0.17952049334215292,-0.3540480236868948,-0.22707647035653555,-0.29463652493342085,1.1082204735117482,1.0646916452584334,0.6847253938958243,1.2905030238270718,1.1842985518010465,2.182159008441309,,,,,,,,,,,,,,,,,,,,,,,,,-0.382617886714711,-0.7355674892680715,-0.4601086578351115,-0.18909025324128043
EE,Estonia,2023-Q1,2023,0,East,3.844747427258,0.2304388813239688,4.029703425028064,-1.4049575785117243,-1.1862645836868597,-1.3654345482770376,-0.8359515098490846,-1.0643974013926591,-0.3673156704451632,0.6158730389634065,-0.22837925699525352,0.5393798708606939,,,,,,,,,,,,,-0.2634176600979945,-0.6744232045697174,0.8081885284114443,0.09644612660942124,,,,,,,,,,,,
ES,Spain,2023-Q1,2023,1,South,2.076677316293929,-0.8047173083593484,1.3473661094181382,0.15499718457719425,0.2651411603159325,0.2065920030725401,0.9516374539333596,0.7474124820491321,,,,,0.34188841655576296,0.3569497248689786,0.8729752780845746,0.3797979491670663,,,,,,,,,,,,,,,,,0.5260192735548443,0.40052330715091444,0.9913372908687116,0.7166578884961232,,,,
FI,Finland,2023-Q1,2023,1,North,0.784869976359337,-3.323235923022083,-0.575532372731452,-1.0489424747525953,-0.9086999758253431,-0.980495900606791,-0.8032297309434688,-2.060661131765403,,,,,-0.8325371137703937,-0.5561865993103109,0.103212469028052,-0.47529474494705576,,,,,,,,,,,,,,,,,,,,,-0.6845034505447962,-1.3166348310841474,-0.6403186246977519,-1.7735242451027036
FR,France,2023-Q1,2023,1,West,-0.4534461910519871,-0.625279142474322,1.1596442072674629,0.2965464162161042,0.40654719060294264,0.354884495682241,1.667948655865493,1.3639555479581418,,,,,0.6103056394107461,0.7016928009724723,1.8299480766414062,1.5613137391964194,,,,,,,,,,,,,0.32570868559176314,0.9164758528422715,0.44391011007337955,0.4988860416051325,,,,,,,,
HR,Croatia,2023-Q1,2023,1,East,3.497349619728052,4.721743412952484,4.078860686468783,-0.1966641854335247,-0.08781466083340317,-0.17025831604023622,2.2789373541237103,2.1187311009278673,,,,,0.808093811582548,1.3158302453938608,2.175254779069632,1.5224493235564875,,,,,,,,,0.7448325110035611,0.4609949319676062,2.877469354553681,2.662424733407303,,,,,,,,,,,,
HU,Hungary,2023-Q1,2023,3,East,1.015587217737446,-1.730169594645981,4.208217268706998,-3.5742666185233194,-3.3660980111342322,-3.5332344556226127,-1.2465845864846776,-2.6875573616048074,,,,,,,,,,,,,-1.0149961372489704,-0.4299082698629215,-0.5028192126708153,1.1541432029619656,-0.5780783748800886,-0.6084843228928285,-0.07728485529180605,-1.2997165089751805,,,,,,,,,,,,
IE,Ireland,2023-Q1,2023,2,East,-0.5144771476429666,1.165375142668346,2.0817249965215505,-0.07026251359138214,0.06264994009307645,-0.00103134175903552,2.134242299028458,1.6160981423206997,,,,,,,,,-1.4680525138164753,-1.2147154384014969,1.194909108101763,0.02220081378127868,,,,,0.6435305089758597,0.39955099011612005,1.4834111526566582,2.4440085390617874,,,,,,,,,,,,
IT,Italy,2023-Q1,2023,1,South,1.872659176029967,-0.0935453695042221,0.675390965970285,-1.5232751725079545,-1.3374308226196896,-1.4481592422829288,-0.7304059923958944,-1.7847864179121282,,,,,-0.6755908328029053,-0.0315773213656485,-0.16033895219708916,-0.7735662903332414,,,,,,,,,,,,,,,,,-1.204887259494142,-1.6771971831569588,0.11615426185764548,-0.5410471584753781,,,,
LT,Lithuania,2023-Q1,2023,3,East,2.350612993532186,1.882824236354552,3.7965597686663637,-1.7395123598825615,-1.3394806226474336,-1.5329954464335853,-1.1759104234981699,-0.5851117607482913,,,,,,,,,,,,,-0.5722512591361804,-0.25051463775000893,2.228714042475879,0.1132644193682421,0.16248010207711783,-0.40245837010326735,2.8006572714896767,3.729699662419111,,,,,,,,,,,,
LU,Luxembourg,2023-Q1,2023,0,West,-2.179911699779247,-1.534061362454509,1.3615692303294118,0.7215489253036971,0.7410850540593262,0.7159765298804468,1.4205453617341914,1.1602198112449866,1.2822660606458458,1.3665622554516934,1.184190960431573,1.1790727779684957,,,,,,,,,,,,,,,,,0.9779835706406126,1.0830084608315476,0.6870221666682603,0.4723882383860893,,,,,,,,
LV,Latvia,2023-Q1,2023,3,East,4.903433476394836,-0.6283614675967719,2.1137216988229848,-1.7156611485099753,-1.4501147767914246,-1.6334429472970298,-1.4101926459474496,-1.8730652569362765,,,,,,,,,,,,,0.5082509551280859,0.8228145210263813,2.163428747447241,1.327695348270996,0.319464988358104,0.023994200098588436,1.1252443932218605,1.1405823645609092,,,,,,,,,,,,
MT,Malta,2023-Q1,2023,2,South,1.56781639869239,0.6906927443069311,1.4592498267548717,0.6457704583881295,0.6504386678054161,0.6125201376742472,1.5909686156116003,2.3341524546034087,,,,,,,,,-0.850263471040788,-1.0037446314842509,0.46931599111173955,1.6416134680503134,,,,,,,,,,,,,0.7350608813718013,0.7740170019343324,1.8942022278603194,1.6828665334743984,,,,
NL,Netherlands,2023-Q1,2023,0,West,-1.212187397619302,-2.137404580152669,1.4185823985897046,-1.1125805115420233,-0.8879594786403571,-1.0311083912410792,-0.6823898461798198,-1.8037896882525657,0.5347557222760848,1.301787977109144,1.0909063838469713,1.592161260159255,,,,,,,,,,,,,,,,,-0.15363794536426933,0.5570129040542643,-0.04355038325940995,0.004293562054382067,,,,,,,,
PL,Poland,2023-Q1,2023,3,East,3.232656913638499,1.350221053889356,2.2597337775505766,-0.7973993984213481,-0.844543582979512,-0.8600193967422456,-1.451555919554342,0.705109860136038,,,,,,,,,,,,,-0.15819327398884697,0.1050228273689755,-0.1593864018326292,-0.0033106494021590896,0.43888073898077495,0.40831045970190516,-0.30045600915246323,0.5353579373604971,,,,,,,,,,,,
PT,Portugal,2023-Q1,2023,1,South,3.117602618987658,1.078320090805907,2.726282868628677,0.16788365757803803,0.28263923785758416,0.22600368228291368,1.813090421602427,1.2972097341156834,,,,,0.5943687040715985,0.7991378102525423,2.2957223124905304,1.8634641361439706,,,,,,,,,,,,,,,,,0.04419451014467973,-0.18779532823968598,1.3506631552681514,0.7989530153951584,,,,
RO,Romania,2023-Q1,2023,3,East,-0.7793273174733439,2.534916201117343,1.6690370555321492,-0.957105844174239,-0.9858789280998126,-0.9937145276404737,-0.4414119369759008,-0.49283441381549775,,,,,,,,,,,,,-0.4043147223380885,-0.14326738766815672,-0.40500972920984796,-0.10122180771558534,0.30524983802619154,0.5049766406821338,-0.3218376659927363,0.6372990115995253,,,,,,,,,,,,
SE,Sweden,2023-Q1,2023,0,North,0.5892573846037585,-3.589484327603643,-0.9057090688192826,-1.0042526807042895,-0.7923630128788912,-0.9041727950236496,0.31687377710837256,0.036987747366704696,-0.4169843521274572,0.46269921550081183,0.17007421944339324,0.4613587038972689,,,,,,,,,,,,,,,,,,,,,,,,,-1.522349466815125,-2.2844264730682107,-0.533174703138368,-1.0555685043495826
SI,Slovenia,2023-Q1,2023,0,East,1.885029676852046,1.377551020408174,2.7841788982431668,-0.07456263314433698,0.05592086301927279,-0.04530457158026091,1.446896133322969,1.7346152986175118,0.7049677891279935,1.264555482334387,0.9755845505880755,1.5373291533563513,,,,,,,,,,,,,0.934210537380591,0.5807261635870343,1.5966624281496917,1.8700408982921946,,,,,,,,,,,,
SK,Slovakia,2023-Q1,2023,3,East,-3.953696454535283,-0.830702774547265,2.370523166691218,-0.6129776870034731,-0.4458486580643797,-0.5454662444405318,1.5175398943793468,0.7905771494986136,,,,,,,,,,,,,0.3145706051510604,0.4950164282866697,1.9104392708027285,0.4634791938282015,0.6897824366426805,0.4274808811237514,1.5172090807839818,1.948911289405029,,,,,,,,,,,,
AT,Austria,2023-Q2,2023,0,West,-0.2368229293174706,-1.184463684463688,-0.00039317296986174366,-1.3340226330487104,-1.156875437748257,-1.2664082977339093,0.42140888754383604,0.7219920431631112,-0.2360465745942386,0.37734762917312337,0.33335994379260464,0.7731214867583042,,,,,,,,,,,,,,,,,-0.9029384261834532,-0.496056498795042,-0.4051528415964305,-0.7149827300476534,,,,,,,,
BE,Belgium,2023-Q2,2023,0,West,1.308063916759572,0.3641768859160122,0.9562146662364323,-0.12068435715953574,-0.029932064881141418,-0.10170679516069825,0.38102980871855335,1.118614071410317,0.7071793344482423,0.8961458214719322,0.5655045046052171,0.2766923051007521,,,,,,,,,,,,,,,,,0.38406305369387395,0.4557661013191767,0.5785602208629946,0.8544482893286228,,,,,,,,
BG,Bulgaria,2023-Q2,2023,1,East,2.684636118598371,1.593011305241543,2.3002785723225285,-0.13593792307996777,0.1819222207742004,0.018581286895877014,1.3644560223991216,1.7728370343530027,,,,,0.5920988250074097,0.6247703613160195,1.159962007046747,1.2586195028765008,,,,,,,,,1.131102915587491,0.7032322384296362,1.9269142302332634,1.9495240156193314,,,,,,,,,,,,
CY,Cyprus,2023-Q2,2023,3,South,3.267776096823005,6.081843080393101,3.010687879400134,1.197899734568286,1.1040346949894302,1.1099229935340809,-0.18117882618028605,-0.5675245120506501,,,,,,,,,,,,,1.115550944574184,1.0162666417900352,0.47304145492901595,-1.2823750914849563,,,,,,,,,0.7854678844267173,1.1584589407175276,-0.7202598861856672,-0.31700812369635534,,,,
CZ,Czechia,2023-Q2,2023,0,East,0.3317535545023675,-1.258741258741258,0.23733944874473917,-1.5679027179483045,-1.366128472254672,-1.4585495662739247,-0.703116599658468,-0.9172818873553963,-0.3568791477541411,0.17951971337057193,-0.4721136655402153,-0.06012951375087087,,,,,,,,,,,,,1.150861227239278,1.3726523227461174,0.3192473788074152,-0.40990692789444444,,,,,,,,,,,,
DE,Germany,2023-Q2,2023,0,West,-1.517150395778355,-3.028391167192435,-1.5912124171425956,-0.8369230427708985,-0.7086769312321981,-0.7993232880821626,0.9076627764643423,0.6974397742873145,0.2018219671954944,0.6374573814785448,0.8285687974411008,1.0103149287821938,,,,,,,,,,,,,,,,,-0.48126708487772984,-0.2183986617996716,-0.6900391316082607,-0.8267283085911431,,,,,,,,
DK,Denmark,2023-Q2,2023,0,North,1.768998304709957,-4.156323143485363,-1.1094710386912676,0.018045681597604335,0.0782533652024977,0.04712432957062074,0.7876133040616019,0.45899112151315874,0.6194337985662316,0.8215628149935796,0.6907289130855039,-0.07214432391425508,,,,,,,,,,,,,,,,,,,,,,,,,1.232726765649054,1.2752436018214637,1.4022995879698803,0.9281651022126699
EE,Estonia,2023-Q2,2023,0,East,-0.2666130087026541,0.02612603197826857,2.267093401700127,0.10763437836452472,0.13464140860894191,0.12915159864073922,0.703492326558756,0.6968987114212443,-0.032680492389031146,0.23141538782220827,-0.2132992910557101,0.04771526096281614,,,,,,,,,,,,,0.5379611997535645,0.3987584444349992,0.8880761400359009,0.06831006801620576,,,,,,,,,,,,
ES,Spain,2023-Q2,2023,1,South,2.524324692114033,0.6923561088187924,0.8806115018684473,0.44418616853653514,0.49215743134452095,0.45806891097605074,0.9872310584511297,1.189902734765559,,,,,0.37878745795444313,0.35152907313806786,0.566669740239481,1.1417306079774374,,,,,,,,,,,,,,,,,0.5956039554783055,0.6134779600180489,0.9380010308927113,1.8002021223706988,,,,
FI,Finland,2023-Q2,2023,1,North,-2.880465378119712,-2.543544373790441,-1.3756553272301768,-1.1928061321150794,-1.0454681378743285,-1.1309231689468167,0.3563400634056758,0.711773561382413,,,,,-1.2208230682076433,-0.9079635048534432,-0.005438159705364709,-0.2711000979964062,,,,,,,,,,,,,,,,,,,,,-0.6660547037288549,-1.1216574011426177,-0.9452212234505348,-1.1832088754954493
FR,France,2023-Q2,2023,1,West,0.4023686607956378,-0.8838951310861431,0.7269389313968061,-0.3855391933105552,-0.2748038474625494,-0.3310323029691682,0.543154333053392,0.29690407819680703,,,,,-0.15333370747564246,0.01977852957030729,0.6313270270149288,0.29424632425045005,,,,,,,,,,,,,-0.3318093602678027,0.11241593231215297,0.11147619251887586,-0.19955021532345704,,,,,,,,
HR,Croatia,2023-Q2,2023,1,East,0.256081946222797,2.028099465052025,3.3340750830442243,0.8226037332775623,0.8826978598065283,0.8431788049225384,2.14684062012084,1.4327182093176045,,,,,1.2698992085116552,1.4673463247214422,2.4439723199056282,2.6479277012488645,,,,,,,,,1.5381325226527867,1.481617910720443,2.5050823302571157,2.8139526370129193,,,,,,,,,,,,
HU,Hungary,2023-Q2,2023,3,East,0.4014141562937334,4.016561544712305,2.7607975711954555,-2.855024109041473,-2.630220329584475,-2.7755018002560417,-0.7074542169675969,-0.023416071447951353,,,,,,,,,,,,,-0.5376815917431061,-0.08702576040481791,-0.07555780780010309,2.9966151435036514,-0.04244208125313431,0.06408677898232007,0.386723255707942,1.5345910037211592,,,,,,,,,,,,
IE,Ireland,2023-Q2,2023,2,East,1.497294046903175,-0.7422362092512347,1.256256208554327,-0.002884340486454029,0.05828609916755578,0.004269110482973293,1.0851991502175447,0.3755259223703206,,,,,,,,,-2.206996336947815,-1.4036511825678966,0.7491844589439173,-0.7729101969363124,,,,,0.3778587171903064,0.24128243139179317,1.289429674167319,1.2459659522642774,,,,,,,,,,,,
IT,Italy,2023-Q2,2023,1,South,-0.09191176470587648,0.0,0.2667371198164402,-1.2981564302942115,-1.1421646673411758,-1.261768489984723,-0.26378037598243786,-0.9216207744937522,,,,,-0.49245874296936865,0.006319349744008496,-0.9294485990366889,-0.06900672064855431,,,,,,,,,,,,,,,,,-0.7386195176983135,-1.0539299562726374,-0.5066292076528843,-0.2516121399554611,,,,
LT,Lithuania,2023-Q2,2023,3,East,2.405093138410752,1.828369212621639,3.1473564513838204,-0.7420536479056812,-0.48003787614453763,-0.6213699767705629,-1.0760988661597497,-0.011784106250172439,,,,,,,,,,,,,0.29971585256808964,0.54587539552907,1.9560325378567138,1.4916893807511091,0.6838357235161351,0.49608900528749444,1.7848926477167697,1.7179900298276936,,,,,,,,,,,,
LU,Luxembourg,2023-Q2,2023,0,West,-6.617771509167836,-4.304198574069185,-0.3914360628424436,0.011532390761770595,0.10308355511370815,0.04748196196761856,0.5148308114596519,0.391361752032045,0.748644393793442,0.7615251055859538,0.4232497276407716,0.27193649702360506,,,,,,,,,,,,,,,,,0.12983135479759622,0.0702104541155899,0.33513106420909033,0.1251131505076291,,,,,,,,
LV,Latvia,2023-Q2,2023,3,East,-1.063720977805049,-0.1125341621563747,1.4641899395284317,-0.6580425606310789,-0.5572197351716779,-0.6206216225955128,0.35574996162613737,0.1154135454533807,,,,,,,,,,,,,0.37691471922618114,0.5497320088465011,1.0130972217912697,0.19461799705032248,0.12971138992141995,-0.08108317709162627,0.5839129514480358,0.6187501536931754,,,,,,,,,,,,
MT,Malta,2023-Q2,2023,2,South,1.491066736731472,1.799782667753314,1.7832871549637979,2.115876517972958,2.033104752813008,2.0714135290618687,2.0041198809202947,2.971799712903127,,,,,,,,,1.4113248616981704,1.4969424195383185,3.5076204550036354,5.521647758923465,,,,,,,,,,,,,1.6407047398111252,1.829787777763137,2.3678342447103367,3.3283246711993586,,,,
NL,Netherlands,2023-Q2,2023,0,West,1.09993367234138,-1.479369519608376,0.0481715138553217,0.4509106835234852,0.4881658152607291,0.445696617865752,0.9496510763685723,1.5396224091044564,0.7533764805689487,0.7588243712026252,0.45991043602112125,-1.1140357837736132,,,,,,,,,,,,,,,,,0.5228150993903816,0.467955428151162,-0.5111660119814613,-0.6139219263991489,,,,,,,,
PL,Poland,2023-Q2,2023,3,East,4.502857142857142,-0.0707380334826535,1.4122071808782668,-1.2790981479669492,-1.1589951291026974,-1.218846615966286,-0.7082124412942078,-0.17561518452699623,,,,,,,,,,,,,-0.25923087326637084,0.017453139096207826,-1.227681679345525,-0.7971066018448432,0.38558321404063967,0.49449275822074823,-0.5371035557274871,-0.39164499056037616,,,,,,,,,,,,
PT,Portugal,2023-Q2,2023,1,South,1.826707043079012,1.347557551937117,2.1140929204001844,0.5062773093092869,0.561563193221598,0.5140288089101671,0.7451984831399765,1.2170942199652535,,,,,0.5906883953800848,0.6823126367723626,1.358503733159848,1.2813698162299234,,,,,,,,,,,,,,,,,0.5414950316349381,0.4058292883344974,1.6062523722008417,1.3459806203174165,,,,
RO,Romania,2023-Q2,2023,3,East,3.362270910844711,-0.3745828509160276,1.1554218860363592,-1.007344443203749,-1.0068904755278605,-1.0024659433571261,-0.9289655317024521,-0.4152808426771179,,,,,,,,,,,,,-0.28001029299299374,0.03250196814461903,-0.36247910201044536,0.1805136134131774,-0.16474993972574037,-0.05587372216567976,-0.4013745856263731,0.10083107368758884,,,,,,,,,,,,
SE,Sweden,2023-Q2,2023,0,North,-0.4055576417574147,-0.8390141583639266,-1.7593090952087027,-0.2303008283485577,-0.11763983497442809,-0.17851699562320045,0.42269346099781435,0.6892114505603276,-0.3517286900337826,0.27853564512438056,-0.17215120899631953,-0.3428274459397047,,,,,,,,,,,,,,,,,,,,,,,,,-0.2094222495378999,-0.44724938981626816,0.5398918462041589,-0.5347341371590065
SI,Slovenia,2023-Q2,2023,0,East,0.507039214628624,1.750265615388913,2.181248609216313,0.6118987392561069,0.6431083129928935,0.6065667026420205,1.3891762007066988,1.5115497699483917,0.8370646451212124,0.8452022189685668,0.48553024500192304,0.24368192582124795,,,,,,,,,,,,,1.1449283477968046,1.049560733471369,1.9232455343209711,1.8078202543140083,,,,,,,,,,,,
SK,Slovakia,2023-Q2,2023,3,East,0.8442503639010113,-0.1396102082984352,1.8439228019825806,-1.379363819958543,-1.1121917276502291,-1.2686788384491448,0.5440411464458086,0.12120362498326878,,,,,,,,,,,,,-0.050314269991674765,0.2655216077517788,2.298847192416188,0.7739114088199133,0.7727656103245595,0.6779444858492035,0.9575122623940827,1.6577780658835755,,,,,,,,,,,,
AT,Austria,2023-Q3,2023,0,West,-1.759084545620537,0.2007909948281261,-0.6791026708157092,-0.5734250583728677,-0.43678364426950833,-0.51217791605526,0.4333935014016194,0.20896809533201874,0.3471540904973124,0.6798939009121426,0.2143835654660782,-0.3504932231414534,,,,,,,,,,,,,,,,,-0.06343546460585192,0.18089566727986728,-0.5123152214853324,-0.613996379586303,,,,,,,,
BE,Belgium,2023-Q3,2023,0,West,1.445235125816158,-0.3628554502369541,0.4501800837879488,1.6714224798882156,1.6331589891507243,1.652750462481909,1.041693536988375,1.451384618456076,1.3274566198960942,0.8987155796354542,0.6863335624239173,0.9870017479112989,,,,,,,,,,,,,,,,,1.3021056734747867,0.8941697843563834,0.8613537678086829,1.2619432392577241,,,,,,,,
BG,Bulgaria,2023-Q3,2023,1,East,1.207475850482997,4.254482099702117,2.5855333576467796,0.7046429254527828,0.8080328805374399,0.7104795226345477,1.0004383882123915,1.957284396037635,,,,,1.2272272729079514,1.3615321800299536,1.097388101234346,1.4371504475263643,,,,,,,,,1.4471499852745078,1.2390887631793832,1.1404812317378956,2.9428073251227995,,,,,,,,,,,,
CY,Cyprus,2023-Q3,2023,3,South,1.069440375036601,0.3872731414686026,2.5504860099922224,1.516346200011332,1.4904242788834048,1.5130146521425698,0.8014109281883175,-0.45806060679842553,,,,,,,,,,,,,0.9168755974743916,0.8274788332050106,0.9440379550174978,0.04149291889821029,,,,,,,,,0.6518251127153175,0.35432194983355036,-0.24808401489731474,-2.073862759114789,,,,
CZ,Czechia,2023-Q3,2023,0,East,0.2834199338686894,-0.3777148253068963,-0.714232114724841,-2.2425115213846927,-2.043531304817621,-2.1816868553816176,0.002946099064734196,-1.2030287352409825,-0.43754926206408995,0.43244280451416617,0.07032814911531521,0.6567200153428325,,,,,,,,,,,,,-0.734566012732456,-0.8343148540564154,0.16033589362271955,0.5140672322666904,,,,,,,,,,,,
DE,Germany,2023-Q3,2023,0,West,-1.942397856664435,-1.366297983083931,-2.435529143260931,-0.20540682969189072,-0.08754485809979018,-0.15418892180580013,1.0464996040095789,1.0950174516452944,0.57378020188476,0.7685325308608817,0.6726256918914031,0.44585676720391526,,,,,,,,,,,,,,,,,0.0719617814943252,0.2058705681914491,-0.014311556622863325,-0.126399512486081,,,,,,,,
DK,Denmark,2023-Q3,2023,0,North,1.586151951908454,0.3996151853770336,-1.4531868959348548,0.690944187809842,0.7591566340982607,0.7143614276460841,0.9768847805755498,1.0161217858166942,0.6959581850698395,0.5562837002193107,0.9424013843610394,0.6912536556367469,,,,,,,,,,,,,,,,,,,,,,,,,1.494682382680256,2.058226198482144,1.650637226198729,1.7494503670175263
EE,Estonia,2023-Q3,2023,0,East,2.088167053364276,3.844747427258,1.2339254657906698,-0.7588946400853989,-0.5024988229214731,-0.5986696691256799,0.2888852934428208,0.24378233079624004,-0.4973473095063168,0.05847962248536853,-0.4707600483245876,0.4642068367879409,,,,,,,,,,,,,0.5889520658594448,0.45652398766664615,0.9413251863728308,1.114925682164335,,,,,,,,,,,,
ES,Spain,2023-Q3,2023,1,South,-1.028670029200962,2.076677316293929,0.9215355954151432,-0.04074187172279009,0.029639583736731256,-0.007432034296926737,0.6571518414351809,0.135409784058441,,,,,0.351178351495252,0.5687966104584088,0.14585731304029223,-0.500900872117649,,,,,,,,,,,,,,,,,-0.04023687285787686,-0.15842094901041387,0.38241627467512396,-0.21355491030765864,,,,
FI,Finland,2023-Q3,2023,1,North,-0.9950729398125802,0.784869976359337,-1.5392947844143716,-0.4532298650127915,-0.3213362105753532,-0.3887274046596543,0.4023047855744144,0.19062211033292975,,,,,-0.3752556065321485,-0.23214950411771484,0.01721145601722483,-0.052897098790483786,,,,,,,,,,,,,,,,,,,,,-0.037286786963559804,-0.19783544757381355,-0.029023516035135567,-0.5088110190230632
FR,France,2023-Q3,2023,1,West,-2.661625708884696,-0.4534461910519871,0.18006260913925037,-0.4410241732653266,-0.2779219282622758,-0.3672018617319317,0.3799057612057304,0.055000164331874934,,,,,-0.1927856338597027,0.024990409084528098,1.03253485453525,0.39443054684543355,,,,,,,,,,,,,-0.3705668606450536,-0.006061059878808006,-0.3713893257956293,-0.9410086919530949,,,,,,,,
HR,Croatia,2023-Q3,2023,1,East,3.41495918707313,3.497349619728052,3.274093932968025,0.3278877220393098,0.3860695133756318,0.3580578239644002,1.7958181948986223,1.0330293624286295,,,,,0.8827485502093491,1.0804431875554248,1.7300979126340095,1.363512795570055,,,,,,,,,1.3501043825591508,1.247381718508899,1.9176046274583674,0.834159580164433,,,,,,,,,,,,
HU,Hungary,2023-Q3,2023,3,East,1.672596559439543,1.015587217737446,1.5846140177472876,-0.8875460007754286,-0.8467143767100014,-0.8993811828550684,-0.2560863489522015,-0.14579658568410694,,,,,,,,,,,,,0.5666105412102904,0.74237950007478,-0.4900480101627399,1.3851551787615426,-0.019792711409900354,-0.07497780234099016,0.5535130239374656,0.6750339896809368,,,,,,,,,,,,
IE,Ireland,2023-Q3,2023,2,East,2.903015581491797,-0.5144771476429666,0.6844358152124561,-0.060231684871235425,0.05253523547236494,-0.0010407212809855348,1.0304147544559845,0.6624499552234167,,,,,,,,,-0.8450807239950086,-0.47909734816389404,0.8913012212282587,-0.22961449617865062,,,,,0.9483784109405976,0.9231321890456091,1.3934027947231706,1.2706599184072676,,,,,,,,,,,,
IT,Italy,2023-Q3,2023,1,South,0.0,1.872659176029967,0.16725763757038364,0.5664619770460015,0.600841068983365,0.5807999940471497,-0.4455703260853852,-0.5450904668026435,,,,,0.530988557233435,0.4765450957856596,-1.0427868959308257,-1.081312998356136,,,,,,,,,,,,,,,,,0.2198284099605454,0.18340206942197523,-0.6184972045319859,-0.9547357369210703,,,,
LT,Lithuania,2023-Q3,2023,3,East,1.496661294036383,2.350612993532186,2.2619319365514925,0.4085994526228214,0.3840280231009213,0.390975950271538,1.30742279253999,0.8128487825663144,,,,,,,,,,,,,0.39111035785369697,0.49263049844240847,1.5357598942876711,1.403604851789703,0.8543302224797978,0.7181210857388053,1.7640988912255902,1.8642531592018041,,,,,,,,,,,,
LU,Luxembourg,2023-Q3,2023,0,West,-2.150797486708556,-2.179911699779247,-1.4870269855088554,-0.16509907239899002,-0.0887472644713918,-0.13159604239561995,1.0237227474175117,0.9256831904118306,0.283695380294148,0.3864398806954399,0.6086123855758575,0.8055410147895996,,,,,,,,,,,,,,,,,-0.2712483366252285,-0.27628168831224675,0.6561574726640597,0.848416011859145,,,,,,,,
LV,Latvia,2023-Q3,2023,3,East,-2.749922464592169,4.903433476394836,1.341076367243521,0.24581657612065644,0.34887692675073545,0.25946181341856045,0.19648387341249327,0.45076164165375354,,,,,,,,,,,,,0.3966658085297392,0.4860922712012966,0.5119168884235914,-0.3231246027803741,0.9802340544088683,0.8353857996126015,1.1125978211707126,-0.6120289430369975,,,,,,,,,,,,
MT,Malta,2023-Q3,2023,2,South,1.643906543265827,1.56781639869239,1.2911407463685858,-0.08250862628809474,0.09317637009730517,0.011050496652842523,2.051403627143549,1.4968971346312308,,,,,,,,,-1.1734763922654068,-1.074932365699661,2.080763293045145,1.8059750188581838,,,,,,,,,,,,,-0.4772580557189791,-0.9712148556152713,1.3877061980626293,0.1098482664524243,,,,
NL,Netherlands,2023-Q3,2023,0,West,1.727625608222616,-1.212187397619302,-1.025619841945047,0.7200607733466191,0.777370188704025,0.7482798518755948,1.0854903575616865,0.8717819280092828,0.917464231072673,0.7842504808616987,0.5143693175315832,0.46251877977965844,,,,,,,,,,,,,,,,,0.6296973591068081,0.5203476179171396,0.025598095957719735,-0.023431607493599415,,,,,,,,
PL,Poland,2023-Q3,2023,3,East,4.83377077865268,3.232656913638499,1.721307154765123,-0.6550760881692936,-0.5844089712111824,-0.6538357469448883,-0.8042649383563488,0.6354588593716073,,,,,,,,,,,,,0.33711311200268557,0.5705663280311769,-0.261409244342036,1.6348523561302337,0.5038975936102568,0.49774550570438425,0.024744779034419344,0.5206019271636283,,,,,,,,,,,,
PT,Portugal,2023-Q3,2023,1,South,1.338257866462023,3.117602618987658,2.1173766237673304,0.6116692210460739,0.6861561443327677,0.6512636615366203,1.1050631206358528,0.835923405461665,,,,,0.8469591526368777,1.0153388491569806,1.353019638004462,1.6120405063062728,,,,,,,,,,,,,,,,,0.1538308325566518,0.0108337296431964,1.0875610990921492,0.4154970842802217,,,,
RO,Romania,2023-Q3,2023,3,East,1.506465804559376,-0.7793273174733439,0.04512731886227317,-1.1493155025968065,-0.9994235081577783,-1.075571811129811,-0.7412784961990888,-0.8962319226386812,,,,,,,,,,,,,-0.2657375284557759,-0.10344673165493368,-0.6820283959508944,0.34747327609556034,-0.10840347219724333,-0.1796545810114476,-0.48048617012673817,-0.5063459830481724,,,,,,,,,,,,
SE,Sweden,2023-Q3,2023,0,North,-2.277354648970675,0.5892573846037585,-1.7297948756489463,0.5204396373047105,0.6409221908837024,0.5814364791938404,0.4349661718985964,0.1039296425383543,0.3272405109642055,0.5602695693860641,0.42431812168597305,0.7923389056364775,,,,,,,,,,,,,,,,,,,,,,,,,0.03265729714669885,-0.2125803362777996,-0.38669694632310314,-0.500250987440081
SI,Slovenia,2023-Q3,2023,0,East,2.608275639993551,1.885029676852046,1.8288074721482472,0.5160770507213732,0.6302386710847843,0.5610210921191776,1.5978651227013947,1.4110360347062068,0.7856756497649726,0.8129401162531388,0.5274637419966753,0.9084240196189995,,,,,,,,,,,,,1.6360900067591813,1.6054735666606461,2.192489393612944,1.4463413901248459,,,,,,,,,,,,
SK,Slovakia,2023-Q3,2023,3,East,1.939953810623574,-3.953696454535283,-0.5190356224311968,-1.5380015896838106,-1.3226468093055264,-1.4621998856245155,-1.1796236068058483,-2.5703556837360693,,,,,,,,,,,,,0.46206594081203567,0.7742128334574794,2.188870524399574,2.0364567296437004,-0.11597950140433144,-0.32704782512778285,1.2631573087862895,1.2836018503858067,,,,,,,,,,,,
AT,Austria,2023-Q4,2023,0,West,-1.152416356877328,-0.2368229293174706,-1.3521312208278955,-0.028553562806643562,0.05942318402658253,0.00452547977655704,0.47097574382765617,0.3941120966822965,0.5163639834228844,0.788065330674506,0.43590099942138816,0.08440699035162882,,,,,,,,,,,,,,,,,0.24663006722971814,0.4139180921274441,-0.4954123620226393,-0.06634706026199046,,,,,,,,
BE,Belgium,2023-Q4,2023,0,West,0.7810240092565923,1.308063916759572,0.251397908945461,0.8012675391809819,0.7734882801765649,0.7902617151646361,0.9808374456178812,0.9155653542693086,0.885540488762484,0.8018465401045123,0.6538377278293023,0.11597448559977297,,,,,,,,,,,,,,,,,0.7271964159045159,0.64046931496403,0.8115841496067455,0.8657438327669853,,,,,,,,
BG,Bulgaria,2023-Q4,2023,1,East,7.075422761697259,2.684636118598371,2.2347923992309724,1.5486139557584053,1.5553609951554925,1.5407480244664769,1.166373515783545,1.3538955440064657,,,,,1.6282773921191969,1.6046206044153624,1.34327115718989,2.3180507759038798,,,,,,,,,2.1684511045130686,2.1950765332867697,1.0362205293278137,1.3720367043239883,,,,,,,,,,,,
CY,Cyprus,2023-Q4,2023,3,South,4.015074648499795,3.267776096823005,1.1359185126939366,-0.24408391751451197,-0.14900152509121978,-0.22029041959604245,0.7157520050883651,1.1126260698495463,,,,,,,,,,,,,0.4744302552967504,0.672788537082136,0.8872785169276286,0.06502136643653533,,,,,,,,,-0.5072839992948992,-0.8065825067746211,0.785985487474665,0.93374692005808,,,,
CZ,Czechia,2023-Q4,2023,0,East,0.9420631182289307,0.3317535545023675,-0.8845165621950171,0.46037546267371,0.48651813524262366,0.46860968488301435,-0.17276175831329246,-0.2849849013161028,0.7335958889992313,0.559798912130846,0.02137148321647505,-0.38425085072903215,,,,,,,,,,,,,0.721670913775163,0.6788687132930801,0.31538225471030995,0.1357601912380369,,,,,,,,,,,,
DE,Germany,2023-Q4,2023,0,West,-0.4098360655737654,-1.517150395778355,-2.6505395617993086,-0.11531460573227692,-0.029930346596564794,-0.08679061382206088,0.9188194348928743,0.7686922810908591,0.7054121828045796,0.9428012603894634,0.801205439008617,0.1425959507290991,,,,,,,,,,,,,,,,,0.21752725503027426,0.41523216807234964,0.012400649004976732,-0.43748407698957575,,,,,,,,
DK,Denmark,2023-Q4,2023,0,North,-2.566661913589041,1.768998304709957,-1.0856108401797013,1.0147195475221211,0.9900967632086866,1.0170014116508743,1.0523918743159733,0.8920360171460644,1.0684022343219652,1.0456812101435047,1.0693651051658157,0.2958012042094644,,,,,,,,,,,,,,,,,,,,,,,,,0.7956250898764206,0.5651254000008725,-0.7242143621452988,-0.03561048226003957
EE,Estonia,2023-Q4,2023,0,East,1.966403162055341,-0.2666130087026541,0.9586748329643958,0.21279961456438135,0.2836894935676145,0.20633996576608116,0.46464020998603217,-0.12515667834906447,0.3335066259625008,0.5863513614137972,0.5586507777441647,2.105004592902609,,,,,,,,,,,,,0.7126038902436468,0.6368431506661242,0.0011613800394214653,0.008287290676194319,,,,,,,,,,,,
ES,Spain,2023-Q4,2023,1,South,2.715751357875695,2.524324692114033,1.1221602022168515,-0.01480896017795863,0.0662924018615293,0.02974309245651785,1.4249693335853097,0.7848621116178653,,,,,0.5808804273646492,0.8587471297412468,1.3307383099857584,1.612496634692312,,,,,,,,,,,,,,,,,-0.185081770240291,-0.29599355442593894,1.0006773089019922,0.8853685792569584,,,,
FI,Finland,2023-Q4,2023,1,North,-0.9562841530054711,-2.880465378119712,-1.9905939246432247,-0.006771910527633596,0.03977769768901751,0.04213410980216281,0.5361711502523684,0.0024384509495814152,,,,,-0.20280024278913245,-0.23976327163368683,0.3408299575384295,0.19816776925366664,,,,,,,,,,,,,,,,,,,,,1.5648256056618237,1.685955583943735,1.2794940259444227,0.9981831835545054
FR,France,2023-Q4,2023,1,West,-2.15179056940884,0.4023686607956378,-0.3900629509542037,-0.0921582874023974,-0.005182759216410426,-0.06082786954572983,0.5956601954709912,0.5583549391424718,,,,,0.071679098904256,0.21199680961027428,0.7043887056719346,0.17825588375974985,,,,,,,,,,,,,-0.1284327286620941,0.1722707627234603,0.23480414669823244,0.09187440464554839,,,,,,,,
HR,Croatia,2023-Q4,2023,1,East,1.702104810996552,0.256081946222797,2.6258186109888393,-0.424009524681052,-0.2809576324529499,-0.3675744004456507,1.7841571533486476,1.0685022778597462,,,,,0.3431585655728038,0.8320804247855889,1.4889329965628983,1.2055317360689535,,,,,,,,,0.73988674533658,0.612889774322591,1.6599938939288388,1.9343217783588118,,,,,,,,,,,,
HU,Hungary,2023-Q4,2023,3,East,8.586168332190924,0.4014141562937334,0.9258483310243757,0.3763146915244412,0.35785399310922184,0.3503108712379792,0.20566018874532582,1.3904133097692397,,,,,,,,,,,,,1.2130712638087497,1.127120794971302,0.2076939529772561,1.7541748643531927,0.8276116178519064,0.875803638573569,0.6130671544091629,0.7764900197573666,,,,,,,,,,,,
IE,Ireland,2023-Q4,2023,2,East,2.308710921757151,1.497294046903175,0.35148895816932996,-0.49465786123039623,-0.3961436855613363,-0.4504457505669208,1.0852369670972353,0.23574346042678546,,,,,,,,,-1.537238754151789,-1.2338214408579977,1.2102387975236062,0.47732895604955083,,,,,0.23611206592997147,0.09866163930364547,1.1723609466429203,1.5553333256374273,,,,,,,,,,,,
IT,Italy,2023-Q4,2023,1,South,-0.1839926402943948,-0.09191176470587648,0.421800510454967,0.3185947575356606,0.38944675876115786,0.3465417402013241,-0.25362039388039986,-0.40544741118492134,,,,,0.5066392755610296,0.472419685562036,-0.7518325754475719,-0.45504749256776184,,,,,,,,,,,,,,,,,0.2514629505636611,0.2165181180487685,-0.19499216507644032,-0.38970020883870643,,,,
LT,Lithuania,2023-Q4,2023,3,East,3.312159709618867,2.405093138410752,2.116724895229783,0.7745537567743547,0.7762036653801312,0.7960526236975192,1.8481335571653377,1.3716706566201424,,,,,,,,,,,,,0.5869885507854469,0.6698523758532997,1.81571694476003,1.467302505564958,0.6586812226971167,0.530776463319858,1.8610063697418562,1.1673097598243387,,,,,,,,,,,,
LU,Luxembourg,2023-Q4,2023,0,West,-0.6544825882934036,-6.617771509167836,-3.6589857863676944,-0.9626944568887119,-0.8577143732138139,-0.9060509181800691,0.7449533430856671,0.473694079706314,0.131952855887008,0.5958948679437193,0.5170757075867561,0.2879108717471148,,,,,,,,,,,,,,,,,-0.8800381270878335,-0.4763016288990263,0.4049584137671488,0.18161516152369991,,,,,,,,
LV,Latvia,2023-Q4,2023,3,East,2.65759540767514,-1.063720977805049,0.7747042172091602,0.9041443145948935,0.9520729081578727,0.9122798561786267,1.5871598158667588,0.18060051131555352,,,,,,,,,,,,,1.4205540257775695,1.3577821926902967,0.6885057460731205,0.8070272257385461,1.1956701888583212,1.1234242717709033,1.2929368550320433,1.1357344654147878,,,,,,,,,,,,
MT,Malta,2023-Q4,2023,2,South,1.865647882839849,1.491066736731472,1.3873396368710271,-1.35367890156187,-1.1501738927435623,-1.2818793673645628,-1.0598633784404792,-1.4851624660328686,,,,,,,,,-2.9561798835555217,-3.2890753219043845,-2.4067623400494345,-1.565692116670637,,,,,,,,,,,,,-0.991710436546815,-1.4093472374287814,-1.5860845437619353,-1.8814192002366419,,,,
NL,Netherlands,2023-Q4,2023,0,West,2.042242166926433,1.09993367234138,-0.9322569562597418,-0.14147764572350052,-0.051848158181475146,-0.11503799761379518,0.8991860854705623,0.9385088224833912,0.4004054298204094,0.7581473448325107,0.2786271937354722,0.3372783585866815,,,,,,,,,,,,,,,,,0.18500001424875445,0.43922194669366,-0.3106507891098807,-0.6089422775853619,,,,,,,,
PL,Poland,2023-Q4,2023,3,East,4.339662007093681,4.502857142857142,2.253749269225586,1.0361533638692193,1.014223711747621,1.008699199943492,-0.31179115065814905,1.210509047912794,,,,,,,,,,,,,1.2044807351004054,1.1099203252327645,-0.8796545873149991,0.8562911118625663,1.2769485806207659,1.2627080478824713,0.2195411493902677,0.5904598905116406,,,,,,,,,,,,
PT,Portugal,2023-Q4,2023,1,South,0.5585270033606093,1.826707043079012,1.8425468262024234,0.03735499592438274,0.09959969212954978,0.06497758364237927,1.8351742566167484,1.787247741994733,,,,,0.634169121813558,0.9497365763775594,2.1075267543833776,2.248567754036116,,,,,,,,,,,,,,,,,-0.11527678073985409,-0.2612899216851072,1.201178779982243,0.14654991953158922,,,,
RO,Romania,2023-Q4,2023,3,East,1.300236406619382,3.362270910844711,1.1858192358931707,-0.5785321336027358,-0.5227908574827314,-0.5761467851293736,-0.24596406664040998,0.19254290877894875,,,,,,,,,,,,,-0.04160126153582233,0.06817024130015081,-0.2747476983145986,0.33422074304777616,0.11597493065849274,-0.03440945999441869,-0.16209495992339568,0.20325562838859965,,,,,,,,,,,,
SE,Sweden,2023-Q4,2023,0,North,0.5478817810016245,-0.4055576417574147,-1.061199685780306,0.7458894867357782,0.7863618617731913,0.7690670605486907,0.37495838147917454,0.12061467368039566,0.19949126326286226,0.6214452753324153,0.05307592640796241,-0.0030680704868544274,,,,,,,,,,,,,,,,,,,,,,,,,0.5758765679155722,0.41707148959329754,0.6932530157293103,0.6324702349487239
SI,Slovenia,2023-Q4,2023,0,East,2.22291960876615,0.507039214628624,1.3799713818194392,0.058325030256074495,0.17039877950993243,0.1001135058347623,1.5585599909921204,1.9365552620242175,0.3794134538316446,0.7893467767881639,0.8244221042669123,2.5189722277993107,,,,,,,,,,,,,1.0473066934512771,0.9405167189424013,1.7742905530442112,2.5466982109708853,,,,,,,,,,,,
SK,Slovakia,2023-Q4,2023,3,East,-1.727458087902134,0.8442503639010113,-1.0199397683699933,-0.22102528163028068,-0.13774767372949048,-0.2129002747266826,0.7134896310308187,1.5885574425097675,,,,,,,,,,,,,0.8762205888213037,0.983776731977432,1.8344166182595973,1.9710215748134967,0.31779970601294627,0.1615656103640759,0.8399442028221958,0.9626843494732557,,,,,,,,,,,,
AT,Austria,2024-Q1,2024,0,West,3.008649868371571,-1.759084545620537,-0.7448950411433923,0.08414189425518903,0.08988116078807307,0.08195734891848228,0.4479699052809971,0.23204659357103413,0.5136420637319439,0.7413804441205329,0.3313222876327316,-0.027465381035584137,,,,,,,,,,,,,,,,,0.08701674766700296,0.2323154081176635,0.030508748258459284,0.5340366702530722,,,,,,,,
BE,Belgium,2024-Q1,2024,0,West,-0.2870264064293915,1.445235125816158,0.688655119563697,0.28374467617615107,0.3030263281627571,0.2938524829463579,0.6612044052106386,0.4631826141647641,0.951350511966945,0.9899078414234632,0.4959967850991481,0.02464777222153279,,,,,,,,,,,,,,,,,0.6351334864695029,0.6576813002223387,0.6058635369867026,0.8623321962869152,,,,,,,,
BG,Bulgaria,2024-Q1,2024,1,East,3.4444336789071,1.207475850482997,2.434901343506257,1.2392706579351083,1.2203696821229468,1.198279944663664,1.0422477127965184,0.5290534925746327,,,,,1.0494745247839703,0.9806504932431783,1.21639821887532,1.5407147754643389,,,,,,,,,1.272819686317086,1.2038086801660686,0.780569023249973,0.3732601501271508,,,,,,,,,,,,
CY,Cyprus,2024-Q1,2024,3,South,-0.1254180602006771,1.069440375036601,2.701583173430327,0.9161506868338253,0.8565142568326978,0.8624154251025773,2.156671565962475,2.0077284143205176,,,,,,,,,,,,,1.423785791923963,1.4812669697881213,2.1139007627180346,1.3026954878427874,,,,,,,,,0.5415010854459547,0.42480612010593854,1.852410307418332,3.0594776462234647,,,,
CZ,Czechia,2024-Q1,2024,0,East,2.61315912272515,0.2834199338686894,-0.25532064891927386,1.0948113015101018,0.9796617179732031,1.0229131096982953,0.29363256309201163,0.30530510324137095,0.995991130296084,0.7253895266101412,0.23569324401321187,0.15540362487590131,,,,,,,,,,,,,0.949112663939343,1.0216325484856201,0.5561942420061146,0.4736938464836777,,,,,,,,,,,,
DE,Germany,2024-Q1,2024,0,West,1.371742112482854,-1.942397856664435,-1.963559350679789,0.4395312168365706,0.44123855940026113,0.4239451627307059,0.9166486442945111,0.8856782161992426,0.9336704712291632,0.9016509842363354,0.6946983118190667,-0.04326859410798592,,,,,,,,,,,,,,,,,0.534936417640889,0.4607563580081544,-0.1092077724144337,-0.3723185310077209,,,,,,,,
DK,Denmark,2024-Q1,2024,0,North,3.131860090736138,1.586151951908454,-0.10038942537247969,1.336995008826117,1.3119597383219006,1.3419442094920646,1.2335045062903414,0.6330900809427807,1.1923333375344767,1.103963781222924,0.6934487433655634,0.4121048515649133,,,,,,,,,,,,,,,,,,,,,,,,,1.7516196437901734,2.0777151240287326,1.6663176830489452,1.3335240762644291
EE,Estonia,2024-Q1,2024,0,East,2.771586394030434,2.088167053364276,1.4231068759744727,1.1170357560430564,0.9954134611369021,1.0208982452898778,0.5477263617280761,0.5842837092561624,0.32121672355022035,0.09989504115298575,0.11300841907467797,-0.048897224474398655,,,,,,,,,,,,,1.0383047679363133,1.0515859502605096,1.1431777988363683,0.655358677749974,,,,,,,,,,,,
ES,Spain,2024-Q1,2024,1,South,3.557905731818778,-1.028670029200962,1.066172022006448,0.26069674644517415,0.24511422873289845,0.2573965965545122,1.6776087611259605,1.122981230108569,,,,,0.3217330489779863,0.45749663000597807,1.3114295669664515,0.8293961184067852,,,,,,,,,,,,,,,,,0.3095130068961697,0.21484294596970327,0.9645103807070372,0.531223940196119,,,,
FI,Finland,2024-Q1,2024,1,North,0.3448275862068861,-0.9950729398125802,-1.408553178840849,-0.05939552182354557,-0.0684450680386437,-0.066621317298029,0.1519332989306716,0.6383594319775434,,,,,-0.5000951873657985,-0.4992703239059212,0.47628482825824336,0.6290834530131036,,,,,,,,,,,,,,,,,,,,,1.345119356162439,1.432469314797557,1.5092425410235775,1.9984780988397322
FR,France,2024-Q1,2024,1,West,-0.2222927913623218,-2.661625708884696,-0.8991495925567972,0.4070987046656661,0.4072117582786804,0.4031885234182241,0.5848396900788881,0.6229382294140752,,,,,0.056293715089273166,0.006268925437722173,0.8882291579107253,0.8110749132189125,,,,,,,,,,,,,-0.0024646819300739864,0.15982482072525483,0.24797648753353477,0.4033912792502185,,,,,,,,
HR,Croatia,2024-Q1,2024,1,East,4.286996462699966,3.41495918707313,2.2991225545190006,0.6616801978384064,0.6038235780241095,0.5870477528177636,0.76398058507407,1.0227586409570115,,,,,0.8168506841595321,1.0054680131354283,1.910893409280831,2.4633762973443734,,,,,,,,,1.156535387984706,1.1828687506763989,1.47289330028685,1.3432762632836126,,,,,,,,,,,,
HU,Hungary,2024-Q1,2024,3,East,1.833947971693406,1.672596559439543,1.7765398695457566,0.9587500973119835,0.8581413435718617,0.8613084624727207,0.4569215593686814,0.2802397009117702,,,,,,,,,,,,,1.4116832927449652,1.3509084918443097,1.606934956896319,1.7363946603636349,0.7385667224706098,0.7642839400306289,1.2297891711755362,0.6650241934774878,,,,,,,,,,,,
IE,Ireland,2024-Q1,2024,2,East,1.48564997186269,2.903015581491797,0.7858990678751927,0.4592063578745873,0.46386923398578883,0.4557604028805545,1.568033477122836,1.444623897319336,,,,,,,,,-0.7457285509823967,-0.23227703467886407,1.584337599803616,1.5734183699484476,,,,,0.7589556648315204,0.7103216005093748,2.102273937810856,1.6343120933422106,,,,,,,,,,,,
IT,Italy,2024-Q1,2024,1,South,3.2258064516129,0.0,0.44518685283102255,0.7827336792166121,0.6805999850872906,0.7145758016517998,-0.031063768789329493,0.031109824434591808,,,,,0.4427408232734754,0.3580609562372108,-0.45196787121345683,0.11167140222708005,,,,,,,,,,,,,,,,,0.5279927241235824,0.5708956851292012,0.22543667430910863,0.5309075821887699,,,,
LT,Lithuania,2024-Q1,2024,3,East,2.771190162494519,1.496661294036383,2.0201841596502406,0.8920919155397624,0.9453270486643179,0.9241225729216203,1.7401805105779309,1.5251739015149177,,,,,,,,,,,,,0.36459824563814336,0.4314499040773886,1.4274057448747683,1.3574657265857115,0.8052001474062557,0.7147198746436907,1.503253296023605,1.170648160087221,,,,,,,,,,,,
LU,Luxembourg,2024-Q1,2024,0,West,0.9384711000621548,-2.150797486708556,-3.8131698174312065,-0.9656499846376803,-0.8974673130908779,-0.9527618504214626,0.6963369604634392,0.5902755350183608,-0.11701295544310542,0.09553752959608697,0.6320915883004817,0.3021255800646516,,,,,,,,,,,,,,,,,-0.8019360968776026,-0.8441425109316936,0.08105294122610653,-0.27646278471772034,,,,,,,,
LV,Latvia,2024-Q1,2024,3,East,1.967484726105417,-2.749922464592169,0.2443139679603108,0.813994832949435,0.7401222060139903,0.7666542950411388,0.8119285317848891,0.6463913455953079,,,,,,,,,,,,,1.1195162416138777,1.1156259832958433,0.7790776626306652,-0.1011421958987017,0.32063592062643886,0.27409731305913176,0.6803057922261239,-0.40802512581348555,,,,,,,,,,,,
MT,Malta,2024-Q1,2024,2,South,1.725215651956513,1.643906543265827,1.6256430866107512,1.354800626997307,1.1859166042490525,1.2586792809485758,1.6258036393999784,2.338525385144446,,,,,,,,,0.5356833137392534,0.1537198809053424,2.2209384592785866,3.562711867565743,,,,,,,,,,,,,1.0203185628585958,1.4439924124203045,1.7033100069117793,2.073728051920065,,,,
NL,Netherlands,2024-Q1,2024,0,West,2.601780165376311,1.727625608222616,0.03400059083407947,1.0662018008474239,1.0062796726421162,1.021839696236281,1.2207175059927415,1.2545222549379944,1.2834042635017713,1.0649172367254602,0.4415104463089143,0.7353191861968464,,,,,,,,,,,,,,,,,1.2360933051055372,1.0818469089570488,0.4951689940294395,0.6068114691848921,,,,,,,,
PL,Poland,2024-Q1,2024,3,East,2.93941211757649,4.83377077865268,3.124636700416417,1.9120712134513647,1.8529152229161165,1.8744899720228425,0.02144960605359963,1.3936509146691596,,,,,,,,,,,,,1.4906533963575963,1.3120679850769421,0.6862175036188524,1.8696095433042363,1.9724792739829398,1.9994226576914982,0.6181722095251525,1.354670723727108,,,,,,,,,,,,
PT,Portugal,2024-Q1,2024,1,South,3.902094610496598,1.338257866462023,1.9075312701164524,1.0209422050614032,0.9794656191248882,1.0013305927708065,1.1703967438893677,0.666034664466326,,,,,0.8794281547796462,0.8023183477618075,1.3575716925100472,1.5575495701450126,,,,,,,,,,,,,,,,,0.6913785408157861,0.7885535423307104,1.3645341663389658,1.2555787366069942,,,,
RO,Romania,2024-Q1,2024,3,East,0.518604952677304,1.506465804559376,0.9287066367536788,0.36406558493431374,0.3377191216587958,0.3380895785224166,0.6804644969091737,1.6210096770371916,,,,,,,,,,,,,0.5430968426689012,0.5997166465097569,0.7722042639604826,1.225557171539363,0.8784805619640034,0.9381776405064329,0.14122976807897103,1.1148618961375303,,,,,,,,,,,,
SE,Sweden,2024-Q1,2024,0,North,1.404451266308504,-2.277354648970675,-0.7331672661220642,0.6083586078762132,0.6014618398981182,0.6133722670214274,0.5477399942220903,0.19749832431085307,0.19710330853024072,0.47407184778327927,0.06798806018968735,0.20388779113402603,,,,,,,,,,,,,,,,,,,,,,,,,0.9323679490916401,0.8035401317482112,1.0464210908276321,1.1631948853100025
SI,Slovenia,2024-Q1,2024,0,East,1.478714695047079,2.608275639993551,1.6876525367157833,0.7714775193501745,0.7262724312100596,0.7287400773369626,1.5223402664872334,1.549114989867384,0.6827335208916132,0.687467843522158,0.5463699460079752,0.6051534848839281,,,,,,,,,,,,,1.0513158998799585,0.9866585389725038,2.0287747985483837,1.5021738117334265,,,,,,,,,,,,
SK,Slovakia,2024-Q1,2024,3,East,2.991182064434317,1.939953810623574,-0.32727562207728345,1.1208658568132974,1.0651471052680135,1.0708646204157528,0.8712443776408408,0.8522060306858714,,,,,,,,,,,,,1.0664046116149026,1.0516678869400429,1.4199226489565087,1.2233299489007512,1.2269246591594136,1.188599824339458,1.3106168590146243,1.4050388652961077,,,,,,,,,,,,
AT,Austria,2024-Q2,2024,0,West,0.480710721674571,-1.152416356877328,-0.7368832092468023,-0.2398924790084953,-0.15083902733540455,-0.2027607137389602,0.5544785254455491,0.2809035241727975,0.44028520713903263,0.6009550793633549,0.3440444101476386,-0.31562976134329374,,,,,,,,,,,,,,,,,-0.021817049620039608,0.05247015556045209,0.18047523427766515,0.20139759787694575,,,,,,,,
BE,Belgium,2024-Q2,2024,0,West,1.5831894070236,0.7810240092565923,0.792866900398842,0.13463650399368432,0.26620215180343365,0.20578319776556742,0.8324059653271672,0.8904227907882528,0.7603270441109862,0.9588814118455167,0.5739142305814624,0.583476985313228,,,,,,,,,,,,,,,,,0.4545225890077398,0.5633078983923897,0.6424223436922996,1.1207456843163472,,,,,,,,
BG,Bulgaria,2024-Q2,2024,1,East,3.924507095021768,7.075422761697259,3.805504207620186,2.137661658961786,2.148482781301822,2.1230139536540387,0.8468228493958498,1.2962855230919332,,,,,2.152423258482056,1.9680969358294984,1.2306844076988948,1.7643620605945896,,,,,,,,,2.8097510170695905,2.9280973094321627,1.4515917898488746,2.7638634960597086,,,,,,,,,,,,
CY,Cyprus,2024-Q2,2024,3,South,2.385935537881956,4.015074648499795,2.184891065457,2.448738997651205,2.3440204094419377,2.3863928775385794,1.2749720307592576,2.4512634585412214,,,,,,,,,,,,,2.0063832510929394,1.7488399602015043,2.3204353248006027,2.820663013145988,,,,,,,,,1.5987641229236618,1.8489868329518944,1.7296262469644523,1.9388037064046864,,,,
CZ,Czechia,2024-Q2,2024,0,East,2.182810368349242,0.9420631182289307,0.29488044532327334,0.8233448427198891,0.8885606809160775,0.8708386632845722,1.098063536994849,1.5365606020832818,0.9176822910768647,0.6699061580413076,0.8618460237163517,1.135460250747205,,,,,,,,,,,,,1.3593669738485517,1.3698407469493117,1.1828414991823917,1.4402164004980287,,,,,,,,,,,,
DE,Germany,2024-Q2,2024,0,West,0.8119079837618282,-0.4098360655737654,-1.3089205752751216,0.7288568382512999,0.7823220790356314,0.7564309969455616,1.1836115667363278,1.5960138479026673,0.9295351679723199,0.8175112165961694,0.7102618941807027,0.7869031716061539,,,,,,,,,,,,,,,,,0.7100052150319917,0.5713088212867748,-0.10599981558066225,-0.015462932147729602,,,,,,,,
DK,Denmark,2024-Q2,2024,0,North,3.072229317440045,-2.566661913589041,0.29702588210160064,1.1972072014868378,1.1777707438963407,1.2208775412747817,1.3490343028976768,1.2522465640880178,1.1407205811577634,1.087697760651022,1.1428928139360186,1.5314915850559017,,,,,,,,,,,,,,,,,,,,,,,,,1.657833221277141,1.4828366700651596,0.5218846983634042,2.5200723807735295
EE,Estonia,2024-Q2,2024,0,East,-0.504479019330506,1.966403162055341,1.9081761584937407,0.8842536945366692,1.0370654426051311,0.988702940088529,1.522274256804055,1.1787898369447065,0.1810231245206373,0.31679195469437116,0.07484943605630333,0.26996733438023446,,,,,,,,,,,,,1.5599318929221222,1.537320121224694,2.0124782628901112,2.467579055470855,,,,,,,,,,,,
ES,Spain,2024-Q2,2024,1,South,2.830486036689162,2.715751357875695,1.5720208342706736,0.2984624925670897,0.35174068128693403,0.32325026406407786,0.8697970914834514,0.7489402675278634,,,,,0.405736955786143,0.4672134838735842,1.1585651334184779,0.9921583132084323,,,,,,,,,,,,,,,,,0.3149268902785165,0.3282696314237344,1.2794582572273647,1.4449164073332539,,,,
FI,Finland,2024-Q2,2024,1,North,-0.3927344133529576,-0.9562841530054711,-1.0117381236446064,0.1485503064859638,0.24010245468101477,0.2117386339095152,0.620518964604697,0.03030687241089531,,,,,-0.2150045275848772,-0.22195718903272554,0.3623681423072371,0.18359276964990856,,,,,,,,,,,,,,,,,,,,,0.6339370072350602,0.38257645222692016,0.14652021876336827,0.02124558751672166
FR,France,2024-Q2,2024,1,West,1.559516231699543,-2.15179056940884,-1.2161234521374715,0.08035008228316354,0.16939881885934238,0.12549668028313554,0.8020267886115171,0.7163899360819106,,,,,-0.2942637171528587,-0.433495555405924,0.7719102414451255,0.9132882093498617,,,,,,,,,,,,,-0.3700597610276466,-0.27228888376504234,0.3652082201385003,0.5564597264105205,,,,,,,,
HR,Croatia,2024-Q2,2024,1,East,2.359135321217032,1.702104810996552,2.2176238910051325,1.6842957367490226,1.6157235403292303,1.6515568718652724,2.1702247940043415,2.1234593762532006,,,,,1.3873102243463822,1.1745433342249827,1.8617595208285669,2.509594115645581,,,,,,,,,1.4747297130086598,1.4255824368881453,2.1656143691855396,2.1274329937168415,,,,,,,,,,,,
HU,Hungary,2024-Q2,2024,3,East,1.083162050177799,8.586168332190924,2.9189415664154117,1.6780538665956073,1.775829329876014,1.7134257431535171,0.4125193464150075,1.687685732629882,,,,,,,,,,,,,1.7440504822334082,1.360042435506244,0.7972963560738098,2.1674637215896237,2.416368486682518,2.3833512439118563,0.9686142024712988,1.3042248614132843,,,,,,,,,,,,
IE,Ireland,2024-Q2,2024,2,East,2.861262060552283,2.308710921757151,1.548635850627289,1.2481206321838458,1.23702930139352,1.2637596208269501,2.096041960725024,2.765118591107921,,,,,,,,,0.576850711772066,0.7172297130640106,2.308116866237346,2.4182019912638557,,,,,1.259764112316254,1.188435385093062,2.83194823585215,3.6778468985438835,,,,,,,,,,,,
IT,Italy,2024-Q2,2024,1,South,0.7142857142857117,-0.1839926402943948,0.39918869275742386,0.6448245281479112,0.667051022654582,0.6379929889646621,0.5380042923784537,0.5107012231348061,,,,,0.4232243196424697,0.31499504311535753,-0.21916093342991297,-0.27771180989862515,,,,,,,,,,,,,,,,,0.6790961436592288,0.6557677142789458,0.21513020267286195,-0.05572045301245408,,,,
LT,Lithuania,2024-Q2,2024,3,East,1.021323875048075,3.312159709618867,2.3911317838995476,1.3407474093628573,1.395155731085168,1.3567287049061898,1.1021785397176456,1.0883656367771186,,,,,,,,,,,,,1.2780920809010345,1.2211760303849664,1.7686964561319913,1.8165962078803461,1.8521719037265485,1.8936714372104868,1.4742508870955657,1.308716453371822,,,,,,,,,,,,
LU,Luxembourg,2024-Q2,2024,0,West,0.01847176897973313,-0.6544825882934036,-2.900740820987261,0.30442283182103624,0.3814868921205913,0.33287844889436824,0.904697400026571,1.0846853440837978,0.9201360475881186,0.6518172443282582,0.8696070147710379,0.5454406921655796,,,,,,,,,,,,,,,,,0.4042327235422294,0.12283171155801864,0.33536081188898603,0.913277215973257,,,,,,,,
LV,Latvia,2024-Q2,2024,3,East,3.391896008936746,2.65759540767514,0.9368463604181896,0.8653177983106299,0.8833312092615322,0.8855330177947075,0.934260242388508,1.0831117134520993,,,,,,,,,,,,,0.7766954841242479,0.7110099735070583,1.6146502671067515,1.7307118426821788,1.141910309410136,1.1305136759464784,2.0516772720007306,2.8756251217803026,,,,,,,,,,,,
MT,Malta,2024-Q2,2024,2,South,1.54848224161237,1.865647882839849,1.6421093903823847,2.8323300667713696,2.720413338349335,2.7644268495579176,2.0396667774957824,3.6532971019873104,,,,,,,,,1.8302713191378204,2.261725625871294,3.388740148177306,4.8689004166650305,,,,,,,,,,,,,2.451802164971866,2.571603628410113,2.4066370544843543,2.0521554152404455,,,,
NL,Netherlands,2024-Q2,2024,0,West,3.680509214106054,2.042242166926433,0.9144035124677817,1.5800415855959238,1.6083348989906867,1.5923323543556243,1.5842758074183343,1.7635218042928678,1.4671737079101135,1.1018250322442156,0.794348408569756,0.8058554714395009,,,,,,,,,,,,,,,,,1.5671891294229054,1.2577494473197546,0.9216798794188951,0.2812812775194609,,,,,,,,
PL,Poland,2024-Q2,2024,3,East,1.592851592851585,4.339662007093681,4.227236710560501,1.3628554031155369,1.399941613800998,1.3763149431257267,-0.10708947663999051,0.9190176537345206,,,,,,,,,,,,,1.16764978616781,0.9560846746769573,0.26474482553166534,0.8037707249748555,1.7690094625403476,1.6680186160347947,0.20946882889076004,1.5213560140128308,,,,,,,,,,,,
PT,Portugal,2024-Q2,2024,1,South,3.692126483645919,0.5585270033606093,1.7102736329723256,1.1841113598059612,1.1903195528280106,1.1965073246280764,1.1314300787283957,1.2498234415381768,,,,,0.8582856515040352,0.6345878618009616,1.1938698146402897,1.525170931024217,,,,,,,,,,,,,,,,,0.9512333860535396,1.0450863039781846,1.5798966399244312,2.021636898187178,,,,
RO,Romania,2024-Q2,2024,3,East,0.5159293176834945,1.300236406619382,1.347411451137531,-0.27296577682727174,-0.21576422363666992,-0.23939310467038633,-0.5834884542584264,-0.6571071160491776,,,,,,,,,,,,,0.05569480430016949,0.13143344306028992,-0.16114644220271648,0.43162515942119467,0.43957921344538653,0.3756772281512707,-0.31830177528454645,-0.1976297048150981,,,,,,,,,,,,
SE,Sweden,2024-Q2,2024,0,North,0.6584424430485125,0.5478817810016245,-0.3864432812806764,0.8488951871607799,0.8920740618520598,0.8629709298321284,0.47323334077444845,0.3322297354419431,0.18702295203339747,0.278915839685695,-0.11118682381331281,-0.5044274470499636,,,,,,,,,,,,,,,,,,,,,,,,,0.6075926336108208,0.5950893087331585,0.39841544889163416,-0.41995597969134113
SI,Slovenia,2024-Q2,2024,0,East,1.61851459688398,2.22291960876615,1.8058160350600927,1.6689571028179726,1.6289814571971963,1.643944587837114,2.0698434745557073,2.0395533528353345,1.3254428236996196,0.927730471172607,0.7918754247703548,0.883277591163926,,,,,,,,,,,,,1.471527950381536,1.3982426704770226,2.139546802230637,1.7995977297253727,,,,,,,,,,,,
SK,Slovakia,2024-Q2,2024,3,East,2.898712926692792,-1.727458087902134,-0.7242375919782081,0.6129520560380894,0.697272180052367,0.6557436825810212,1.2309127233004349,1.1060272101576254,,,,,,,,,,,,,1.1531578728798837,1.1309361831398723,1.620485265528284,1.189778982198597,1.2011316701584407,1.145696406640632,1.4165131619218472,1.3162763774781066,,,,,,,,,,,,
AT,Austria,2024-Q3,2024,0,West,-1.150608611397086,3.008649868371571,-0.03491849086094112,0.46794827219132207,0.48796438189097435,0.4716206080034907,0.8473527949603122,0.5101651145820535,0.6855257398749781,0.7299138423953185,0.7704770984110804,-0.2262759813092126,,,,,,,,,,,,,,,,,0.6037250096717488,0.5900160435720383,0.4003912571798657,0.18540261664274066,,,,,,,,
BE,Belgium,2024-Q3,2024,0,West,0.7225843015018496,-0.2870264064293915,0.8118241613507327,-0.1309508121460019,-0.09808694334630719,-0.1200305385021656,0.606083239317776,0.5041544590025389,0.6858701103336132,0.9917667396550127,0.5219397666337258,-0.08902509116980624,,,,,,,,,,,,,,,,,0.22469462803099527,0.4826931178751672,0.36346538638641035,0.15834397008225748,,,,,,,,
BG,Bulgaria,2024-Q3,2024,1,East,2.744355819927002,3.4444336789071,3.6029921024214318,2.2834034758930146,2.202930635991068,2.2473107056683697,2.117870545119836,1.5166839741842368,,,,,2.5143962199291625,2.2833563098904306,1.3257972255994366,2.316592272494704,,,,,,,,,2.1375141106714164,2.059771291263253,1.9520933962667621,2.503685713511142,,,,,,,,,,,,
CY,Cyprus,2024-Q3,2024,3,South,-1.744344508040341,-0.1254180602006771,2.0567182650396805,1.6067205561446607,1.547542629871394,1.5608014365858138,1.8032549185570914,1.2180725031234974,,,,,,,,,,,,,0.9071132589364841,0.8667190605034099,1.1432887953507256,0.260085038248679,,,,,,,,,1.0208127423123183,0.6296238554831151,1.5714122660092271,1.5976186047923462,,,,
CZ,Czechia,2024-Q3,2024,0,East,2.447708055184683,2.61315912272515,1.042598932331285,0.591936982541357,0.5662147448740468,0.5530011696023525,0.8747976557203124,1.7252443450415054,0.9752159336840935,0.9455113004970599,1.1305610337069245,1.273273380188978,,,,,,,,,,,,,1.1264175006013841,1.1145359606871033,0.8139787307979895,1.2493764764321782,,,,,,,,,,,,
DE,Germany,2024-Q3,2024,0,West,0.1342281879194607,1.371742112482854,-0.6244105513834254,0.5619216298108818,0.5837074770744002,0.5664089504883384,1.1275748096527152,1.0073216672754783,1.0094304894646957,1.0747016705942771,0.6925771273478908,0.31748864032346946,,,,,,,,,,,,,,,,,0.7983592326067566,0.8607048137741575,0.4991152515228718,0.2931625168108889,,,,,,,,
DK,Denmark,2024-Q3,2024,0,North,0.2065120121153674,3.131860090736138,0.9800871084413767,0.9852159532880966,0.9673911894524242,0.9431922112832442,1.0811382007272599,1.9415003247714417,1.210350450235186,0.8387678000761922,1.3122175283668687,0.6047156615959729,,,,,,,,,,,,,,,,,,,,,,,,,0.7590729250812458,0.879614597021242,1.2829281133739467,1.0762373324735928
EE,Estonia,2024-Q3,2024,0,East,-0.6586741221627279,2.771586394030434,1.639885900186849,0.16897952363362112,0.22757900958306565,0.17946567579460415,1.1611933854523928,0.08438950617340508,0.18247063054340118,0.4724642809655917,0.3258402695831327,0.6277111475135608,,,,,,,,,,,,,0.7018333072332215,0.5162941763271228,0.8488606638086386,0.7309495969513802,,,,,,,,,,,,
ES,Spain,2024-Q3,2024,1,South,1.8084845512506,3.557905731818778,1.9423279381518859,0.6024376505932436,0.6271569516208602,0.6186763765196319,2.0279937672564765,1.3517486321351502,,,,,1.06027016044654,1.3175153432294802,1.8456008732783638,1.7249187173515892,,,,,,,,,,,,,,,,,0.140190108086575,-0.017351898090026463,1.1460650248740216,0.4850210917652962,,,,
FI,Finland,2024-Q3,2024,1,North,-0.8477082306554973,0.3448275862068861,-1.1217487211827193,0.16161078296086495,0.20976534290172488,0.15574167083895807,0.6218423673353858,0.6934963803644575,,,,,-0.04942756804468229,0.0933457592139163,0.32431760074671817,0.30857076070056183,,,,,,,,,,,,,,,,,,,,,0.7199249711833314,0.7310932934432606,0.8735127297961053,0.7259448819729496
FR,France,2024-Q3,2024,1,West,-1.06549670949545,-0.2222927913623218,-1.1583351022150552,-0.0711529281536647,-0.010626687476948726,-0.05132760189955343,0.44996509338627844,0.19195608907566714,,,,,-0.13209178609708638,-0.08203524930465134,0.5938717487061441,0.537007360924449,,,,,,,,,,,,,-0.2924132789957361,-0.05196589016396569,-0.014900358262908711,-0.25142141422856235,,,,,,,,
HR,Croatia,2024-Q3,2024,1,East,1.394727731341794,4.286996462699966,2.415035601748111,0.8969340457739733,0.9238445270357681,0.9116005450508863,1.5303346610184738,1.5397809025187554,,,,,1.1313268303543322,1.2177505620564748,1.8480418825316405,2.216698067614325,,,,,,,,,1.612736723366129,1.565697450040798,2.0993794719895544,1.374093431581959,,,,,,,,,,,,
HU,Hungary,2024-Q3,2024,3,East,3.963463835006298,1.833947971693406,3.123531754904401,1.346495195878168,1.2628800994679374,1.29376667763518,-0.1229537745203207,-0.5091993030843008,,,,,,,,,,,,,1.3348014248381512,1.1408166258858952,0.8358136970405264,1.9659859456857811,1.4725247034375752,1.344687916119826,0.8409089330126468,0.20267123222508415,,,,,,,,,,,,
IE,Ireland,2024-Q3,2024,2,East,2.409703504043126,1.48564997186269,2.0486676305037035,1.0144152557317252,0.9875383155077817,1.0126255297191358,1.8056924500162768,1.7642670776667055,,,,,,,,,0.3184920020971342,0.5668133989503286,2.5851166206389324,1.4068411218205366,,,,,1.2461562206669217,1.215703664083125,1.6083178914700325,2.4461412237466678,,,,,,,,,,,,
IT,Italy,2024-Q3,2024,1,South,0.6205673758865382,3.2258064516129,0.7374755116531571,1.0380821471037367,1.002915456550176,1.0021525410831733,0.879950280727521,0.9287886529573692,,,,,0.9962560736961524,0.9566348957634235,1.0506378382657813,1.082555828301432,,,,,,,,,,,,,,,,,0.47971258725234656,0.4979807433610607,1.0379858914731448,0.9875105503313603,,,,
LT,Lithuania,2024-Q3,2024,3,East,2.360406091370559,2.771190162494519,2.4962760761401306,1.1376413527326337,1.089817423119535,1.1280253074964484,1.9549886592391659,1.591540612780618,,,,,,,,,,,,,0.6752916295046405,0.6853423483037627,2.0340710680751584,1.7345452493368696,1.2268917801027726,1.1170403975094652,2.2596540261914106,2.068213178613811,,,,,,,,,,,,
LU,Luxembourg,2024-Q3,2024,0,West,1.114257572026589,0.9384711000621548,-2.1211451210269106,0.41821105825075344,0.4690913735215414,0.4533362993770511,0.6567964167561225,0.4932793704954967,0.5574194719702729,0.727292921769782,0.6491924416757414,0.11980093021979205,,,,,,,,,,,,,,,,,0.3371617119748844,0.4261308913820372,0.25217582371165564,-0.11429432706589006,,,,,,,,
LV,Latvia,2024-Q3,2024,3,East,-0.8447107356841177,1.967484726105417,0.20285917284583466,0.9475258497597798,0.9666565514190637,0.8960706103598521,1.6332850434801187,1.7062461663586148,,,,,,,,,,,,,0.7232317515034368,0.7817632632439878,0.9831490775711715,0.929498155601697,1.317068460941276,1.226945184580991,1.5734700384181526,1.0312334573943538,,,,,,,,,,,,
MT,Malta,2024-Q3,2024,2,South,1.028682076727594,1.725215651956513,1.6814592036984155,0.7953299039451414,0.8376526035690535,0.8008247790016783,1.9007869816684893,2.1060889409468007,,,,,,,,,-0.31176470193106975,0.01880758644561986,2.6430045872341377,1.9669603954632806,,,,,,,,,,,,,-0.004176106655791878,-0.43271209228011426,1.4605252746071002,1.0651070151646387,,,,
NL,Netherlands,2024-Q3,2024,0,West,2.1437766115457,2.601780165376311,1.8678954032166852,0.9339067144609102,0.9509721276168498,0.9248293514982956,1.8728387734721532,1.8291365114457172,1.2718583426524006,1.2424606908894422,1.0140440250497478,1.9101467145019106,,,,,,,,,,,,,,,,,1.1645144815058188,1.1810588581578711,0.5636042010981327,0.271897544565844,,,,,,,,
PL,Poland,2024-Q3,2024,3,East,1.171128107074582,2.93941211757649,4.1539255115449985,1.1867622324631633,1.1331587979359854,1.1405446141621014,0.04514795225716749,0.4505699226017992,,,,,,,,,,,,,1.1250699545458045,1.0318729813032803,0.29542866877651525,0.7733176918393874,1.5571871474136436,1.51792828806536,0.3535274031555738,0.2622197391026868,,,,,,,,,,,,
PT,Portugal,2024-Q3,2024,1,South,2.966490453929849,3.902094610496598,1.9063966308495606,0.4518835107864785,0.4820678828838014,0.45971976210201726,0.9822448226468066,0.6357574983955574,,,,,0.7576992988314021,1.0608586151151447,1.0260849310759086,1.2334510402888725,,,,,,,,,,,,,,,,,0.04009747675368697,-0.1378932679610076,0.9406308418264488,0.03425444689725459,,,,
RO,Romania,2024-Q3,2024,3,East,1.60400359296804,0.518604952677304,1.671894518675193,-0.570315006349501,-0.44934831380253515,-0.5193838910898014,-1.088536008211508,-1.4090736720636496,,,,,,,,,,,,,-0.14541438220331115,-0.08039081079013699,-1.1646019876039706,-0.1589534606841144,-0.1756350794487389,-0.4241312342223795,-0.5046809118181579,-1.2620793234156094,,,,,,,,,,,,
SE,Sweden,2024-Q3,2024,0,North,-0.2706766917293324,1.404451266308504,-0.18264481085449003,1.4320228062118254,1.3718414203843354,1.3884601617593157,0.7557144119701523,0.6251028206484915,0.6552462215208777,0.7112474781647817,0.6894380183379231,0.8202264234791248,,,,,,,,,,,,,,,,,,,,,,,,,0.6761813484763102,0.6659692961679647,0.44723258008933725,0.7045706835473909
SI,Slovenia,2024-Q3,2024,0,East,2.069068175052102,1.478714695047079,1.7042372896088511,1.1910424345500057,1.1724707766247542,1.1854232847888684,1.724460766143507,1.6320039678473013,1.0969280326916597,0.9434107083468045,0.8858357366780971,1.3348716051282605,,,,,,,,,,,,,1.4962669767944483,1.4897564609856138,1.5082743536190248,1.7101113475721157,,,,,,,,,,,,
SK,Slovakia,2024-Q3,2024,3,East,3.643680661300852,2.991182064434317,1.011982037764192,0.36058866475094853,0.36937339073015196,0.33425162139811815,0.9938672105370844,1.1682300205071983,,,,,,,,,,,,,0.7769516669067152,0.8566967641440192,1.764397455294978,2.3509892037629077,0.8516703569924686,0.7450235152364126,1.6659777558781497,1.2853354537890913,,,,,,,,,,,,
AT,Austria,2024-Q4,2024,0,West,1.188507014641904,0.480710721674571,0.14446492188706928,1.001787270292116,1.0083599883366345,1.0091971158039323,1.5854781628472594,0.9997899627144223,1.2672699396983989,1.172652478605992,0.7358411445705615,0.6146099977001684,,,,,,,,,,,,,,,,,1.1523174237702232,1.090673490700489,0.41036385163474176,0.30710629040235427,,,,,,,,
BE,Belgium,2024-Q4,2024,0,West,0.633000422000296,1.5831894070236,0.8806055339167397,0.21939445639621658,0.27762438059970596,0.2503425319658037,0.6028201948818026,0.25718774121534893,0.7389305894450399,0.8177900598803856,0.5392243268853402,-0.009793669343952587,,,,,,,,,,,,,,,,,0.4778484843707116,0.4739353322180516,0.594362848957792,0.29507536440373916,,,,,,,,
BG,Bulgaria,2024-Q4,2024,1,East,4.188596491228069,3.924507095021768,3.912959846527281,1.9275305019365254,1.8817512977091235,1.898404374129637,2.424881166257637,2.6178567593564916,,,,,1.9261913789181508,1.707388546798538,1.250746810349215,2.528219328815833,,,,,,,,,2.1520459746900826,2.1366578446390228,2.201043571431803,2.878133116987352,,,,,,,,,,,,
CY,Cyprus,2024-Q4,2024,3,South,4.049930651872402,2.385935537881956,1.8362581253044181,-0.22100795195754142,-0.13951124385633884,-0.1917083820284351,1.1489738501753195,1.2917862416218877,,,,,,,,,,,,,0.9183418639882542,1.1391867007202952,2.415475733818849,1.9989125879671548,,,,,,,,,-0.649922853014598,-0.8018831907362993,1.0580030607019606,0.33055281804866027,,,,
CZ,Czechia,2024-Q4,2024,0,East,2.345786272806261,2.182810368349242,1.5053631357930035,1.1112656370418543,1.1377369643929027,1.123812275955232,1.7369444571874029,1.6108562363880732,1.3034243854830363,1.0196682536353996,1.3837937682349704,1.6426818189319352,,,,,,,,,,,,,1.416085156164629,1.3979936783355895,2.008469816671475,1.7490396233635044,,,,,,,,,,,,
DE,Germany,2024-Q4,2024,0,West,1.139410187667567,0.8119079837618282,-0.0421459564983796,0.6419324724493689,0.6901130609542234,0.6636718750770672,1.108434924936688,1.2110231911246079,1.1293168813080063,1.2186465903291286,0.7426396714640621,0.6564934050300103,,,,,,,,,,,,,,,,,0.9433458576992685,1.024147469707871,0.44327377019037545,0.22468290290911586,,,,,,,,
DK,Denmark,2024-Q4,2024,0,North,2.163907398502452,3.072229317440045,1.3058948616238988,2.0587888305665913,2.0167865900161157,2.038957979086713,1.943533358811,1.3662968681993601,1.5662471882653437,1.3439173604139472,1.6565019049418996,0.787114664895428,,,,,,,,,,,,,,,,,,,,,,,,,0.638587478645881,0.5699935588381176,0.5184536817667665,1.7546764059017212
EE,Estonia,2024-Q4,2024,0,East,2.986071360427411,-0.504479019330506,1.5804193975298864,0.5054556493734681,0.5588300423857937,0.5267205091606206,1.5878443219780936,0.9468906219042836,0.00953962613531334,0.40454112942116793,-0.2549294530391529,-0.7409846940145705,,,,,,,,,,,,,1.1249465368215632,1.1213933833218166,1.5107788781783031,1.9349004454974148,,,,,,,,,,,,
ES,Spain,2024-Q4,2024,1,South,3.570783404588429,2.830486036689162,2.0188682742956683,0.7060079044361808,0.7101619995087901,0.7045146372440059,2.156857212797543,1.7458925466830293,,,,,1.1521829524005287,1.3502257971104084,2.0303783690860393,2.365199070743637,,,,,,,,,,,,,,,,,0.4182043144579145,0.3170174434026928,1.8410131025810204,2.7534230593106885,,,,
FI,Finland,2024-Q4,2024,1,North,-1.0239586440004,-0.3927344133529576,-0.49981597999103056,0.7649465995721325,0.7648897804140029,0.7671629163977445,0.6878077590479778,0.959300402056101,,,,,0.15413811669826227,0.12637172459848472,0.6130266472338469,0.9245331168902097,,,,,,,,,,,,,,,,,,,,,1.1338739732255736,1.1311208606491827,0.9702962652974124,0.9633250666029886
FR,France,2024-Q4,2024,1,West,0.2058916693063129,1.559516231699543,-0.8690482094890789,0.3558030475224506,0.42929246041150193,0.3816234980223854,0.549568244303822,0.45484663061355685,,,,,0.4988743463158892,0.571495675732353,0.9968399562364701,0.9433719857810129,,,,,,,,,,,,,0.21969388835969783,0.3311560762444702,0.3460292612673181,0.36511869397029334,,,,,,,,
HR,Croatia,2024-Q4,2024,1,East,4.472952538900543,2.359135321217032,2.9407989454966694,0.6031891236037361,0.6775077936039464,0.6386139884661881,2.1828118491947106,2.1172243993373017,,,,,1.2271435624565605,1.5062121039959768,2.9078228902824876,2.6308981073876723,,,,,,,,,1.5190622560000326,1.5123981047217772,2.715567869509385,2.977973204952696,,,,,,,,,,,,
HU,Hungary,2024-Q4,2024,3,East,9.36015646828723,1.083162050177799,3.2939687283754173,0.5512386433012332,0.6342113154638274,0.5637011478620333,0.34350096678974085,0.5294555314921342,,,,,,,,,,,,,1.3327255090829266,1.1952504277521796,0.8383989398459908,1.7874546581840665,0.9893878947550591,0.9032349516944385,0.846022298961829,1.0242833714934285,,,,,,,,,,,,
IE,Ireland,2024-Q4,2024,2,East,0.9791019634679321,2.861262060552283,2.38965963391598,0.9283428817621723,0.8942500178664445,0.9095998404012571,2.098737006240866,2.7781148739609036,,,,,,,,,-0.33231322796966334,-0.1783320063333973,1.8439718796604716,1.4637706407078126,,,,,1.3574239511063904,1.3802168570829298,2.2614463247568737,1.5855845345496884,,,,,,,,,,,,
IT,Italy,2024-Q4,2024,1,South,-0.1762114537445014,0.7142857142857117,0.9390248814010542,0.8605091469048646,0.8114364277159509,0.8287038191979019,1.8426719347759202,1.1815755156638776,,,,,0.9735814242262217,0.9867446127442695,1.3927180126570156,1.5666695029974083,,,,,,,,,,,,,,,,,0.41952469500817147,0.3952421251524849,1.0650484838982286,1.0184720657275106,,,,
LT,Lithuania,2024-Q4,2024,3,East,2.359699148689987,1.021323875048075,2.1503337602994614,1.0270910229079648,1.0409394256443465,1.0322893052762427,1.76118366322165,1.582936813371857,,,,,,,,,,,,,0.9289591542831451,0.9335652937990949,1.8446802983363209,1.338118292319919,1.089275199140208,0.9900003003738834,1.9410724271181103,1.7094477392556091,,,,,,,,,,,,
LU,Luxembourg,2024-Q4,2024,0,West,-1.041095890410959,0.01847176897973313,-0.46208430149001833,-0.04005714185349385,0.0343933613858628,0.015186803403325122,0.1646528186493682,0.11639792459915496,0.5998950958671939,0.8848287120932921,0.5688582422114902,0.5251052658502333,,,,,,,,,,,,,,,,,0.3519314592384979,0.5360391249765557,-0.3197624421165759,0.1432128392265743,,,,,,,,
LV,Latvia,2024-Q4,2024,3,East,0.8618127786032659,3.391896008936746,1.3167634195312834,1.5153858690590254,1.5105874308340654,1.4701709521245607,1.588446780537408,2.091656356686338,,,,,,,,,,,,,2.166670301863444,2.1073151564420183,2.1208204614486177,1.5519768506789005,2.251288564777795,2.38298460960209,1.9930626845934318,1.8032644241633886,,,,,,,,,,,,
MT,Malta,2024-Q4,2024,2,South,1.437470052707246,1.54848224161237,1.69581307991864,-1.2009592510429798,-1.0561296406440284,-1.1409664185920483,-1.5704123861054695,-1.569201065219984,,,,,,,,,-2.783074078252344,-2.9646795976239453,-2.754166301074353,-2.473320964348585,,,,,,,,,,,,,-0.9098506973185339,-1.1948485901870245,-2.011637821217051,-2.64327854072872,,,,
NL,Netherlands,2024-Q4,2024,0,West,1.919441616984163,3.680509214106054,2.513039288657853,0.6823370534537578,0.728674986646063,0.7045166364513358,2.7392208538790985,2.344105259597255,1.0354271106426247,1.2142661686309046,1.5963195316327856,2.60334460390929,,,,,,,,,,,,,,,,,1.0148965808844392,1.225885428223643,0.7232100030681551,0.2230134458214607,,,,,,,,
PL,Poland,2024-Q4,2024,3,East,0.7323411292227577,1.592851592851585,3.426424124043609,0.7037304960136532,0.7851837488928721,0.7356166783015987,0.15718592018850822,0.5595958515142403,,,,,,,,,,,,,1.148549582014645,1.0822114280143098,0.6628534641081953,1.323734314960161,1.190458048457996,1.1176578755529676,0.4880108616139078,0.8922853067039973,,,,,,,,,,,,
PT,Portugal,2024-Q4,2024,1,South,4.824338085539726,3.692126483645919,2.3727514909912872,0.462276312370163,0.4952486645976901,0.47187522477613997,2.0213093037986973,2.727350593000683,,,,,1.0606346311827837,1.4291204384356053,2.2120683677497452,2.5669564949813517,,,,,,,,,,,,,,,,,0.03332789401393316,-0.1438903242738871,1.2608169357194665,1.191375511118717,,,,
RO,Romania,2024-Q4,2024,3,East,2.140692093963104,0.5159293176834945,0.960309120384889,-0.047046841260771854,0.05932760559600769,-0.014928135156385913,-0.02255387448776746,-0.5004680017680483,,,,,,,,,,,,,0.34130932593277175,0.3004012033745308,0.37286073601304565,0.6251678522354922,0.4926771334104828,0.3611710511101792,-0.08350475545596625,-0.29190078942626246,,,,,,,,,,,,
SE,Sweden,2024-Q4,2024,0,North,0.06785283474064485,0.6584424430485125,0.08335521034699178,1.5169480660729637,1.532887543469965,1.5419347257131117,0.6177085370565419,0.5710444260698279,0.5602456272571118,0.7276314371326636,0.3328614816172877,0.5378567356677021,,,,,,,,,,,,,,,,,,,,,,,,,1.345009941957802,1.4902895991628737,1.1065486166861136,1.0506084722493951
SI,Slovenia,2024-Q4,2024,0,East,-1.968791016479521,1.61851459688398,1.98210613517269,0.8202456015288224,0.8947565734859311,0.8485072396319093,1.2122740767111184,1.1468829983943183,0.7619887123284725,0.79362966697568,0.3696957647942349,0.16932168646060328,,,,,,,,,,,,,1.3561857971802787,1.3532213219277809,1.4649948293966164,1.761312059312809,,,,,,,,,,,,
SK,Slovakia,2024-Q4,2024,3,East,2.109350404029797,2.898712926692792,1.525597678462137,1.1956604488233948,1.1802950654141018,1.189347893398142,2.1436597266947808,1.7016087692762178,,,,,,,,,,,,,1.2669569717842124,1.2313314495154541,2.056285478173046,1.4323981735520792,1.5839466076649025,1.5821034620973449,2.2866602301195176,2.2069607613282187,,,,,,,,,,,,
AT,Austria,2025-Q1,2025,0,West,1.077677544348243,-1.150608611397086,0.296583905442932,0.6359251377166889,0.6988928732316476,0.6745554479392846,0.777857663799093,0.7099398868459864,0.8849387039682284,0.8951722152421226,0.5530910252072433,0.3197566429969194,,,,,,,,,,,,,,,,,0.5892616236520722,0.6103894559331764,0.36155582300800515,0.31661602389189103,,,,,,,,
BE,Belgium,2025-Q1,2025,0,West,-0.09784735812133905,0.7225843015018496,0.6999428278381625,0.23063203741313665,0.33284325583568075,0.2987058369018899,0.9375524823608982,0.46386201196892063,0.9103419809420825,1.0338438115952466,0.8503871828829913,0.4728921497723054,,,,,,,,,,,,,,,,,0.6101978364168393,0.762762797123999,0.5703638317133026,0.46399549210096613,,,,,,,,
BG,Bulgaria,2025-Q1,2025,1,East,3.830772468953891,2.744355819927002,4.297179838888282,1.8549212218715008,1.833940458961824,1.831397750070498,2.2979265641659805,2.3219090156858933,,,,,1.8497856579320824,1.6368108801502292,1.2971375092901658,2.103296536053981,,,,,,,,,1.9599053080218127,1.9254263838828796,1.9264816987771098,2.0852634997422346,,,,,,,,,,,,
CY,Cyprus,2025-Q1,2025,3,South,-1.866169021594233,-1.744344508040341,1.1328119045351825,0.6325101224409397,0.6873353478190852,0.6297057542455958,0.8753946228592698,-2.0833271542153917,,,,,,,,,,,,,1.0823515454368335,1.1525406209095195,0.9916172460735057,-2.5239287519759004,,,,,,,,,1.131073303528941,0.7796528877734741,1.4649230537715372,-0.046580647215669874,,,,
CZ,Czechia,2025-Q1,2025,0,East,3.140916808149408,2.447708055184683,2.046435166122002,1.3759398108651872,1.374183795835053,1.3688027478906302,1.3267023867893462,1.5670876293976974,1.3386648723465706,1.034441508031454,1.2852017278363017,1.1261313326682498,,,,,,,,,,,,,1.4632222669741384,1.390363450150203,1.161916081373281,1.3267930507784553,,,,,,,,,,,,
DE,Germany,2025-Q1,2025,0,West,0.994035785288272,0.1342281879194607,0.47701055464759434,1.0085648344470277,1.0243820062366866,1.0216351366451748,0.9836677410151605,0.9482178767839917,1.1191699272393136,0.9928456804701984,0.44715262279691237,-0.04528186902983988,,,,,,,,,,,,,,,,,1.0875926098841389,1.0744650326430332,0.4444972126352592,0.5403088575989483,,,,,,,,
DK,Denmark,2025-Q1,2025,0,North,1.802044109736411,0.2065120121153674,0.960984876675627,1.3871825753090912,1.4211569243575735,1.4218940785467973,1.7052865777209947,1.577990719638254,1.4406781017320407,1.3965658712197997,1.1523880832473665,1.2070846237159356,,,,,,,,,,,,,,,,,,,,,,,,,1.690080537295182,1.8113688085793007,1.8182258114437115,1.9207860398569019
EE,Estonia,2025-Q1,2025,0,East,3.63131079203336,-0.6586741221627279,0.8937091036481353,0.06786651324549153,0.09003411564221686,0.08139241486395232,0.37245543527275443,-0.09838104432418557,-0.10289933786425887,0.1245229441449045,0.38239077535691773,-0.014378820679949,,,,,,,,,,,,,0.09562454934738485,-0.06339959636008907,0.4342243914365842,-0.03440207363687415,,,,,,,,,,,,
ES,Spain,2025-Q1,2025,1,South,4.005813953488357,1.8084845512506,2.7281569194085584,1.0020528831079885,1.0207498890936222,1.0268807500106198,1.817611844026609,1.659963198190377,,,,,1.0480753212134029,0.9910553360997361,1.749262290814818,1.6644861204031218,,,,,,,,,,,,,,,,,0.6010256257493883,0.5845689453043361,1.0194174434690209,1.21067857725658,,,,
FI,Finland,2025-Q1,2025,1,North,0.9441542788268364,-0.8477082306554973,-0.46297480270175984,-0.0968830722661167,0.010486402663885674,-0.0309348553264317,-0.3078982168815315,-0.6389872435722377,,,,,-0.1919522979035222,-0.13491653796412406,0.3472699040933556,0.24972897167929164,,,,,,,,,,,,,,,,,,,,,0.8512987173569864,0.5507886338730832,0.7680111334117168,1.0010659745667587
FR,France,2025-Q1,2025,1,West,0.0,-1.06549670949545,-0.47001595964176734,0.7547803669694086,0.8017790451616981,0.7791725170958284,0.9990904802661548,0.9544499751978993,,,,,0.5136971485869742,0.3469646622962585,0.8162168026688609,0.7578293624592869,,,,,,,,,,,,,0.479722183432131,0.6148440109871876,0.5781018728679913,0.7849272080840985,,,,,,,,
HR,Croatia,2025-Q1,2025,1,East,4.421514613876187,1.394727731341794,2.4357410815638354,0.7045727372846058,0.6680901437690447,0.6730779763195109,1.7754558641529499,1.8087069882748616,,,,,0.789690205662998,0.8925903602346188,2.4724147300719053,3.8919453761420826,,,,,,,,,0.9492310140205183,0.8790116663545007,1.621617004439366,1.6678354515769611,,,,,,,,,,,,
HU,Hungary,2025-Q1,2025,3,East,3.264634077102135,3.963463835006298,3.8666855472671062,1.0789815817456725,1.1299189980727478,1.0622117756443554,0.4914561028672221,1.784905573593813,,,,,,,,,,,,,1.5794082353526373,1.2839558628645682,1.1088345700336975,2.1677478841913747,1.4490398872069528,1.2692466410304593,0.8216376571456983,1.5903193126605182,,,,,,,,,,,,
IE,Ireland,2025-Q1,2025,2,East,1.308450190272636,2.409703504043126,2.2663316145538124,1.6772768966218696,1.6953160579935855,1.6989138054046191,3.257688398528642,3.2047385563210873,,,,,,,,,0.5932942925668432,0.5477521331210531,2.120506098773666,2.5978249929570016,,,,,1.5611513399813561,1.482171308545681,2.8365949978564022,3.389437146366967,,,,,,,,,,,,
IT,Italy,2025-Q1,2025,1,South,2.736098852603708,0.6205673758865382,1.0941667253726888,0.6841570849360967,0.73229255627663,0.7120235942194132,0.6675151358804612,0.5209124595919884,,,,,0.5747938903125626,0.46598110973921014,0.6435241997035841,0.7327680407798428,,,,,,,,,,,,,,,,,0.4417522019155035,0.3894872452124785,0.8367289743930897,1.0116864107907397,,,,
LT,Lithuania,2025-Q1,2025,3,East,2.761516411643594,2.360406091370559,2.3662699596330055,1.0799489351493692,1.0376599283347352,1.048452983994661,1.1816662561227873,1.4022040886015725,,,,,,,,,,,,,0.7125440730594053,0.7385500965172414,1.9021367907689901,1.7359394939398263,1.1880003704411783,1.1054170332934896,1.699048083173841,1.5132760383306456,,,,,,,,,,,,
LU,Luxembourg,2025-Q1,2025,0,West,4.435831180017225,1.114257572026589,0.3541794631937679,0.9164653539134574,0.9756287144579266,0.9122788491270619,0.6821348358532622,1.6527352513910651,1.248917592758001,0.9246359266584364,1.1254159595609137,1.9769051387276515,,,,,,,,,,,,,,,,,1.1188532015195438,0.6593421718354779,0.65882401559877,1.5477533688558198,,,,,,,,
LV,Latvia,2025-Q1,2025,3,East,2.961107837360055,-0.8447107356841177,1.7930663517582963,1.0233167411803332,1.0614261428595397,1.0626160215865892,1.5868254341921422,1.2990675620903223,,,,,,,,,,,,,1.0300543339964296,0.9648242319984401,1.0356115627281557,1.4376682812354145,0.9281536486557502,0.7813333022510976,0.8054064888187744,1.5694010627229327,,,,,,,,,,,,
MT,Malta,2025-Q1,2025,2,South,1.464336324988191,1.028682076727594,1.5420069632840818,1.1082187002092483,1.09736630171263,1.085676955059372,1.312692740684871,1.4147896288571995,,,,,,,,,-0.18895562540980593,-0.17899593572552974,1.3529583104115301,2.7839830935450465,,,,,,,,,,,,,1.2267181461486654,1.4289979414778315,0.7626888794939436,-0.020630596354875297,,,,
NL,Netherlands,2025-Q1,2025,0,West,1.46478337375755,2.1437766115457,2.617077039488625,1.1819437434351137,1.2353360412171412,1.1980730745076593,2.047083431986494,2.222592162266004,1.6933261695580069,1.4409218897969014,1.254751151357639,1.5439536996001157,,,,,,,,,,,,,,,,,1.6658523008335293,1.5544316020249296,0.9302167811409451,1.1214145504344355,,,,,,,,
PL,Poland,2025-Q1,2025,3,East,1.15384615384615,1.171128107074582,2.5107634561490846,0.6122115241559118,0.6559085895947183,0.6173366787870018,-0.18659489503499166,-0.03722286493179956,,,,,,,,,,,,,0.9574835462874031,0.8337629345954,-0.052058540061219294,0.39633476181255545,0.9361410299420757,0.7717680516046941,0.09467190913656451,-0.005080889522901666,,,,,,,,,,,,
PT,Portugal,2025-Q1,2025,1,South,4.748026715239817,2.966490453929849,2.7798096378582438,1.5746882135093814,1.6202858786300096,1.609258167202217,2.068762786866407,2.021848241350373,,,,,1.6192764075109958,1.4746131897018475,2.049956577440178,2.792391914633502,,,,,,,,,,,,,,,,,0.9763648224405854,0.9554588838341722,2.1360354756751465,2.8009872763140375,,,,
RO,Romania,2025-Q1,2025,3,East,0.3894899536321494,1.60400359296804,0.9846935674870552,-0.1060409442798711,-0.038303359593391484,-0.0938278904202372,-0.062385744894992406,-0.4028833957454716,,,,,,,,,,,,,0.13624390875881076,0.13090129565400122,0.06639320630725286,0.3653375549962513,0.3780746534888273,0.21711226543900586,-0.16402936889081696,-0.6544829433521251,,,,,,,,,,,,
SE,Sweden,2025-Q1,2025,0,North,0.2109545694266579,-0.2706766917293324,0.5850246996573274,1.1108441380927738,1.1650526587557046,1.145349922582519,0.8656934967361396,0.7096133856398588,0.7087647544058667,0.793183565825449,0.4119760687853443,0.46772711992074456,,,,,,,,,,,,,,,,,,,,,,,,,0.9255379080698592,0.6206719616155325,0.6847113833790082,1.390905435597999
SI,Slovenia,2025-Q1,2025,0,East,3.793513835168105,2.069068175052102,1.8473042689373276,1.3137591507223187,1.2843966754467109,1.2858206917301818,1.4400054531979969,1.4379202429696734,1.1209273857749036,0.923388353060427,0.4114161650025472,0.34075173677668,,,,,,,,,,,,,1.4040330268467411,1.2795864188682002,1.8429356500662826,1.7311756802232714,,,,,,,,,,,,
SK,Slovakia,2025-Q1,2025,3,East,2.183967112024665,3.643680661300852,1.9515293911314564,1.0328678942691625,1.0635933751652564,1.0522928806672645,2.1633247384594063,1.2857555679724335,,,,,,,,,,,,,0.9143744390201627,0.8713503959738553,1.4109212606608894,0.7722599381605413,1.3753479555280905,1.2567655329244538,2.072991467435489,1.5352464743760812,,,,,,,,,,,,
AT,Austria,2025-Q2,2025,0,West,1.611260856543884,1.188507014641904,0.8818147483227401,-0.14734714809257032,-0.05442196171735336,-0.10887458757335011,0.6690875646052816,0.4853274199275471,0.5357225177002161,0.7525993311433898,0.18249647198804786,-0.056752777919093916,,,,,,,,,,,,,,,,,0.156615120916473,0.334776103162282,0.4930686288903821,0.47361191031744626,,,,,,,,
BE,Belgium,2025-Q2,2025,0,West,2.413600111935077,0.633000422000296,0.6629369310240885,0.05863246545402945,0.1652804290896358,0.11129583206986882,0.4821858628262708,0.14354142486376748,0.6855659536509129,0.9202381233786209,0.4467167378027217,-0.47338610016572363,,,,,,,,,,,,,,,,,0.3507157567802104,0.5205842955004815,0.4741231476347963,0.38790904937769527,,,,,,,,
BG,Bulgaria,2025-Q2,2025,1,East,3.794851003446165,4.188596491228069,3.575473271270985,1.552661554349816,1.5532480405265379,1.5377205267866851,2.3936379564263026,2.7128082481820206,,,,,1.6776749758079226,1.663478450115547,1.233255564763783,1.6919478429414008,,,,,,,,,2.354338629413601,2.3830690324148156,2.1997994916298858,2.790983349319225,,,,,,,,,,,,
CY,Cyprus,2025-Q2,2025,3,South,-0.2580820429231134,4.049930651872402,1.1415259053783344,2.4745211014762356,2.37872887356422,2.361705913773073,1.8861056476020588,2.694895141395612,,,,,,,,,,,,,2.33337466777944,2.102363844524396,2.427142589273375,3.0824923964359,,,,,,,,,1.8172555304934217,1.7984787718519821,2.0399047223667606,2.5798978823438463,,,,
CZ,Czechia,2025-Q2,2025,0,East,2.469135802469147,2.345786272806261,2.3973659547663346,1.1356425987263954,1.112396905642341,1.1309317200441233,0.7429150008301544,1.0941509276823218,1.2210444153909128,1.0068253968455199,1.0582414592761935,1.264618558539012,,,,,,,,,,,,,1.4521956337847732,1.429245237956755,0.965303174568067,1.016891456870516,,,,,,,,,,,,
DE,Germany,2025-Q2,2025,0,West,0.9842519685039353,1.139410187667567,0.8643221179579275,1.2633783197612618,1.2817631874017459,1.2557752710457437,1.1897541230719295,1.138055845075426,0.9928971550370392,0.8936690662229194,0.32713120126555867,0.08197020470734212,,,,,,,,,,,,,,,,,1.0375129432179173,1.0501204757761742,0.6781994946983787,-0.05542480472107879,,,,,,,,
DK,Denmark,2025-Q2,2025,0,North,2.476882430647298,2.163907398502452,2.1436272046985003,1.2848473706186534,1.2900647290435014,1.2935589504228273,0.9938127127931138,0.9400092015528475,1.0249500228910042,1.0923541967135164,0.9564714364817746,0.48596286042774967,,,,,,,,,,,,,,,,,,,,,,,,,0.7347941744540532,0.7636898201461428,-0.006102054491222786,1.0440486306471903
EE,Estonia,2025-Q2,2025,0,East,-0.7866273352999054,2.986071360427411,1.1486261532411528,0.5016664134178499,0.6104717981336747,0.5388774320811287,0.6118598976062513,0.7082796809782216,-0.01978066492196917,0.11789178164780711,-0.011117920618914152,-0.008594967778635536,,,,,,,,,,,,,1.387112265886306,1.395308693796319,1.475041909366187,1.132182103762884,,,,,,,,,,,,
ES,Spain,2025-Q2,2025,1,South,2.89004416121641,3.570783404588429,2.9419149310867425,0.6381266950971047,0.6783547779845489,0.6605005114964149,1.4554158183706682,1.0045669113506506,,,,,1.0201790926297964,1.131236600771882,1.173403517369984,1.2775143136525766,,,,,,,,,,,,,,,,,0.33958219448012555,0.31772868453202374,1.0878650467985556,0.951358563810217,,,,
FI,Finland,2025-Q2,2025,1,North,-2.208955223880593,-1.0239586440004,-0.4798934254504921,-0.10474298111369329,0.0007977792734106259,-0.05328893847946081,0.3391949222377622,-0.1273890886661378,,,,,-0.2996019354743067,-0.14530934847241905,-0.14886109533453237,-0.20630466913150014,,,,,,,,,,,,,,,,,,,,,0.1877644563517118,-0.08679723204904799,0.20181967573654297,-0.6326403428899029
FR,France,2025-Q2,2025,1,West,1.580527896317352,0.2058916693063129,0.11940460003702091,0.6533849275039022,0.6637957763345879,0.6516152201301154,0.808927634751207,0.845696771620588,,,,,0.3101340699325602,0.1341284061093409,0.7969166647973575,0.8719784586962008,,,,,,,,,,,,,0.2649665393878905,0.2815081577680578,0.14824087995588545,0.13168921923558902,,,,,,,,
HR,Croatia,2025-Q2,2025,1,East,2.87055667337357,4.472952538900543,3.128453013539833,1.1794950681830243,1.2076399265786304,1.1928266113368478,1.1163917442463596,1.2436609791859707,,,,,1.3134658409465314,1.3004584654916975,1.631570864816443,2.196373506214499,,,,,,,,,1.5897867345972476,1.5661577591665843,1.7354578898131694,1.2105909138349429,,,,,,,,,,,,
HU,Hungary,2025-Q2,2025,3,East,3.142181658236209,9.36015646828723,4.0601825812911825,1.3136116134308224,1.3559088146719045,1.3144326972653584,-0.4934784317870075,1.149803522461804,,,,,,,,,,,,,1.1119206348341217,0.8319385673495244,0.5173390990073379,1.4799648041396396,2.160131452926862,2.018263747588538,0.846799694688609,0.01876944903844168,,,,,,,,,,,,
IE,Ireland,2025-Q2,2025,2,East,2.634557991149533,0.9791019634679321,1.9339293749815079,1.628406980627481,1.5769979927446949,1.602252773364957,2.554153811048369,3.4614693210499867,,,,,,,,,0.050915154686036135,0.2554350040903435,2.522938393156887,2.63392048673037,,,,,1.5654125904170741,1.4977959054148826,2.1764026004263544,2.6439389655886987,,,,,,,,,,,,
IT,Italy,2025-Q2,2025,1,South,0.6013745704467333,-0.1762114537445014,1.0961120220101623,0.483294957665674,0.5156812504672545,0.48853828665581567,0.5093176050878236,0.20397101317528474,,,,,0.3533110873783083,0.27595658802120293,0.7716334312959081,0.9117119596129732,,,,,,,,,,,,,,,,,0.3710080598771027,0.33818687420911775,0.9939709989475418,0.6082230416678045,,,,
LT,Lithuania,2025-Q2,2025,3,East,2.93874985266962,2.359699148689987,2.1281548194007853,0.2730668007164597,0.3545609275826692,0.3388649546731596,1.776207084115199,1.2525128131579966,,,,,,,,,,,,,0.14126394963294464,0.29695519275593474,1.83935967705657,0.9982856826509745,1.1497720436567354,1.1261239627887032,1.9987935107978152,1.4507331190467025,,,,,,,,,,,,
LU,Luxembourg,2025-Q2,2025,0,West,-3.139911634756998,-1.041095890410959,0.25752613766437904,0.9513781050984008,0.9400616862616695,0.9361179290183946,0.9245616725580299,0.9680386175808873,0.8763311922241463,0.9601366607690602,0.701611882780735,-0.1614822644241256,,,,,,,,,,,,,,,,,0.6544715989510959,0.6678537871889301,0.6629316368555704,0.602865249107649,,,,,,,,
LV,Latvia,2025-Q2,2025,3,East,5.246339485858731,0.8618127786032659,1.3441206944903277,0.5692388200560508,0.6641543930950544,0.5845343344904501,0.673217585922833,0.6205029547104074,,,,,,,,,,,,,0.9596790381706688,0.9694638712815076,1.8121467754818505,1.590139256721801,1.2758319679160668,1.1859160285146655,1.0837696674199793,1.299670308768556,,,,,,,,,,,,
MT,Malta,2025-Q2,2025,2,South,1.623603351955305,1.437470052707246,1.434962505750931,2.8391490302126705,2.7021342113488407,2.7688985296696216,1.5752682337074735,2.369175404971649,,,,,,,,,3.2158415568046386,3.18920180826618,3.6141807085247137,4.556610576942203,,,,,,,,,,,,,2.0399652067431044,2.404728799193285,1.8119347574144369,1.9338433396780896,,,,
NL,Netherlands,2025-Q2,2025,0,West,1.99671900632763,1.919441616984163,2.586376902003057,1.6895345266422186,1.6735788084817043,1.676911650430513,1.7706868827553914,2.2265329870798003,1.3749208294817303,1.1866588724136151,0.9282726557331716,0.8340940769628836,,,,,,,,,,,,,,,,,1.529315054071418,1.4093678494736306,0.9263196767033209,0.9706993605918217,,,,,,,,
PL,Poland,2025-Q2,2025,3,East,0.8717425577297488,0.7323411292227577,1.6089332366813538,0.7079640078884641,0.6593230266881565,0.6656590177278032,0.23903071095782655,0.6058411830478359,,,,,,,,,,,,,0.9854677088388635,0.9757496056808824,0.3777884727901134,1.0618847870362293,1.0768309814295627,1.0985536824748516,0.2583842031071884,-0.16195144649460427,,,,,,,,,,,,
PT,Portugal,2025-Q2,2025,1,South,4.084550583507252,4.824338085539726,3.8462624084030232,1.7649342168811177,1.7175342136905085,1.7307484542339777,2.1571787762039816,1.9559256519600265,,,,,1.7707948796987765,1.6366921443405804,1.7371137577327131,1.9382629521823174,,,,,,,,,,,,,,,,,1.0771846769959768,1.1668626932044825,-0.2341604330589557,-0.03765592745185387,,,,
RO,Romania,2025-Q2,2025,3,East,2.315556102968341,2.140692093963104,1.1948074893229856,-0.3445812281349465,-0.21637583151620632,-0.27960255498707953,-0.6804608535565441,-0.8363961172879489,,,,,,,,,,,,,0.11010013930967788,0.1262237594503015,-0.16907227034276437,0.28381651921543116,0.447128625357192,0.29979994388150033,-0.20226059581980077,-0.06278025164615456,,,,,,,,,,,,
SE,Sweden,2025-Q2,2025,0,North,0.4962032929854976,0.06785283474064485,0.4650174630920825,0.8636528557177686,0.9425335988682929,0.8891445146349397,0.6360935316123286,0.558444833639191,0.2752450383104197,0.5955084271555217,0.5105429638749214,0.23369961932481018,,,,,,,,,,,,,,,,,,,,,,,,,0.05191140106618641,-0.11952533964063305,-0.1306906548908369,-0.6069221511557021
SI,Slovenia,2025-Q2,2025,0,East,-1.089293392575608,-1.968791016479521,0.7993766126259099,1.0542305478033784,1.0795924740857923,1.0526277534758177,1.5149686900938357,1.738208958969168,0.9964709798732032,0.9600029748933536,0.49694180048873693,0.857477197497823,,,,,,,,,,,,,1.2783614124983305,1.216352204977319,1.5425853501824591,1.3380200042794514,,,,,,,,,,,,
SK,Slovakia,2025-Q2,2025,3,East,4.862962031682172,2.109350404029797,2.910731514114439,0.7497350475343936,0.8257215821280399,0.7853358245528206,1.7869530862997673,1.300986932997419,,,,,,,,,,,,,0.8849514828458811,0.8867402541236251,1.5880527360399133,1.04458693026619,1.5126118129824648,1.4198963503327224,2.1815221694653846,1.5638866221279775,,,,,,,,,,,,
