DATAFLOW,LAST UPDATE,freq,int_rt,geo,TIME_PERIOD,OBS_VALUE,OBS_FLAG,CONF_STATUS
ESTAT:IRT_LT_MCBY_Q(1.0),25/02/26 23:00:00,Quarterly,EMU convergence criterion bond yields,Austria,1985-Q1,8.02000,,
ESTAT:IRT_LT_MCBY_Q(1.0),25/02/26 23:00:00,Quarterly,EMU convergence criterion bond yields,Austria,1985-Q2,7.98667,,
ESTAT:IRT_LT_MCBY_Q(1.0),25/02/26 23:00:00,Quarterly,EMU convergence criterion bond yields,Austria,1985-Q3,7.56333,,
ESTAT:IRT_LT_MCBY_Q(1.0),25/02/26 23:00:00,Quarterly,EMU convergence criterion bond yields,Austria,1985-Q4,7.51000,,
ESTAT:IRT_LT_MCBY_Q(1.0),25/02/26 23:00:00,Quarterly,EMU convergence criterion bond yields,Austria,1986-Q1,7.73000,,
ESTAT:IRT_LT_MCBY_Q(1.0),25/02/26 23:00:00,Quarterly,EMU convergence criterion bond yields,Austria,1986-Q2,7.35000,,
ESTAT:IRT_LT_MCBY_Q(1.0),25/02/26 23:00:00,Quarterly,EMU convergence criterion bond yields,Austria,1986-Q3,7.26333,,
ESTAT:IRT_LT_MCBY_Q(1.0),25/02/26 23:00:00,Quarterly,EMU convergence criterion bond yields,Austria,1986-Q4,7.41000,,
ESTAT:IRT_LT_MCBY_Q(1.0),25/02/26 23:00:00,Quarterly,EMU convergence criterion bond yields,Austria,1987-Q1,7.17333,,
ESTAT:IRT_LT_MCBY_Q(1.0),25/02/26 23:00:00,Quarterly,EMU convergence criterion bond yields,Austria,1987-Q2,6.77000,,
ESTAT:IRT_LT_MCBY_Q(1.0),25/02/26 23:00:00,Quarterly,EMU convergence criterion bond yields,Austria,1987-Q3,6.93333,,
ESTAT:IRT_LT_MCBY_Q(1.0),25/02/26 23:00:00,Quarterly,EMU convergence criterion bond yields,Austria,1987-Q4,7.15333,,
ESTAT:IRT_LT_MCBY_Q(1.0),25/02/26 23:00:00,Quarterly,EMU convergence criterion bond yields,Austria,1988-Q1,6.89667,,
ESTAT:IRT_LT_MCBY_Q(1.0),25/02/26 23:00:00,Quarterly,EMU convergence criterion bond yields,Austria,1988-Q2,6.84333,,
ESTAT:IRT_LT_MCBY_Q(1.0),25/02/26 23:00:00,Quarterly,EMU convergence criterion bond yields,Austria,1988-Q3,6.99333,,
ESTAT:IRT_LT_MCBY_Q(1.0),25/02/26 23:00:00,Quarterly,EMU convergence criterion bond yields,Austria,1988-Q4,6.70667,,
ESTAT:IRT_LT_MCBY_Q(1.0),25/02/26 23:00:00,Quarterly,EMU convergence criterion bond yields,Austria,1989-Q1,6.80333,,
ESTAT:IRT_LT_MCBY_Q(1.0),25/02/26 23:00:00,Quarterly,EMU convergence criterion bond yields,Austria,1989-Q2,7.11333,,
ESTAT:IRT_LT_MCBY_Q(1.0),25/02/26 23:00:00,Quarterly,EMU convergence criterion bond yields,Austria,1989-Q3,7.12667,,
ESTAT:IRT_LT_MCBY_Q(1.0),25/02/26 23:00:00,Quarterly,EMU convergence criterion bond yields,Austria,1989-Q4,7.57000,,
ESTAT:IRT_LT_MCBY_Q(1.0),25/02/26 23:00:00,Quarterly,EMU convergence criterion bond yields,Austria,1990-Q1,8.49667,,
ESTAT:IRT_LT_MCBY_Q(1.0),25/02/26 23:00:00,Quarterly,EMU convergence criterion bond yields,Austria,1990-Q2,8.81667,,
ESTAT:IRT_LT_MCBY_Q(1.0),25/02/26 23:00:00,Quarterly,EMU convergence criterion bond yields,Austria,1990-Q3,8.84333,,
ESTAT:IRT_LT_MCBY_Q(1.0),25/02/26 23:00:00,Quarterly,EMU convergence criterion bond yields,Austria,1990-Q4,8.90333,,
ESTAT:IRT_LT_MCBY_Q(1.0),25/02/26 23:00:00,Quarterly,EMU convergence criterion bond yields,Austria,1991-Q1,8.62333,,
ESTAT:IRT_LT_MCBY_Q(1.0),25/02/26 23:00:00,Quarterly,EMU convergence criterion bond yields,Austria,1991-Q2,8.46333,,
ESTAT:IRT_LT_MCBY_Q(1.0),25/02/26 23:00:00,Quarterly,EMU convergence criterion bond yields,Austria,1991-Q3,8.61667,,
ESTAT:IRT_LT_MCBY_Q(1.0),25/02/26 23:00:00,Quarterly,EMU convergence criterion bond yields,Austria,1991-Q4,8.53333,,
ESTAT:IRT_LT_MCBY_Q(1.0),25/02/26 23:00:00,Quarterly,EMU convergence criterion bond yields,Austria,1992-Q1,8.26333,,
ESTAT:IRT_LT_MCBY_Q(1.0),25/02/26 23:00:00,Quarterly,EMU convergence criterion bond yields,Austria,1992-Q2,8.34333,,
ESTAT:IRT_LT_MCBY_Q(1.0),25/02/26 23:00:00,Quarterly,EMU convergence criterion bond yields,Austria,1992-Q3,8.36333,,
ESTAT:IRT_LT_MCBY_Q(1.0),25/02/26 23:00:00,Quarterly,EMU convergence criterion bond yields,Austria,1992-Q4,7.64667,,
ESTAT:IRT_LT_MCBY_Q(1.0),25/02/26 23:00:00,Quarterly,EMU convergence criterion bond yields,Austria,1993-Q1,7.07000,,
ESTAT:IRT_LT_MCBY_Q(1.0),25/02/26 23:00:00,Quarterly,EMU convergence criterion bond yields,Austria,1993-Q2,6.99000,,
ESTAT:IRT_LT_MCBY_Q(1.0),25/02/26 23:00:00,Quarterly,EMU convergence criterion bond yields,Austria,1993-Q3,6.60000,,
ESTAT:IRT_LT_MCBY_Q(1.0),25/02/26 23:00:00,Quarterly,EMU convergence criterion bond yields,Austria,1993-Q4,6.16000,,
ESTAT:IRT_LT_MCBY_Q(1.0),25/02/26 23:00:00,Quarterly,EMU convergence criterion bond yields,Austria,1994-Q1,6.11000,,
ESTAT:IRT_LT_MCBY_Q(1.0),25/02/26 23:00:00,Quarterly,EMU convergence criterion bond yields,Austria,1994-Q2,7.02000,,
ESTAT:IRT_LT_MCBY_Q(1.0),25/02/26 23:00:00,Quarterly,EMU convergence criterion bond yields,Austria,1994-Q3,7.30000,,
ESTAT:IRT_LT_MCBY_Q(1.0),25/02/26 23:00:00,Quarterly,EMU convergence criterion bond yields,Austria,1994-Q4,7.68000,,
ESTAT:IRT_LT_MCBY_Q(1.0),25/02/26 23:00:00,Quarterly,EMU convergence criterion bond yields,Austria,1995-Q1,7.63000,,
ESTAT:IRT_LT_MCBY_Q(1.0),25/02/26 23:00:00,Quarterly,EMU convergence criterion bond yields,Austria,1995-Q2,7.18000,,
ESTAT:IRT_LT_MCBY_Q(1.0),25/02/26 23:00:00,Quarterly,EMU convergence criterion bond yields,Austria,1995-Q3,7.00000,,
ESTAT:IRT_LT_MCBY_Q(1.0),25/02/26 23:00:00,Quarterly,EMU convergence criterion bond yields,Austria,1995-Q4,6.73000,,
ESTAT:IRT_LT_MCBY_Q(1.0),25/02/26 23:00:00,Quarterly,EMU convergence criterion bond yields,Austria,1996-Q1,6.40000,,
ESTAT:IRT_LT_MCBY_Q(1.0),25/02/26 23:00:00,Quarterly,EMU convergence criterion bond yields,Austria,1996-Q2,6.51000,,
ESTAT:IRT_LT_MCBY_Q(1.0),25/02/26 23:00:00,Quarterly,EMU convergence criterion bond yields,Austria,1996-Q3,6.43000,,
ESTAT:IRT_LT_MCBY_Q(1.0),25/02/26 23:00:00,Quarterly,EMU convergence criterion bond yields,Austria,1996-Q4,5.95000,,
ESTAT:IRT_LT_MCBY_Q(1.0),25/02/26 23:00:00,Quarterly,EMU convergence criterion bond yields,Austria,1997-Q1,5.71000,,
ESTAT:IRT_LT_MCBY_Q(1.0),25/02/26 23:00:00,Quarterly,EMU convergence criterion bond yields,Austria,1997-Q2,5.82000,,
ESTAT:IRT_LT_MCBY_Q(1.0),25/02/26 23:00:00,Quarterly,EMU convergence criterion bond yields,Austria,1997-Q3,5.65000,,
ESTAT:IRT_LT_MCBY_Q(1.0),25/02/26 23:00:00,Quarterly,EMU convergence criterion bond yields,Austria,1997-Q4,5.55000,,
ESTAT:IRT_LT_MCBY_Q(1.0),25/02/26 23:00:00,Quarterly,EMU convergence criterion bond yields,Austria,1998-Q1,5.08000,,
ESTAT:IRT_LT_MCBY_Q(1.0),25/02/26 23:00:00,Quarterly,EMU convergence criterion bond yields,Austria,1998-Q2,4.96000,,
ESTAT:IRT_LT_MCBY_Q(1.0),25/02/26 23:00:00,Quarterly,EMU convergence criterion bond yields,Austria,1998-Q3,4.59000,,
ESTAT:IRT_LT_MCBY_Q(1.0),25/02/26 23:00:00,Quarterly,EMU convergence criterion bond yields,Austria,1998-Q4,4.23000,,
ESTAT:IRT_LT_MCBY_Q(1.0),25/02/26 23:00:00,Quarterly,EMU convergence criterion bond yields,Austria,1999-Q1,4.00000,,
ESTAT:IRT_LT_MCBY_Q(1.0),25/02/26 23:00:00,Quarterly,EMU convergence criterion bond yields,Austria,1999-Q2,4.26000,,
ESTAT:IRT_LT_MCBY_Q(1.0),25/02/26 23:00:00,Quarterly,EMU convergence criterion bond yields,Austria,1999-Q3,5.08000,,
ESTAT:IRT_LT_MCBY_Q(1.0),25/02/26 23:00:00,Quarterly,EMU convergence criterion bond yields,Austria,1999-Q4,5.38000,,
ESTAT:IRT_LT_MCBY_Q(1.0),25/02/26 23:00:00,Quarterly,EMU convergence criterion bond yields,Austria,2000-Q1,5.70000,,
ESTAT:IRT_LT_MCBY_Q(1.0),25/02/26 23:00:00,Quarterly,EMU convergence criterion bond yields,Austria,2000-Q2,5.56000,,
ESTAT:IRT_LT_MCBY_Q(1.0),25/02/26 23:00:00,Quarterly,EMU convergence criterion bond yields,Austria,2000-Q3,5.57000,,
ESTAT:IRT_LT_MCBY_Q(1.0),25/02/26 23:00:00,Quarterly,EMU convergence criterion bond yields,Austria,2000-Q4,5.39000,,
ESTAT:IRT_LT_MCBY_Q(1.0),25/02/26 23:00:00,Quarterly,EMU convergence criterion bond yields,Austria,2001-Q1,5.07000,,
ESTAT:IRT_LT_MCBY_Q(1.0),25/02/26 23:00:00,Quarterly,EMU convergence criterion bond yields,Austria,2001-Q2,5.26000,,
ESTAT:IRT_LT_MCBY_Q(1.0),25/02/26 23:00:00,Quarterly,EMU convergence criterion bond yields,Austria,2001-Q3,5.16000,,
ESTAT:IRT_LT_MCBY_Q(1.0),25/02/26 23:00:00,Quarterly,EMU convergence criterion bond yields,Austria,2001-Q4,4.84000,,
ESTAT:IRT_LT_MCBY_Q(1.0),25/02/26 23:00:00,Quarterly,EMU convergence criterion bond yields,Austria,2002-Q1,5.18000,,
ESTAT:IRT_LT_MCBY_Q(1.0),25/02/26 23:00:00,Quarterly,EMU convergence criterion bond yields,Austria,2002-Q2,5.31000,,
ESTAT:IRT_LT_MCBY_Q(1.0),25/02/26 23:00:00,Quarterly,EMU convergence criterion bond yields,Austria,2002-Q3,4.80000,,
ESTAT:IRT_LT_MCBY_Q(1.0),25/02/26 23:00:00,Quarterly,EMU convergence criterion bond yields,Austria,2002-Q4,4.56000,,
ESTAT:IRT_LT_MCBY_Q(1.0),25/02/26 23:00:00,Quarterly,EMU convergence criterion bond yields,Austria,2003-Q1,4.09000,,
ESTAT:IRT_LT_MCBY_Q(1.0),25/02/26 23:00:00,Quarterly,EMU convergence criterion bond yields,Austria,2003-Q2,3.92000,,
ESTAT:IRT_LT_MCBY_Q(1.0),25/02/26 23:00:00,Quarterly,EMU convergence criterion bond yields,Austria,2003-Q3,4.17000,,
ESTAT:IRT_LT_MCBY_Q(1.0),25/02/26 23:00:00,Quarterly,EMU convergence criterion bond yields,Austria,2003-Q4,4.38000,,
ESTAT:IRT_LT_MCBY_Q(1.0),25/02/26 23:00:00,Quarterly,EMU convergence criterion bond yields,Austria,2004-Q1,4.18000,,
ESTAT:IRT_LT_MCBY_Q(1.0),25/02/26 23:00:00,Quarterly,EMU convergence criterion bond yields,Austria,2004-Q2,4.34000,,
ESTAT:IRT_LT_MCBY_Q(1.0),25/02/26 23:00:00,Quarterly,EMU convergence criterion bond yields,Austria,2004-Q3,4.18000,,
ESTAT:IRT_LT_MCBY_Q(1.0),25/02/26 23:00:00,Quarterly,EMU convergence criterion bond yields,Austria,2004-Q4,3.82000,,
ESTAT:IRT_LT_MCBY_Q(1.0),25/02/26 23:00:00,Quarterly,EMU convergence criterion bond yields,Austria,2005-Q1,3.60000,,
ESTAT:IRT_LT_MCBY_Q(1.0),25/02/26 23:00:00,Quarterly,EMU convergence criterion bond yields,Austria,2005-Q2,3.38000,,
ESTAT:IRT_LT_MCBY_Q(1.0),25/02/26 23:00:00,Quarterly,EMU convergence criterion bond yields,Austria,2005-Q3,3.22000,,
ESTAT:IRT_LT_MCBY_Q(1.0),25/02/26 23:00:00,Quarterly,EMU convergence criterion bond yields,Austria,2005-Q4,3.37000,,
ESTAT:IRT_LT_MCBY_Q(1.0),25/02/26 23:00:00,Quarterly,EMU convergence criterion bond yields,Austria,2006-Q1,3.49000,,
ESTAT:IRT_LT_MCBY_Q(1.0),25/02/26 23:00:00,Quarterly,EMU convergence criterion bond yields,Austria,2006-Q2,3.99000,,
ESTAT:IRT_LT_MCBY_Q(1.0),25/02/26 23:00:00,Quarterly,EMU convergence criterion bond yields,Austria,2006-Q3,3.92000,,
ESTAT:IRT_LT_MCBY_Q(1.0),25/02/26 23:00:00,Quarterly,EMU convergence criterion bond yields,Austria,2006-Q4,3.80000,,
ESTAT:IRT_LT_MCBY_Q(1.0),25/02/26 23:00:00,Quarterly,EMU convergence criterion bond yields,Austria,2007-Q1,4.05000,,
ESTAT:IRT_LT_MCBY_Q(1.0),25/02/26 23:00:00,Quarterly,EMU convergence criterion bond yields,Austria,2007-Q2,4.39000,,
ESTAT:IRT_LT_MCBY_Q(1.0),25/02/26 23:00:00,Quarterly,EMU convergence criterion bond yields,Austria,2007-Q3,4.43000,,
ESTAT:IRT_LT_MCBY_Q(1.0),25/02/26 23:00:00,Quarterly,EMU convergence criterion bond yields,Austria,2007-Q4,4.32000,,
ESTAT:IRT_LT_MCBY_Q(1.0),25/02/26 23:00:00,Quarterly,EMU convergence criterion bond yields,Austria,2008-Q1,4.18000,,
ESTAT:IRT_LT_MCBY_Q(1.0),25/02/26 23:00:00,Quarterly,EMU convergence criterion bond yields,Austria,2008-Q2,4.54000,,
ESTAT:IRT_LT_MCBY_Q(1.0),25/02/26 23:00:00,Quarterly,EMU convergence criterion bond yields,Austria,2008-Q3,4.57000,,
ESTAT:IRT_LT_MCBY_Q(1.0),25/02/26 23:00:00,Quarterly,EMU convergence criterion bond yields,Austria,2008-Q4,4.14000,,
ESTAT:IRT_LT_MCBY_Q(1.0),25/02/26 23:00:00,Quarterly,EMU convergence criterion bond yields,Austria,2009-Q1,4.12000,,
ESTAT:IRT_LT_MCBY_Q(1.0),25/02/26 23:00:00,Quarterly,EMU convergence criterion bond yields,Austria,2009-Q2,4.16000,,
ESTAT:IRT_LT_MCBY_Q(1.0),25/02/26 23:00:00,Quarterly,EMU convergence criterion bond yields,Austria,2009-Q3,3.85000,,
ESTAT:IRT_LT_MCBY_Q(1.0),25/02/26 23:00:00,Quarterly,EMU convergence criterion bond yields,Austria,2009-Q4,3.62000,,
ESTAT:IRT_LT_MCBY_Q(1.0),25/02/26 23:00:00,Quarterly,EMU convergence criterion bond yields,Austria,2010-Q1,3.65000,,
ESTAT:IRT_LT_MCBY_Q(1.0),25/02/26 23:00:00,Quarterly,EMU convergence criterion bond yields,Austria,2010-Q2,3.29000,,
ESTAT:IRT_LT_MCBY_Q(1.0),25/02/26 23:00:00,Quarterly,EMU convergence criterion bond yields,Austria,2010-Q3,2.88000,,
ESTAT:IRT_LT_MCBY_Q(1.0),25/02/26 23:00:00,Quarterly,EMU convergence criterion bond yields,Austria,2010-Q4,3.09000,,
ESTAT:IRT_LT_MCBY_Q(1.0),25/02/26 23:00:00,Quarterly,EMU convergence criterion bond yields,Austria,2011-Q1,3.63000,,
ESTAT:IRT_LT_MCBY_Q(1.0),25/02/26 23:00:00,Quarterly,EMU convergence criterion bond yields,Austria,2011-Q2,3.58000,,
ESTAT:IRT_LT_MCBY_Q(1.0),25/02/26 23:00:00,Quarterly,EMU convergence criterion bond yields,Austria,2011-Q3,2.94000,,
ESTAT:IRT_LT_MCBY_Q(1.0),25/02/26 23:00:00,Quarterly,EMU convergence criterion bond yields,Austria,2011-Q4,3.13000,,
ESTAT:IRT_LT_MCBY_Q(1.0),25/02/26 23:00:00,Quarterly,EMU convergence criterion bond yields,Austria,2012-Q1,3.05000,,
ESTAT:IRT_LT_MCBY_Q(1.0),25/02/26 23:00:00,Quarterly,EMU convergence criterion bond yields,Austria,2012-Q2,2.54000,,
ESTAT:IRT_LT_MCBY_Q(1.0),25/02/26 23:00:00,Quarterly,EMU convergence criterion bond yields,Austria,2012-Q3,2.03000,,
ESTAT:IRT_LT_MCBY_Q(1.0),25/02/26 23:00:00,Quarterly,EMU convergence criterion bond yields,Austria,2012-Q4,1.88000,,
ESTAT:IRT_LT_MCBY_Q(1.0),25/02/26 23:00:00,Quarterly,EMU convergence criterion bond yields,Austria,2013-Q1,1.88000,,
ESTAT:IRT_LT_MCBY_Q(1.0),25/02/26 23:00:00,Quarterly,EMU convergence criterion bond yields,Austria,2013-Q2,1.81000,,
ESTAT:IRT_LT_MCBY_Q(1.0),25/02/26 23:00:00,Quarterly,EMU convergence criterion bond yields,Austria,2013-Q3,2.21000,,
ESTAT:IRT_LT_MCBY_Q(1.0),25/02/26 23:00:00,Quarterly,EMU convergence criterion bond yields,Austria,2013-Q4,2.15000,,
ESTAT:IRT_LT_MCBY_Q(1.0),25/02/26 23:00:00,Quarterly,EMU convergence criterion bond yields,Austria,2014-Q1,1.98000,,
ESTAT:IRT_LT_MCBY_Q(1.0),25/02/26 23:00:00,Quarterly,EMU convergence criterion bond yields,Austria,2014-Q2,1.68000,,
ESTAT:IRT_LT_MCBY_Q(1.0),25/02/26 23:00:00,Quarterly,EMU convergence criterion bond yields,Austria,2014-Q3,1.32000,,
ESTAT:IRT_LT_MCBY_Q(1.0),25/02/26 23:00:00,Quarterly,EMU convergence criterion bond yields,Austria,2014-Q4,0.96000,,
ESTAT:IRT_LT_MCBY_Q(1.0),25/02/26 23:00:00,Quarterly,EMU convergence criterion bond yields,Austria,2015-Q1,0.45000,,
ESTAT:IRT_LT_MCBY_Q(1.0),25/02/26 23:00:00,Quarterly,EMU convergence criterion bond yields,Austria,2015-Q2,0.69000,,
ESTAT:IRT_LT_MCBY_Q(1.0),25/02/26 23:00:00,Quarterly,EMU convergence criterion bond yields,Austria,2015-Q3,1.00000,,
ESTAT:IRT_LT_MCBY_Q(1.0),25/02/26 23:00:00,Quarterly,EMU convergence criterion bond yields,Austria,2015-Q4,0.84000,,
ESTAT:IRT_LT_MCBY_Q(1.0),25/02/26 23:00:00,Quarterly,EMU convergence criterion bond yields,Austria,2016-Q1,0.58000,,
ESTAT:IRT_LT_MCBY_Q(1.0),25/02/26 23:00:00,Quarterly,EMU convergence criterion bond yields,Austria,2016-Q2,0.36000,,
ESTAT:IRT_LT_MCBY_Q(1.0),25/02/26 23:00:00,Quarterly,EMU convergence criterion bond yields,Austria,2016-Q3,0.14000,,
ESTAT:IRT_LT_MCBY_Q(1.0),25/02/26 23:00:00,Quarterly,EMU convergence criterion bond yields,Austria,2016-Q4,0.42000,,
ESTAT:IRT_LT_MCBY_Q(1.0),25/02/26 23:00:00,Quarterly,EMU convergence criterion bond yields,Austria,2017-Q1,0.58000,,
ESTAT:IRT_LT_MCBY_Q(1.0),25/02/26 23:00:00,Quarterly,EMU convergence criterion bond yields,Austria,2017-Q2,0.57000,,
ESTAT:IRT_LT_MCBY_Q(1.0),25/02/26 23:00:00,Quarterly,EMU convergence criterion bond yields,Austria,2017-Q3,0.64000,,
ESTAT:IRT_LT_MCBY_Q(1.0),25/02/26 23:00:00,Quarterly,EMU convergence criterion bond yields,Austria,2017-Q4,0.54000,,
ESTAT:IRT_LT_MCBY_Q(1.0),25/02/26 23:00:00,Quarterly,EMU convergence criterion bond yields,Austria,2018-Q1,0.77000,,
ESTAT:IRT_LT_MCBY_Q(1.0),25/02/26 23:00:00,Quarterly,EMU convergence criterion bond yields,Austria,2018-Q2,0.74000,,
ESTAT:IRT_LT_MCBY_Q(1.0),25/02/26 23:00:00,Quarterly,EMU convergence criterion bond yields,Austria,2018-Q3,0.62000,,
ESTAT:IRT_LT_MCBY_Q(1.0),25/02/26 23:00:00,Quarterly,EMU convergence criterion bond yields,Austria,2018-Q4,0.61000,,
ESTAT:IRT_LT_MCBY_Q(1.0),25/02/26 23:00:00,Quarterly,EMU convergence criterion bond yields,Austria,2019-Q1,0.43000,,
ESTAT:IRT_LT_MCBY_Q(1.0),25/02/26 23:00:00,Quarterly,EMU convergence criterion bond yields,Austria,2019-Q2,0.19000,,
ESTAT:IRT_LT_MCBY_Q(1.0),25/02/26 23:00:00,Quarterly,EMU convergence criterion bond yields,Austria,2019-Q3,-0.26000,,
ESTAT:IRT_LT_MCBY_Q(1.0),25/02/26 23:00:00,Quarterly,EMU convergence criterion bond yields,Austria,2019-Q4,-0.11000,,
ESTAT:IRT_LT_MCBY_Q(1.0),25/02/26 23:00:00,Quarterly,EMU convergence criterion bond yields,Austria,2020-Q1,-0.15000,,
ESTAT:IRT_LT_MCBY_Q(1.0),25/02/26 23:00:00,Quarterly,EMU convergence criterion bond yields,Austria,2020-Q2,-0.06000,,
ESTAT:IRT_LT_MCBY_Q(1.0),25/02/26 23:00:00,Quarterly,EMU convergence criterion bond yields,Austria,2020-Q3,-0.28000,,
ESTAT:IRT_LT_MCBY_Q(1.0),25/02/26 23:00:00,Quarterly,EMU convergence criterion bond yields,Austria,2020-Q4,-0.41000,,
ESTAT:IRT_LT_MCBY_Q(1.0),25/02/26 23:00:00,Quarterly,EMU convergence criterion bond yields,Austria,2021-Q1,-0.23000,,
ESTAT:IRT_LT_MCBY_Q(1.0),25/02/26 23:00:00,Quarterly,EMU convergence criterion bond yields,Austria,2021-Q2,0.02000,,
ESTAT:IRT_LT_MCBY_Q(1.0),25/02/26 23:00:00,Quarterly,EMU convergence criterion bond yields,Austria,2021-Q3,-0.14000,,
ESTAT:IRT_LT_MCBY_Q(1.0),25/02/26 23:00:00,Quarterly,EMU convergence criterion bond yields,Austria,2021-Q4,0.01000,,
ESTAT:IRT_LT_MCBY_Q(1.0),25/02/26 23:00:00,Quarterly,EMU convergence criterion bond yields,Austria,2022-Q1,0.48000,,
ESTAT:IRT_LT_MCBY_Q(1.0),25/02/26 23:00:00,Quarterly,EMU convergence criterion bond yields,Austria,2022-Q2,1.63000,,
ESTAT:IRT_LT_MCBY_Q(1.0),25/02/26 23:00:00,Quarterly,EMU convergence criterion bond yields,Austria,2022-Q3,1.95000,,
ESTAT:IRT_LT_MCBY_Q(1.0),25/02/26 23:00:00,Quarterly,EMU convergence criterion bond yields,Austria,2022-Q4,2.79000,,
ESTAT:IRT_LT_MCBY_Q(1.0),25/02/26 23:00:00,Quarterly,EMU convergence criterion bond yields,Austria,2023-Q1,2.97000,,
ESTAT:IRT_LT_MCBY_Q(1.0),25/02/26 23:00:00,Quarterly,EMU convergence criterion bond yields,Austria,2023-Q2,3.04000,,
ESTAT:IRT_LT_MCBY_Q(1.0),25/02/26 23:00:00,Quarterly,EMU convergence criterion bond yields,Austria,2023-Q3,3.20000,,
ESTAT:IRT_LT_MCBY_Q(1.0),25/02/26 23:00:00,Quarterly,EMU convergence criterion bond yields,Austria,2023-Q4,3.13000,,
ESTAT:IRT_LT_MCBY_Q(1.0),25/02/26 23:00:00,Quarterly,EMU convergence criterion bond yields,Austria,2024-Q1,2.84000,,
ESTAT:IRT_LT_MCBY_Q(1.0),25/02/26 23:00:00,Quarterly,EMU convergence criterion bond yields,Austria,2024-Q2,3.01000,,
ESTAT:IRT_LT_MCBY_Q(1.0),25/02/26 23:00:00,Quarterly,EMU convergence criterion bond yields,Austria,2024-Q3,2.81000,,
ESTAT:IRT_LT_MCBY_Q(1.0),25/02/26 23:00:00,Quarterly,EMU convergence criterion bond yields,Austria,2024-Q4,2.71000,,
ESTAT:IRT_LT_MCBY_Q(1.0),25/02/26 23:00:00,Quarterly,EMU convergence criterion bond yields,Austria,2025-Q1,2.97585,,
ESTAT:IRT_LT_MCBY_Q(1.0),25/02/26 23:00:00,Quarterly,EMU convergence criterion bond yields,Austria,2025-Q2,2.96889,,
ESTAT:IRT_LT_MCBY_Q(1.0),25/02/26 23:00:00,Quarterly,EMU convergence criterion bond yields,Austria,2025-Q3,3.02000,,
ESTAT:IRT_LT_MCBY_Q(1.0),25/02/26 23:00:00,Quarterly,EMU convergence criterion bond yields,Austria,2025-Q4,2.95256,,
ESTAT:IRT_LT_MCBY_Q(1.0),25/02/26 23:00:00,Quarterly,EMU convergence criterion bond yields,Belgium,1980-Q1,11.58667,,
ESTAT:IRT_LT_MCBY_Q(1.0),25/02/26 23:00:00,Quarterly,EMU convergence criterion bond yields,Belgium,1980-Q2,11.97333,,
ESTAT:IRT_LT_MCBY_Q(1.0),25/02/26 23:00:00,Quarterly,EMU convergence criterion bond yields,Belgium,1980-Q3,11.76667,,
ESTAT:IRT_LT_MCBY_Q(1.0),25/02/26 23:00:00,Quarterly,EMU convergence criterion bond yields,Belgium,1980-Q4,12.27333,,
ESTAT:IRT_LT_MCBY_Q(1.0),25/02/26 23:00:00,Quarterly,EMU convergence criterion bond yields,Belgium,1981-Q1,12.96000,,
ESTAT:IRT_LT_MCBY_Q(1.0),25/02/26 23:00:00,Quarterly,EMU convergence criterion bond yields,Belgium,1981-Q2,13.38000,,
ESTAT:IRT_LT_MCBY_Q(1.0),25/02/26 23:00:00,Quarterly,EMU convergence criterion bond yields,Belgium,1981-Q3,13.71000,,
ESTAT:IRT_LT_MCBY_Q(1.0),25/02/26 23:00:00,Quarterly,EMU convergence criterion bond yields,Belgium,1981-Q4,13.69667,,
ESTAT:IRT_LT_MCBY_Q(1.0),25/02/26 23:00:00,Quarterly,EMU convergence criterion bond yields,Belgium,1982-Q1,13.81333,,
ESTAT:IRT_LT_MCBY_Q(1.0),25/02/26 23:00:00,Quarterly,EMU convergence criterion bond yields,Belgium,1982-Q2,13.63000,,
ESTAT:IRT_LT_MCBY_Q(1.0),25/02/26 23:00:00,Quarterly,EMU convergence criterion bond yields,Belgium,1982-Q3,13.33000,,
ESTAT:IRT_LT_MCBY_Q(1.0),25/02/26 23:00:00,Quarterly,EMU convergence criterion bond yields,Belgium,1982-Q4,12.94000,,
ESTAT:IRT_LT_MCBY_Q(1.0),25/02/26 23:00:00,Quarterly,EMU convergence criterion bond yields,Belgium,1983-Q1,12.44000,,
ESTAT:IRT_LT_MCBY_Q(1.0),25/02/26 23:00:00,Quarterly,EMU convergence criterion bond yields,Belgium,1983-Q2,11.79667,,
ESTAT:IRT_LT_MCBY_Q(1.0),25/02/26 23:00:00,Quarterly,EMU convergence criterion bond yields,Belgium,1983-Q3,11.59333,,
ESTAT:IRT_LT_MCBY_Q(1.0),25/02/26 23:00:00,Quarterly,EMU convergence criterion bond yields,Belgium,1983-Q4,11.93333,,
ESTAT:IRT_LT_MCBY_Q(1.0),25/02/26 23:00:00,Quarterly,EMU convergence criterion bond yields,Belgium,1984-Q1,12.41667,,
ESTAT:IRT_LT_MCBY_Q(1.0),25/02/26 23:00:00,Quarterly,EMU convergence criterion bond yields,Belgium,1984-Q2,12.39333,,
ESTAT:IRT_LT_MCBY_Q(1.0),25/02/26 23:00:00,Quarterly,EMU convergence criterion bond yields,Belgium,1984-Q3,12.20333,,
ESTAT:IRT_LT_MCBY_Q(1.0),25/02/26 23:00:00,Quarterly,EMU convergence criterion bond yields,Belgium,1984-Q4,11.95667,,
ESTAT:IRT_LT_MCBY_Q(1.0),25/02/26 23:00:00,Quarterly,EMU convergence criterion bond yields,Belgium,1985-Q1,11.73667,,
ESTAT:IRT_LT_MCBY_Q(1.0),25/02/26 23:00:00,Quarterly,EMU convergence criterion bond yields,Belgium,1985-Q2,11.29000,,
ESTAT:IRT_LT_MCBY_Q(1.0),25/02/26 23:00:00,Quarterly,EMU convergence criterion bond yields,Belgium,1985-Q3,10.74333,,
ESTAT:IRT_LT_MCBY_Q(1.0),25/02/26 23:00:00,Quarterly,EMU convergence criterion bond yields,Belgium,1985-Q4,10.10333,,
ESTAT:IRT_LT_MCBY_Q(1.0),25/02/26 23:00:00,Quarterly,EMU convergence criterion bond yields,Belgium,1986-Q1,9.84000,,
ESTAT:IRT_LT_MCBY_Q(1.0),25/02/26 23:00:00,Quarterly,EMU convergence criterion bond yields,Belgium,1986-Q2,8.45000,,
ESTAT:IRT_LT_MCBY_Q(1.0),25/02/26 23:00:00,Quarterly,EMU convergence criterion bond yields,Belgium,1986-Q3,8.06333,,
ESTAT:IRT_LT_MCBY_Q(1.0),25/02/26 23:00:00,Quarterly,EMU convergence criterion bond yields,Belgium,1986-Q4,8.15000,,
ESTAT:IRT_LT_MCBY_Q(1.0),25/02/26 23:00:00,Quarterly,EMU convergence criterion bond yields,Belgium,1987-Q1,8.19000,,
ESTAT:IRT_LT_MCBY_Q(1.0),25/02/26 23:00:00,Quarterly,EMU convergence criterion bond yields,Belgium,1987-Q2,8.05667,,
ESTAT:IRT_LT_MCBY_Q(1.0),25/02/26 23:00:00,Quarterly,EMU convergence criterion bond yields,Belgium,1987-Q3,8.07000,,
ESTAT:IRT_LT_MCBY_Q(1.0),25/02/26 23:00:00,Quarterly,EMU convergence criterion bond yields,Belgium,1987-Q4,8.42000,,
ESTAT:IRT_LT_MCBY_Q(1.0),25/02/26 23:00:00,Quarterly,EMU convergence criterion bond yields,Belgium,1988-Q1,7.87000,,
ESTAT:IRT_LT_MCBY_Q(1.0),25/02/26 23:00:00,Quarterly,EMU convergence criterion bond yields,Belgium,1988-Q2,7.89000,,
ESTAT:IRT_LT_MCBY_Q(1.0),25/02/26 23:00:00,Quarterly,EMU convergence criterion bond yields,Belgium,1988-Q3,8.17667,,
ESTAT:IRT_LT_MCBY_Q(1.0),25/02/26 23:00:00,Quarterly,EMU convergence criterion bond yields,Belgium,1988-Q4,8.09333,,
ESTAT:IRT_LT_MCBY_Q(1.0),25/02/26 23:00:00,Quarterly,EMU convergence criterion bond yields,Belgium,1989-Q1,8.32667,,
ESTAT:IRT_LT_MCBY_Q(1.0),25/02/26 23:00:00,Quarterly,EMU convergence criterion bond yields,Belgium,1989-Q2,8.37333,,
ESTAT:IRT_LT_MCBY_Q(1.0),25/02/26 23:00:00,Quarterly,EMU convergence criterion bond yields,Belgium,1989-Q3,8.39000,,
ESTAT:IRT_LT_MCBY_Q(1.0),25/02/26 23:00:00,Quarterly,EMU convergence criterion bond yields,Belgium,1989-Q4,9.05667,,
ESTAT:IRT_LT_MCBY_Q(1.0),25/02/26 23:00:00,Quarterly,EMU convergence criterion bond yields,Belgium,1990-Q1,10.15333,,
ESTAT:IRT_LT_MCBY_Q(1.0),25/02/26 23:00:00,Quarterly,EMU convergence criterion bond yields,Belgium,1990-Q2,9.85667,,
ESTAT:IRT_LT_MCBY_Q(1.0),25/02/26 23:00:00,Quarterly,EMU convergence criterion bond yields,Belgium,1990-Q3,9.95333,,
ESTAT:IRT_LT_MCBY_Q(1.0),25/02/26 23:00:00,Quarterly,EMU convergence criterion bond yields,Belgium,1990-Q4,10.06000,,
ESTAT:IRT_LT_MCBY_Q(1.0),25/02/26 23:00:00,Quarterly,EMU convergence criterion bond yields,Belgium,1991-Q1,9.45000,,
ESTAT:IRT_LT_MCBY_Q(1.0),25/02/26 23:00:00,Quarterly,EMU convergence criterion bond yields,Belgium,1991-Q2,9.18667,,
ESTAT:IRT_LT_MCBY_Q(1.0),25/02/26 23:00:00,Quarterly,EMU convergence criterion bond yields,Belgium,1991-Q3,9.36333,,
ESTAT:IRT_LT_MCBY_Q(1.0),25/02/26 23:00:00,Quarterly,EMU convergence criterion bond yields,Belgium,1991-Q4,9.13667,,
ESTAT:IRT_LT_MCBY_Q(1.0),25/02/26 23:00:00,Quarterly,EMU convergence criterion bond yields,Belgium,1992-Q1,8.75000,,
ESTAT:IRT_LT_MCBY_Q(1.0),25/02/26 23:00:00,Quarterly,EMU convergence criterion bond yields,Belgium,1992-Q2,8.86667,,
ESTAT:IRT_LT_MCBY_Q(1.0),25/02/26 23:00:00,Quarterly,EMU convergence criterion bond yields,Belgium,1992-Q3,8.90333,,
ESTAT:IRT_LT_MCBY_Q(1.0),25/02/26 23:00:00,Quarterly,EMU convergence criterion bond yields,Belgium,1992-Q4,8.08667,,
ESTAT:IRT_LT_MCBY_Q(1.0),25/02/26 23:00:00,Quarterly,EMU convergence criterion bond yields,Belgium,1993-Q1,7.53000,,
ESTAT:IRT_LT_MCBY_Q(1.0),25/02/26 23:00:00,Quarterly,EMU convergence criterion bond yields,Belgium,1993-Q2,7.37000,,
ESTAT:IRT_LT_MCBY_Q(1.0),25/02/26 23:00:00,Quarterly,EMU convergence criterion bond yields,Belgium,1993-Q3,7.12000,,
ESTAT:IRT_LT_MCBY_Q(1.0),25/02/26 23:00:00,Quarterly,EMU convergence criterion bond yields,Belgium,1993-Q4,6.90000,,
ESTAT:IRT_LT_MCBY_Q(1.0),25/02/26 23:00:00,Quarterly,EMU convergence criterion bond yields,Belgium,1994-Q1,6.79000,,
ESTAT:IRT_LT_MCBY_Q(1.0),25/02/26 23:00:00,Quarterly,EMU convergence criterion bond yields,Belgium,1994-Q2,7.60000,,
ESTAT:IRT_LT_MCBY_Q(1.0),25/02/26 23:00:00,Quarterly,EMU convergence criterion bond yields,Belgium,1994-Q3,8.25000,,
ESTAT:IRT_LT_MCBY_Q(1.0),25/02/26 23:00:00,Quarterly,EMU convergence criterion bond yields,Belgium,1994-Q4,8.37000,,
ESTAT:IRT_LT_MCBY_Q(1.0),25/02/26 23:00:00,Quarterly,EMU convergence criterion bond yields,Belgium,1995-Q1,8.29000,,
ESTAT:IRT_LT_MCBY_Q(1.0),25/02/26 23:00:00,Quarterly,EMU convergence criterion bond yields,Belgium,1995-Q2,7.59000,,
ESTAT:IRT_LT_MCBY_Q(1.0),25/02/26 23:00:00,Quarterly,EMU convergence criterion bond yields,Belgium,1995-Q3,7.19000,,
ESTAT:IRT_LT_MCBY_Q(1.0),25/02/26 23:00:00,Quarterly,EMU convergence criterion bond yields,Belgium,1995-Q4,6.85000,,
ESTAT:IRT_LT_MCBY_Q(1.0),25/02/26 23:00:00,Quarterly,EMU convergence criterion bond yields,Belgium,1996-Q1,6.64000,,
ESTAT:IRT_LT_MCBY_Q(1.0),25/02/26 23:00:00,Quarterly,EMU convergence criterion bond yields,Belgium,1996-Q2,6.71000,,
ESTAT:IRT_LT_MCBY_Q(1.0),25/02/26 23:00:00,Quarterly,EMU convergence criterion bond yields,Belgium,1996-Q3,6.62000,,
ESTAT:IRT_LT_MCBY_Q(1.0),25/02/26 23:00:00,Quarterly,EMU convergence criterion bond yields,Belgium,1996-Q4,6.00000,,
ESTAT:IRT_LT_MCBY_Q(1.0),25/02/26 23:00:00,Quarterly,EMU convergence criterion bond yields,Belgium,1997-Q1,5.80000,,
ESTAT:IRT_LT_MCBY_Q(1.0),25/02/26 23:00:00,Quarterly,EMU convergence criterion bond yields,Belgium,1997-Q2,5.92000,,
ESTAT:IRT_LT_MCBY_Q(1.0),25/02/26 23:00:00,Quarterly,EMU convergence criterion bond yields,Belgium,1997-Q3,5.69000,,
ESTAT:IRT_LT_MCBY_Q(1.0),25/02/26 23:00:00,Quarterly,EMU convergence criterion bond yields,Belgium,1997-Q4,5.61000,,
ESTAT:IRT_LT_MCBY_Q(1.0),25/02/26 23:00:00,Quarterly,EMU convergence criterion bond yields,Belgium,1998-Q1,5.12000,,
ESTAT:IRT_LT_MCBY_Q(1.0),25/02/26 23:00:00,Quarterly,EMU convergence criterion bond yields,Belgium,1998-Q2,5.03000,,
ESTAT:IRT_LT_MCBY_Q(1.0),25/02/26 23:00:00,Quarterly,EMU convergence criterion bond yields,Belgium,1998-Q3,4.63000,,
ESTAT:IRT_LT_MCBY_Q(1.0),25/02/26 23:00:00,Quarterly,EMU convergence criterion bond yields,Belgium,1998-Q4,4.23000,,
ESTAT:IRT_LT_MCBY_Q(1.0),25/02/26 23:00:00,Quarterly,EMU convergence criterion bond yields,Belgium,1999-Q1,4.07000,,
ESTAT:IRT_LT_MCBY_Q(1.0),25/02/26 23:00:00,Quarterly,EMU convergence criterion bond yields,Belgium,1999-Q2,4.35000,,
ESTAT:IRT_LT_MCBY_Q(1.0),25/02/26 23:00:00,Quarterly,EMU convergence criterion bond yields,Belgium,1999-Q3,5.15000,,
ESTAT:IRT_LT_MCBY_Q(1.0),25/02/26 23:00:00,Quarterly,EMU convergence criterion bond yields,Belgium,1999-Q4,5.43000,,
ESTAT:IRT_LT_MCBY_Q(1.0),25/02/26 23:00:00,Quarterly,EMU convergence criterion bond yields,Belgium,2000-Q1,5.73000,,
ESTAT:IRT_LT_MCBY_Q(1.0),25/02/26 23:00:00,Quarterly,EMU convergence criterion bond yields,Belgium,2000-Q2,5.58000,,
ESTAT:IRT_LT_MCBY_Q(1.0),25/02/26 23:00:00,Quarterly,EMU convergence criterion bond yields,Belgium,2000-Q3,5.60000,,
ESTAT:IRT_LT_MCBY_Q(1.0),25/02/26 23:00:00,Quarterly,EMU convergence criterion bond yields,Belgium,2000-Q4,5.46000,,
ESTAT:IRT_LT_MCBY_Q(1.0),25/02/26 23:00:00,Quarterly,EMU convergence criterion bond yields,Belgium,2001-Q1,5.13000,,
ESTAT:IRT_LT_MCBY_Q(1.0),25/02/26 23:00:00,Quarterly,EMU convergence criterion bond yields,Belgium,2001-Q2,5.31000,,
ESTAT:IRT_LT_MCBY_Q(1.0),25/02/26 23:00:00,Quarterly,EMU convergence criterion bond yields,Belgium,2001-Q3,5.21000,,
ESTAT:IRT_LT_MCBY_Q(1.0),25/02/26 23:00:00,Quarterly,EMU convergence criterion bond yields,Belgium,2001-Q4,4.87000,,
ESTAT:IRT_LT_MCBY_Q(1.0),25/02/26 23:00:00,Quarterly,EMU convergence criterion bond yields,Belgium,2002-Q1,5.20000,,
ESTAT:IRT_LT_MCBY_Q(1.0),25/02/26 23:00:00,Quarterly,EMU convergence criterion bond yields,Belgium,2002-Q2,5.33000,,
ESTAT:IRT_LT_MCBY_Q(1.0),25/02/26 23:00:00,Quarterly,EMU convergence criterion bond yields,Belgium,2002-Q3,4.83000,,
ESTAT:IRT_LT_MCBY_Q(1.0),25/02/26 23:00:00,Quarterly,EMU convergence criterion bond yields,Belgium,2002-Q4,4.59000,,
ESTAT:IRT_LT_MCBY_Q(1.0),25/02/26 23:00:00,Quarterly,EMU convergence criterion bond yields,Belgium,2003-Q1,4.18000,,
ESTAT:IRT_LT_MCBY_Q(1.0),25/02/26 23:00:00,Quarterly,EMU convergence criterion bond yields,Belgium,2003-Q2,3.99000,,
ESTAT:IRT_LT_MCBY_Q(1.0),25/02/26 23:00:00,Quarterly,EMU convergence criterion bond yields,Belgium,2003-Q3,4.18000,,
ESTAT:IRT_LT_MCBY_Q(1.0),25/02/26 23:00:00,Quarterly,EMU convergence criterion bond yields,Belgium,2003-Q4,4.37000,,
ESTAT:IRT_LT_MCBY_Q(1.0),25/02/26 23:00:00,Quarterly,EMU convergence criterion bond yields,Belgium,2004-Q1,4.20000,,
ESTAT:IRT_LT_MCBY_Q(1.0),25/02/26 23:00:00,Quarterly,EMU convergence criterion bond yields,Belgium,2004-Q2,4.37000,,
ESTAT:IRT_LT_MCBY_Q(1.0),25/02/26 23:00:00,Quarterly,EMU convergence criterion bond yields,Belgium,2004-Q3,4.21000,,
ESTAT:IRT_LT_MCBY_Q(1.0),25/02/26 23:00:00,Quarterly,EMU convergence criterion bond yields,Belgium,2004-Q4,3.83000,,
ESTAT:IRT_LT_MCBY_Q(1.0),25/02/26 23:00:00,Quarterly,EMU convergence criterion bond yields,Belgium,2005-Q1,3.64000,,
ESTAT:IRT_LT_MCBY_Q(1.0),25/02/26 23:00:00,Quarterly,EMU convergence criterion bond yields,Belgium,2005-Q2,3.43000,,
ESTAT:IRT_LT_MCBY_Q(1.0),25/02/26 23:00:00,Quarterly,EMU convergence criterion bond yields,Belgium,2005-Q3,3.25000,,
ESTAT:IRT_LT_MCBY_Q(1.0),25/02/26 23:00:00,Quarterly,EMU convergence criterion bond yields,Belgium,2005-Q4,3.39000,,
ESTAT:IRT_LT_MCBY_Q(1.0),25/02/26 23:00:00,Quarterly,EMU convergence criterion bond yields,Belgium,2006-Q1,3.54000,,
ESTAT:IRT_LT_MCBY_Q(1.0),25/02/26 23:00:00,Quarterly,EMU convergence criterion bond yields,Belgium,2006-Q2,4.00000,,
ESTAT:IRT_LT_MCBY_Q(1.0),25/02/26 23:00:00,Quarterly,EMU convergence criterion bond yields,Belgium,2006-Q3,3.92000,,
ESTAT:IRT_LT_MCBY_Q(1.0),25/02/26 23:00:00,Quarterly,EMU convergence criterion bond yields,Belgium,2006-Q4,3.80000,,
ESTAT:IRT_LT_MCBY_Q(1.0),25/02/26 23:00:00,Quarterly,EMU convergence criterion bond yields,Belgium,2007-Q1,4.06000,,
ESTAT:IRT_LT_MCBY_Q(1.0),25/02/26 23:00:00,Quarterly,EMU convergence criterion bond yields,Belgium,2007-Q2,4.40000,,
ESTAT:IRT_LT_MCBY_Q(1.0),25/02/26 23:00:00,Quarterly,EMU convergence criterion bond yields,Belgium,2007-Q3,4.48000,,
ESTAT:IRT_LT_MCBY_Q(1.0),25/02/26 23:00:00,Quarterly,EMU convergence criterion bond yields,Belgium,2007-Q4,4.37000,,
ESTAT:IRT_LT_MCBY_Q(1.0),25/02/26 23:00:00,Quarterly,EMU convergence criterion bond yields,Belgium,2008-Q1,4.24000,,
ESTAT:IRT_LT_MCBY_Q(1.0),25/02/26 23:00:00,Quarterly,EMU convergence criterion bond yields,Belgium,2008-Q2,4.57000,,
ESTAT:IRT_LT_MCBY_Q(1.0),25/02/26 23:00:00,Quarterly,EMU convergence criterion bond yields,Belgium,2008-Q3,4.66000,,
ESTAT:IRT_LT_MCBY_Q(1.0),25/02/26 23:00:00,Quarterly,EMU convergence criterion bond yields,Belgium,2008-Q4,4.20000,,
ESTAT:IRT_LT_MCBY_Q(1.0),25/02/26 23:00:00,Quarterly,EMU convergence criterion bond yields,Belgium,2009-Q1,4.13000,,
ESTAT:IRT_LT_MCBY_Q(1.0),25/02/26 23:00:00,Quarterly,EMU convergence criterion bond yields,Belgium,2009-Q2,4.03000,,
ESTAT:IRT_LT_MCBY_Q(1.0),25/02/26 23:00:00,Quarterly,EMU convergence criterion bond yields,Belgium,2009-Q3,3.80000,,
ESTAT:IRT_LT_MCBY_Q(1.0),25/02/26 23:00:00,Quarterly,EMU convergence criterion bond yields,Belgium,2009-Q4,3.64000,,
ESTAT:IRT_LT_MCBY_Q(1.0),25/02/26 23:00:00,Quarterly,EMU convergence criterion bond yields,Belgium,2010-Q1,3.70000,,
ESTAT:IRT_LT_MCBY_Q(1.0),25/02/26 23:00:00,Quarterly,EMU convergence criterion bond yields,Belgium,2010-Q2,3.44000,,
ESTAT:IRT_LT_MCBY_Q(1.0),25/02/26 23:00:00,Quarterly,EMU convergence criterion bond yields,Belgium,2010-Q3,3.15000,,
ESTAT:IRT_LT_MCBY_Q(1.0),25/02/26 23:00:00,Quarterly,EMU convergence criterion bond yields,Belgium,2010-Q4,3.56000,,
ESTAT:IRT_LT_MCBY_Q(1.0),25/02/26 23:00:00,Quarterly,EMU convergence criterion bond yields,Belgium,2011-Q1,4.19000,,
ESTAT:IRT_LT_MCBY_Q(1.0),25/02/26 23:00:00,Quarterly,EMU convergence criterion bond yields,Belgium,2011-Q2,4.21000,,
ESTAT:IRT_LT_MCBY_Q(1.0),25/02/26 23:00:00,Quarterly,EMU convergence criterion bond yields,Belgium,2011-Q3,4.07000,,
ESTAT:IRT_LT_MCBY_Q(1.0),25/02/26 23:00:00,Quarterly,EMU convergence criterion bond yields,Belgium,2011-Q4,4.46000,,
ESTAT:IRT_LT_MCBY_Q(1.0),25/02/26 23:00:00,Quarterly,EMU convergence criterion bond yields,Belgium,2012-Q1,3.78000,,
ESTAT:IRT_LT_MCBY_Q(1.0),25/02/26 23:00:00,Quarterly,EMU convergence criterion bond yields,Belgium,2012-Q2,3.33000,,
ESTAT:IRT_LT_MCBY_Q(1.0),25/02/26 23:00:00,Quarterly,EMU convergence criterion bond yields,Belgium,2012-Q3,2.61000,,
ESTAT:IRT_LT_MCBY_Q(1.0),25/02/26 23:00:00,Quarterly,EMU convergence criterion bond yields,Belgium,2012-Q4,2.28000,,
ESTAT:IRT_LT_MCBY_Q(1.0),25/02/26 23:00:00,Quarterly,EMU convergence criterion bond yields,Belgium,2013-Q1,2.34000,,
ESTAT:IRT_LT_MCBY_Q(1.0),25/02/26 23:00:00,Quarterly,EMU convergence criterion bond yields,Belgium,2013-Q2,2.18000,,
ESTAT:IRT_LT_MCBY_Q(1.0),25/02/26 23:00:00,Quarterly,EMU convergence criterion bond yields,Belgium,2013-Q3,2.65000,,
ESTAT:IRT_LT_MCBY_Q(1.0),25/02/26 23:00:00,Quarterly,EMU convergence criterion bond yields,Belgium,2013-Q4,2.47000,,
ESTAT:IRT_LT_MCBY_Q(1.0),25/02/26 23:00:00,Quarterly,EMU convergence criterion bond yields,Belgium,2014-Q1,2.37000,,
ESTAT:IRT_LT_MCBY_Q(1.0),25/02/26 23:00:00,Quarterly,EMU convergence criterion bond yields,Belgium,2014-Q2,1.99000,,
ESTAT:IRT_LT_MCBY_Q(1.0),25/02/26 23:00:00,Quarterly,EMU convergence criterion bond yields,Belgium,2014-Q3,1.44000,,
ESTAT:IRT_LT_MCBY_Q(1.0),25/02/26 23:00:00,Quarterly,EMU convergence criterion bond yields,Belgium,2014-Q4,1.05000,,
ESTAT:IRT_LT_MCBY_Q(1.0),25/02/26 23:00:00,Quarterly,EMU convergence criterion bond yields,Belgium,2015-Q1,0.62000,,
ESTAT:IRT_LT_MCBY_Q(1.0),25/02/26 23:00:00,Quarterly,EMU convergence criterion bond yields,Belgium,2015-Q2,0.83000,,
ESTAT:IRT_LT_MCBY_Q(1.0),25/02/26 23:00:00,Quarterly,EMU convergence criterion bond yields,Belgium,2015-Q3,1.05000,,
ESTAT:IRT_LT_MCBY_Q(1.0),25/02/26 23:00:00,Quarterly,EMU convergence criterion bond yields,Belgium,2015-Q4,0.86000,,
ESTAT:IRT_LT_MCBY_Q(1.0),25/02/26 23:00:00,Quarterly,EMU convergence criterion bond yields,Belgium,2016-Q1,0.73000,,
ESTAT:IRT_LT_MCBY_Q(1.0),25/02/26 23:00:00,Quarterly,EMU convergence criterion bond yields,Belgium,2016-Q2,0.51000,,
ESTAT:IRT_LT_MCBY_Q(1.0),25/02/26 23:00:00,Quarterly,EMU convergence criterion bond yields,Belgium,2016-Q3,0.18000,,
ESTAT:IRT_LT_MCBY_Q(1.0),25/02/26 23:00:00,Quarterly,EMU convergence criterion bond yields,Belgium,2016-Q4,0.48000,,
ESTAT:IRT_LT_MCBY_Q(1.0),25/02/26 23:00:00,Quarterly,EMU convergence criterion bond yields,Belgium,2017-Q1,0.81000,,
ESTAT:IRT_LT_MCBY_Q(1.0),25/02/26 23:00:00,Quarterly,EMU convergence criterion bond yields,Belgium,2017-Q2,0.72000,,
ESTAT:IRT_LT_MCBY_Q(1.0),25/02/26 23:00:00,Quarterly,EMU convergence criterion bond yields,Belgium,2017-Q3,0.75000,,
ESTAT:IRT_LT_MCBY_Q(1.0),25/02/26 23:00:00,Quarterly,EMU convergence criterion bond yields,Belgium,2017-Q4,0.60000,,
ESTAT:IRT_LT_MCBY_Q(1.0),25/02/26 23:00:00,Quarterly,EMU convergence criterion bond yields,Belgium,2018-Q1,0.85000,,
ESTAT:IRT_LT_MCBY_Q(1.0),25/02/26 23:00:00,Quarterly,EMU convergence criterion bond yields,Belgium,2018-Q2,0.81000,,
ESTAT:IRT_LT_MCBY_Q(1.0),25/02/26 23:00:00,Quarterly,EMU convergence criterion bond yields,Belgium,2018-Q3,0.72000,,
ESTAT:IRT_LT_MCBY_Q(1.0),25/02/26 23:00:00,Quarterly,EMU convergence criterion bond yields,Belgium,2018-Q4,0.80000,,
ESTAT:IRT_LT_MCBY_Q(1.0),25/02/26 23:00:00,Quarterly,EMU convergence criterion bond yields,Belgium,2019-Q1,0.67000,,
ESTAT:IRT_LT_MCBY_Q(1.0),25/02/26 23:00:00,Quarterly,EMU convergence criterion bond yields,Belgium,2019-Q2,0.34000,,
ESTAT:IRT_LT_MCBY_Q(1.0),25/02/26 23:00:00,Quarterly,EMU convergence criterion bond yields,Belgium,2019-Q3,-0.17000,,
ESTAT:IRT_LT_MCBY_Q(1.0),25/02/26 23:00:00,Quarterly,EMU convergence criterion bond yields,Belgium,2019-Q4,-0.06000,,
ESTAT:IRT_LT_MCBY_Q(1.0),25/02/26 23:00:00,Quarterly,EMU convergence criterion bond yields,Belgium,2020-Q1,-0.06000,,
ESTAT:IRT_LT_MCBY_Q(1.0),25/02/26 23:00:00,Quarterly,EMU convergence criterion bond yields,Belgium,2020-Q2,0.05000,,
ESTAT:IRT_LT_MCBY_Q(1.0),25/02/26 23:00:00,Quarterly,EMU convergence criterion bond yields,Belgium,2020-Q3,-0.21000,,
ESTAT:IRT_LT_MCBY_Q(1.0),25/02/26 23:00:00,Quarterly,EMU convergence criterion bond yields,Belgium,2020-Q4,-0.37000,,
ESTAT:IRT_LT_MCBY_Q(1.0),25/02/26 23:00:00,Quarterly,EMU convergence criterion bond yields,Belgium,2021-Q1,-0.20000,,
ESTAT:IRT_LT_MCBY_Q(1.0),25/02/26 23:00:00,Quarterly,EMU convergence criterion bond yields,Belgium,2021-Q2,0.11000,,
ESTAT:IRT_LT_MCBY_Q(1.0),25/02/26 23:00:00,Quarterly,EMU convergence criterion bond yields,Belgium,2021-Q3,-0.05000,,
ESTAT:IRT_LT_MCBY_Q(1.0),25/02/26 23:00:00,Quarterly,EMU convergence criterion bond yields,Belgium,2021-Q4,0.09000,,
ESTAT:IRT_LT_MCBY_Q(1.0),25/02/26 23:00:00,Quarterly,EMU convergence criterion bond yields,Belgium,2022-Q1,0.55000,,
ESTAT:IRT_LT_MCBY_Q(1.0),25/02/26 23:00:00,Quarterly,EMU convergence criterion bond yields,Belgium,2022-Q2,1.67000,,
ESTAT:IRT_LT_MCBY_Q(1.0),25/02/26 23:00:00,Quarterly,EMU convergence criterion bond yields,Belgium,2022-Q3,1.99000,,
ESTAT:IRT_LT_MCBY_Q(1.0),25/02/26 23:00:00,Quarterly,EMU convergence criterion bond yields,Belgium,2022-Q4,2.73000,,
ESTAT:IRT_LT_MCBY_Q(1.0),25/02/26 23:00:00,Quarterly,EMU convergence criterion bond yields,Belgium,2023-Q1,2.93000,,
ESTAT:IRT_LT_MCBY_Q(1.0),25/02/26 23:00:00,Quarterly,EMU convergence criterion bond yields,Belgium,2023-Q2,3.05000,,
ESTAT:IRT_LT_MCBY_Q(1.0),25/02/26 23:00:00,Quarterly,EMU convergence criterion bond yields,Belgium,2023-Q3,3.23000,,
ESTAT:IRT_LT_MCBY_Q(1.0),25/02/26 23:00:00,Quarterly,EMU convergence criterion bond yields,Belgium,2023-Q4,3.15000,,
ESTAT:IRT_LT_MCBY_Q(1.0),25/02/26 23:00:00,Quarterly,EMU convergence criterion bond yields,Belgium,2024-Q1,2.89000,,
ESTAT:IRT_LT_MCBY_Q(1.0),25/02/26 23:00:00,Quarterly,EMU convergence criterion bond yields,Belgium,2024-Q2,3.06000,,
ESTAT:IRT_LT_MCBY_Q(1.0),25/02/26 23:00:00,Quarterly,EMU convergence criterion bond yields,Belgium,2024-Q3,2.89000,,
ESTAT:IRT_LT_MCBY_Q(1.0),25/02/26 23:00:00,Quarterly,EMU convergence criterion bond yields,Belgium,2024-Q4,2.85000,,
ESTAT:IRT_LT_MCBY_Q(1.0),25/02/26 23:00:00,Quarterly,EMU convergence criterion bond yields,Belgium,2025-Q1,3.14778,,
ESTAT:IRT_LT_MCBY_Q(1.0),25/02/26 23:00:00,Quarterly,EMU convergence criterion bond yields,Belgium,2025-Q2,3.12352,,
ESTAT:IRT_LT_MCBY_Q(1.0),25/02/26 23:00:00,Quarterly,EMU convergence criterion bond yields,Belgium,2025-Q3,3.23000,,
ESTAT:IRT_LT_MCBY_Q(1.0),25/02/26 23:00:00,Quarterly,EMU convergence criterion bond yields,Belgium,2025-Q4,3.19492,,
ESTAT:IRT_LT_MCBY_Q(1.0),25/02/26 23:00:00,Quarterly,EMU convergence criterion bond yields,Bulgaria,2003-Q1,7.02300,,
ESTAT:IRT_LT_MCBY_Q(1.0),25/02/26 23:00:00,Quarterly,EMU convergence criterion bond yields,Bulgaria,2003-Q2,6.78330,,
ESTAT:IRT_LT_MCBY_Q(1.0),25/02/26 23:00:00,Quarterly,EMU convergence criterion bond yields,Bulgaria,2003-Q3,5.92348,,
ESTAT:IRT_LT_MCBY_Q(1.0),25/02/26 23:00:00,Quarterly,EMU convergence criterion bond yields,Bulgaria,2003-Q4,6.06000,,
ESTAT:IRT_LT_MCBY_Q(1.0),25/02/26 23:00:00,Quarterly,EMU convergence criterion bond yields,Bulgaria,2004-Q1,5.69670,,
ESTAT:IRT_LT_MCBY_Q(1.0),25/02/26 23:00:00,Quarterly,EMU convergence criterion bond yields,Bulgaria,2004-Q2,5.31978,,
ESTAT:IRT_LT_MCBY_Q(1.0),25/02/26 23:00:00,Quarterly,EMU convergence criterion bond yields,Bulgaria,2004-Q3,5.30000,,
ESTAT:IRT_LT_MCBY_Q(1.0),25/02/26 23:00:00,Quarterly,EMU convergence criterion bond yields,Bulgaria,2004-Q4,5.12663,,
ESTAT:IRT_LT_MCBY_Q(1.0),25/02/26 23:00:00,Quarterly,EMU convergence criterion bond yields,Bulgaria,2005-Q1,4.28922,,
ESTAT:IRT_LT_MCBY_Q(1.0),25/02/26 23:00:00,Quarterly,EMU convergence criterion bond yields,Bulgaria,2005-Q2,4.07429,,
ESTAT:IRT_LT_MCBY_Q(1.0),25/02/26 23:00:00,Quarterly,EMU convergence criterion bond yields,Bulgaria,2005-Q3,3.64717,,
ESTAT:IRT_LT_MCBY_Q(1.0),25/02/26 23:00:00,Quarterly,EMU convergence criterion bond yields,Bulgaria,2005-Q4,3.49000,,
ESTAT:IRT_LT_MCBY_Q(1.0),25/02/26 23:00:00,Quarterly,EMU convergence criterion bond yields,Bulgaria,2006-Q1,3.74889,,
ESTAT:IRT_LT_MCBY_Q(1.0),25/02/26 23:00:00,Quarterly,EMU convergence criterion bond yields,Bulgaria,2006-Q2,4.21802,,
ESTAT:IRT_LT_MCBY_Q(1.0),25/02/26 23:00:00,Quarterly,EMU convergence criterion bond yields,Bulgaria,2006-Q3,4.49772,,
ESTAT:IRT_LT_MCBY_Q(1.0),25/02/26 23:00:00,Quarterly,EMU convergence criterion bond yields,Bulgaria,2006-Q4,4.27217,,
ESTAT:IRT_LT_MCBY_Q(1.0),25/02/26 23:00:00,Quarterly,EMU convergence criterion bond yields,Bulgaria,2007-Q1,4.22949,,
ESTAT:IRT_LT_MCBY_Q(1.0),25/02/26 23:00:00,Quarterly,EMU convergence criterion bond yields,Bulgaria,2007-Q2,4.36879,,
ESTAT:IRT_LT_MCBY_Q(1.0),25/02/26 23:00:00,Quarterly,EMU convergence criterion bond yields,Bulgaria,2007-Q3,4.67587,,
ESTAT:IRT_LT_MCBY_Q(1.0),25/02/26 23:00:00,Quarterly,EMU convergence criterion bond yields,Bulgaria,2007-Q4,4.86924,,
ESTAT:IRT_LT_MCBY_Q(1.0),25/02/26 23:00:00,Quarterly,EMU convergence criterion bond yields,Bulgaria,2008-Q1,5.04923,,
ESTAT:IRT_LT_MCBY_Q(1.0),25/02/26 23:00:00,Quarterly,EMU convergence criterion bond yields,Bulgaria,2008-Q2,4.97308,,
ESTAT:IRT_LT_MCBY_Q(1.0),25/02/26 23:00:00,Quarterly,EMU convergence criterion bond yields,Bulgaria,2008-Q3,5.17000,,
ESTAT:IRT_LT_MCBY_Q(1.0),25/02/26 23:00:00,Quarterly,EMU convergence criterion bond yields,Bulgaria,2008-Q4,6.31337,,
ESTAT:IRT_LT_MCBY_Q(1.0),25/02/26 23:00:00,Quarterly,EMU convergence criterion bond yields,Bulgaria,2009-Q1,7.32767,,
ESTAT:IRT_LT_MCBY_Q(1.0),25/02/26 23:00:00,Quarterly,EMU convergence criterion bond yields,Bulgaria,2009-Q2,7.20527,,
ESTAT:IRT_LT_MCBY_Q(1.0),25/02/26 23:00:00,Quarterly,EMU convergence criterion bond yields,Bulgaria,2009-Q3,7.59489,,
ESTAT:IRT_LT_MCBY_Q(1.0),25/02/26 23:00:00,Quarterly,EMU convergence criterion bond yields,Bulgaria,2009-Q4,6.74228,,
ESTAT:IRT_LT_MCBY_Q(1.0),25/02/26 23:00:00,Quarterly,EMU convergence criterion bond yields,Bulgaria,2010-Q1,6.17744,,
ESTAT:IRT_LT_MCBY_Q(1.0),25/02/26 23:00:00,Quarterly,EMU convergence criterion bond yields,Bulgaria,2010-Q2,6.09374,,
ESTAT:IRT_LT_MCBY_Q(1.0),25/02/26 23:00:00,Quarterly,EMU convergence criterion bond yields,Bulgaria,2010-Q3,5.98087,,
ESTAT:IRT_LT_MCBY_Q(1.0),25/02/26 23:00:00,Quarterly,EMU convergence criterion bond yields,Bulgaria,2010-Q4,5.77370,,
ESTAT:IRT_LT_MCBY_Q(1.0),25/02/26 23:00:00,Quarterly,EMU convergence criterion bond yields,Bulgaria,2011-Q1,5.47311,,
ESTAT:IRT_LT_MCBY_Q(1.0),25/02/26 23:00:00,Quarterly,EMU convergence criterion bond yields,Bulgaria,2011-Q2,5.37022,,
ESTAT:IRT_LT_MCBY_Q(1.0),25/02/26 23:00:00,Quarterly,EMU convergence criterion bond yields,Bulgaria,2011-Q3,5.32696,,
ESTAT:IRT_LT_MCBY_Q(1.0),25/02/26 23:00:00,Quarterly,EMU convergence criterion bond yields,Bulgaria,2011-Q4,5.25652,,
ESTAT:IRT_LT_MCBY_Q(1.0),25/02/26 23:00:00,Quarterly,EMU convergence criterion bond yields,Bulgaria,2012-Q1,5.22484,,
ESTAT:IRT_LT_MCBY_Q(1.0),25/02/26 23:00:00,Quarterly,EMU convergence criterion bond yields,Bulgaria,2012-Q2,5.09681,,
ESTAT:IRT_LT_MCBY_Q(1.0),25/02/26 23:00:00,Quarterly,EMU convergence criterion bond yields,Bulgaria,2012-Q3,4.32228,,
ESTAT:IRT_LT_MCBY_Q(1.0),25/02/26 23:00:00,Quarterly,EMU convergence criterion bond yields,Bulgaria,2012-Q4,3.35141,,
ESTAT:IRT_LT_MCBY_Q(1.0),25/02/26 23:00:00,Quarterly,EMU convergence criterion bond yields,Bulgaria,2013-Q1,3.35678,,
ESTAT:IRT_LT_MCBY_Q(1.0),25/02/26 23:00:00,Quarterly,EMU convergence criterion bond yields,Bulgaria,2013-Q2,3.40945,,
ESTAT:IRT_LT_MCBY_Q(1.0),25/02/26 23:00:00,Quarterly,EMU convergence criterion bond yields,Bulgaria,2013-Q3,3.53554,,
ESTAT:IRT_LT_MCBY_Q(1.0),25/02/26 23:00:00,Quarterly,EMU convergence criterion bond yields,Bulgaria,2013-Q4,3.59283,,
ESTAT:IRT_LT_MCBY_Q(1.0),25/02/26 23:00:00,Quarterly,EMU convergence criterion bond yields,Bulgaria,2014-Q1,3.55933,,
ESTAT:IRT_LT_MCBY_Q(1.0),25/02/26 23:00:00,Quarterly,EMU convergence criterion bond yields,Bulgaria,2014-Q2,3.24264,,
ESTAT:IRT_LT_MCBY_Q(1.0),25/02/26 23:00:00,Quarterly,EMU convergence criterion bond yields,Bulgaria,2014-Q3,3.35098,,
ESTAT:IRT_LT_MCBY_Q(1.0),25/02/26 23:00:00,Quarterly,EMU convergence criterion bond yields,Bulgaria,2014-Q4,3.23446,,
ESTAT:IRT_LT_MCBY_Q(1.0),25/02/26 23:00:00,Quarterly,EMU convergence criterion bond yields,Bulgaria,2015-Q1,2.65778,,
ESTAT:IRT_LT_MCBY_Q(1.0),25/02/26 23:00:00,Quarterly,EMU convergence criterion bond yields,Bulgaria,2015-Q2,2.36000,,
ESTAT:IRT_LT_MCBY_Q(1.0),25/02/26 23:00:00,Quarterly,EMU convergence criterion bond yields,Bulgaria,2015-Q3,2.36000,,
ESTAT:IRT_LT_MCBY_Q(1.0),25/02/26 23:00:00,Quarterly,EMU convergence criterion bond yields,Bulgaria,2015-Q4,2.58902,,
ESTAT:IRT_LT_MCBY_Q(1.0),25/02/26 23:00:00,Quarterly,EMU convergence criterion bond yields,Bulgaria,2016-Q1,2.58824,,
ESTAT:IRT_LT_MCBY_Q(1.0),25/02/26 23:00:00,Quarterly,EMU convergence criterion bond yields,Bulgaria,2016-Q2,2.40297,,
ESTAT:IRT_LT_MCBY_Q(1.0),25/02/26 23:00:00,Quarterly,EMU convergence criterion bond yields,Bulgaria,2016-Q3,2.27467,,
ESTAT:IRT_LT_MCBY_Q(1.0),25/02/26 23:00:00,Quarterly,EMU convergence criterion bond yields,Bulgaria,2016-Q4,1.82000,,
ESTAT:IRT_LT_MCBY_Q(1.0),25/02/26 23:00:00,Quarterly,EMU convergence criterion bond yields,Bulgaria,2017-Q1,1.75000,,
ESTAT:IRT_LT_MCBY_Q(1.0),25/02/26 23:00:00,Quarterly,EMU convergence criterion bond yields,Bulgaria,2017-Q2,1.74000,,
ESTAT:IRT_LT_MCBY_Q(1.0),25/02/26 23:00:00,Quarterly,EMU convergence criterion bond yields,Bulgaria,2017-Q3,1.67011,,
ESTAT:IRT_LT_MCBY_Q(1.0),25/02/26 23:00:00,Quarterly,EMU convergence criterion bond yields,Bulgaria,2017-Q4,1.24913,,
ESTAT:IRT_LT_MCBY_Q(1.0),25/02/26 23:00:00,Quarterly,EMU convergence criterion bond yields,Bulgaria,2018-Q1,0.97656,,
ESTAT:IRT_LT_MCBY_Q(1.0),25/02/26 23:00:00,Quarterly,EMU convergence criterion bond yields,Bulgaria,2018-Q2,1.02033,,
ESTAT:IRT_LT_MCBY_Q(1.0),25/02/26 23:00:00,Quarterly,EMU convergence criterion bond yields,Bulgaria,2018-Q3,0.83728,,
ESTAT:IRT_LT_MCBY_Q(1.0),25/02/26 23:00:00,Quarterly,EMU convergence criterion bond yields,Bulgaria,2018-Q4,0.73652,,
ESTAT:IRT_LT_MCBY_Q(1.0),25/02/26 23:00:00,Quarterly,EMU convergence criterion bond yields,Bulgaria,2019-Q1,0.69033,,
ESTAT:IRT_LT_MCBY_Q(1.0),25/02/26 23:00:00,Quarterly,EMU convergence criterion bond yields,Bulgaria,2019-Q2,0.43385,,
ESTAT:IRT_LT_MCBY_Q(1.0),25/02/26 23:00:00,Quarterly,EMU convergence criterion bond yields,Bulgaria,2019-Q3,0.37696,,
ESTAT:IRT_LT_MCBY_Q(1.0),25/02/26 23:00:00,Quarterly,EMU convergence criterion bond yields,Bulgaria,2019-Q4,0.21663,,
ESTAT:IRT_LT_MCBY_Q(1.0),25/02/26 23:00:00,Quarterly,EMU convergence criterion bond yields,Bulgaria,2020-Q1,0.14044,,
ESTAT:IRT_LT_MCBY_Q(1.0),25/02/26 23:00:00,Quarterly,EMU convergence criterion bond yields,Bulgaria,2020-Q2,0.35824,,
ESTAT:IRT_LT_MCBY_Q(1.0),25/02/26 23:00:00,Quarterly,EMU convergence criterion bond yields,Bulgaria,2020-Q3,0.32130,,
ESTAT:IRT_LT_MCBY_Q(1.0),25/02/26 23:00:00,Quarterly,EMU convergence criterion bond yields,Bulgaria,2020-Q4,0.19663,,
ESTAT:IRT_LT_MCBY_Q(1.0),25/02/26 23:00:00,Quarterly,EMU convergence criterion bond yields,Bulgaria,2021-Q1,0.16033,,
ESTAT:IRT_LT_MCBY_Q(1.0),25/02/26 23:00:00,Quarterly,EMU convergence criterion bond yields,Bulgaria,2021-Q2,0.14000,,
ESTAT:IRT_LT_MCBY_Q(1.0),25/02/26 23:00:00,Quarterly,EMU convergence criterion bond yields,Bulgaria,2021-Q3,0.14326,,
ESTAT:IRT_LT_MCBY_Q(1.0),25/02/26 23:00:00,Quarterly,EMU convergence criterion bond yields,Bulgaria,2021-Q4,0.31402,,
ESTAT:IRT_LT_MCBY_Q(1.0),25/02/26 23:00:00,Quarterly,EMU convergence criterion bond yields,Bulgaria,2022-Q1,0.76156,,
ESTAT:IRT_LT_MCBY_Q(1.0),25/02/26 23:00:00,Quarterly,EMU convergence criterion bond yields,Bulgaria,2022-Q2,1.66945,,
ESTAT:IRT_LT_MCBY_Q(1.0),25/02/26 23:00:00,Quarterly,EMU convergence criterion bond yields,Bulgaria,2022-Q3,1.85000,,
ESTAT:IRT_LT_MCBY_Q(1.0),25/02/26 23:00:00,Quarterly,EMU convergence criterion bond yields,Bulgaria,2022-Q4,1.85000,,
ESTAT:IRT_LT_MCBY_Q(1.0),25/02/26 23:00:00,Quarterly,EMU convergence criterion bond yields,Bulgaria,2023-Q1,2.93667,,
ESTAT:IRT_LT_MCBY_Q(1.0),25/02/26 23:00:00,Quarterly,EMU convergence criterion bond yields,Bulgaria,2023-Q2,4.03000,,
ESTAT:IRT_LT_MCBY_Q(1.0),25/02/26 23:00:00,Quarterly,EMU convergence criterion bond yields,Bulgaria,2023-Q3,4.03000,,
ESTAT:IRT_LT_MCBY_Q(1.0),25/02/26 23:00:00,Quarterly,EMU convergence criterion bond yields,Bulgaria,2023-Q4,4.02326,,
ESTAT:IRT_LT_MCBY_Q(1.0),25/02/26 23:00:00,Quarterly,EMU convergence criterion bond yields,Bulgaria,2024-Q1,3.93341,,
ESTAT:IRT_LT_MCBY_Q(1.0),25/02/26 23:00:00,Quarterly,EMU convergence criterion bond yields,Bulgaria,2024-Q2,3.93000,,
ESTAT:IRT_LT_MCBY_Q(1.0),25/02/26 23:00:00,Quarterly,EMU convergence criterion bond yields,Bulgaria,2024-Q3,3.93000,,
ESTAT:IRT_LT_MCBY_Q(1.0),25/02/26 23:00:00,Quarterly,EMU convergence criterion bond yields,Bulgaria,2024-Q4,3.93000,,
ESTAT:IRT_LT_MCBY_Q(1.0),25/02/26 23:00:00,Quarterly,EMU convergence criterion bond yields,Bulgaria,2025-Q1,3.93000,,
ESTAT:IRT_LT_MCBY_Q(1.0),25/02/26 23:00:00,Quarterly,EMU convergence criterion bond yields,Bulgaria,2025-Q2,3.93000,,
ESTAT:IRT_LT_MCBY_Q(1.0),25/02/26 23:00:00,Quarterly,EMU convergence criterion bond yields,Bulgaria,2025-Q3,3.93000,,
ESTAT:IRT_LT_MCBY_Q(1.0),25/02/26 23:00:00,Quarterly,EMU convergence criterion bond yields,Bulgaria,2025-Q4,3.93000,,
ESTAT:IRT_LT_MCBY_Q(1.0),25/02/26 23:00:00,Quarterly,EMU convergence criterion bond yields,Cyprus,2001-Q1,7.67000,,
ESTAT:IRT_LT_MCBY_Q(1.0),25/02/26 23:00:00,Quarterly,EMU convergence criterion bond yields,Cyprus,2001-Q2,7.68000,,
ESTAT:IRT_LT_MCBY_Q(1.0),25/02/26 23:00:00,Quarterly,EMU convergence criterion bond yields,Cyprus,2001-Q3,7.60000,,
ESTAT:IRT_LT_MCBY_Q(1.0),25/02/26 23:00:00,Quarterly,EMU convergence criterion bond yields,Cyprus,2001-Q4,7.55000,,
ESTAT:IRT_LT_MCBY_Q(1.0),25/02/26 23:00:00,Quarterly,EMU convergence criterion bond yields,Cyprus,2002-Q1,6.68000,,
ESTAT:IRT_LT_MCBY_Q(1.0),25/02/26 23:00:00,Quarterly,EMU convergence criterion bond yields,Cyprus,2002-Q2,5.37000,,
ESTAT:IRT_LT_MCBY_Q(1.0),25/02/26 23:00:00,Quarterly,EMU convergence criterion bond yields,Cyprus,2002-Q3,5.37000,,
ESTAT:IRT_LT_MCBY_Q(1.0),25/02/26 23:00:00,Quarterly,EMU convergence criterion bond yields,Cyprus,2002-Q4,5.37000,,
ESTAT:IRT_LT_MCBY_Q(1.0),25/02/26 23:00:00,Quarterly,EMU convergence criterion bond yields,Cyprus,2003-Q1,4.98000,,
ESTAT:IRT_LT_MCBY_Q(1.0),25/02/26 23:00:00,Quarterly,EMU convergence criterion bond yields,Cyprus,2003-Q2,4.69000,,
ESTAT:IRT_LT_MCBY_Q(1.0),25/02/26 23:00:00,Quarterly,EMU convergence criterion bond yields,Cyprus,2003-Q3,4.59000,,
ESTAT:IRT_LT_MCBY_Q(1.0),25/02/26 23:00:00,Quarterly,EMU convergence criterion bond yields,Cyprus,2003-Q4,4.71000,,
ESTAT:IRT_LT_MCBY_Q(1.0),25/02/26 23:00:00,Quarterly,EMU convergence criterion bond yields,Cyprus,2004-Q1,4.90000,,
ESTAT:IRT_LT_MCBY_Q(1.0),25/02/26 23:00:00,Quarterly,EMU convergence criterion bond yields,Cyprus,2004-Q2,5.28000,,
ESTAT:IRT_LT_MCBY_Q(1.0),25/02/26 23:00:00,Quarterly,EMU convergence criterion bond yields,Cyprus,2004-Q3,6.58000,,
ESTAT:IRT_LT_MCBY_Q(1.0),25/02/26 23:00:00,Quarterly,EMU convergence criterion bond yields,Cyprus,2004-Q4,6.43000,,
ESTAT:IRT_LT_MCBY_Q(1.0),25/02/26 23:00:00,Quarterly,EMU convergence criterion bond yields,Cyprus,2005-Q1,6.03000,,
ESTAT:IRT_LT_MCBY_Q(1.0),25/02/26 23:00:00,Quarterly,EMU convergence criterion bond yields,Cyprus,2005-Q2,5.61000,,
ESTAT:IRT_LT_MCBY_Q(1.0),25/02/26 23:00:00,Quarterly,EMU convergence criterion bond yields,Cyprus,2005-Q3,4.83000,,
ESTAT:IRT_LT_MCBY_Q(1.0),25/02/26 23:00:00,Quarterly,EMU convergence criterion bond yields,Cyprus,2005-Q4,4.18000,,
ESTAT:IRT_LT_MCBY_Q(1.0),25/02/26 23:00:00,Quarterly,EMU convergence criterion bond yields,Cyprus,2006-Q1,3.96000,,
ESTAT:IRT_LT_MCBY_Q(1.0),25/02/26 23:00:00,Quarterly,EMU convergence criterion bond yields,Cyprus,2006-Q2,4.06000,,
ESTAT:IRT_LT_MCBY_Q(1.0),25/02/26 23:00:00,Quarterly,EMU convergence criterion bond yields,Cyprus,2006-Q3,4.26000,,
ESTAT:IRT_LT_MCBY_Q(1.0),25/02/26 23:00:00,Quarterly,EMU convergence criterion bond yields,Cyprus,2006-Q4,4.26000,,
ESTAT:IRT_LT_MCBY_Q(1.0),25/02/26 23:00:00,Quarterly,EMU convergence criterion bond yields,Cyprus,2007-Q1,4.42000,,
ESTAT:IRT_LT_MCBY_Q(1.0),25/02/26 23:00:00,Quarterly,EMU convergence criterion bond yields,Cyprus,2007-Q2,4.44000,,
ESTAT:IRT_LT_MCBY_Q(1.0),25/02/26 23:00:00,Quarterly,EMU convergence criterion bond yields,Cyprus,2007-Q3,4.44000,,
ESTAT:IRT_LT_MCBY_Q(1.0),25/02/26 23:00:00,Quarterly,EMU convergence criterion bond yields,Cyprus,2007-Q4,4.60000,,
ESTAT:IRT_LT_MCBY_Q(1.0),25/02/26 23:00:00,Quarterly,EMU convergence criterion bond yields,Cyprus,2008-Q1,4.60000,,
ESTAT:IRT_LT_MCBY_Q(1.0),25/02/26 23:00:00,Quarterly,EMU convergence criterion bond yields,Cyprus,2008-Q2,4.60000,,
ESTAT:IRT_LT_MCBY_Q(1.0),25/02/26 23:00:00,Quarterly,EMU convergence criterion bond yields,Cyprus,2008-Q3,4.60000,,
ESTAT:IRT_LT_MCBY_Q(1.0),25/02/26 23:00:00,Quarterly,EMU convergence criterion bond yields,Cyprus,2008-Q4,4.60000,,
ESTAT:IRT_LT_MCBY_Q(1.0),25/02/26 23:00:00,Quarterly,EMU convergence criterion bond yields,Cyprus,2009-Q1,4.60000,,
ESTAT:IRT_LT_MCBY_Q(1.0),25/02/26 23:00:00,Quarterly,EMU convergence criterion bond yields,Cyprus,2009-Q2,4.60000,,
ESTAT:IRT_LT_MCBY_Q(1.0),25/02/26 23:00:00,Quarterly,EMU convergence criterion bond yields,Cyprus,2009-Q3,4.60000,,
ESTAT:IRT_LT_MCBY_Q(1.0),25/02/26 23:00:00,Quarterly,EMU convergence criterion bond yields,Cyprus,2009-Q4,4.60000,,
ESTAT:IRT_LT_MCBY_Q(1.0),25/02/26 23:00:00,Quarterly,EMU convergence criterion bond yields,Cyprus,2010-Q1,4.60000,,
ESTAT:IRT_LT_MCBY_Q(1.0),25/02/26 23:00:00,Quarterly,EMU convergence criterion bond yields,Cyprus,2010-Q2,4.60000,,
ESTAT:IRT_LT_MCBY_Q(1.0),25/02/26 23:00:00,Quarterly,EMU convergence criterion bond yields,Cyprus,2010-Q3,4.60000,,
ESTAT:IRT_LT_MCBY_Q(1.0),25/02/26 23:00:00,Quarterly,EMU convergence criterion bond yields,Cyprus,2010-Q4,4.60000,,
ESTAT:IRT_LT_MCBY_Q(1.0),25/02/26 23:00:00,Quarterly,EMU convergence criterion bond yields,Cyprus,2011-Q1,4.60000,,
ESTAT:IRT_LT_MCBY_Q(1.0),25/02/26 23:00:00,Quarterly,EMU convergence criterion bond yields,Cyprus,2011-Q2,4.99000,,
ESTAT:IRT_LT_MCBY_Q(1.0),25/02/26 23:00:00,Quarterly,EMU convergence criterion bond yields,Cyprus,2011-Q3,6.56000,,
ESTAT:IRT_LT_MCBY_Q(1.0),25/02/26 23:00:00,Quarterly,EMU convergence criterion bond yields,Cyprus,2011-Q4,7.00000,,
ESTAT:IRT_LT_MCBY_Q(1.0),25/02/26 23:00:00,Quarterly,EMU convergence criterion bond yields,Cyprus,2012-Q1,7.00000,,
ESTAT:IRT_LT_MCBY_Q(1.0),25/02/26 23:00:00,Quarterly,EMU convergence criterion bond yields,Cyprus,2012-Q2,7.00000,,
ESTAT:IRT_LT_MCBY_Q(1.0),25/02/26 23:00:00,Quarterly,EMU convergence criterion bond yields,Cyprus,2012-Q3,7.00000,,
ESTAT:IRT_LT_MCBY_Q(1.0),25/02/26 23:00:00,Quarterly,EMU convergence criterion bond yields,Cyprus,2012-Q4,7.00000,,
ESTAT:IRT_LT_MCBY_Q(1.0),25/02/26 23:00:00,Quarterly,EMU convergence criterion bond yields,Cyprus,2013-Q1,7.00000,,
ESTAT:IRT_LT_MCBY_Q(1.0),25/02/26 23:00:00,Quarterly,EMU convergence criterion bond yields,Cyprus,2013-Q2,7.00000,,
ESTAT:IRT_LT_MCBY_Q(1.0),25/02/26 23:00:00,Quarterly,EMU convergence criterion bond yields,Cyprus,2013-Q3,6.00000,,
ESTAT:IRT_LT_MCBY_Q(1.0),25/02/26 23:00:00,Quarterly,EMU convergence criterion bond yields,Cyprus,2013-Q4,6.00000,,
ESTAT:IRT_LT_MCBY_Q(1.0),25/02/26 23:00:00,Quarterly,EMU convergence criterion bond yields,Cyprus,2014-Q1,6.00000,,
ESTAT:IRT_LT_MCBY_Q(1.0),25/02/26 23:00:00,Quarterly,EMU convergence criterion bond yields,Cyprus,2014-Q2,6.00000,,
ESTAT:IRT_LT_MCBY_Q(1.0),25/02/26 23:00:00,Quarterly,EMU convergence criterion bond yields,Cyprus,2014-Q3,6.00000,,
ESTAT:IRT_LT_MCBY_Q(1.0),25/02/26 23:00:00,Quarterly,EMU convergence criterion bond yields,Cyprus,2014-Q4,6.00000,,
ESTAT:IRT_LT_MCBY_Q(1.0),25/02/26 23:00:00,Quarterly,EMU convergence criterion bond yields,Cyprus,2015-Q1,6.00000,,
ESTAT:IRT_LT_MCBY_Q(1.0),25/02/26 23:00:00,Quarterly,EMU convergence criterion bond yields,Cyprus,2015-Q2,4.62000,,
ESTAT:IRT_LT_MCBY_Q(1.0),25/02/26 23:00:00,Quarterly,EMU convergence criterion bond yields,Cyprus,2015-Q3,3.69000,,
ESTAT:IRT_LT_MCBY_Q(1.0),25/02/26 23:00:00,Quarterly,EMU convergence criterion bond yields,Cyprus,2015-Q4,3.84000,,
ESTAT:IRT_LT_MCBY_Q(1.0),25/02/26 23:00:00,Quarterly,EMU convergence criterion bond yields,Cyprus,2016-Q1,3.94000,,
ESTAT:IRT_LT_MCBY_Q(1.0),25/02/26 23:00:00,Quarterly,EMU convergence criterion bond yields,Cyprus,2016-Q2,3.90000,,
ESTAT:IRT_LT_MCBY_Q(1.0),25/02/26 23:00:00,Quarterly,EMU convergence criterion bond yields,Cyprus,2016-Q3,3.78000,,
ESTAT:IRT_LT_MCBY_Q(1.0),25/02/26 23:00:00,Quarterly,EMU convergence criterion bond yields,Cyprus,2016-Q4,3.47000,,
ESTAT:IRT_LT_MCBY_Q(1.0),25/02/26 23:00:00,Quarterly,EMU convergence criterion bond yields,Cyprus,2017-Q1,3.39000,,
ESTAT:IRT_LT_MCBY_Q(1.0),25/02/26 23:00:00,Quarterly,EMU convergence criterion bond yields,Cyprus,2017-Q2,3.03000,,
ESTAT:IRT_LT_MCBY_Q(1.0),25/02/26 23:00:00,Quarterly,EMU convergence criterion bond yields,Cyprus,2017-Q3,2.42000,,
ESTAT:IRT_LT_MCBY_Q(1.0),25/02/26 23:00:00,Quarterly,EMU convergence criterion bond yields,Cyprus,2017-Q4,1.65000,,
ESTAT:IRT_LT_MCBY_Q(1.0),25/02/26 23:00:00,Quarterly,EMU convergence criterion bond yields,Cyprus,2018-Q1,1.81000,,
ESTAT:IRT_LT_MCBY_Q(1.0),25/02/26 23:00:00,Quarterly,EMU convergence criterion bond yields,Cyprus,2018-Q2,2.42000,,
ESTAT:IRT_LT_MCBY_Q(1.0),25/02/26 23:00:00,Quarterly,EMU convergence criterion bond yields,Cyprus,2018-Q3,2.10000,,
ESTAT:IRT_LT_MCBY_Q(1.0),25/02/26 23:00:00,Quarterly,EMU convergence criterion bond yields,Cyprus,2018-Q4,2.37000,,
ESTAT:IRT_LT_MCBY_Q(1.0),25/02/26 23:00:00,Quarterly,EMU convergence criterion bond yields,Cyprus,2019-Q1,1.99000,,
ESTAT:IRT_LT_MCBY_Q(1.0),25/02/26 23:00:00,Quarterly,EMU convergence criterion bond yields,Cyprus,2019-Q2,1.22000,,
ESTAT:IRT_LT_MCBY_Q(1.0),25/02/26 23:00:00,Quarterly,EMU convergence criterion bond yields,Cyprus,2019-Q3,0.53000,,
ESTAT:IRT_LT_MCBY_Q(1.0),25/02/26 23:00:00,Quarterly,EMU convergence criterion bond yields,Cyprus,2019-Q4,0.55000,,
ESTAT:IRT_LT_MCBY_Q(1.0),25/02/26 23:00:00,Quarterly,EMU convergence criterion bond yields,Cyprus,2020-Q1,0.81000,,
ESTAT:IRT_LT_MCBY_Q(1.0),25/02/26 23:00:00,Quarterly,EMU convergence criterion bond yields,Cyprus,2020-Q2,1.54000,,
ESTAT:IRT_LT_MCBY_Q(1.0),25/02/26 23:00:00,Quarterly,EMU convergence criterion bond yields,Cyprus,2020-Q3,0.85000,,
ESTAT:IRT_LT_MCBY_Q(1.0),25/02/26 23:00:00,Quarterly,EMU convergence criterion bond yields,Cyprus,2020-Q4,0.31000,,
ESTAT:IRT_LT_MCBY_Q(1.0),25/02/26 23:00:00,Quarterly,EMU convergence criterion bond yields,Cyprus,2021-Q1,0.30000,,
ESTAT:IRT_LT_MCBY_Q(1.0),25/02/26 23:00:00,Quarterly,EMU convergence criterion bond yields,Cyprus,2021-Q2,0.44000,,
ESTAT:IRT_LT_MCBY_Q(1.0),25/02/26 23:00:00,Quarterly,EMU convergence criterion bond yields,Cyprus,2021-Q3,0.21000,,
ESTAT:IRT_LT_MCBY_Q(1.0),25/02/26 23:00:00,Quarterly,EMU convergence criterion bond yields,Cyprus,2021-Q4,0.53000,,
ESTAT:IRT_LT_MCBY_Q(1.0),25/02/26 23:00:00,Quarterly,EMU convergence criterion bond yields,Cyprus,2022-Q1,1.46000,,
ESTAT:IRT_LT_MCBY_Q(1.0),25/02/26 23:00:00,Quarterly,EMU convergence criterion bond yields,Cyprus,2022-Q2,2.79000,,
ESTAT:IRT_LT_MCBY_Q(1.0),25/02/26 23:00:00,Quarterly,EMU convergence criterion bond yields,Cyprus,2022-Q3,3.39000,,
ESTAT:IRT_LT_MCBY_Q(1.0),25/02/26 23:00:00,Quarterly,EMU convergence criterion bond yields,Cyprus,2022-Q4,4.20000,,
ESTAT:IRT_LT_MCBY_Q(1.0),25/02/26 23:00:00,Quarterly,EMU convergence criterion bond yields,Cyprus,2023-Q1,4.16000,,
ESTAT:IRT_LT_MCBY_Q(1.0),25/02/26 23:00:00,Quarterly,EMU convergence criterion bond yields,Cyprus,2023-Q2,3.92000,,
ESTAT:IRT_LT_MCBY_Q(1.0),25/02/26 23:00:00,Quarterly,EMU convergence criterion bond yields,Cyprus,2023-Q3,3.86000,,
ESTAT:IRT_LT_MCBY_Q(1.0),25/02/26 23:00:00,Quarterly,EMU convergence criterion bond yields,Cyprus,2023-Q4,3.72000,,
ESTAT:IRT_LT_MCBY_Q(1.0),25/02/26 23:00:00,Quarterly,EMU convergence criterion bond yields,Cyprus,2024-Q1,3.27000,,
ESTAT:IRT_LT_MCBY_Q(1.0),25/02/26 23:00:00,Quarterly,EMU convergence criterion bond yields,Cyprus,2024-Q2,3.32000,,
ESTAT:IRT_LT_MCBY_Q(1.0),25/02/26 23:00:00,Quarterly,EMU convergence criterion bond yields,Cyprus,2024-Q3,3.06000,,
ESTAT:IRT_LT_MCBY_Q(1.0),25/02/26 23:00:00,Quarterly,EMU convergence criterion bond yields,Cyprus,2024-Q4,2.89000,,
ESTAT:IRT_LT_MCBY_Q(1.0),25/02/26 23:00:00,Quarterly,EMU convergence criterion bond yields,Cyprus,2025-Q1,3.01744,,
ESTAT:IRT_LT_MCBY_Q(1.0),25/02/26 23:00:00,Quarterly,EMU convergence criterion bond yields,Cyprus,2025-Q2,2.88000,,
ESTAT:IRT_LT_MCBY_Q(1.0),25/02/26 23:00:00,Quarterly,EMU convergence criterion bond yields,Cyprus,2025-Q3,2.92000,,
ESTAT:IRT_LT_MCBY_Q(1.0),25/02/26 23:00:00,Quarterly,EMU convergence criterion bond yields,Cyprus,2025-Q4,2.86492,,
ESTAT:IRT_LT_MCBY_Q(1.0),25/02/26 23:00:00,Quarterly,EMU convergence criterion bond yields,Czechia,2000-Q2,6.40667,,
ESTAT:IRT_LT_MCBY_Q(1.0),25/02/26 23:00:00,Quarterly,EMU convergence criterion bond yields,Czechia,2000-Q3,6.95333,,
ESTAT:IRT_LT_MCBY_Q(1.0),25/02/26 23:00:00,Quarterly,EMU convergence criterion bond yields,Czechia,2000-Q4,7.44333,,
ESTAT:IRT_LT_MCBY_Q(1.0),25/02/26 23:00:00,Quarterly,EMU convergence criterion bond yields,Czechia,2001-Q1,6.52000,,
ESTAT:IRT_LT_MCBY_Q(1.0),25/02/26 23:00:00,Quarterly,EMU convergence criterion bond yields,Czechia,2001-Q2,6.49000,,
ESTAT:IRT_LT_MCBY_Q(1.0),25/02/26 23:00:00,Quarterly,EMU convergence criterion bond yields,Czechia,2001-Q3,6.69000,,
ESTAT:IRT_LT_MCBY_Q(1.0),25/02/26 23:00:00,Quarterly,EMU convergence criterion bond yields,Czechia,2001-Q4,5.56000,,
ESTAT:IRT_LT_MCBY_Q(1.0),25/02/26 23:00:00,Quarterly,EMU convergence criterion bond yields,Czechia,2002-Q1,5.39000,,
ESTAT:IRT_LT_MCBY_Q(1.0),25/02/26 23:00:00,Quarterly,EMU convergence criterion bond yields,Czechia,2002-Q2,5.28000,,
ESTAT:IRT_LT_MCBY_Q(1.0),25/02/26 23:00:00,Quarterly,EMU convergence criterion bond yields,Czechia,2002-Q3,4.61000,,
ESTAT:IRT_LT_MCBY_Q(1.0),25/02/26 23:00:00,Quarterly,EMU convergence criterion bond yields,Czechia,2002-Q4,4.22000,,
ESTAT:IRT_LT_MCBY_Q(1.0),25/02/26 23:00:00,Quarterly,EMU convergence criterion bond yields,Czechia,2003-Q1,3.89000,,
ESTAT:IRT_LT_MCBY_Q(1.0),25/02/26 23:00:00,Quarterly,EMU convergence criterion bond yields,Czechia,2003-Q2,3.71000,,
ESTAT:IRT_LT_MCBY_Q(1.0),25/02/26 23:00:00,Quarterly,EMU convergence criterion bond yields,Czechia,2003-Q3,4.18000,,
ESTAT:IRT_LT_MCBY_Q(1.0),25/02/26 23:00:00,Quarterly,EMU convergence criterion bond yields,Czechia,2003-Q4,4.68000,,
ESTAT:IRT_LT_MCBY_Q(1.0),25/02/26 23:00:00,Quarterly,EMU convergence criterion bond yields,Czechia,2004-Q1,4.71000,,
ESTAT:IRT_LT_MCBY_Q(1.0),25/02/26 23:00:00,Quarterly,EMU convergence criterion bond yields,Czechia,2004-Q2,4.91000,,
ESTAT:IRT_LT_MCBY_Q(1.0),25/02/26 23:00:00,Quarterly,EMU convergence criterion bond yields,Czechia,2004-Q3,5.12000,,
ESTAT:IRT_LT_MCBY_Q(1.0),25/02/26 23:00:00,Quarterly,EMU convergence criterion bond yields,Czechia,2004-Q4,4.55000,,
ESTAT:IRT_LT_MCBY_Q(1.0),25/02/26 23:00:00,Quarterly,EMU convergence criterion bond yields,Czechia,2005-Q1,3.74000,,
ESTAT:IRT_LT_MCBY_Q(1.0),25/02/26 23:00:00,Quarterly,EMU convergence criterion bond yields,Czechia,2005-Q2,3.50000,,
ESTAT:IRT_LT_MCBY_Q(1.0),25/02/26 23:00:00,Quarterly,EMU convergence criterion bond yields,Czechia,2005-Q3,3.32000,,
ESTAT:IRT_LT_MCBY_Q(1.0),25/02/26 23:00:00,Quarterly,EMU convergence criterion bond yields,Czechia,2005-Q4,3.61000,,
ESTAT:IRT_LT_MCBY_Q(1.0),25/02/26 23:00:00,Quarterly,EMU convergence criterion bond yields,Czechia,2006-Q1,3.47000,,
ESTAT:IRT_LT_MCBY_Q(1.0),25/02/26 23:00:00,Quarterly,EMU convergence criterion bond yields,Czechia,2006-Q2,3.94000,,
ESTAT:IRT_LT_MCBY_Q(1.0),25/02/26 23:00:00,Quarterly,EMU convergence criterion bond yields,Czechia,2006-Q3,3.94000,,
ESTAT:IRT_LT_MCBY_Q(1.0),25/02/26 23:00:00,Quarterly,EMU convergence criterion bond yields,Czechia,2006-Q4,3.85000,,
ESTAT:IRT_LT_MCBY_Q(1.0),25/02/26 23:00:00,Quarterly,EMU convergence criterion bond yields,Czechia,2007-Q1,3.90000,,
ESTAT:IRT_LT_MCBY_Q(1.0),25/02/26 23:00:00,Quarterly,EMU convergence criterion bond yields,Czechia,2007-Q2,4.20000,,
ESTAT:IRT_LT_MCBY_Q(1.0),25/02/26 23:00:00,Quarterly,EMU convergence criterion bond yields,Czechia,2007-Q3,4.52000,,
ESTAT:IRT_LT_MCBY_Q(1.0),25/02/26 23:00:00,Quarterly,EMU convergence criterion bond yields,Czechia,2007-Q4,4.59000,,
ESTAT:IRT_LT_MCBY_Q(1.0),25/02/26 23:00:00,Quarterly,EMU convergence criterion bond yields,Czechia,2008-Q1,4.59000,,
ESTAT:IRT_LT_MCBY_Q(1.0),25/02/26 23:00:00,Quarterly,EMU convergence criterion bond yields,Czechia,2008-Q2,4.90000,,
ESTAT:IRT_LT_MCBY_Q(1.0),25/02/26 23:00:00,Quarterly,EMU convergence criterion bond yields,Czechia,2008-Q3,4.60000,,
ESTAT:IRT_LT_MCBY_Q(1.0),25/02/26 23:00:00,Quarterly,EMU convergence criterion bond yields,Czechia,2008-Q4,4.45000,,
ESTAT:IRT_LT_MCBY_Q(1.0),25/02/26 23:00:00,Quarterly,EMU convergence criterion bond yields,Czechia,2009-Q1,4.70000,,
ESTAT:IRT_LT_MCBY_Q(1.0),25/02/26 23:00:00,Quarterly,EMU convergence criterion bond yields,Czechia,2009-Q2,5.25000,,
ESTAT:IRT_LT_MCBY_Q(1.0),25/02/26 23:00:00,Quarterly,EMU convergence criterion bond yields,Czechia,2009-Q3,5.17000,,
ESTAT:IRT_LT_MCBY_Q(1.0),25/02/26 23:00:00,Quarterly,EMU convergence criterion bond yields,Czechia,2009-Q4,4.22000,,
ESTAT:IRT_LT_MCBY_Q(1.0),25/02/26 23:00:00,Quarterly,EMU convergence criterion bond yields,Czechia,2010-Q1,4.21000,,
ESTAT:IRT_LT_MCBY_Q(1.0),25/02/26 23:00:00,Quarterly,EMU convergence criterion bond yields,Czechia,2010-Q2,4.07000,,
ESTAT:IRT_LT_MCBY_Q(1.0),25/02/26 23:00:00,Quarterly,EMU convergence criterion bond yields,Czechia,2010-Q3,3.62000,,
ESTAT:IRT_LT_MCBY_Q(1.0),25/02/26 23:00:00,Quarterly,EMU convergence criterion bond yields,Czechia,2010-Q4,3.64000,,
ESTAT:IRT_LT_MCBY_Q(1.0),25/02/26 23:00:00,Quarterly,EMU convergence criterion bond yields,Czechia,2011-Q1,4.03000,,
ESTAT:IRT_LT_MCBY_Q(1.0),25/02/26 23:00:00,Quarterly,EMU convergence criterion bond yields,Czechia,2011-Q2,3.90000,,
ESTAT:IRT_LT_MCBY_Q(1.0),25/02/26 23:00:00,Quarterly,EMU convergence criterion bond yields,Czechia,2011-Q3,3.40000,,
ESTAT:IRT_LT_MCBY_Q(1.0),25/02/26 23:00:00,Quarterly,EMU convergence criterion bond yields,Czechia,2011-Q4,3.50000,,
ESTAT:IRT_LT_MCBY_Q(1.0),25/02/26 23:00:00,Quarterly,EMU convergence criterion bond yields,Czechia,2012-Q1,3.34000,,
ESTAT:IRT_LT_MCBY_Q(1.0),25/02/26 23:00:00,Quarterly,EMU convergence criterion bond yields,Czechia,2012-Q2,3.31000,,
ESTAT:IRT_LT_MCBY_Q(1.0),25/02/26 23:00:00,Quarterly,EMU convergence criterion bond yields,Czechia,2012-Q3,2.45000,,
ESTAT:IRT_LT_MCBY_Q(1.0),25/02/26 23:00:00,Quarterly,EMU convergence criterion bond yields,Czechia,2012-Q4,2.03000,,
ESTAT:IRT_LT_MCBY_Q(1.0),25/02/26 23:00:00,Quarterly,EMU convergence criterion bond yields,Czechia,2013-Q1,1.98000,,
ESTAT:IRT_LT_MCBY_Q(1.0),25/02/26 23:00:00,Quarterly,EMU convergence criterion bond yields,Czechia,2013-Q2,1.88000,,
ESTAT:IRT_LT_MCBY_Q(1.0),25/02/26 23:00:00,Quarterly,EMU convergence criterion bond yields,Czechia,2013-Q3,2.35000,,
ESTAT:IRT_LT_MCBY_Q(1.0),25/02/26 23:00:00,Quarterly,EMU convergence criterion bond yields,Czechia,2013-Q4,2.24000,,
ESTAT:IRT_LT_MCBY_Q(1.0),25/02/26 23:00:00,Quarterly,EMU convergence criterion bond yields,Czechia,2014-Q1,2.30000,,
ESTAT:IRT_LT_MCBY_Q(1.0),25/02/26 23:00:00,Quarterly,EMU convergence criterion bond yields,Czechia,2014-Q2,1.76000,,
ESTAT:IRT_LT_MCBY_Q(1.0),25/02/26 23:00:00,Quarterly,EMU convergence criterion bond yields,Czechia,2014-Q3,1.36000,,
ESTAT:IRT_LT_MCBY_Q(1.0),25/02/26 23:00:00,Quarterly,EMU convergence criterion bond yields,Czechia,2014-Q4,0.88000,,
ESTAT:IRT_LT_MCBY_Q(1.0),25/02/26 23:00:00,Quarterly,EMU convergence criterion bond yields,Czechia,2015-Q1,0.37000,,
ESTAT:IRT_LT_MCBY_Q(1.0),25/02/26 23:00:00,Quarterly,EMU convergence criterion bond yields,Czechia,2015-Q2,0.62000,,
ESTAT:IRT_LT_MCBY_Q(1.0),25/02/26 23:00:00,Quarterly,EMU convergence criterion bond yields,Czechia,2015-Q3,0.80000,,
ESTAT:IRT_LT_MCBY_Q(1.0),25/02/26 23:00:00,Quarterly,EMU convergence criterion bond yields,Czechia,2015-Q4,0.51000,,
ESTAT:IRT_LT_MCBY_Q(1.0),25/02/26 23:00:00,Quarterly,EMU convergence criterion bond yields,Czechia,2016-Q1,0.48000,,
ESTAT:IRT_LT_MCBY_Q(1.0),25/02/26 23:00:00,Quarterly,EMU convergence criterion bond yields,Czechia,2016-Q2,0.45000,,
ESTAT:IRT_LT_MCBY_Q(1.0),25/02/26 23:00:00,Quarterly,EMU convergence criterion bond yields,Czechia,2016-Q3,0.30000,,
ESTAT:IRT_LT_MCBY_Q(1.0),25/02/26 23:00:00,Quarterly,EMU convergence criterion bond yields,Czechia,2016-Q4,0.48000,,
ESTAT:IRT_LT_MCBY_Q(1.0),25/02/26 23:00:00,Quarterly,EMU convergence criterion bond yields,Czechia,2017-Q1,0.66000,,
ESTAT:IRT_LT_MCBY_Q(1.0),25/02/26 23:00:00,Quarterly,EMU convergence criterion bond yields,Czechia,2017-Q2,0.82000,,
ESTAT:IRT_LT_MCBY_Q(1.0),25/02/26 23:00:00,Quarterly,EMU convergence criterion bond yields,Czechia,2017-Q3,0.90000,,
ESTAT:IRT_LT_MCBY_Q(1.0),25/02/26 23:00:00,Quarterly,EMU convergence criterion bond yields,Czechia,2017-Q4,1.54000,,
ESTAT:IRT_LT_MCBY_Q(1.0),25/02/26 23:00:00,Quarterly,EMU convergence criterion bond yields,Czechia,2018-Q1,1.80000,,
ESTAT:IRT_LT_MCBY_Q(1.0),25/02/26 23:00:00,Quarterly,EMU convergence criterion bond yields,Czechia,2018-Q2,1.92000,,
ESTAT:IRT_LT_MCBY_Q(1.0),25/02/26 23:00:00,Quarterly,EMU convergence criterion bond yields,Czechia,2018-Q3,2.13000,,
ESTAT:IRT_LT_MCBY_Q(1.0),25/02/26 23:00:00,Quarterly,EMU convergence criterion bond yields,Czechia,2018-Q4,2.07000,,
ESTAT:IRT_LT_MCBY_Q(1.0),25/02/26 23:00:00,Quarterly,EMU convergence criterion bond yields,Czechia,2019-Q1,1.81000,,
ESTAT:IRT_LT_MCBY_Q(1.0),25/02/26 23:00:00,Quarterly,EMU convergence criterion bond yields,Czechia,2019-Q2,1.75000,,
ESTAT:IRT_LT_MCBY_Q(1.0),25/02/26 23:00:00,Quarterly,EMU convergence criterion bond yields,Czechia,2019-Q3,1.20000,,
ESTAT:IRT_LT_MCBY_Q(1.0),25/02/26 23:00:00,Quarterly,EMU convergence criterion bond yields,Czechia,2019-Q4,1.43000,,
ESTAT:IRT_LT_MCBY_Q(1.0),25/02/26 23:00:00,Quarterly,EMU convergence criterion bond yields,Czechia,2020-Q1,1.46000,,
ESTAT:IRT_LT_MCBY_Q(1.0),25/02/26 23:00:00,Quarterly,EMU convergence criterion bond yields,Czechia,2020-Q2,1.02000,,
ESTAT:IRT_LT_MCBY_Q(1.0),25/02/26 23:00:00,Quarterly,EMU convergence criterion bond yields,Czechia,2020-Q3,0.93000,,
ESTAT:IRT_LT_MCBY_Q(1.0),25/02/26 23:00:00,Quarterly,EMU convergence criterion bond yields,Czechia,2020-Q4,1.11000,,
ESTAT:IRT_LT_MCBY_Q(1.0),25/02/26 23:00:00,Quarterly,EMU convergence criterion bond yields,Czechia,2021-Q1,1.55000,,
ESTAT:IRT_LT_MCBY_Q(1.0),25/02/26 23:00:00,Quarterly,EMU convergence criterion bond yields,Czechia,2021-Q2,1.76000,,
ESTAT:IRT_LT_MCBY_Q(1.0),25/02/26 23:00:00,Quarterly,EMU convergence criterion bond yields,Czechia,2021-Q3,1.79000,,
ESTAT:IRT_LT_MCBY_Q(1.0),25/02/26 23:00:00,Quarterly,EMU convergence criterion bond yields,Czechia,2021-Q4,2.53000,,
ESTAT:IRT_LT_MCBY_Q(1.0),25/02/26 23:00:00,Quarterly,EMU convergence criterion bond yields,Czechia,2022-Q1,3.23000,,
ESTAT:IRT_LT_MCBY_Q(1.0),25/02/26 23:00:00,Quarterly,EMU convergence criterion bond yields,Czechia,2022-Q2,4.58000,,
ESTAT:IRT_LT_MCBY_Q(1.0),25/02/26 23:00:00,Quarterly,EMU convergence criterion bond yields,Czechia,2022-Q3,4.41000,,
ESTAT:IRT_LT_MCBY_Q(1.0),25/02/26 23:00:00,Quarterly,EMU convergence criterion bond yields,Czechia,2022-Q4,5.11000,,
ESTAT:IRT_LT_MCBY_Q(1.0),25/02/26 23:00:00,Quarterly,EMU convergence criterion bond yields,Czechia,2023-Q1,4.58000,,
ESTAT:IRT_LT_MCBY_Q(1.0),25/02/26 23:00:00,Quarterly,EMU convergence criterion bond yields,Czechia,2023-Q2,4.50000,,
ESTAT:IRT_LT_MCBY_Q(1.0),25/02/26 23:00:00,Quarterly,EMU convergence criterion bond yields,Czechia,2023-Q3,4.30000,,
ESTAT:IRT_LT_MCBY_Q(1.0),25/02/26 23:00:00,Quarterly,EMU convergence criterion bond yields,Czechia,2023-Q4,4.37000,,
ESTAT:IRT_LT_MCBY_Q(1.0),25/02/26 23:00:00,Quarterly,EMU convergence criterion bond yields,Czechia,2024-Q1,3.82000,,
ESTAT:IRT_LT_MCBY_Q(1.0),25/02/26 23:00:00,Quarterly,EMU convergence criterion bond yields,Czechia,2024-Q2,4.19000,,
ESTAT:IRT_LT_MCBY_Q(1.0),25/02/26 23:00:00,Quarterly,EMU convergence criterion bond yields,Czechia,2024-Q3,3.83000,,
ESTAT:IRT_LT_MCBY_Q(1.0),25/02/26 23:00:00,Quarterly,EMU convergence criterion bond yields,Czechia,2024-Q4,4.07000,,
ESTAT:IRT_LT_MCBY_Q(1.0),25/02/26 23:00:00,Quarterly,EMU convergence criterion bond yields,Czechia,2025-Q1,4.17711,,
ESTAT:IRT_LT_MCBY_Q(1.0),25/02/26 23:00:00,Quarterly,EMU convergence criterion bond yields,Czechia,2025-Q2,4.16000,,
ESTAT:IRT_LT_MCBY_Q(1.0),25/02/26 23:00:00,Quarterly,EMU convergence criterion bond yields,Czechia,2025-Q3,4.36000,,
ESTAT:IRT_LT_MCBY_Q(1.0),25/02/26 23:00:00,Quarterly,EMU convergence criterion bond yields,Czechia,2025-Q4,4.53377,,
ESTAT:IRT_LT_MCBY_Q(1.0),25/02/26 23:00:00,Quarterly,EMU convergence criterion bond yields,Germany,1980-Q1,8.60667,,
ESTAT:IRT_LT_MCBY_Q(1.0),25/02/26 23:00:00,Quarterly,EMU convergence criterion bond yields,Germany,1980-Q2,8.71000,,
ESTAT:IRT_LT_MCBY_Q(1.0),25/02/26 23:00:00,Quarterly,EMU convergence criterion bond yields,Germany,1980-Q3,7.98667,,
ESTAT:IRT_LT_MCBY_Q(1.0),25/02/26 23:00:00,Quarterly,EMU convergence criterion bond yields,Germany,1980-Q4,8.64000,,
ESTAT:IRT_LT_MCBY_Q(1.0),25/02/26 23:00:00,Quarterly,EMU convergence criterion bond yields,Germany,1981-Q1,9.60667,,
ESTAT:IRT_LT_MCBY_Q(1.0),25/02/26 23:00:00,Quarterly,EMU convergence criterion bond yields,Germany,1981-Q2,10.30333,,
ESTAT:IRT_LT_MCBY_Q(1.0),25/02/26 23:00:00,Quarterly,EMU convergence criterion bond yields,Germany,1981-Q3,10.56000,,
ESTAT:IRT_LT_MCBY_Q(1.0),25/02/26 23:00:00,Quarterly,EMU convergence criterion bond yields,Germany,1981-Q4,9.96333,,
ESTAT:IRT_LT_MCBY_Q(1.0),25/02/26 23:00:00,Quarterly,EMU convergence criterion bond yields,Germany,1982-Q1,9.67333,,
ESTAT:IRT_LT_MCBY_Q(1.0),25/02/26 23:00:00,Quarterly,EMU convergence criterion bond yields,Germany,1982-Q2,8.98333,,
ESTAT:IRT_LT_MCBY_Q(1.0),25/02/26 23:00:00,Quarterly,EMU convergence criterion bond yields,Germany,1982-Q3,8.98667,,
ESTAT:IRT_LT_MCBY_Q(1.0),25/02/26 23:00:00,Quarterly,EMU convergence criterion bond yields,Germany,1982-Q4,8.21667,,
ESTAT:IRT_LT_MCBY_Q(1.0),25/02/26 23:00:00,Quarterly,EMU convergence criterion bond yields,Germany,1983-Q1,7.61333,,
ESTAT:IRT_LT_MCBY_Q(1.0),25/02/26 23:00:00,Quarterly,EMU convergence criterion bond yields,Germany,1983-Q2,7.77000,,
ESTAT:IRT_LT_MCBY_Q(1.0),25/02/26 23:00:00,Quarterly,EMU convergence criterion bond yields,Germany,1983-Q3,8.36333,,
ESTAT:IRT_LT_MCBY_Q(1.0),25/02/26 23:00:00,Quarterly,EMU convergence criterion bond yields,Germany,1983-Q4,8.32667,,
ESTAT:IRT_LT_MCBY_Q(1.0),25/02/26 23:00:00,Quarterly,EMU convergence criterion bond yields,Germany,1984-Q1,8.23667,,
ESTAT:IRT_LT_MCBY_Q(1.0),25/02/26 23:00:00,Quarterly,EMU convergence criterion bond yields,Germany,1984-Q2,8.18667,,
ESTAT:IRT_LT_MCBY_Q(1.0),25/02/26 23:00:00,Quarterly,EMU convergence criterion bond yields,Germany,1984-Q3,8.08333,,
ESTAT:IRT_LT_MCBY_Q(1.0),25/02/26 23:00:00,Quarterly,EMU convergence criterion bond yields,Germany,1984-Q4,7.29000,,
ESTAT:IRT_LT_MCBY_Q(1.0),25/02/26 23:00:00,Quarterly,EMU convergence criterion bond yields,Germany,1985-Q1,7.44667,,
ESTAT:IRT_LT_MCBY_Q(1.0),25/02/26 23:00:00,Quarterly,EMU convergence criterion bond yields,Germany,1985-Q2,7.18667,,
ESTAT:IRT_LT_MCBY_Q(1.0),25/02/26 23:00:00,Quarterly,EMU convergence criterion bond yields,Germany,1985-Q3,6.61667,,
ESTAT:IRT_LT_MCBY_Q(1.0),25/02/26 23:00:00,Quarterly,EMU convergence criterion bond yields,Germany,1985-Q4,6.54000,,
ESTAT:IRT_LT_MCBY_Q(1.0),25/02/26 23:00:00,Quarterly,EMU convergence criterion bond yields,Germany,1986-Q1,6.09667,,
ESTAT:IRT_LT_MCBY_Q(1.0),25/02/26 23:00:00,Quarterly,EMU convergence criterion bond yields,Germany,1986-Q2,5.66000,,
ESTAT:IRT_LT_MCBY_Q(1.0),25/02/26 23:00:00,Quarterly,EMU convergence criterion bond yields,Germany,1986-Q3,5.73000,,
ESTAT:IRT_LT_MCBY_Q(1.0),25/02/26 23:00:00,Quarterly,EMU convergence criterion bond yields,Germany,1986-Q4,6.09000,,
ESTAT:IRT_LT_MCBY_Q(1.0),25/02/26 23:00:00,Quarterly,EMU convergence criterion bond yields,Germany,1987-Q1,5.92333,,
ESTAT:IRT_LT_MCBY_Q(1.0),25/02/26 23:00:00,Quarterly,EMU convergence criterion bond yields,Germany,1987-Q2,5.66333,,
ESTAT:IRT_LT_MCBY_Q(1.0),25/02/26 23:00:00,Quarterly,EMU convergence criterion bond yields,Germany,1987-Q3,6.42667,,
ESTAT:IRT_LT_MCBY_Q(1.0),25/02/26 23:00:00,Quarterly,EMU convergence criterion bond yields,Germany,1987-Q4,6.55000,,
ESTAT:IRT_LT_MCBY_Q(1.0),25/02/26 23:00:00,Quarterly,EMU convergence criterion bond yields,Germany,1988-Q1,6.32000,,
ESTAT:IRT_LT_MCBY_Q(1.0),25/02/26 23:00:00,Quarterly,EMU convergence criterion bond yields,Germany,1988-Q2,6.49333,,
ESTAT:IRT_LT_MCBY_Q(1.0),25/02/26 23:00:00,Quarterly,EMU convergence criterion bond yields,Germany,1988-Q3,6.71667,,
ESTAT:IRT_LT_MCBY_Q(1.0),25/02/26 23:00:00,Quarterly,EMU convergence criterion bond yields,Germany,1988-Q4,6.42667,,
ESTAT:IRT_LT_MCBY_Q(1.0),25/02/26 23:00:00,Quarterly,EMU convergence criterion bond yields,Germany,1989-Q1,6.80333,,
ESTAT:IRT_LT_MCBY_Q(1.0),25/02/26 23:00:00,Quarterly,EMU convergence criterion bond yields,Germany,1989-Q2,6.86333,,
ESTAT:IRT_LT_MCBY_Q(1.0),25/02/26 23:00:00,Quarterly,EMU convergence criterion bond yields,Germany,1989-Q3,6.75667,,
ESTAT:IRT_LT_MCBY_Q(1.0),25/02/26 23:00:00,Quarterly,EMU convergence criterion bond yields,Germany,1989-Q4,7.21000,,
ESTAT:IRT_LT_MCBY_Q(1.0),25/02/26 23:00:00,Quarterly,EMU convergence criterion bond yields,Germany,1990-Q1,8.31000,,
ESTAT:IRT_LT_MCBY_Q(1.0),25/02/26 23:00:00,Quarterly,EMU convergence criterion bond yields,Germany,1990-Q2,8.76667,,
ESTAT:IRT_LT_MCBY_Q(1.0),25/02/26 23:00:00,Quarterly,EMU convergence criterion bond yields,Germany,1990-Q3,8.88000,,
ESTAT:IRT_LT_MCBY_Q(1.0),25/02/26 23:00:00,Quarterly,EMU convergence criterion bond yields,Germany,1990-Q4,8.94333,,
ESTAT:IRT_LT_MCBY_Q(1.0),25/02/26 23:00:00,Quarterly,EMU convergence criterion bond yields,Germany,1991-Q1,8.57000,,
ESTAT:IRT_LT_MCBY_Q(1.0),25/02/26 23:00:00,Quarterly,EMU convergence criterion bond yields,Germany,1991-Q2,8.39000,,
ESTAT:IRT_LT_MCBY_Q(1.0),25/02/26 23:00:00,Quarterly,EMU convergence criterion bond yields,Germany,1991-Q3,8.53333,,
ESTAT:IRT_LT_MCBY_Q(1.0),25/02/26 23:00:00,Quarterly,EMU convergence criterion bond yields,Germany,1991-Q4,8.29333,,
ESTAT:IRT_LT_MCBY_Q(1.0),25/02/26 23:00:00,Quarterly,EMU convergence criterion bond yields,Germany,1992-Q1,7.96667,,
ESTAT:IRT_LT_MCBY_Q(1.0),25/02/26 23:00:00,Quarterly,EMU convergence criterion bond yields,Germany,1992-Q2,8.06000,,
ESTAT:IRT_LT_MCBY_Q(1.0),25/02/26 23:00:00,Quarterly,EMU convergence criterion bond yields,Germany,1992-Q3,7.94000,,
ESTAT:IRT_LT_MCBY_Q(1.0),25/02/26 23:00:00,Quarterly,EMU convergence criterion bond yields,Germany,1992-Q4,7.37667,,
ESTAT:IRT_LT_MCBY_Q(1.0),25/02/26 23:00:00,Quarterly,EMU convergence criterion bond yields,Germany,1993-Q1,6.92000,,
ESTAT:IRT_LT_MCBY_Q(1.0),25/02/26 23:00:00,Quarterly,EMU convergence criterion bond yields,Germany,1993-Q2,6.77000,,
ESTAT:IRT_LT_MCBY_Q(1.0),25/02/26 23:00:00,Quarterly,EMU convergence criterion bond yields,Germany,1993-Q3,6.41000,,
ESTAT:IRT_LT_MCBY_Q(1.0),25/02/26 23:00:00,Quarterly,EMU convergence criterion bond yields,Germany,1993-Q4,5.94000,,
ESTAT:IRT_LT_MCBY_Q(1.0),25/02/26 23:00:00,Quarterly,EMU convergence criterion bond yields,Germany,1994-Q1,6.07000,,
ESTAT:IRT_LT_MCBY_Q(1.0),25/02/26 23:00:00,Quarterly,EMU convergence criterion bond yields,Germany,1994-Q2,6.73000,,
ESTAT:IRT_LT_MCBY_Q(1.0),25/02/26 23:00:00,Quarterly,EMU convergence criterion bond yields,Germany,1994-Q3,7.17000,,
ESTAT:IRT_LT_MCBY_Q(1.0),25/02/26 23:00:00,Quarterly,EMU convergence criterion bond yields,Germany,1994-Q4,7.50000,,
ESTAT:IRT_LT_MCBY_Q(1.0),25/02/26 23:00:00,Quarterly,EMU convergence criterion bond yields,Germany,1995-Q1,7.43000,,
ESTAT:IRT_LT_MCBY_Q(1.0),25/02/26 23:00:00,Quarterly,EMU convergence criterion bond yields,Germany,1995-Q2,6.91000,,
ESTAT:IRT_LT_MCBY_Q(1.0),25/02/26 23:00:00,Quarterly,EMU convergence criterion bond yields,Germany,1995-Q3,6.73000,,
ESTAT:IRT_LT_MCBY_Q(1.0),25/02/26 23:00:00,Quarterly,EMU convergence criterion bond yields,Germany,1995-Q4,6.33000,,
ESTAT:IRT_LT_MCBY_Q(1.0),25/02/26 23:00:00,Quarterly,EMU convergence criterion bond yields,Germany,1996-Q1,6.18000,,
ESTAT:IRT_LT_MCBY_Q(1.0),25/02/26 23:00:00,Quarterly,EMU convergence criterion bond yields,Germany,1996-Q2,6.46000,,
ESTAT:IRT_LT_MCBY_Q(1.0),25/02/26 23:00:00,Quarterly,EMU convergence criterion bond yields,Germany,1996-Q3,6.34000,,
ESTAT:IRT_LT_MCBY_Q(1.0),25/02/26 23:00:00,Quarterly,EMU convergence criterion bond yields,Germany,1996-Q4,5.89000,,
ESTAT:IRT_LT_MCBY_Q(1.0),25/02/26 23:00:00,Quarterly,EMU convergence criterion bond yields,Germany,1997-Q1,5.69000,,
ESTAT:IRT_LT_MCBY_Q(1.0),25/02/26 23:00:00,Quarterly,EMU convergence criterion bond yields,Germany,1997-Q2,5.78000,,
ESTAT:IRT_LT_MCBY_Q(1.0),25/02/26 23:00:00,Quarterly,EMU convergence criterion bond yields,Germany,1997-Q3,5.60000,,
ESTAT:IRT_LT_MCBY_Q(1.0),25/02/26 23:00:00,Quarterly,EMU convergence criterion bond yields,Germany,1997-Q4,5.49000,,
ESTAT:IRT_LT_MCBY_Q(1.0),25/02/26 23:00:00,Quarterly,EMU convergence criterion bond yields,Germany,1998-Q1,5.00000,,
ESTAT:IRT_LT_MCBY_Q(1.0),25/02/26 23:00:00,Quarterly,EMU convergence criterion bond yields,Germany,1998-Q2,4.89000,,
ESTAT:IRT_LT_MCBY_Q(1.0),25/02/26 23:00:00,Quarterly,EMU convergence criterion bond yields,Germany,1998-Q3,4.39000,,
ESTAT:IRT_LT_MCBY_Q(1.0),25/02/26 23:00:00,Quarterly,EMU convergence criterion bond yields,Germany,1998-Q4,4.01000,,
ESTAT:IRT_LT_MCBY_Q(1.0),25/02/26 23:00:00,Quarterly,EMU convergence criterion bond yields,Germany,1999-Q1,3.86000,,
ESTAT:IRT_LT_MCBY_Q(1.0),25/02/26 23:00:00,Quarterly,EMU convergence criterion bond yields,Germany,1999-Q2,4.07000,,
ESTAT:IRT_LT_MCBY_Q(1.0),25/02/26 23:00:00,Quarterly,EMU convergence criterion bond yields,Germany,1999-Q3,4.87000,,
ESTAT:IRT_LT_MCBY_Q(1.0),25/02/26 23:00:00,Quarterly,EMU convergence criterion bond yields,Germany,1999-Q4,5.16000,,
ESTAT:IRT_LT_MCBY_Q(1.0),25/02/26 23:00:00,Quarterly,EMU convergence criterion bond yields,Germany,2000-Q1,5.46000,,
ESTAT:IRT_LT_MCBY_Q(1.0),25/02/26 23:00:00,Quarterly,EMU convergence criterion bond yields,Germany,2000-Q2,5.26000,,
ESTAT:IRT_LT_MCBY_Q(1.0),25/02/26 23:00:00,Quarterly,EMU convergence criterion bond yields,Germany,2000-Q3,5.25000,,
ESTAT:IRT_LT_MCBY_Q(1.0),25/02/26 23:00:00,Quarterly,EMU convergence criterion bond yields,Germany,2000-Q4,5.08000,,
ESTAT:IRT_LT_MCBY_Q(1.0),25/02/26 23:00:00,Quarterly,EMU convergence criterion bond yields,Germany,2001-Q1,4.75000,,
ESTAT:IRT_LT_MCBY_Q(1.0),25/02/26 23:00:00,Quarterly,EMU convergence criterion bond yields,Germany,2001-Q2,4.96000,,
ESTAT:IRT_LT_MCBY_Q(1.0),25/02/26 23:00:00,Quarterly,EMU convergence criterion bond yields,Germany,2001-Q3,4.88000,,
ESTAT:IRT_LT_MCBY_Q(1.0),25/02/26 23:00:00,Quarterly,EMU convergence criterion bond yields,Germany,2001-Q4,4.60000,,
ESTAT:IRT_LT_MCBY_Q(1.0),25/02/26 23:00:00,Quarterly,EMU convergence criterion bond yields,Germany,2002-Q1,4.98000,,
ESTAT:IRT_LT_MCBY_Q(1.0),25/02/26 23:00:00,Quarterly,EMU convergence criterion bond yields,Germany,2002-Q2,5.11000,,
ESTAT:IRT_LT_MCBY_Q(1.0),25/02/26 23:00:00,Quarterly,EMU convergence criterion bond yields,Germany,2002-Q3,4.61000,,
ESTAT:IRT_LT_MCBY_Q(1.0),25/02/26 23:00:00,Quarterly,EMU convergence criterion bond yields,Germany,2002-Q4,4.42000,,
ESTAT:IRT_LT_MCBY_Q(1.0),25/02/26 23:00:00,Quarterly,EMU convergence criterion bond yields,Germany,2003-Q1,4.04000,,
ESTAT:IRT_LT_MCBY_Q(1.0),25/02/26 23:00:00,Quarterly,EMU convergence criterion bond yields,Germany,2003-Q2,3.86000,,
ESTAT:IRT_LT_MCBY_Q(1.0),25/02/26 23:00:00,Quarterly,EMU convergence criterion bond yields,Germany,2003-Q3,4.09000,,
ESTAT:IRT_LT_MCBY_Q(1.0),25/02/26 23:00:00,Quarterly,EMU convergence criterion bond yields,Germany,2003-Q4,4.29000,,
ESTAT:IRT_LT_MCBY_Q(1.0),25/02/26 23:00:00,Quarterly,EMU convergence criterion bond yields,Germany,2004-Q1,4.06000,,
ESTAT:IRT_LT_MCBY_Q(1.0),25/02/26 23:00:00,Quarterly,EMU convergence criterion bond yields,Germany,2004-Q2,4.22000,,
ESTAT:IRT_LT_MCBY_Q(1.0),25/02/26 23:00:00,Quarterly,EMU convergence criterion bond yields,Germany,2004-Q3,4.11000,,
ESTAT:IRT_LT_MCBY_Q(1.0),25/02/26 23:00:00,Quarterly,EMU convergence criterion bond yields,Germany,2004-Q4,3.75000,,
ESTAT:IRT_LT_MCBY_Q(1.0),25/02/26 23:00:00,Quarterly,EMU convergence criterion bond yields,Germany,2005-Q1,3.60000,,
ESTAT:IRT_LT_MCBY_Q(1.0),25/02/26 23:00:00,Quarterly,EMU convergence criterion bond yields,Germany,2005-Q2,3.30000,,
ESTAT:IRT_LT_MCBY_Q(1.0),25/02/26 23:00:00,Quarterly,EMU convergence criterion bond yields,Germany,2005-Q3,3.17000,,
ESTAT:IRT_LT_MCBY_Q(1.0),25/02/26 23:00:00,Quarterly,EMU convergence criterion bond yields,Germany,2005-Q4,3.34000,,
ESTAT:IRT_LT_MCBY_Q(1.0),25/02/26 23:00:00,Quarterly,EMU convergence criterion bond yields,Germany,2006-Q1,3.48000,,
ESTAT:IRT_LT_MCBY_Q(1.0),25/02/26 23:00:00,Quarterly,EMU convergence criterion bond yields,Germany,2006-Q2,3.94000,,
ESTAT:IRT_LT_MCBY_Q(1.0),25/02/26 23:00:00,Quarterly,EMU convergence criterion bond yields,Germany,2006-Q3,3.88000,,
ESTAT:IRT_LT_MCBY_Q(1.0),25/02/26 23:00:00,Quarterly,EMU convergence criterion bond yields,Germany,2006-Q4,3.76000,,
ESTAT:IRT_LT_MCBY_Q(1.0),25/02/26 23:00:00,Quarterly,EMU convergence criterion bond yields,Germany,2007-Q1,4.00000,,
ESTAT:IRT_LT_MCBY_Q(1.0),25/02/26 23:00:00,Quarterly,EMU convergence criterion bond yields,Germany,2007-Q2,4.33000,,
ESTAT:IRT_LT_MCBY_Q(1.0),25/02/26 23:00:00,Quarterly,EMU convergence criterion bond yields,Germany,2007-Q3,4.34000,,
ESTAT:IRT_LT_MCBY_Q(1.0),25/02/26 23:00:00,Quarterly,EMU convergence criterion bond yields,Germany,2007-Q4,4.19000,,
ESTAT:IRT_LT_MCBY_Q(1.0),25/02/26 23:00:00,Quarterly,EMU convergence criterion bond yields,Germany,2008-Q1,3.93000,,
ESTAT:IRT_LT_MCBY_Q(1.0),25/02/26 23:00:00,Quarterly,EMU convergence criterion bond yields,Germany,2008-Q2,4.25000,,
ESTAT:IRT_LT_MCBY_Q(1.0),25/02/26 23:00:00,Quarterly,EMU convergence criterion bond yields,Germany,2008-Q3,4.26000,,
ESTAT:IRT_LT_MCBY_Q(1.0),25/02/26 23:00:00,Quarterly,EMU convergence criterion bond yields,Germany,2008-Q4,3.50000,,
ESTAT:IRT_LT_MCBY_Q(1.0),25/02/26 23:00:00,Quarterly,EMU convergence criterion bond yields,Germany,2009-Q1,3.07000,,
ESTAT:IRT_LT_MCBY_Q(1.0),25/02/26 23:00:00,Quarterly,EMU convergence criterion bond yields,Germany,2009-Q2,3.32000,,
ESTAT:IRT_LT_MCBY_Q(1.0),25/02/26 23:00:00,Quarterly,EMU convergence criterion bond yields,Germany,2009-Q3,3.30000,,
ESTAT:IRT_LT_MCBY_Q(1.0),25/02/26 23:00:00,Quarterly,EMU convergence criterion bond yields,Germany,2009-Q4,3.19000,,
ESTAT:IRT_LT_MCBY_Q(1.0),25/02/26 23:00:00,Quarterly,EMU convergence criterion bond yields,Germany,2010-Q1,3.18000,,
ESTAT:IRT_LT_MCBY_Q(1.0),25/02/26 23:00:00,Quarterly,EMU convergence criterion bond yields,Germany,2010-Q2,2.78000,,
ESTAT:IRT_LT_MCBY_Q(1.0),25/02/26 23:00:00,Quarterly,EMU convergence criterion bond yields,Germany,2010-Q3,2.42000,,
ESTAT:IRT_LT_MCBY_Q(1.0),25/02/26 23:00:00,Quarterly,EMU convergence criterion bond yields,Germany,2010-Q4,2.60000,,
ESTAT:IRT_LT_MCBY_Q(1.0),25/02/26 23:00:00,Quarterly,EMU convergence criterion bond yields,Germany,2011-Q1,3.14000,,
ESTAT:IRT_LT_MCBY_Q(1.0),25/02/26 23:00:00,Quarterly,EMU convergence criterion bond yields,Germany,2011-Q2,3.10000,,
ESTAT:IRT_LT_MCBY_Q(1.0),25/02/26 23:00:00,Quarterly,EMU convergence criterion bond yields,Germany,2011-Q3,2.26000,,
ESTAT:IRT_LT_MCBY_Q(1.0),25/02/26 23:00:00,Quarterly,EMU convergence criterion bond yields,Germany,2011-Q4,1.93000,,
ESTAT:IRT_LT_MCBY_Q(1.0),25/02/26 23:00:00,Quarterly,EMU convergence criterion bond yields,Germany,2012-Q1,1.83000,,
ESTAT:IRT_LT_MCBY_Q(1.0),25/02/26 23:00:00,Quarterly,EMU convergence criterion bond yields,Germany,2012-Q2,1.42000,,
ESTAT:IRT_LT_MCBY_Q(1.0),25/02/26 23:00:00,Quarterly,EMU convergence criterion bond yields,Germany,2012-Q3,1.36000,,
ESTAT:IRT_LT_MCBY_Q(1.0),25/02/26 23:00:00,Quarterly,EMU convergence criterion bond yields,Germany,2012-Q4,1.37000,,
ESTAT:IRT_LT_MCBY_Q(1.0),25/02/26 23:00:00,Quarterly,EMU convergence criterion bond yields,Germany,2013-Q1,1.47000,,
ESTAT:IRT_LT_MCBY_Q(1.0),25/02/26 23:00:00,Quarterly,EMU convergence criterion bond yields,Germany,2013-Q2,1.34000,,
ESTAT:IRT_LT_MCBY_Q(1.0),25/02/26 23:00:00,Quarterly,EMU convergence criterion bond yields,Germany,2013-Q3,1.73000,,
ESTAT:IRT_LT_MCBY_Q(1.0),25/02/26 23:00:00,Quarterly,EMU convergence criterion bond yields,Germany,2013-Q4,1.75000,,
ESTAT:IRT_LT_MCBY_Q(1.0),25/02/26 23:00:00,Quarterly,EMU convergence criterion bond yields,Germany,2014-Q1,1.61000,,
ESTAT:IRT_LT_MCBY_Q(1.0),25/02/26 23:00:00,Quarterly,EMU convergence criterion bond yields,Germany,2014-Q2,1.35000,,
ESTAT:IRT_LT_MCBY_Q(1.0),25/02/26 23:00:00,Quarterly,EMU convergence criterion bond yields,Germany,2014-Q3,0.99000,,
ESTAT:IRT_LT_MCBY_Q(1.0),25/02/26 23:00:00,Quarterly,EMU convergence criterion bond yields,Germany,2014-Q4,0.70000,,
ESTAT:IRT_LT_MCBY_Q(1.0),25/02/26 23:00:00,Quarterly,EMU convergence criterion bond yields,Germany,2015-Q1,0.31000,,
ESTAT:IRT_LT_MCBY_Q(1.0),25/02/26 23:00:00,Quarterly,EMU convergence criterion bond yields,Germany,2015-Q2,0.49000,,
ESTAT:IRT_LT_MCBY_Q(1.0),25/02/26 23:00:00,Quarterly,EMU convergence criterion bond yields,Germany,2015-Q3,0.66000,,
ESTAT:IRT_LT_MCBY_Q(1.0),25/02/26 23:00:00,Quarterly,EMU convergence criterion bond yields,Germany,2015-Q4,0.53000,,
ESTAT:IRT_LT_MCBY_Q(1.0),25/02/26 23:00:00,Quarterly,EMU convergence criterion bond yields,Germany,2016-Q1,0.26000,,
ESTAT:IRT_LT_MCBY_Q(1.0),25/02/26 23:00:00,Quarterly,EMU convergence criterion bond yields,Germany,2016-Q2,0.08000,,
ESTAT:IRT_LT_MCBY_Q(1.0),25/02/26 23:00:00,Quarterly,EMU convergence criterion bond yields,Germany,2016-Q3,-0.12000,,
ESTAT:IRT_LT_MCBY_Q(1.0),25/02/26 23:00:00,Quarterly,EMU convergence criterion bond yields,Germany,2016-Q4,0.15000,,
ESTAT:IRT_LT_MCBY_Q(1.0),25/02/26 23:00:00,Quarterly,EMU convergence criterion bond yields,Germany,2017-Q1,0.29000,,
ESTAT:IRT_LT_MCBY_Q(1.0),25/02/26 23:00:00,Quarterly,EMU convergence criterion bond yields,Germany,2017-Q2,0.27000,,
ESTAT:IRT_LT_MCBY_Q(1.0),25/02/26 23:00:00,Quarterly,EMU convergence criterion bond yields,Germany,2017-Q3,0.39000,,
ESTAT:IRT_LT_MCBY_Q(1.0),25/02/26 23:00:00,Quarterly,EMU convergence criterion bond yields,Germany,2017-Q4,0.33000,,
ESTAT:IRT_LT_MCBY_Q(1.0),25/02/26 23:00:00,Quarterly,EMU convergence criterion bond yields,Germany,2018-Q1,0.55000,,
ESTAT:IRT_LT_MCBY_Q(1.0),25/02/26 23:00:00,Quarterly,EMU convergence criterion bond yields,Germany,2018-Q2,0.42000,,
ESTAT:IRT_LT_MCBY_Q(1.0),25/02/26 23:00:00,Quarterly,EMU convergence criterion bond yields,Germany,2018-Q3,0.31000,,
ESTAT:IRT_LT_MCBY_Q(1.0),25/02/26 23:00:00,Quarterly,EMU convergence criterion bond yields,Germany,2018-Q4,0.30000,,
ESTAT:IRT_LT_MCBY_Q(1.0),25/02/26 23:00:00,Quarterly,EMU convergence criterion bond yields,Germany,2019-Q1,0.07000,,
ESTAT:IRT_LT_MCBY_Q(1.0),25/02/26 23:00:00,Quarterly,EMU convergence criterion bond yields,Germany,2019-Q2,-0.16000,,
ESTAT:IRT_LT_MCBY_Q(1.0),25/02/26 23:00:00,Quarterly,EMU convergence criterion bond yields,Germany,2019-Q3,-0.54000,,
ESTAT:IRT_LT_MCBY_Q(1.0),25/02/26 23:00:00,Quarterly,EMU convergence criterion bond yields,Germany,2019-Q4,-0.37000,,
ESTAT:IRT_LT_MCBY_Q(1.0),25/02/26 23:00:00,Quarterly,EMU convergence criterion bond yields,Germany,2020-Q1,-0.44000,,
ESTAT:IRT_LT_MCBY_Q(1.0),25/02/26 23:00:00,Quarterly,EMU convergence criterion bond yields,Germany,2020-Q2,-0.47000,,
ESTAT:IRT_LT_MCBY_Q(1.0),25/02/26 23:00:00,Quarterly,EMU convergence criterion bond yields,Germany,2020-Q3,-0.52000,,
ESTAT:IRT_LT_MCBY_Q(1.0),25/02/26 23:00:00,Quarterly,EMU convergence criterion bond yields,Germany,2020-Q4,-0.61000,,
ESTAT:IRT_LT_MCBY_Q(1.0),25/02/26 23:00:00,Quarterly,EMU convergence criterion bond yields,Germany,2021-Q1,-0.46000,,
ESTAT:IRT_LT_MCBY_Q(1.0),25/02/26 23:00:00,Quarterly,EMU convergence criterion bond yields,Germany,2021-Q2,-0.28000,,
ESTAT:IRT_LT_MCBY_Q(1.0),25/02/26 23:00:00,Quarterly,EMU convergence criterion bond yields,Germany,2021-Q3,-0.45000,,
ESTAT:IRT_LT_MCBY_Q(1.0),25/02/26 23:00:00,Quarterly,EMU convergence criterion bond yields,Germany,2021-Q4,-0.30000,,
ESTAT:IRT_LT_MCBY_Q(1.0),25/02/26 23:00:00,Quarterly,EMU convergence criterion bond yields,Germany,2022-Q1,0.11000,,
ESTAT:IRT_LT_MCBY_Q(1.0),25/02/26 23:00:00,Quarterly,EMU convergence criterion bond yields,Germany,2022-Q2,1.05000,,
ESTAT:IRT_LT_MCBY_Q(1.0),25/02/26 23:00:00,Quarterly,EMU convergence criterion bond yields,Germany,2022-Q3,1.30000,,
ESTAT:IRT_LT_MCBY_Q(1.0),25/02/26 23:00:00,Quarterly,EMU convergence criterion bond yields,Germany,2022-Q4,2.11000,,
ESTAT:IRT_LT_MCBY_Q(1.0),25/02/26 23:00:00,Quarterly,EMU convergence criterion bond yields,Germany,2023-Q1,2.32000,,
ESTAT:IRT_LT_MCBY_Q(1.0),25/02/26 23:00:00,Quarterly,EMU convergence criterion bond yields,Germany,2023-Q2,2.36000,,
ESTAT:IRT_LT_MCBY_Q(1.0),25/02/26 23:00:00,Quarterly,EMU convergence criterion bond yields,Germany,2023-Q3,2.55000,,
ESTAT:IRT_LT_MCBY_Q(1.0),25/02/26 23:00:00,Quarterly,EMU convergence criterion bond yields,Germany,2023-Q4,2.51000,,
ESTAT:IRT_LT_MCBY_Q(1.0),25/02/26 23:00:00,Quarterly,EMU convergence criterion bond yields,Germany,2024-Q1,2.29000,,
ESTAT:IRT_LT_MCBY_Q(1.0),25/02/26 23:00:00,Quarterly,EMU convergence criterion bond yields,Germany,2024-Q2,2.48000,,
ESTAT:IRT_LT_MCBY_Q(1.0),25/02/26 23:00:00,Quarterly,EMU convergence criterion bond yields,Germany,2024-Q3,2.28000,,
ESTAT:IRT_LT_MCBY_Q(1.0),25/02/26 23:00:00,Quarterly,EMU convergence criterion bond yields,Germany,2024-Q4,2.24000,,
ESTAT:IRT_LT_MCBY_Q(1.0),25/02/26 23:00:00,Quarterly,EMU convergence criterion bond yields,Germany,2025-Q1,2.54794,,
ESTAT:IRT_LT_MCBY_Q(1.0),25/02/26 23:00:00,Quarterly,EMU convergence criterion bond yields,Germany,2025-Q2,2.53134,,
ESTAT:IRT_LT_MCBY_Q(1.0),25/02/26 23:00:00,Quarterly,EMU convergence criterion bond yields,Germany,2025-Q3,2.67000,,
ESTAT:IRT_LT_MCBY_Q(1.0),25/02/26 23:00:00,Quarterly,EMU convergence criterion bond yields,Germany,2025-Q4,2.63667,,
ESTAT:IRT_LT_MCBY_Q(1.0),25/02/26 23:00:00,Quarterly,EMU convergence criterion bond yields,Denmark,1983-Q3,14.90333,,
ESTAT:IRT_LT_MCBY_Q(1.0),25/02/26 23:00:00,Quarterly,EMU convergence criterion bond yields,Denmark,1983-Q4,14.17667,,
ESTAT:IRT_LT_MCBY_Q(1.0),25/02/26 23:00:00,Quarterly,EMU convergence criterion bond yields,Denmark,1984-Q1,13.51667,,
ESTAT:IRT_LT_MCBY_Q(1.0),25/02/26 23:00:00,Quarterly,EMU convergence criterion bond yields,Denmark,1984-Q2,14.81333,,
ESTAT:IRT_LT_MCBY_Q(1.0),25/02/26 23:00:00,Quarterly,EMU convergence criterion bond yields,Denmark,1984-Q3,14.92000,,
ESTAT:IRT_LT_MCBY_Q(1.0),25/02/26 23:00:00,Quarterly,EMU convergence criterion bond yields,Denmark,1984-Q4,14.45667,,
ESTAT:IRT_LT_MCBY_Q(1.0),25/02/26 23:00:00,Quarterly,EMU convergence criterion bond yields,Denmark,1985-Q1,13.55333,,
ESTAT:IRT_LT_MCBY_Q(1.0),25/02/26 23:00:00,Quarterly,EMU convergence criterion bond yields,Denmark,1985-Q2,11.83333,,
ESTAT:IRT_LT_MCBY_Q(1.0),25/02/26 23:00:00,Quarterly,EMU convergence criterion bond yields,Denmark,1985-Q3,10.63333,,
ESTAT:IRT_LT_MCBY_Q(1.0),25/02/26 23:00:00,Quarterly,EMU convergence criterion bond yields,Denmark,1985-Q4,10.30333,,
ESTAT:IRT_LT_MCBY_Q(1.0),25/02/26 23:00:00,Quarterly,EMU convergence criterion bond yields,Denmark,1986-Q1,9.61000,,
ESTAT:IRT_LT_MCBY_Q(1.0),25/02/26 23:00:00,Quarterly,EMU convergence criterion bond yields,Denmark,1986-Q2,9.11000,,
ESTAT:IRT_LT_MCBY_Q(1.0),25/02/26 23:00:00,Quarterly,EMU convergence criterion bond yields,Denmark,1986-Q3,10.48333,,
ESTAT:IRT_LT_MCBY_Q(1.0),25/02/26 23:00:00,Quarterly,EMU convergence criterion bond yields,Denmark,1986-Q4,11.00000,,
ESTAT:IRT_LT_MCBY_Q(1.0),25/02/26 23:00:00,Quarterly,EMU convergence criterion bond yields,Denmark,1987-Q1,11.43333,,
ESTAT:IRT_LT_MCBY_Q(1.0),25/02/26 23:00:00,Quarterly,EMU convergence criterion bond yields,Denmark,1987-Q2,11.11333,,
ESTAT:IRT_LT_MCBY_Q(1.0),25/02/26 23:00:00,Quarterly,EMU convergence criterion bond yields,Denmark,1987-Q3,11.13667,,
ESTAT:IRT_LT_MCBY_Q(1.0),25/02/26 23:00:00,Quarterly,EMU convergence criterion bond yields,Denmark,1987-Q4,11.45333,,
ESTAT:IRT_LT_MCBY_Q(1.0),25/02/26 23:00:00,Quarterly,EMU convergence criterion bond yields,Denmark,1988-Q1,10.20000,,
ESTAT:IRT_LT_MCBY_Q(1.0),25/02/26 23:00:00,Quarterly,EMU convergence criterion bond yields,Denmark,1988-Q2,10.22667,,
ESTAT:IRT_LT_MCBY_Q(1.0),25/02/26 23:00:00,Quarterly,EMU convergence criterion bond yields,Denmark,1988-Q3,9.72333,,
ESTAT:IRT_LT_MCBY_Q(1.0),25/02/26 23:00:00,Quarterly,EMU convergence criterion bond yields,Denmark,1988-Q4,9.38333,,
ESTAT:IRT_LT_MCBY_Q(1.0),25/02/26 23:00:00,Quarterly,EMU convergence criterion bond yields,Denmark,1989-Q1,9.36667,,
ESTAT:IRT_LT_MCBY_Q(1.0),25/02/26 23:00:00,Quarterly,EMU convergence criterion bond yields,Denmark,1989-Q2,9.78667,,
ESTAT:IRT_LT_MCBY_Q(1.0),25/02/26 23:00:00,Quarterly,EMU convergence criterion bond yields,Denmark,1989-Q3,9.46333,,
ESTAT:IRT_LT_MCBY_Q(1.0),25/02/26 23:00:00,Quarterly,EMU convergence criterion bond yields,Denmark,1989-Q4,10.20667,,
ESTAT:IRT_LT_MCBY_Q(1.0),25/02/26 23:00:00,Quarterly,EMU convergence criterion bond yields,Denmark,1990-Q1,11.01667,,
ESTAT:IRT_LT_MCBY_Q(1.0),25/02/26 23:00:00,Quarterly,EMU convergence criterion bond yields,Denmark,1990-Q2,10.46000,,
ESTAT:IRT_LT_MCBY_Q(1.0),25/02/26 23:00:00,Quarterly,EMU convergence criterion bond yields,Denmark,1990-Q3,10.44333,,
ESTAT:IRT_LT_MCBY_Q(1.0),25/02/26 23:00:00,Quarterly,EMU convergence criterion bond yields,Denmark,1990-Q4,10.60000,,
ESTAT:IRT_LT_MCBY_Q(1.0),25/02/26 23:00:00,Quarterly,EMU convergence criterion bond yields,Denmark,1991-Q1,9.67333,,
ESTAT:IRT_LT_MCBY_Q(1.0),25/02/26 23:00:00,Quarterly,EMU convergence criterion bond yields,Denmark,1991-Q2,9.17333,,
ESTAT:IRT_LT_MCBY_Q(1.0),25/02/26 23:00:00,Quarterly,EMU convergence criterion bond yields,Denmark,1991-Q3,9.27333,,
ESTAT:IRT_LT_MCBY_Q(1.0),25/02/26 23:00:00,Quarterly,EMU convergence criterion bond yields,Denmark,1991-Q4,8.92667,,
ESTAT:IRT_LT_MCBY_Q(1.0),25/02/26 23:00:00,Quarterly,EMU convergence criterion bond yields,Denmark,1992-Q1,8.60000,,
ESTAT:IRT_LT_MCBY_Q(1.0),25/02/26 23:00:00,Quarterly,EMU convergence criterion bond yields,Denmark,1992-Q2,8.87333,,
ESTAT:IRT_LT_MCBY_Q(1.0),25/02/26 23:00:00,Quarterly,EMU convergence criterion bond yields,Denmark,1992-Q3,9.45000,,
ESTAT:IRT_LT_MCBY_Q(1.0),25/02/26 23:00:00,Quarterly,EMU convergence criterion bond yields,Denmark,1992-Q4,9.02333,,
ESTAT:IRT_LT_MCBY_Q(1.0),25/02/26 23:00:00,Quarterly,EMU convergence criterion bond yields,Denmark,1993-Q1,8.49000,,
ESTAT:IRT_LT_MCBY_Q(1.0),25/02/26 23:00:00,Quarterly,EMU convergence criterion bond yields,Denmark,1993-Q2,7.51000,,
ESTAT:IRT_LT_MCBY_Q(1.0),25/02/26 23:00:00,Quarterly,EMU convergence criterion bond yields,Denmark,1993-Q3,6.85000,,
ESTAT:IRT_LT_MCBY_Q(1.0),25/02/26 23:00:00,Quarterly,EMU convergence criterion bond yields,Denmark,1993-Q4,6.37000,,
ESTAT:IRT_LT_MCBY_Q(1.0),25/02/26 23:00:00,Quarterly,EMU convergence criterion bond yields,Denmark,1994-Q1,6.33000,,
ESTAT:IRT_LT_MCBY_Q(1.0),25/02/26 23:00:00,Quarterly,EMU convergence criterion bond yields,Denmark,1994-Q2,7.54000,,
ESTAT:IRT_LT_MCBY_Q(1.0),25/02/26 23:00:00,Quarterly,EMU convergence criterion bond yields,Denmark,1994-Q3,8.60000,,
ESTAT:IRT_LT_MCBY_Q(1.0),25/02/26 23:00:00,Quarterly,EMU convergence criterion bond yields,Denmark,1994-Q4,8.84000,,
ESTAT:IRT_LT_MCBY_Q(1.0),25/02/26 23:00:00,Quarterly,EMU convergence criterion bond yields,Denmark,1995-Q1,8.96000,,
ESTAT:IRT_LT_MCBY_Q(1.0),25/02/26 23:00:00,Quarterly,EMU convergence criterion bond yields,Denmark,1995-Q2,8.44000,,
ESTAT:IRT_LT_MCBY_Q(1.0),25/02/26 23:00:00,Quarterly,EMU convergence criterion bond yields,Denmark,1995-Q3,8.09000,,
ESTAT:IRT_LT_MCBY_Q(1.0),25/02/26 23:00:00,Quarterly,EMU convergence criterion bond yields,Denmark,1995-Q4,7.58000,,
ESTAT:IRT_LT_MCBY_Q(1.0),25/02/26 23:00:00,Quarterly,EMU convergence criterion bond yields,Denmark,1996-Q1,7.35000,,
ESTAT:IRT_LT_MCBY_Q(1.0),25/02/26 23:00:00,Quarterly,EMU convergence criterion bond yields,Denmark,1996-Q2,7.41000,,
ESTAT:IRT_LT_MCBY_Q(1.0),25/02/26 23:00:00,Quarterly,EMU convergence criterion bond yields,Denmark,1996-Q3,7.26000,,
ESTAT:IRT_LT_MCBY_Q(1.0),25/02/26 23:00:00,Quarterly,EMU convergence criterion bond yields,Denmark,1996-Q4,6.75000,,
ESTAT:IRT_LT_MCBY_Q(1.0),25/02/26 23:00:00,Quarterly,EMU convergence criterion bond yields,Denmark,1997-Q1,6.40000,,
ESTAT:IRT_LT_MCBY_Q(1.0),25/02/26 23:00:00,Quarterly,EMU convergence criterion bond yields,Denmark,1997-Q2,6.48000,,
ESTAT:IRT_LT_MCBY_Q(1.0),25/02/26 23:00:00,Quarterly,EMU convergence criterion bond yields,Denmark,1997-Q3,6.17000,,
ESTAT:IRT_LT_MCBY_Q(1.0),25/02/26 23:00:00,Quarterly,EMU convergence criterion bond yields,Denmark,1997-Q4,5.96000,,
ESTAT:IRT_LT_MCBY_Q(1.0),25/02/26 23:00:00,Quarterly,EMU convergence criterion bond yields,Denmark,1998-Q1,5.30000,,
ESTAT:IRT_LT_MCBY_Q(1.0),25/02/26 23:00:00,Quarterly,EMU convergence criterion bond yields,Denmark,1998-Q2,5.12000,,
ESTAT:IRT_LT_MCBY_Q(1.0),25/02/26 23:00:00,Quarterly,EMU convergence criterion bond yields,Denmark,1998-Q3,4.82000,,
ESTAT:IRT_LT_MCBY_Q(1.0),25/02/26 23:00:00,Quarterly,EMU convergence criterion bond yields,Denmark,1998-Q4,4.51000,,
ESTAT:IRT_LT_MCBY_Q(1.0),25/02/26 23:00:00,Quarterly,EMU convergence criterion bond yields,Denmark,1999-Q1,4.22000,,
ESTAT:IRT_LT_MCBY_Q(1.0),25/02/26 23:00:00,Quarterly,EMU convergence criterion bond yields,Denmark,1999-Q2,4.50000,,
ESTAT:IRT_LT_MCBY_Q(1.0),25/02/26 23:00:00,Quarterly,EMU convergence criterion bond yields,Denmark,1999-Q3,5.35000,,
ESTAT:IRT_LT_MCBY_Q(1.0),25/02/26 23:00:00,Quarterly,EMU convergence criterion bond yields,Denmark,1999-Q4,5.57000,,
ESTAT:IRT_LT_MCBY_Q(1.0),25/02/26 23:00:00,Quarterly,EMU convergence criterion bond yields,Denmark,2000-Q1,5.79000,,
ESTAT:IRT_LT_MCBY_Q(1.0),25/02/26 23:00:00,Quarterly,EMU convergence criterion bond yields,Denmark,2000-Q2,5.67000,,
ESTAT:IRT_LT_MCBY_Q(1.0),25/02/26 23:00:00,Quarterly,EMU convergence criterion bond yields,Denmark,2000-Q3,5.69000,,
ESTAT:IRT_LT_MCBY_Q(1.0),25/02/26 23:00:00,Quarterly,EMU convergence criterion bond yields,Denmark,2000-Q4,5.42000,,
ESTAT:IRT_LT_MCBY_Q(1.0),25/02/26 23:00:00,Quarterly,EMU convergence criterion bond yields,Denmark,2001-Q1,5.03000,,
ESTAT:IRT_LT_MCBY_Q(1.0),25/02/26 23:00:00,Quarterly,EMU convergence criterion bond yields,Denmark,2001-Q2,5.27000,,
ESTAT:IRT_LT_MCBY_Q(1.0),25/02/26 23:00:00,Quarterly,EMU convergence criterion bond yields,Denmark,2001-Q3,5.18000,,
ESTAT:IRT_LT_MCBY_Q(1.0),25/02/26 23:00:00,Quarterly,EMU convergence criterion bond yields,Denmark,2001-Q4,4.83000,,
ESTAT:IRT_LT_MCBY_Q(1.0),25/02/26 23:00:00,Quarterly,EMU convergence criterion bond yields,Denmark,2002-Q1,5.21000,,
ESTAT:IRT_LT_MCBY_Q(1.0),25/02/26 23:00:00,Quarterly,EMU convergence criterion bond yields,Denmark,2002-Q2,5.36000,,
ESTAT:IRT_LT_MCBY_Q(1.0),25/02/26 23:00:00,Quarterly,EMU convergence criterion bond yields,Denmark,2002-Q3,4.92000,,
ESTAT:IRT_LT_MCBY_Q(1.0),25/02/26 23:00:00,Quarterly,EMU convergence criterion bond yields,Denmark,2002-Q4,4.74000,,
ESTAT:IRT_LT_MCBY_Q(1.0),25/02/26 23:00:00,Quarterly,EMU convergence criterion bond yields,Denmark,2003-Q1,4.30000,,
ESTAT:IRT_LT_MCBY_Q(1.0),25/02/26 23:00:00,Quarterly,EMU convergence criterion bond yields,Denmark,2003-Q2,4.12000,,
ESTAT:IRT_LT_MCBY_Q(1.0),25/02/26 23:00:00,Quarterly,EMU convergence criterion bond yields,Denmark,2003-Q3,4.31000,,
ESTAT:IRT_LT_MCBY_Q(1.0),25/02/26 23:00:00,Quarterly,EMU convergence criterion bond yields,Denmark,2003-Q4,4.51000,,
ESTAT:IRT_LT_MCBY_Q(1.0),25/02/26 23:00:00,Quarterly,EMU convergence criterion bond yields,Denmark,2004-Q1,4.25000,,
ESTAT:IRT_LT_MCBY_Q(1.0),25/02/26 23:00:00,Quarterly,EMU convergence criterion bond yields,Denmark,2004-Q2,4.43000,,
ESTAT:IRT_LT_MCBY_Q(1.0),25/02/26 23:00:00,Quarterly,EMU convergence criterion bond yields,Denmark,2004-Q3,4.48000,,
ESTAT:IRT_LT_MCBY_Q(1.0),25/02/26 23:00:00,Quarterly,EMU convergence criterion bond yields,Denmark,2004-Q4,4.06000,,
ESTAT:IRT_LT_MCBY_Q(1.0),25/02/26 23:00:00,Quarterly,EMU convergence criterion bond yields,Denmark,2005-Q1,3.73000,,
ESTAT:IRT_LT_MCBY_Q(1.0),25/02/26 23:00:00,Quarterly,EMU convergence criterion bond yields,Denmark,2005-Q2,3.38000,,
ESTAT:IRT_LT_MCBY_Q(1.0),25/02/26 23:00:00,Quarterly,EMU convergence criterion bond yields,Denmark,2005-Q3,3.17000,,
ESTAT:IRT_LT_MCBY_Q(1.0),25/02/26 23:00:00,Quarterly,EMU convergence criterion bond yields,Denmark,2005-Q4,3.34000,,
ESTAT:IRT_LT_MCBY_Q(1.0),25/02/26 23:00:00,Quarterly,EMU convergence criterion bond yields,Denmark,2006-Q1,3.50000,,
ESTAT:IRT_LT_MCBY_Q(1.0),25/02/26 23:00:00,Quarterly,EMU convergence criterion bond yields,Denmark,2006-Q2,4.01000,,
ESTAT:IRT_LT_MCBY_Q(1.0),25/02/26 23:00:00,Quarterly,EMU convergence criterion bond yields,Denmark,2006-Q3,3.93000,,
ESTAT:IRT_LT_MCBY_Q(1.0),25/02/26 23:00:00,Quarterly,EMU convergence criterion bond yields,Denmark,2006-Q4,3.81000,,
ESTAT:IRT_LT_MCBY_Q(1.0),25/02/26 23:00:00,Quarterly,EMU convergence criterion bond yields,Denmark,2007-Q1,4.00000,,
ESTAT:IRT_LT_MCBY_Q(1.0),25/02/26 23:00:00,Quarterly,EMU convergence criterion bond yields,Denmark,2007-Q2,4.39000,,
ESTAT:IRT_LT_MCBY_Q(1.0),25/02/26 23:00:00,Quarterly,EMU convergence criterion bond yields,Denmark,2007-Q3,4.44000,,
ESTAT:IRT_LT_MCBY_Q(1.0),25/02/26 23:00:00,Quarterly,EMU convergence criterion bond yields,Denmark,2007-Q4,4.31000,,
ESTAT:IRT_LT_MCBY_Q(1.0),25/02/26 23:00:00,Quarterly,EMU convergence criterion bond yields,Denmark,2008-Q1,4.09000,,
ESTAT:IRT_LT_MCBY_Q(1.0),25/02/26 23:00:00,Quarterly,EMU convergence criterion bond yields,Denmark,2008-Q2,4.51000,,
ESTAT:IRT_LT_MCBY_Q(1.0),25/02/26 23:00:00,Quarterly,EMU convergence criterion bond yields,Denmark,2008-Q3,4.55000,,
ESTAT:IRT_LT_MCBY_Q(1.0),25/02/26 23:00:00,Quarterly,EMU convergence criterion bond yields,Denmark,2008-Q4,3.99000,,
ESTAT:IRT_LT_MCBY_Q(1.0),25/02/26 23:00:00,Quarterly,EMU convergence criterion bond yields,Denmark,2009-Q1,3.48000,,
ESTAT:IRT_LT_MCBY_Q(1.0),25/02/26 23:00:00,Quarterly,EMU convergence criterion bond yields,Denmark,2009-Q2,3.62000,,
ESTAT:IRT_LT_MCBY_Q(1.0),25/02/26 23:00:00,Quarterly,EMU convergence criterion bond yields,Denmark,2009-Q3,3.66000,,
ESTAT:IRT_LT_MCBY_Q(1.0),25/02/26 23:00:00,Quarterly,EMU convergence criterion bond yields,Denmark,2009-Q4,3.58000,,
ESTAT:IRT_LT_MCBY_Q(1.0),25/02/26 23:00:00,Quarterly,EMU convergence criterion bond yields,Denmark,2010-Q1,3.49000,,
ESTAT:IRT_LT_MCBY_Q(1.0),25/02/26 23:00:00,Quarterly,EMU convergence criterion bond yields,Denmark,2010-Q2,2.99000,,
ESTAT:IRT_LT_MCBY_Q(1.0),25/02/26 23:00:00,Quarterly,EMU convergence criterion bond yields,Denmark,2010-Q3,2.52000,,
ESTAT:IRT_LT_MCBY_Q(1.0),25/02/26 23:00:00,Quarterly,EMU convergence criterion bond yields,Denmark,2010-Q4,2.71000,,
ESTAT:IRT_LT_MCBY_Q(1.0),25/02/26 23:00:00,Quarterly,EMU convergence criterion bond yields,Denmark,2011-Q1,3.19000,,
ESTAT:IRT_LT_MCBY_Q(1.0),25/02/26 23:00:00,Quarterly,EMU convergence criterion bond yields,Denmark,2011-Q2,3.17000,,
ESTAT:IRT_LT_MCBY_Q(1.0),25/02/26 23:00:00,Quarterly,EMU convergence criterion bond yields,Denmark,2011-Q3,2.53000,,
ESTAT:IRT_LT_MCBY_Q(1.0),25/02/26 23:00:00,Quarterly,EMU convergence criterion bond yields,Denmark,2011-Q4,2.03000,,
ESTAT:IRT_LT_MCBY_Q(1.0),25/02/26 23:00:00,Quarterly,EMU convergence criterion bond yields,Denmark,2012-Q1,1.82000,,
ESTAT:IRT_LT_MCBY_Q(1.0),25/02/26 23:00:00,Quarterly,EMU convergence criterion bond yields,Denmark,2012-Q2,1.45000,,
ESTAT:IRT_LT_MCBY_Q(1.0),25/02/26 23:00:00,Quarterly,EMU convergence criterion bond yields,Denmark,2012-Q3,1.19000,,
ESTAT:IRT_LT_MCBY_Q(1.0),25/02/26 23:00:00,Quarterly,EMU convergence criterion bond yields,Denmark,2012-Q4,1.16000,,
ESTAT:IRT_LT_MCBY_Q(1.0),25/02/26 23:00:00,Quarterly,EMU convergence criterion bond yields,Denmark,2013-Q1,1.64000,,
ESTAT:IRT_LT_MCBY_Q(1.0),25/02/26 23:00:00,Quarterly,EMU convergence criterion bond yields,Denmark,2013-Q2,1.53000,,
ESTAT:IRT_LT_MCBY_Q(1.0),25/02/26 23:00:00,Quarterly,EMU convergence criterion bond yields,Denmark,2013-Q3,1.93000,,
ESTAT:IRT_LT_MCBY_Q(1.0),25/02/26 23:00:00,Quarterly,EMU convergence criterion bond yields,Denmark,2013-Q4,1.87000,,
ESTAT:IRT_LT_MCBY_Q(1.0),25/02/26 23:00:00,Quarterly,EMU convergence criterion bond yields,Denmark,2014-Q1,1.71000,,
ESTAT:IRT_LT_MCBY_Q(1.0),25/02/26 23:00:00,Quarterly,EMU convergence criterion bond yields,Denmark,2014-Q2,1.47000,,
ESTAT:IRT_LT_MCBY_Q(1.0),25/02/26 23:00:00,Quarterly,EMU convergence criterion bond yields,Denmark,2014-Q3,1.09000,,
ESTAT:IRT_LT_MCBY_Q(1.0),25/02/26 23:00:00,Quarterly,EMU convergence criterion bond yields,Denmark,2014-Q4,1.03000,,
ESTAT:IRT_LT_MCBY_Q(1.0),25/02/26 23:00:00,Quarterly,EMU convergence criterion bond yields,Denmark,2015-Q1,0.37000,,
ESTAT:IRT_LT_MCBY_Q(1.0),25/02/26 23:00:00,Quarterly,EMU convergence criterion bond yields,Denmark,2015-Q2,0.66000,,
ESTAT:IRT_LT_MCBY_Q(1.0),25/02/26 23:00:00,Quarterly,EMU convergence criterion bond yields,Denmark,2015-Q3,0.90000,,
ESTAT:IRT_LT_MCBY_Q(1.0),25/02/26 23:00:00,Quarterly,EMU convergence criterion bond yields,Denmark,2015-Q4,0.83000,,
ESTAT:IRT_LT_MCBY_Q(1.0),25/02/26 23:00:00,Quarterly,EMU convergence criterion bond yields,Denmark,2016-Q1,0.61000,,
ESTAT:IRT_LT_MCBY_Q(1.0),25/02/26 23:00:00,Quarterly,EMU convergence criterion bond yields,Denmark,2016-Q2,0.35000,,
ESTAT:IRT_LT_MCBY_Q(1.0),25/02/26 23:00:00,Quarterly,EMU convergence criterion bond yields,Denmark,2016-Q3,0.04000,,
ESTAT:IRT_LT_MCBY_Q(1.0),25/02/26 23:00:00,Quarterly,EMU convergence criterion bond yields,Denmark,2016-Q4,0.28000,,
ESTAT:IRT_LT_MCBY_Q(1.0),25/02/26 23:00:00,Quarterly,EMU convergence criterion bond yields,Denmark,2017-Q1,0.30000,,
ESTAT:IRT_LT_MCBY_Q(1.0),25/02/26 23:00:00,Quarterly,EMU convergence criterion bond yields,Denmark,2017-Q2,0.57000,,
ESTAT:IRT_LT_MCBY_Q(1.0),25/02/26 23:00:00,Quarterly,EMU convergence criterion bond yields,Denmark,2017-Q3,0.58000,,
ESTAT:IRT_LT_MCBY_Q(1.0),25/02/26 23:00:00,Quarterly,EMU convergence criterion bond yields,Denmark,2017-Q4,0.46000,,
ESTAT:IRT_LT_MCBY_Q(1.0),25/02/26 23:00:00,Quarterly,EMU convergence criterion bond yields,Denmark,2018-Q1,0.66000,,
ESTAT:IRT_LT_MCBY_Q(1.0),25/02/26 23:00:00,Quarterly,EMU convergence criterion bond yields,Denmark,2018-Q2,0.49000,,
ESTAT:IRT_LT_MCBY_Q(1.0),25/02/26 23:00:00,Quarterly,EMU convergence criterion bond yields,Denmark,2018-Q3,0.34000,,
ESTAT:IRT_LT_MCBY_Q(1.0),25/02/26 23:00:00,Quarterly,EMU convergence criterion bond yields,Denmark,2018-Q4,0.33000,,
ESTAT:IRT_LT_MCBY_Q(1.0),25/02/26 23:00:00,Quarterly,EMU convergence criterion bond yields,Denmark,2019-Q1,0.12000,,
ESTAT:IRT_LT_MCBY_Q(1.0),25/02/26 23:00:00,Quarterly,EMU convergence criterion bond yields,Denmark,2019-Q2,-0.03000,,
ESTAT:IRT_LT_MCBY_Q(1.0),25/02/26 23:00:00,Quarterly,EMU convergence criterion bond yields,Denmark,2019-Q3,-0.49000,,
ESTAT:IRT_LT_MCBY_Q(1.0),25/02/26 23:00:00,Quarterly,EMU convergence criterion bond yields,Denmark,2019-Q4,-0.33000,,
ESTAT:IRT_LT_MCBY_Q(1.0),25/02/26 23:00:00,Quarterly,EMU convergence criterion bond yields,Denmark,2020-Q1,-0.36000,,
ESTAT:IRT_LT_MCBY_Q(1.0),25/02/26 23:00:00,Quarterly,EMU convergence criterion bond yields,Denmark,2020-Q2,-0.25000,,
ESTAT:IRT_LT_MCBY_Q(1.0),25/02/26 23:00:00,Quarterly,EMU convergence criterion bond yields,Denmark,2020-Q3,-0.36000,,
ESTAT:IRT_LT_MCBY_Q(1.0),25/02/26 23:00:00,Quarterly,EMU convergence criterion bond yields,Denmark,2020-Q4,-0.46000,,
ESTAT:IRT_LT_MCBY_Q(1.0),25/02/26 23:00:00,Quarterly,EMU convergence criterion bond yields,Denmark,2021-Q1,-0.25000,,
ESTAT:IRT_LT_MCBY_Q(1.0),25/02/26 23:00:00,Quarterly,EMU convergence criterion bond yields,Denmark,2021-Q2,0.07000,,
ESTAT:IRT_LT_MCBY_Q(1.0),25/02/26 23:00:00,Quarterly,EMU convergence criterion bond yields,Denmark,2021-Q3,-0.07000,,
ESTAT:IRT_LT_MCBY_Q(1.0),25/02/26 23:00:00,Quarterly,EMU convergence criterion bond yields,Denmark,2021-Q4,0.01000,,
ESTAT:IRT_LT_MCBY_Q(1.0),25/02/26 23:00:00,Quarterly,EMU convergence criterion bond yields,Denmark,2022-Q1,0.38000,,
ESTAT:IRT_LT_MCBY_Q(1.0),25/02/26 23:00:00,Quarterly,EMU convergence criterion bond yields,Denmark,2022-Q2,1.39000,,
ESTAT:IRT_LT_MCBY_Q(1.0),25/02/26 23:00:00,Quarterly,EMU convergence criterion bond yields,Denmark,2022-Q3,1.72000,,
ESTAT:IRT_LT_MCBY_Q(1.0),25/02/26 23:00:00,Quarterly,EMU convergence criterion bond yields,Denmark,2022-Q4,2.42000,,
ESTAT:IRT_LT_MCBY_Q(1.0),25/02/26 23:00:00,Quarterly,EMU convergence criterion bond yields,Denmark,2023-Q1,2.51000,,
ESTAT:IRT_LT_MCBY_Q(1.0),25/02/26 23:00:00,Quarterly,EMU convergence criterion bond yields,Denmark,2023-Q2,2.57000,,
ESTAT:IRT_LT_MCBY_Q(1.0),25/02/26 23:00:00,Quarterly,EMU convergence criterion bond yields,Denmark,2023-Q3,2.85000,,
ESTAT:IRT_LT_MCBY_Q(1.0),25/02/26 23:00:00,Quarterly,EMU convergence criterion bond yields,Denmark,2023-Q4,2.79000,,
ESTAT:IRT_LT_MCBY_Q(1.0),25/02/26 23:00:00,Quarterly,EMU convergence criterion bond yields,Denmark,2024-Q1,2.42000,,
ESTAT:IRT_LT_MCBY_Q(1.0),25/02/26 23:00:00,Quarterly,EMU convergence criterion bond yields,Denmark,2024-Q2,2.51000,,
ESTAT:IRT_LT_MCBY_Q(1.0),25/02/26 23:00:00,Quarterly,EMU convergence criterion bond yields,Denmark,2024-Q3,2.25000,,
ESTAT:IRT_LT_MCBY_Q(1.0),25/02/26 23:00:00,Quarterly,EMU convergence criterion bond yields,Denmark,2024-Q4,2.03000,,
ESTAT:IRT_LT_MCBY_Q(1.0),25/02/26 23:00:00,Quarterly,EMU convergence criterion bond yields,Denmark,2025-Q1,2.28139,,
ESTAT:IRT_LT_MCBY_Q(1.0),25/02/26 23:00:00,Quarterly,EMU convergence criterion bond yields,Denmark,2025-Q2,2.32059,,
ESTAT:IRT_LT_MCBY_Q(1.0),25/02/26 23:00:00,Quarterly,EMU convergence criterion bond yields,Denmark,2025-Q3,2.36608,,
ESTAT:IRT_LT_MCBY_Q(1.0),25/02/26 23:00:00,Quarterly,EMU convergence criterion bond yields,Denmark,2025-Q4,2.34662,,
ESTAT:IRT_LT_MCBY_Q(1.0),25/02/26 23:00:00,Quarterly,EMU convergence criterion bond yields,"Euro area (EA11-1999, EA12-2001, EA13-2007, EA15-2008, EA16-2009, EA17-2011, EA18-2014, EA19-2015, EA20-2023, EA21-2026)",1990-Q1,10.76333,,
ESTAT:IRT_LT_MCBY_Q(1.0),25/02/26 23:00:00,Quarterly,EMU convergence criterion bond yields,"Euro area (EA11-1999, EA12-2001, EA13-2007, EA15-2008, EA16-2009, EA17-2011, EA18-2014, EA19-2015, EA20-2023, EA21-2026)",1990-Q2,10.79000,,
ESTAT:IRT_LT_MCBY_Q(1.0),25/02/26 23:00:00,Quarterly,EMU convergence criterion bond yields,"Euro area (EA11-1999, EA12-2001, EA13-2007, EA15-2008, EA16-2009, EA17-2011, EA18-2014, EA19-2015, EA20-2023, EA21-2026)",1990-Q3,10.91000,,
ESTAT:IRT_LT_MCBY_Q(1.0),25/02/26 23:00:00,Quarterly,EMU convergence criterion bond yields,"Euro area (EA11-1999, EA12-2001, EA13-2007, EA15-2008, EA16-2009, EA17-2011, EA18-2014, EA19-2015, EA20-2023, EA21-2026)",1990-Q4,9.47000,,
ESTAT:IRT_LT_MCBY_Q(1.0),25/02/26 23:00:00,Quarterly,EMU convergence criterion bond yields,"Euro area (EA11-1999, EA12-2001, EA13-2007, EA15-2008, EA16-2009, EA17-2011, EA18-2014, EA19-2015, EA20-2023, EA21-2026)",1991-Q1,10.14000,,
ESTAT:IRT_LT_MCBY_Q(1.0),25/02/26 23:00:00,Quarterly,EMU convergence criterion bond yields,"Euro area (EA11-1999, EA12-2001, EA13-2007, EA15-2008, EA16-2009, EA17-2011, EA18-2014, EA19-2015, EA20-2023, EA21-2026)",1991-Q2,9.79000,,
ESTAT:IRT_LT_MCBY_Q(1.0),25/02/26 23:00:00,Quarterly,EMU convergence criterion bond yields,"Euro area (EA11-1999, EA12-2001, EA13-2007, EA15-2008, EA16-2009, EA17-2011, EA18-2014, EA19-2015, EA20-2023, EA21-2026)",1991-Q3,9.94000,,
ESTAT:IRT_LT_MCBY_Q(1.0),25/02/26 23:00:00,Quarterly,EMU convergence criterion bond yields,"Euro area (EA11-1999, EA12-2001, EA13-2007, EA15-2008, EA16-2009, EA17-2011, EA18-2014, EA19-2015, EA20-2023, EA21-2026)",1991-Q4,9.91000,,
ESTAT:IRT_LT_MCBY_Q(1.0),25/02/26 23:00:00,Quarterly,EMU convergence criterion bond yields,"Euro area (EA11-1999, EA12-2001, EA13-2007, EA15-2008, EA16-2009, EA17-2011, EA18-2014, EA19-2015, EA20-2023, EA21-2026)",1992-Q1,9.57000,,
ESTAT:IRT_LT_MCBY_Q(1.0),25/02/26 23:00:00,Quarterly,EMU convergence criterion bond yields,"Euro area (EA11-1999, EA12-2001, EA13-2007, EA15-2008, EA16-2009, EA17-2011, EA18-2014, EA19-2015, EA20-2023, EA21-2026)",1992-Q2,9.70000,,
ESTAT:IRT_LT_MCBY_Q(1.0),25/02/26 23:00:00,Quarterly,EMU convergence criterion bond yields,"Euro area (EA11-1999, EA12-2001, EA13-2007, EA15-2008, EA16-2009, EA17-2011, EA18-2014, EA19-2015, EA20-2023, EA21-2026)",1992-Q3,10.11000,,
ESTAT:IRT_LT_MCBY_Q(1.0),25/02/26 23:00:00,Quarterly,EMU convergence criterion bond yields,"Euro area (EA11-1999, EA12-2001, EA13-2007, EA15-2008, EA16-2009, EA17-2011, EA18-2014, EA19-2015, EA20-2023, EA21-2026)",1992-Q4,9.74000,,
ESTAT:IRT_LT_MCBY_Q(1.0),25/02/26 23:00:00,Quarterly,EMU convergence criterion bond yields,"Euro area (EA11-1999, EA12-2001, EA13-2007, EA15-2008, EA16-2009, EA17-2011, EA18-2014, EA19-2015, EA20-2023, EA21-2026)",1993-Q1,9.03000,,
ESTAT:IRT_LT_MCBY_Q(1.0),25/02/26 23:00:00,Quarterly,EMU convergence criterion bond yields,"Euro area (EA11-1999, EA12-2001, EA13-2007, EA15-2008, EA16-2009, EA17-2011, EA18-2014, EA19-2015, EA20-2023, EA21-2026)",1993-Q2,8.59000,,
ESTAT:IRT_LT_MCBY_Q(1.0),25/02/26 23:00:00,Quarterly,EMU convergence criterion bond yields,"Euro area (EA11-1999, EA12-2001, EA13-2007, EA15-2008, EA16-2009, EA17-2011, EA18-2014, EA19-2015, EA20-2023, EA21-2026)",1993-Q3,7.67000,,
ESTAT:IRT_LT_MCBY_Q(1.0),25/02/26 23:00:00,Quarterly,EMU convergence criterion bond yields,"Euro area (EA11-1999, EA12-2001, EA13-2007, EA15-2008, EA16-2009, EA17-2011, EA18-2014, EA19-2015, EA20-2023, EA21-2026)",1993-Q4,7.01000,,
ESTAT:IRT_LT_MCBY_Q(1.0),25/02/26 23:00:00,Quarterly,EMU convergence criterion bond yields,"Euro area (EA11-1999, EA12-2001, EA13-2007, EA15-2008, EA16-2009, EA17-2011, EA18-2014, EA19-2015, EA20-2023, EA21-2026)",1994-Q1,6.99000,,
ESTAT:IRT_LT_MCBY_Q(1.0),25/02/26 23:00:00,Quarterly,EMU convergence criterion bond yields,"Euro area (EA11-1999, EA12-2001, EA13-2007, EA15-2008, EA16-2009, EA17-2011, EA18-2014, EA19-2015, EA20-2023, EA21-2026)",1994-Q2,7.89000,,
ESTAT:IRT_LT_MCBY_Q(1.0),25/02/26 23:00:00,Quarterly,EMU convergence criterion bond yields,"Euro area (EA11-1999, EA12-2001, EA13-2007, EA15-2008, EA16-2009, EA17-2011, EA18-2014, EA19-2015, EA20-2023, EA21-2026)",1994-Q3,8.76000,,
ESTAT:IRT_LT_MCBY_Q(1.0),25/02/26 23:00:00,Quarterly,EMU convergence criterion bond yields,"Euro area (EA11-1999, EA12-2001, EA13-2007, EA15-2008, EA16-2009, EA17-2011, EA18-2014, EA19-2015, EA20-2023, EA21-2026)",1994-Q4,9.17000,,
ESTAT:IRT_LT_MCBY_Q(1.0),25/02/26 23:00:00,Quarterly,EMU convergence criterion bond yields,"Euro area (EA11-1999, EA12-2001, EA13-2007, EA15-2008, EA16-2009, EA17-2011, EA18-2014, EA19-2015, EA20-2023, EA21-2026)",1995-Q1,9.36000,,
ESTAT:IRT_LT_MCBY_Q(1.0),25/02/26 23:00:00,Quarterly,EMU convergence criterion bond yields,"Euro area (EA11-1999, EA12-2001, EA13-2007, EA15-2008, EA16-2009, EA17-2011, EA18-2014, EA19-2015, EA20-2023, EA21-2026)",1995-Q2,8.97000,,
ESTAT:IRT_LT_MCBY_Q(1.0),25/02/26 23:00:00,Quarterly,EMU convergence criterion bond yields,"Euro area (EA11-1999, EA12-2001, EA13-2007, EA15-2008, EA16-2009, EA17-2011, EA18-2014, EA19-2015, EA20-2023, EA21-2026)",1995-Q3,8.55000,,
ESTAT:IRT_LT_MCBY_Q(1.0),25/02/26 23:00:00,Quarterly,EMU convergence criterion bond yields,"Euro area (EA11-1999, EA12-2001, EA13-2007, EA15-2008, EA16-2009, EA17-2011, EA18-2014, EA19-2015, EA20-2023, EA21-2026)",1995-Q4,8.18000,,
ESTAT:IRT_LT_MCBY_Q(1.0),25/02/26 23:00:00,Quarterly,EMU convergence criterion bond yields,"Euro area (EA11-1999, EA12-2001, EA13-2007, EA15-2008, EA16-2009, EA17-2011, EA18-2014, EA19-2015, EA20-2023, EA21-2026)",1996-Q1,7.67000,,
ESTAT:IRT_LT_MCBY_Q(1.0),25/02/26 23:00:00,Quarterly,EMU convergence criterion bond yields,"Euro area (EA11-1999, EA12-2001, EA13-2007, EA15-2008, EA16-2009, EA17-2011, EA18-2014, EA19-2015, EA20-2023, EA21-2026)",1996-Q2,7.56000,,
ESTAT:IRT_LT_MCBY_Q(1.0),25/02/26 23:00:00,Quarterly,EMU convergence criterion bond yields,"Euro area (EA11-1999, EA12-2001, EA13-2007, EA15-2008, EA16-2009, EA17-2011, EA18-2014, EA19-2015, EA20-2023, EA21-2026)",1996-Q3,7.30000,,
ESTAT:IRT_LT_MCBY_Q(1.0),25/02/26 23:00:00,Quarterly,EMU convergence criterion bond yields,"Euro area (EA11-1999, EA12-2001, EA13-2007, EA15-2008, EA16-2009, EA17-2011, EA18-2014, EA19-2015, EA20-2023, EA21-2026)",1996-Q4,6.49000,,
ESTAT:IRT_LT_MCBY_Q(1.0),25/02/26 23:00:00,Quarterly,EMU convergence criterion bond yields,"Euro area (EA11-1999, EA12-2001, EA13-2007, EA15-2008, EA16-2009, EA17-2011, EA18-2014, EA19-2015, EA20-2023, EA21-2026)",1997-Q1,6.21000,,
ESTAT:IRT_LT_MCBY_Q(1.0),25/02/26 23:00:00,Quarterly,EMU convergence criterion bond yields,"Euro area (EA11-1999, EA12-2001, EA13-2007, EA15-2008, EA16-2009, EA17-2011, EA18-2014, EA19-2015, EA20-2023, EA21-2026)",1997-Q2,6.23000,,
ESTAT:IRT_LT_MCBY_Q(1.0),25/02/26 23:00:00,Quarterly,EMU convergence criterion bond yields,"Euro area (EA11-1999, EA12-2001, EA13-2007, EA15-2008, EA16-2009, EA17-2011, EA18-2014, EA19-2015, EA20-2023, EA21-2026)",1997-Q3,5.87000,,
ESTAT:IRT_LT_MCBY_Q(1.0),25/02/26 23:00:00,Quarterly,EMU convergence criterion bond yields,"Euro area (EA11-1999, EA12-2001, EA13-2007, EA15-2008, EA16-2009, EA17-2011, EA18-2014, EA19-2015, EA20-2023, EA21-2026)",1997-Q4,5.66000,,
ESTAT:IRT_LT_MCBY_Q(1.0),25/02/26 23:00:00,Quarterly,EMU convergence criterion bond yields,"Euro area (EA11-1999, EA12-2001, EA13-2007, EA15-2008, EA16-2009, EA17-2011, EA18-2014, EA19-2015, EA20-2023, EA21-2026)",1998-Q1,5.12000,,
ESTAT:IRT_LT_MCBY_Q(1.0),25/02/26 23:00:00,Quarterly,EMU convergence criterion bond yields,"Euro area (EA11-1999, EA12-2001, EA13-2007, EA15-2008, EA16-2009, EA17-2011, EA18-2014, EA19-2015, EA20-2023, EA21-2026)",1998-Q2,4.99000,,
ESTAT:IRT_LT_MCBY_Q(1.0),25/02/26 23:00:00,Quarterly,EMU convergence criterion bond yields,"Euro area (EA11-1999, EA12-2001, EA13-2007, EA15-2008, EA16-2009, EA17-2011, EA18-2014, EA19-2015, EA20-2023, EA21-2026)",1998-Q3,4.56000,,
ESTAT:IRT_LT_MCBY_Q(1.0),25/02/26 23:00:00,Quarterly,EMU convergence criterion bond yields,"Euro area (EA11-1999, EA12-2001, EA13-2007, EA15-2008, EA16-2009, EA17-2011, EA18-2014, EA19-2015, EA20-2023, EA21-2026)",1998-Q4,4.15000,,
ESTAT:IRT_LT_MCBY_Q(1.0),25/02/26 23:00:00,Quarterly,EMU convergence criterion bond yields,"Euro area (EA11-1999, EA12-2001, EA13-2007, EA15-2008, EA16-2009, EA17-2011, EA18-2014, EA19-2015, EA20-2023, EA21-2026)",1999-Q1,3.97000,,
ESTAT:IRT_LT_MCBY_Q(1.0),25/02/26 23:00:00,Quarterly,EMU convergence criterion bond yields,"Euro area (EA11-1999, EA12-2001, EA13-2007, EA15-2008, EA16-2009, EA17-2011, EA18-2014, EA19-2015, EA20-2023, EA21-2026)",1999-Q2,4.22000,,
ESTAT:IRT_LT_MCBY_Q(1.0),25/02/26 23:00:00,Quarterly,EMU convergence criterion bond yields,"Euro area (EA11-1999, EA12-2001, EA13-2007, EA15-2008, EA16-2009, EA17-2011, EA18-2014, EA19-2015, EA20-2023, EA21-2026)",1999-Q3,5.02000,,
ESTAT:IRT_LT_MCBY_Q(1.0),25/02/26 23:00:00,Quarterly,EMU convergence criterion bond yields,"Euro area (EA11-1999, EA12-2001, EA13-2007, EA15-2008, EA16-2009, EA17-2011, EA18-2014, EA19-2015, EA20-2023, EA21-2026)",1999-Q4,5.30000,,
ESTAT:IRT_LT_MCBY_Q(1.0),25/02/26 23:00:00,Quarterly,EMU convergence criterion bond yields,"Euro area (EA11-1999, EA12-2001, EA13-2007, EA15-2008, EA16-2009, EA17-2011, EA18-2014, EA19-2015, EA20-2023, EA21-2026)",2000-Q1,5.59000,,
ESTAT:IRT_LT_MCBY_Q(1.0),25/02/26 23:00:00,Quarterly,EMU convergence criterion bond yields,"Euro area (EA11-1999, EA12-2001, EA13-2007, EA15-2008, EA16-2009, EA17-2011, EA18-2014, EA19-2015, EA20-2023, EA21-2026)",2000-Q2,5.42000,,
ESTAT:IRT_LT_MCBY_Q(1.0),25/02/26 23:00:00,Quarterly,EMU convergence criterion bond yields,"Euro area (EA11-1999, EA12-2001, EA13-2007, EA15-2008, EA16-2009, EA17-2011, EA18-2014, EA19-2015, EA20-2023, EA21-2026)",2000-Q3,5.43000,,
ESTAT:IRT_LT_MCBY_Q(1.0),25/02/26 23:00:00,Quarterly,EMU convergence criterion bond yields,"Euro area (EA11-1999, EA12-2001, EA13-2007, EA15-2008, EA16-2009, EA17-2011, EA18-2014, EA19-2015, EA20-2023, EA21-2026)",2000-Q4,5.28000,,
ESTAT:IRT_LT_MCBY_Q(1.0),25/02/26 23:00:00,Quarterly,EMU convergence criterion bond yields,"Euro area (EA11-1999, EA12-2001, EA13-2007, EA15-2008, EA16-2009, EA17-2011, EA18-2014, EA19-2015, EA20-2023, EA21-2026)",2001-Q1,4.96000,,
ESTAT:IRT_LT_MCBY_Q(1.0),25/02/26 23:00:00,Quarterly,EMU convergence criterion bond yields,"Euro area (EA11-1999, EA12-2001, EA13-2007, EA15-2008, EA16-2009, EA17-2011, EA18-2014, EA19-2015, EA20-2023, EA21-2026)",2001-Q2,5.17000,,
ESTAT:IRT_LT_MCBY_Q(1.0),25/02/26 23:00:00,Quarterly,EMU convergence criterion bond yields,"Euro area (EA11-1999, EA12-2001, EA13-2007, EA15-2008, EA16-2009, EA17-2011, EA18-2014, EA19-2015, EA20-2023, EA21-2026)",2001-Q3,5.08000,,
ESTAT:IRT_LT_MCBY_Q(1.0),25/02/26 23:00:00,Quarterly,EMU convergence criterion bond yields,"Euro area (EA11-1999, EA12-2001, EA13-2007, EA15-2008, EA16-2009, EA17-2011, EA18-2014, EA19-2015, EA20-2023, EA21-2026)",2001-Q4,4.77000,,
ESTAT:IRT_LT_MCBY_Q(1.0),25/02/26 23:00:00,Quarterly,EMU convergence criterion bond yields,"Euro area (EA11-1999, EA12-2001, EA13-2007, EA15-2008, EA16-2009, EA17-2011, EA18-2014, EA19-2015, EA20-2023, EA21-2026)",2002-Q1,5.11000,,
ESTAT:IRT_LT_MCBY_Q(1.0),25/02/26 23:00:00,Quarterly,EMU convergence criterion bond yields,"Euro area (EA11-1999, EA12-2001, EA13-2007, EA15-2008, EA16-2009, EA17-2011, EA18-2014, EA19-2015, EA20-2023, EA21-2026)",2002-Q2,5.24000,,
ESTAT:IRT_LT_MCBY_Q(1.0),25/02/26 23:00:00,Quarterly,EMU convergence criterion bond yields,"Euro area (EA11-1999, EA12-2001, EA13-2007, EA15-2008, EA16-2009, EA17-2011, EA18-2014, EA19-2015, EA20-2023, EA21-2026)",2002-Q3,4.74000,,
ESTAT:IRT_LT_MCBY_Q(1.0),25/02/26 23:00:00,Quarterly,EMU convergence criterion bond yields,"Euro area (EA11-1999, EA12-2001, EA13-2007, EA15-2008, EA16-2009, EA17-2011, EA18-2014, EA19-2015, EA20-2023, EA21-2026)",2002-Q4,4.53000,,
ESTAT:IRT_LT_MCBY_Q(1.0),25/02/26 23:00:00,Quarterly,EMU convergence criterion bond yields,"Euro area (EA11-1999, EA12-2001, EA13-2007, EA15-2008, EA16-2009, EA17-2011, EA18-2014, EA19-2015, EA20-2023, EA21-2026)",2003-Q1,4.12000,,
ESTAT:IRT_LT_MCBY_Q(1.0),25/02/26 23:00:00,Quarterly,EMU convergence criterion bond yields,"Euro area (EA11-1999, EA12-2001, EA13-2007, EA15-2008, EA16-2009, EA17-2011, EA18-2014, EA19-2015, EA20-2023, EA21-2026)",2003-Q2,3.94000,,
ESTAT:IRT_LT_MCBY_Q(1.0),25/02/26 23:00:00,Quarterly,EMU convergence criterion bond yields,"Euro area (EA11-1999, EA12-2001, EA13-2007, EA15-2008, EA16-2009, EA17-2011, EA18-2014, EA19-2015, EA20-2023, EA21-2026)",2003-Q3,4.15000,,
ESTAT:IRT_LT_MCBY_Q(1.0),25/02/26 23:00:00,Quarterly,EMU convergence criterion bond yields,"Euro area (EA11-1999, EA12-2001, EA13-2007, EA15-2008, EA16-2009, EA17-2011, EA18-2014, EA19-2015, EA20-2023, EA21-2026)",2003-Q4,4.35000,,
ESTAT:IRT_LT_MCBY_Q(1.0),25/02/26 23:00:00,Quarterly,EMU convergence criterion bond yields,"Euro area (EA11-1999, EA12-2001, EA13-2007, EA15-2008, EA16-2009, EA17-2011, EA18-2014, EA19-2015, EA20-2023, EA21-2026)",2004-Q1,4.13000,,
ESTAT:IRT_LT_MCBY_Q(1.0),25/02/26 23:00:00,Quarterly,EMU convergence criterion bond yields,"Euro area (EA11-1999, EA12-2001, EA13-2007, EA15-2008, EA16-2009, EA17-2011, EA18-2014, EA19-2015, EA20-2023, EA21-2026)",2004-Q2,4.32000,,
ESTAT:IRT_LT_MCBY_Q(1.0),25/02/26 23:00:00,Quarterly,EMU convergence criterion bond yields,"Euro area (EA11-1999, EA12-2001, EA13-2007, EA15-2008, EA16-2009, EA17-2011, EA18-2014, EA19-2015, EA20-2023, EA21-2026)",2004-Q3,4.18000,,
ESTAT:IRT_LT_MCBY_Q(1.0),25/02/26 23:00:00,Quarterly,EMU convergence criterion bond yields,"Euro area (EA11-1999, EA12-2001, EA13-2007, EA15-2008, EA16-2009, EA17-2011, EA18-2014, EA19-2015, EA20-2023, EA21-2026)",2004-Q4,3.83000,,
ESTAT:IRT_LT_MCBY_Q(1.0),25/02/26 23:00:00,Quarterly,EMU convergence criterion bond yields,"Euro area (EA11-1999, EA12-2001, EA13-2007, EA15-2008, EA16-2009, EA17-2011, EA18-2014, EA19-2015, EA20-2023, EA21-2026)",2005-Q1,3.64000,,
ESTAT:IRT_LT_MCBY_Q(1.0),25/02/26 23:00:00,Quarterly,EMU convergence criterion bond yields,"Euro area (EA11-1999, EA12-2001, EA13-2007, EA15-2008, EA16-2009, EA17-2011, EA18-2014, EA19-2015, EA20-2023, EA21-2026)",2005-Q2,3.38000,,
ESTAT:IRT_LT_MCBY_Q(1.0),25/02/26 23:00:00,Quarterly,EMU convergence criterion bond yields,"Euro area (EA11-1999, EA12-2001, EA13-2007, EA15-2008, EA16-2009, EA17-2011, EA18-2014, EA19-2015, EA20-2023, EA21-2026)",2005-Q3,3.24000,,
ESTAT:IRT_LT_MCBY_Q(1.0),25/02/26 23:00:00,Quarterly,EMU convergence criterion bond yields,"Euro area (EA11-1999, EA12-2001, EA13-2007, EA15-2008, EA16-2009, EA17-2011, EA18-2014, EA19-2015, EA20-2023, EA21-2026)",2005-Q4,3.40000,,
ESTAT:IRT_LT_MCBY_Q(1.0),25/02/26 23:00:00,Quarterly,EMU convergence criterion bond yields,"Euro area (EA11-1999, EA12-2001, EA13-2007, EA15-2008, EA16-2009, EA17-2011, EA18-2014, EA19-2015, EA20-2023, EA21-2026)",2006-Q1,3.54000,,
ESTAT:IRT_LT_MCBY_Q(1.0),25/02/26 23:00:00,Quarterly,EMU convergence criterion bond yields,"Euro area (EA11-1999, EA12-2001, EA13-2007, EA15-2008, EA16-2009, EA17-2011, EA18-2014, EA19-2015, EA20-2023, EA21-2026)",2006-Q2,4.03000,,
ESTAT:IRT_LT_MCBY_Q(1.0),25/02/26 23:00:00,Quarterly,EMU convergence criterion bond yields,"Euro area (EA11-1999, EA12-2001, EA13-2007, EA15-2008, EA16-2009, EA17-2011, EA18-2014, EA19-2015, EA20-2023, EA21-2026)",2006-Q3,3.95000,,
ESTAT:IRT_LT_MCBY_Q(1.0),25/02/26 23:00:00,Quarterly,EMU convergence criterion bond yields,"Euro area (EA11-1999, EA12-2001, EA13-2007, EA15-2008, EA16-2009, EA17-2011, EA18-2014, EA19-2015, EA20-2023, EA21-2026)",2006-Q4,3.83000,,
ESTAT:IRT_LT_MCBY_Q(1.0),25/02/26 23:00:00,Quarterly,EMU convergence criterion bond yields,"Euro area (EA11-1999, EA12-2001, EA13-2007, EA15-2008, EA16-2009, EA17-2011, EA18-2014, EA19-2015, EA20-2023, EA21-2026)",2007-Q1,4.08000,,
ESTAT:IRT_LT_MCBY_Q(1.0),25/02/26 23:00:00,Quarterly,EMU convergence criterion bond yields,"Euro area (EA11-1999, EA12-2001, EA13-2007, EA15-2008, EA16-2009, EA17-2011, EA18-2014, EA19-2015, EA20-2023, EA21-2026)",2007-Q2,4.41000,,
ESTAT:IRT_LT_MCBY_Q(1.0),25/02/26 23:00:00,Quarterly,EMU convergence criterion bond yields,"Euro area (EA11-1999, EA12-2001, EA13-2007, EA15-2008, EA16-2009, EA17-2011, EA18-2014, EA19-2015, EA20-2023, EA21-2026)",2007-Q3,4.46000,,
ESTAT:IRT_LT_MCBY_Q(1.0),25/02/26 23:00:00,Quarterly,EMU convergence criterion bond yields,"Euro area (EA11-1999, EA12-2001, EA13-2007, EA15-2008, EA16-2009, EA17-2011, EA18-2014, EA19-2015, EA20-2023, EA21-2026)",2007-Q4,4.34000,,
ESTAT:IRT_LT_MCBY_Q(1.0),25/02/26 23:00:00,Quarterly,EMU convergence criterion bond yields,"Euro area (EA11-1999, EA12-2001, EA13-2007, EA15-2008, EA16-2009, EA17-2011, EA18-2014, EA19-2015, EA20-2023, EA21-2026)",2008-Q1,4.13000,,
ESTAT:IRT_LT_MCBY_Q(1.0),25/02/26 23:00:00,Quarterly,EMU convergence criterion bond yields,"Euro area (EA11-1999, EA12-2001, EA13-2007, EA15-2008, EA16-2009, EA17-2011, EA18-2014, EA19-2015, EA20-2023, EA21-2026)",2008-Q2,4.50000,,
ESTAT:IRT_LT_MCBY_Q(1.0),25/02/26 23:00:00,Quarterly,EMU convergence criterion bond yields,"Euro area (EA11-1999, EA12-2001, EA13-2007, EA15-2008, EA16-2009, EA17-2011, EA18-2014, EA19-2015, EA20-2023, EA21-2026)",2008-Q3,4.56000,,
ESTAT:IRT_LT_MCBY_Q(1.0),25/02/26 23:00:00,Quarterly,EMU convergence criterion bond yields,"Euro area (EA11-1999, EA12-2001, EA13-2007, EA15-2008, EA16-2009, EA17-2011, EA18-2014, EA19-2015, EA20-2023, EA21-2026)",2008-Q4,4.05000,,
ESTAT:IRT_LT_MCBY_Q(1.0),25/02/26 23:00:00,Quarterly,EMU convergence criterion bond yields,"Euro area (EA11-1999, EA12-2001, EA13-2007, EA15-2008, EA16-2009, EA17-2011, EA18-2014, EA19-2015, EA20-2023, EA21-2026)",2009-Q1,3.89000,,
ESTAT:IRT_LT_MCBY_Q(1.0),25/02/26 23:00:00,Quarterly,EMU convergence criterion bond yields,"Euro area (EA11-1999, EA12-2001, EA13-2007, EA15-2008, EA16-2009, EA17-2011, EA18-2014, EA19-2015, EA20-2023, EA21-2026)",2009-Q2,3.96000,,
ESTAT:IRT_LT_MCBY_Q(1.0),25/02/26 23:00:00,Quarterly,EMU convergence criterion bond yields,"Euro area (EA11-1999, EA12-2001, EA13-2007, EA15-2008, EA16-2009, EA17-2011, EA18-2014, EA19-2015, EA20-2023, EA21-2026)",2009-Q3,3.77000,,
ESTAT:IRT_LT_MCBY_Q(1.0),25/02/26 23:00:00,Quarterly,EMU convergence criterion bond yields,"Euro area (EA11-1999, EA12-2001, EA13-2007, EA15-2008, EA16-2009, EA17-2011, EA18-2014, EA19-2015, EA20-2023, EA21-2026)",2009-Q4,3.66000,,
ESTAT:IRT_LT_MCBY_Q(1.0),25/02/26 23:00:00,Quarterly,EMU convergence criterion bond yields,"Euro area (EA11-1999, EA12-2001, EA13-2007, EA15-2008, EA16-2009, EA17-2011, EA18-2014, EA19-2015, EA20-2023, EA21-2026)",2010-Q1,3.70000,,
ESTAT:IRT_LT_MCBY_Q(1.0),25/02/26 23:00:00,Quarterly,EMU convergence criterion bond yields,"Euro area (EA11-1999, EA12-2001, EA13-2007, EA15-2008, EA16-2009, EA17-2011, EA18-2014, EA19-2015, EA20-2023, EA21-2026)",2010-Q2,3.60000,,
ESTAT:IRT_LT_MCBY_Q(1.0),25/02/26 23:00:00,Quarterly,EMU convergence criterion bond yields,"Euro area (EA11-1999, EA12-2001, EA13-2007, EA15-2008, EA16-2009, EA17-2011, EA18-2014, EA19-2015, EA20-2023, EA21-2026)",2010-Q3,3.44000,,
ESTAT:IRT_LT_MCBY_Q(1.0),25/02/26 23:00:00,Quarterly,EMU convergence criterion bond yields,"Euro area (EA11-1999, EA12-2001, EA13-2007, EA15-2008, EA16-2009, EA17-2011, EA18-2014, EA19-2015, EA20-2023, EA21-2026)",2010-Q4,3.72000,,
ESTAT:IRT_LT_MCBY_Q(1.0),25/02/26 23:00:00,Quarterly,EMU convergence criterion bond yields,"Euro area (EA11-1999, EA12-2001, EA13-2007, EA15-2008, EA16-2009, EA17-2011, EA18-2014, EA19-2015, EA20-2023, EA21-2026)",2011-Q1,4.30000,,
ESTAT:IRT_LT_MCBY_Q(1.0),25/02/26 23:00:00,Quarterly,EMU convergence criterion bond yields,"Euro area (EA11-1999, EA12-2001, EA13-2007, EA15-2008, EA16-2009, EA17-2011, EA18-2014, EA19-2015, EA20-2023, EA21-2026)",2011-Q2,4.49000,,
ESTAT:IRT_LT_MCBY_Q(1.0),25/02/26 23:00:00,Quarterly,EMU convergence criterion bond yields,"Euro area (EA11-1999, EA12-2001, EA13-2007, EA15-2008, EA16-2009, EA17-2011, EA18-2014, EA19-2015, EA20-2023, EA21-2026)",2011-Q3,4.27000,,
ESTAT:IRT_LT_MCBY_Q(1.0),25/02/26 23:00:00,Quarterly,EMU convergence criterion bond yields,"Euro area (EA11-1999, EA12-2001, EA13-2007, EA15-2008, EA16-2009, EA17-2011, EA18-2014, EA19-2015, EA20-2023, EA21-2026)",2011-Q4,4.43000,,
ESTAT:IRT_LT_MCBY_Q(1.0),25/02/26 23:00:00,Quarterly,EMU convergence criterion bond yields,"Euro area (EA11-1999, EA12-2001, EA13-2007, EA15-2008, EA16-2009, EA17-2011, EA18-2014, EA19-2015, EA20-2023, EA21-2026)",2012-Q1,4.26000,,
ESTAT:IRT_LT_MCBY_Q(1.0),25/02/26 23:00:00,Quarterly,EMU convergence criterion bond yields,"Euro area (EA11-1999, EA12-2001, EA13-2007, EA15-2008, EA16-2009, EA17-2011, EA18-2014, EA19-2015, EA20-2023, EA21-2026)",2012-Q2,4.14000,,
ESTAT:IRT_LT_MCBY_Q(1.0),25/02/26 23:00:00,Quarterly,EMU convergence criterion bond yields,"Euro area (EA11-1999, EA12-2001, EA13-2007, EA15-2008, EA16-2009, EA17-2011, EA18-2014, EA19-2015, EA20-2023, EA21-2026)",2012-Q3,3.86000,,
ESTAT:IRT_LT_MCBY_Q(1.0),25/02/26 23:00:00,Quarterly,EMU convergence criterion bond yields,"Euro area (EA11-1999, EA12-2001, EA13-2007, EA15-2008, EA16-2009, EA17-2011, EA18-2014, EA19-2015, EA20-2023, EA21-2026)",2012-Q4,3.29000,,
ESTAT:IRT_LT_MCBY_Q(1.0),25/02/26 23:00:00,Quarterly,EMU convergence criterion bond yields,"Euro area (EA11-1999, EA12-2001, EA13-2007, EA15-2008, EA16-2009, EA17-2011, EA18-2014, EA19-2015, EA20-2023, EA21-2026)",2013-Q1,3.05000,,
ESTAT:IRT_LT_MCBY_Q(1.0),25/02/26 23:00:00,Quarterly,EMU convergence criterion bond yields,"Euro area (EA11-1999, EA12-2001, EA13-2007, EA15-2008, EA16-2009, EA17-2011, EA18-2014, EA19-2015, EA20-2023, EA21-2026)",2013-Q2,2.82000,,
ESTAT:IRT_LT_MCBY_Q(1.0),25/02/26 23:00:00,Quarterly,EMU convergence criterion bond yields,"Euro area (EA11-1999, EA12-2001, EA13-2007, EA15-2008, EA16-2009, EA17-2011, EA18-2014, EA19-2015, EA20-2023, EA21-2026)",2013-Q3,3.14000,,
ESTAT:IRT_LT_MCBY_Q(1.0),25/02/26 23:00:00,Quarterly,EMU convergence criterion bond yields,"Euro area (EA11-1999, EA12-2001, EA13-2007, EA15-2008, EA16-2009, EA17-2011, EA18-2014, EA19-2015, EA20-2023, EA21-2026)",2013-Q4,2.96000,,
ESTAT:IRT_LT_MCBY_Q(1.0),25/02/26 23:00:00,Quarterly,EMU convergence criterion bond yields,"Euro area (EA11-1999, EA12-2001, EA13-2007, EA15-2008, EA16-2009, EA17-2011, EA18-2014, EA19-2015, EA20-2023, EA21-2026)",2014-Q1,2.66000,,
ESTAT:IRT_LT_MCBY_Q(1.0),25/02/26 23:00:00,Quarterly,EMU convergence criterion bond yields,"Euro area (EA11-1999, EA12-2001, EA13-2007, EA15-2008, EA16-2009, EA17-2011, EA18-2014, EA19-2015, EA20-2023, EA21-2026)",2014-Q2,2.22000,,
ESTAT:IRT_LT_MCBY_Q(1.0),25/02/26 23:00:00,Quarterly,EMU convergence criterion bond yields,"Euro area (EA11-1999, EA12-2001, EA13-2007, EA15-2008, EA16-2009, EA17-2011, EA18-2014, EA19-2015, EA20-2023, EA21-2026)",2014-Q3,1.80000,,
ESTAT:IRT_LT_MCBY_Q(1.0),25/02/26 23:00:00,Quarterly,EMU convergence criterion bond yields,"Euro area (EA11-1999, EA12-2001, EA13-2007, EA15-2008, EA16-2009, EA17-2011, EA18-2014, EA19-2015, EA20-2023, EA21-2026)",2014-Q4,1.50000,,
ESTAT:IRT_LT_MCBY_Q(1.0),25/02/26 23:00:00,Quarterly,EMU convergence criterion bond yields,"Euro area (EA11-1999, EA12-2001, EA13-2007, EA15-2008, EA16-2009, EA17-2011, EA18-2014, EA19-2015, EA20-2023, EA21-2026)",2015-Q1,1.01000,,
ESTAT:IRT_LT_MCBY_Q(1.0),25/02/26 23:00:00,Quarterly,EMU convergence criterion bond yields,"Euro area (EA11-1999, EA12-2001, EA13-2007, EA15-2008, EA16-2009, EA17-2011, EA18-2014, EA19-2015, EA20-2023, EA21-2026)",2015-Q2,1.27000,,
ESTAT:IRT_LT_MCBY_Q(1.0),25/02/26 23:00:00,Quarterly,EMU convergence criterion bond yields,"Euro area (EA11-1999, EA12-2001, EA13-2007, EA15-2008, EA16-2009, EA17-2011, EA18-2014, EA19-2015, EA20-2023, EA21-2026)",2015-Q3,1.41000,,
ESTAT:IRT_LT_MCBY_Q(1.0),25/02/26 23:00:00,Quarterly,EMU convergence criterion bond yields,"Euro area (EA11-1999, EA12-2001, EA13-2007, EA15-2008, EA16-2009, EA17-2011, EA18-2014, EA19-2015, EA20-2023, EA21-2026)",2015-Q4,1.18000,,
ESTAT:IRT_LT_MCBY_Q(1.0),25/02/26 23:00:00,Quarterly,EMU convergence criterion bond yields,"Euro area (EA11-1999, EA12-2001, EA13-2007, EA15-2008, EA16-2009, EA17-2011, EA18-2014, EA19-2015, EA20-2023, EA21-2026)",2016-Q1,1.03000,,
ESTAT:IRT_LT_MCBY_Q(1.0),25/02/26 23:00:00,Quarterly,EMU convergence criterion bond yields,"Euro area (EA11-1999, EA12-2001, EA13-2007, EA15-2008, EA16-2009, EA17-2011, EA18-2014, EA19-2015, EA20-2023, EA21-2026)",2016-Q2,0.88000,,
ESTAT:IRT_LT_MCBY_Q(1.0),25/02/26 23:00:00,Quarterly,EMU convergence criterion bond yields,"Euro area (EA11-1999, EA12-2001, EA13-2007, EA15-2008, EA16-2009, EA17-2011, EA18-2014, EA19-2015, EA20-2023, EA21-2026)",2016-Q3,0.60000,,
ESTAT:IRT_LT_MCBY_Q(1.0),25/02/26 23:00:00,Quarterly,EMU convergence criterion bond yields,"Euro area (EA11-1999, EA12-2001, EA13-2007, EA15-2008, EA16-2009, EA17-2011, EA18-2014, EA19-2015, EA20-2023, EA21-2026)",2016-Q4,0.92000,,
ESTAT:IRT_LT_MCBY_Q(1.0),25/02/26 23:00:00,Quarterly,EMU convergence criterion bond yields,"Euro area (EA11-1999, EA12-2001, EA13-2007, EA15-2008, EA16-2009, EA17-2011, EA18-2014, EA19-2015, EA20-2023, EA21-2026)",2017-Q1,1.20000,,
ESTAT:IRT_LT_MCBY_Q(1.0),25/02/26 23:00:00,Quarterly,EMU convergence criterion bond yields,"Euro area (EA11-1999, EA12-2001, EA13-2007, EA15-2008, EA16-2009, EA17-2011, EA18-2014, EA19-2015, EA20-2023, EA21-2026)",2017-Q2,1.09000,,
ESTAT:IRT_LT_MCBY_Q(1.0),25/02/26 23:00:00,Quarterly,EMU convergence criterion bond yields,"Euro area (EA11-1999, EA12-2001, EA13-2007, EA15-2008, EA16-2009, EA17-2011, EA18-2014, EA19-2015, EA20-2023, EA21-2026)",2017-Q3,1.10000,,
ESTAT:IRT_LT_MCBY_Q(1.0),25/02/26 23:00:00,Quarterly,EMU convergence criterion bond yields,"Euro area (EA11-1999, EA12-2001, EA13-2007, EA15-2008, EA16-2009, EA17-2011, EA18-2014, EA19-2015, EA20-2023, EA21-2026)",2017-Q4,0.98000,,
ESTAT:IRT_LT_MCBY_Q(1.0),25/02/26 23:00:00,Quarterly,EMU convergence criterion bond yields,"Euro area (EA11-1999, EA12-2001, EA13-2007, EA15-2008, EA16-2009, EA17-2011, EA18-2014, EA19-2015, EA20-2023, EA21-2026)",2018-Q1,1.10000,,
ESTAT:IRT_LT_MCBY_Q(1.0),25/02/26 23:00:00,Quarterly,EMU convergence criterion bond yields,"Euro area (EA11-1999, EA12-2001, EA13-2007, EA15-2008, EA16-2009, EA17-2011, EA18-2014, EA19-2015, EA20-2023, EA21-2026)",2018-Q2,1.06000,,
ESTAT:IRT_LT_MCBY_Q(1.0),25/02/26 23:00:00,Quarterly,EMU convergence criterion bond yields,"Euro area (EA11-1999, EA12-2001, EA13-2007, EA15-2008, EA16-2009, EA17-2011, EA18-2014, EA19-2015, EA20-2023, EA21-2026)",2018-Q3,1.12000,,
ESTAT:IRT_LT_MCBY_Q(1.0),25/02/26 23:00:00,Quarterly,EMU convergence criterion bond yields,"Euro area (EA11-1999, EA12-2001, EA13-2007, EA15-2008, EA16-2009, EA17-2011, EA18-2014, EA19-2015, EA20-2023, EA21-2026)",2018-Q4,1.21000,,
ESTAT:IRT_LT_MCBY_Q(1.0),25/02/26 23:00:00,Quarterly,EMU convergence criterion bond yields,"Euro area (EA11-1999, EA12-2001, EA13-2007, EA15-2008, EA16-2009, EA17-2011, EA18-2014, EA19-2015, EA20-2023, EA21-2026)",2019-Q1,0.93000,,
ESTAT:IRT_LT_MCBY_Q(1.0),25/02/26 23:00:00,Quarterly,EMU convergence criterion bond yields,"Euro area (EA11-1999, EA12-2001, EA13-2007, EA15-2008, EA16-2009, EA17-2011, EA18-2014, EA19-2015, EA20-2023, EA21-2026)",2019-Q2,0.63000,,
ESTAT:IRT_LT_MCBY_Q(1.0),25/02/26 23:00:00,Quarterly,EMU convergence criterion bond yields,"Euro area (EA11-1999, EA12-2001, EA13-2007, EA15-2008, EA16-2009, EA17-2011, EA18-2014, EA19-2015, EA20-2023, EA21-2026)",2019-Q3,0.04000,,
ESTAT:IRT_LT_MCBY_Q(1.0),25/02/26 23:00:00,Quarterly,EMU convergence criterion bond yields,"Euro area (EA11-1999, EA12-2001, EA13-2007, EA15-2008, EA16-2009, EA17-2011, EA18-2014, EA19-2015, EA20-2023, EA21-2026)",2019-Q4,0.14000,,
ESTAT:IRT_LT_MCBY_Q(1.0),25/02/26 23:00:00,Quarterly,EMU convergence criterion bond yields,"Euro area (EA11-1999, EA12-2001, EA13-2007, EA15-2008, EA16-2009, EA17-2011, EA18-2014, EA19-2015, EA20-2023, EA21-2026)",2020-Q1,0.11000,,
ESTAT:IRT_LT_MCBY_Q(1.0),25/02/26 23:00:00,Quarterly,EMU convergence criterion bond yields,"Euro area (EA11-1999, EA12-2001, EA13-2007, EA15-2008, EA16-2009, EA17-2011, EA18-2014, EA19-2015, EA20-2023, EA21-2026)",2020-Q2,0.25000,,
ESTAT:IRT_LT_MCBY_Q(1.0),25/02/26 23:00:00,Quarterly,EMU convergence criterion bond yields,"Euro area (EA11-1999, EA12-2001, EA13-2007, EA15-2008, EA16-2009, EA17-2011, EA18-2014, EA19-2015, EA20-2023, EA21-2026)",2020-Q3,-0.01000,,
ESTAT:IRT_LT_MCBY_Q(1.0),25/02/26 23:00:00,Quarterly,EMU convergence criterion bond yields,"Euro area (EA11-1999, EA12-2001, EA13-2007, EA15-2008, EA16-2009, EA17-2011, EA18-2014, EA19-2015, EA20-2023, EA21-2026)",2020-Q4,-0.19000,,
ESTAT:IRT_LT_MCBY_Q(1.0),25/02/26 23:00:00,Quarterly,EMU convergence criterion bond yields,"Euro area (EA11-1999, EA12-2001, EA13-2007, EA15-2008, EA16-2009, EA17-2011, EA18-2014, EA19-2015, EA20-2023, EA21-2026)",2021-Q1,-0.07000,,
ESTAT:IRT_LT_MCBY_Q(1.0),25/02/26 23:00:00,Quarterly,EMU convergence criterion bond yields,"Euro area (EA11-1999, EA12-2001, EA13-2007, EA15-2008, EA16-2009, EA17-2011, EA18-2014, EA19-2015, EA20-2023, EA21-2026)",2021-Q2,0.16000,,
ESTAT:IRT_LT_MCBY_Q(1.0),25/02/26 23:00:00,Quarterly,EMU convergence criterion bond yields,"Euro area (EA11-1999, EA12-2001, EA13-2007, EA15-2008, EA16-2009, EA17-2011, EA18-2014, EA19-2015, EA20-2023, EA21-2026)",2021-Q3,0.00000,,
ESTAT:IRT_LT_MCBY_Q(1.0),25/02/26 23:00:00,Quarterly,EMU convergence criterion bond yields,"Euro area (EA11-1999, EA12-2001, EA13-2007, EA15-2008, EA16-2009, EA17-2011, EA18-2014, EA19-2015, EA20-2023, EA21-2026)",2021-Q4,0.18000,,
ESTAT:IRT_LT_MCBY_Q(1.0),25/02/26 23:00:00,Quarterly,EMU convergence criterion bond yields,"Euro area (EA11-1999, EA12-2001, EA13-2007, EA15-2008, EA16-2009, EA17-2011, EA18-2014, EA19-2015, EA20-2023, EA21-2026)",2022-Q1,0.69000,,
ESTAT:IRT_LT_MCBY_Q(1.0),25/02/26 23:00:00,Quarterly,EMU convergence criterion bond yields,"Euro area (EA11-1999, EA12-2001, EA13-2007, EA15-2008, EA16-2009, EA17-2011, EA18-2014, EA19-2015, EA20-2023, EA21-2026)",2022-Q2,1.78000,,
ESTAT:IRT_LT_MCBY_Q(1.0),25/02/26 23:00:00,Quarterly,EMU convergence criterion bond yields,"Euro area (EA11-1999, EA12-2001, EA13-2007, EA15-2008, EA16-2009, EA17-2011, EA18-2014, EA19-2015, EA20-2023, EA21-2026)",2022-Q3,2.13000,,
ESTAT:IRT_LT_MCBY_Q(1.0),25/02/26 23:00:00,Quarterly,EMU convergence criterion bond yields,"Euro area (EA11-1999, EA12-2001, EA13-2007, EA15-2008, EA16-2009, EA17-2011, EA18-2014, EA19-2015, EA20-2023, EA21-2026)",2022-Q4,2.89000,,
ESTAT:IRT_LT_MCBY_Q(1.0),25/02/26 23:00:00,Quarterly,EMU convergence criterion bond yields,"Euro area (EA11-1999, EA12-2001, EA13-2007, EA15-2008, EA16-2009, EA17-2011, EA18-2014, EA19-2015, EA20-2023, EA21-2026)",2023-Q1,3.04000,,
ESTAT:IRT_LT_MCBY_Q(1.0),25/02/26 23:00:00,Quarterly,EMU convergence criterion bond yields,"Euro area (EA11-1999, EA12-2001, EA13-2007, EA15-2008, EA16-2009, EA17-2011, EA18-2014, EA19-2015, EA20-2023, EA21-2026)",2023-Q2,3.08000,,
ESTAT:IRT_LT_MCBY_Q(1.0),25/02/26 23:00:00,Quarterly,EMU convergence criterion bond yields,"Euro area (EA11-1999, EA12-2001, EA13-2007, EA15-2008, EA16-2009, EA17-2011, EA18-2014, EA19-2015, EA20-2023, EA21-2026)",2023-Q3,3.25000,,
ESTAT:IRT_LT_MCBY_Q(1.0),25/02/26 23:00:00,Quarterly,EMU convergence criterion bond yields,"Euro area (EA11-1999, EA12-2001, EA13-2007, EA15-2008, EA16-2009, EA17-2011, EA18-2014, EA19-2015, EA20-2023, EA21-2026)",2023-Q4,3.22000,,
ESTAT:IRT_LT_MCBY_Q(1.0),25/02/26 23:00:00,Quarterly,EMU convergence criterion bond yields,"Euro area (EA11-1999, EA12-2001, EA13-2007, EA15-2008, EA16-2009, EA17-2011, EA18-2014, EA19-2015, EA20-2023, EA21-2026)",2024-Q1,2.90000,,
ESTAT:IRT_LT_MCBY_Q(1.0),25/02/26 23:00:00,Quarterly,EMU convergence criterion bond yields,"Euro area (EA11-1999, EA12-2001, EA13-2007, EA15-2008, EA16-2009, EA17-2011, EA18-2014, EA19-2015, EA20-2023, EA21-2026)",2024-Q2,3.07000,,
ESTAT:IRT_LT_MCBY_Q(1.0),25/02/26 23:00:00,Quarterly,EMU convergence criterion bond yields,"Euro area (EA11-1999, EA12-2001, EA13-2007, EA15-2008, EA16-2009, EA17-2011, EA18-2014, EA19-2015, EA20-2023, EA21-2026)",2024-Q3,2.89000,,
ESTAT:IRT_LT_MCBY_Q(1.0),25/02/26 23:00:00,Quarterly,EMU convergence criterion bond yields,"Euro area (EA11-1999, EA12-2001, EA13-2007, EA15-2008, EA16-2009, EA17-2011, EA18-2014, EA19-2015, EA20-2023, EA21-2026)",2024-Q4,2.81000,,
ESTAT:IRT_LT_MCBY_Q(1.0),25/02/26 23:00:00,Quarterly,EMU convergence criterion bond yields,"Euro area (EA11-1999, EA12-2001, EA13-2007, EA15-2008, EA16-2009, EA17-2011, EA18-2014, EA19-2015, EA20-2023, EA21-2026)",2025-Q1,3.07664,,
ESTAT:IRT_LT_MCBY_Q(1.0),25/02/26 23:00:00,Quarterly,EMU convergence criterion bond yields,"Euro area (EA11-1999, EA12-2001, EA13-2007, EA15-2008, EA16-2009, EA17-2011, EA18-2014, EA19-2015, EA20-2023, EA21-2026)",2025-Q2,3.04075,,
ESTAT:IRT_LT_MCBY_Q(1.0),25/02/26 23:00:00,Quarterly,EMU convergence criterion bond yields,"Euro area (EA11-1999, EA12-2001, EA13-2007, EA15-2008, EA16-2009, EA17-2011, EA18-2014, EA19-2015, EA20-2023, EA21-2026)",2025-Q3,3.12242,,
ESTAT:IRT_LT_MCBY_Q(1.0),25/02/26 23:00:00,Quarterly,EMU convergence criterion bond yields,"Euro area (EA11-1999, EA12-2001, EA13-2007, EA15-2008, EA16-2009, EA17-2011, EA18-2014, EA19-2015, EA20-2023, EA21-2026)",2025-Q4,3.12238,,
ESTAT:IRT_LT_MCBY_Q(1.0),25/02/26 23:00:00,Quarterly,EMU convergence criterion bond yields,Estonia,1980-Q1,,m,
ESTAT:IRT_LT_MCBY_Q(1.0),25/02/26 23:00:00,Quarterly,EMU convergence criterion bond yields,Estonia,1980-Q2,,m,
ESTAT:IRT_LT_MCBY_Q(1.0),25/02/26 23:00:00,Quarterly,EMU convergence criterion bond yields,Estonia,1980-Q3,,m,
ESTAT:IRT_LT_MCBY_Q(1.0),25/02/26 23:00:00,Quarterly,EMU convergence criterion bond yields,Estonia,1980-Q4,,m,
ESTAT:IRT_LT_MCBY_Q(1.0),25/02/26 23:00:00,Quarterly,EMU convergence criterion bond yields,Estonia,1981-Q1,,m,
ESTAT:IRT_LT_MCBY_Q(1.0),25/02/26 23:00:00,Quarterly,EMU convergence criterion bond yields,Estonia,1981-Q2,,m,
ESTAT:IRT_LT_MCBY_Q(1.0),25/02/26 23:00:00,Quarterly,EMU convergence criterion bond yields,Estonia,1981-Q3,,m,
ESTAT:IRT_LT_MCBY_Q(1.0),25/02/26 23:00:00,Quarterly,EMU convergence criterion bond yields,Estonia,1981-Q4,,m,
ESTAT:IRT_LT_MCBY_Q(1.0),25/02/26 23:00:00,Quarterly,EMU convergence criterion bond yields,Estonia,1982-Q1,,m,
ESTAT:IRT_LT_MCBY_Q(1.0),25/02/26 23:00:00,Quarterly,EMU convergence criterion bond yields,Estonia,1982-Q2,,m,
ESTAT:IRT_LT_MCBY_Q(1.0),25/02/26 23:00:00,Quarterly,EMU convergence criterion bond yields,Estonia,1982-Q3,,m,
ESTAT:IRT_LT_MCBY_Q(1.0),25/02/26 23:00:00,Quarterly,EMU convergence criterion bond yields,Estonia,1982-Q4,,m,
ESTAT:IRT_LT_MCBY_Q(1.0),25/02/26 23:00:00,Quarterly,EMU convergence criterion bond yields,Estonia,1983-Q1,,m,
ESTAT:IRT_LT_MCBY_Q(1.0),25/02/26 23:00:00,Quarterly,EMU convergence criterion bond yields,Estonia,1983-Q2,,m,
ESTAT:IRT_LT_MCBY_Q(1.0),25/02/26 23:00:00,Quarterly,EMU convergence criterion bond yields,Estonia,1983-Q3,,m,
ESTAT:IRT_LT_MCBY_Q(1.0),25/02/26 23:00:00,Quarterly,EMU convergence criterion bond yields,Estonia,1983-Q4,,m,
ESTAT:IRT_LT_MCBY_Q(1.0),25/02/26 23:00:00,Quarterly,EMU convergence criterion bond yields,Estonia,1984-Q1,,m,
ESTAT:IRT_LT_MCBY_Q(1.0),25/02/26 23:00:00,Quarterly,EMU convergence criterion bond yields,Estonia,1984-Q2,,m,
ESTAT:IRT_LT_MCBY_Q(1.0),25/02/26 23:00:00,Quarterly,EMU convergence criterion bond yields,Estonia,1984-Q3,,m,
ESTAT:IRT_LT_MCBY_Q(1.0),25/02/26 23:00:00,Quarterly,EMU convergence criterion bond yields,Estonia,1984-Q4,,m,
ESTAT:IRT_LT_MCBY_Q(1.0),25/02/26 23:00:00,Quarterly,EMU convergence criterion bond yields,Estonia,1985-Q1,,m,
ESTAT:IRT_LT_MCBY_Q(1.0),25/02/26 23:00:00,Quarterly,EMU convergence criterion bond yields,Estonia,1985-Q2,,m,
ESTAT:IRT_LT_MCBY_Q(1.0),25/02/26 23:00:00,Quarterly,EMU convergence criterion bond yields,Estonia,1985-Q3,,m,
ESTAT:IRT_LT_MCBY_Q(1.0),25/02/26 23:00:00,Quarterly,EMU convergence criterion bond yields,Estonia,1985-Q4,,m,
ESTAT:IRT_LT_MCBY_Q(1.0),25/02/26 23:00:00,Quarterly,EMU convergence criterion bond yields,Estonia,1986-Q1,,m,
ESTAT:IRT_LT_MCBY_Q(1.0),25/02/26 23:00:00,Quarterly,EMU convergence criterion bond yields,Estonia,1986-Q2,,m,
ESTAT:IRT_LT_MCBY_Q(1.0),25/02/26 23:00:00,Quarterly,EMU convergence criterion bond yields,Estonia,1986-Q3,,m,
ESTAT:IRT_LT_MCBY_Q(1.0),25/02/26 23:00:00,Quarterly,EMU convergence criterion bond yields,Estonia,1986-Q4,,m,
ESTAT:IRT_LT_MCBY_Q(1.0),25/02/26 23:00:00,Quarterly,EMU convergence criterion bond yields,Estonia,1987-Q1,,m,
ESTAT:IRT_LT_MCBY_Q(1.0),25/02/26 23:00:00,Quarterly,EMU convergence criterion bond yields,Estonia,1987-Q2,,m,
ESTAT:IRT_LT_MCBY_Q(1.0),25/02/26 23:00:00,Quarterly,EMU convergence criterion bond yields,Estonia,1987-Q3,,m,
ESTAT:IRT_LT_MCBY_Q(1.0),25/02/26 23:00:00,Quarterly,EMU convergence criterion bond yields,Estonia,1987-Q4,,m,
ESTAT:IRT_LT_MCBY_Q(1.0),25/02/26 23:00:00,Quarterly,EMU convergence criterion bond yields,Estonia,1988-Q1,,m,
ESTAT:IRT_LT_MCBY_Q(1.0),25/02/26 23:00:00,Quarterly,EMU convergence criterion bond yields,Estonia,1988-Q2,,m,
ESTAT:IRT_LT_MCBY_Q(1.0),25/02/26 23:00:00,Quarterly,EMU convergence criterion bond yields,Estonia,1988-Q3,,m,
ESTAT:IRT_LT_MCBY_Q(1.0),25/02/26 23:00:00,Quarterly,EMU convergence criterion bond yields,Estonia,1988-Q4,,m,
ESTAT:IRT_LT_MCBY_Q(1.0),25/02/26 23:00:00,Quarterly,EMU convergence criterion bond yields,Estonia,1989-Q1,,m,
ESTAT:IRT_LT_MCBY_Q(1.0),25/02/26 23:00:00,Quarterly,EMU convergence criterion bond yields,Estonia,1989-Q2,,m,
ESTAT:IRT_LT_MCBY_Q(1.0),25/02/26 23:00:00,Quarterly,EMU convergence criterion bond yields,Estonia,1989-Q3,,m,
ESTAT:IRT_LT_MCBY_Q(1.0),25/02/26 23:00:00,Quarterly,EMU convergence criterion bond yields,Estonia,1989-Q4,,m,
ESTAT:IRT_LT_MCBY_Q(1.0),25/02/26 23:00:00,Quarterly,EMU convergence criterion bond yields,Estonia,1990-Q1,,m,
ESTAT:IRT_LT_MCBY_Q(1.0),25/02/26 23:00:00,Quarterly,EMU convergence criterion bond yields,Estonia,1990-Q2,,m,
ESTAT:IRT_LT_MCBY_Q(1.0),25/02/26 23:00:00,Quarterly,EMU convergence criterion bond yields,Estonia,1990-Q3,,m,
ESTAT:IRT_LT_MCBY_Q(1.0),25/02/26 23:00:00,Quarterly,EMU convergence criterion bond yields,Estonia,1990-Q4,,m,
ESTAT:IRT_LT_MCBY_Q(1.0),25/02/26 23:00:00,Quarterly,EMU convergence criterion bond yields,Estonia,1991-Q1,,m,
ESTAT:IRT_LT_MCBY_Q(1.0),25/02/26 23:00:00,Quarterly,EMU convergence criterion bond yields,Estonia,1991-Q2,,m,
ESTAT:IRT_LT_MCBY_Q(1.0),25/02/26 23:00:00,Quarterly,EMU convergence criterion bond yields,Estonia,1991-Q3,,m,
ESTAT:IRT_LT_MCBY_Q(1.0),25/02/26 23:00:00,Quarterly,EMU convergence criterion bond yields,Estonia,1991-Q4,,m,
ESTAT:IRT_LT_MCBY_Q(1.0),25/02/26 23:00:00,Quarterly,EMU convergence criterion bond yields,Estonia,1992-Q1,,m,
ESTAT:IRT_LT_MCBY_Q(1.0),25/02/26 23:00:00,Quarterly,EMU convergence criterion bond yields,Estonia,1992-Q2,,m,
ESTAT:IRT_LT_MCBY_Q(1.0),25/02/26 23:00:00,Quarterly,EMU convergence criterion bond yields,Estonia,1992-Q3,,m,
ESTAT:IRT_LT_MCBY_Q(1.0),25/02/26 23:00:00,Quarterly,EMU convergence criterion bond yields,Estonia,1992-Q4,,m,
ESTAT:IRT_LT_MCBY_Q(1.0),25/02/26 23:00:00,Quarterly,EMU convergence criterion bond yields,Estonia,1993-Q1,,m,
ESTAT:IRT_LT_MCBY_Q(1.0),25/02/26 23:00:00,Quarterly,EMU convergence criterion bond yields,Estonia,1993-Q2,,m,
ESTAT:IRT_LT_MCBY_Q(1.0),25/02/26 23:00:00,Quarterly,EMU convergence criterion bond yields,Estonia,1993-Q3,,m,
ESTAT:IRT_LT_MCBY_Q(1.0),25/02/26 23:00:00,Quarterly,EMU convergence criterion bond yields,Estonia,1993-Q4,,m,
ESTAT:IRT_LT_MCBY_Q(1.0),25/02/26 23:00:00,Quarterly,EMU convergence criterion bond yields,Estonia,1994-Q1,,m,
ESTAT:IRT_LT_MCBY_Q(1.0),25/02/26 23:00:00,Quarterly,EMU convergence criterion bond yields,Estonia,1994-Q2,,m,
ESTAT:IRT_LT_MCBY_Q(1.0),25/02/26 23:00:00,Quarterly,EMU convergence criterion bond yields,Estonia,1994-Q3,,m,
ESTAT:IRT_LT_MCBY_Q(1.0),25/02/26 23:00:00,Quarterly,EMU convergence criterion bond yields,Estonia,1994-Q4,,m,
ESTAT:IRT_LT_MCBY_Q(1.0),25/02/26 23:00:00,Quarterly,EMU convergence criterion bond yields,Estonia,1995-Q1,,m,
ESTAT:IRT_LT_MCBY_Q(1.0),25/02/26 23:00:00,Quarterly,EMU convergence criterion bond yields,Estonia,1995-Q2,,m,
ESTAT:IRT_LT_MCBY_Q(1.0),25/02/26 23:00:00,Quarterly,EMU convergence criterion bond yields,Estonia,1995-Q3,,m,
ESTAT:IRT_LT_MCBY_Q(1.0),25/02/26 23:00:00,Quarterly,EMU convergence criterion bond yields,Estonia,1995-Q4,,m,
ESTAT:IRT_LT_MCBY_Q(1.0),25/02/26 23:00:00,Quarterly,EMU convergence criterion bond yields,Estonia,1996-Q1,,m,
ESTAT:IRT_LT_MCBY_Q(1.0),25/02/26 23:00:00,Quarterly,EMU convergence criterion bond yields,Estonia,1996-Q2,,m,
ESTAT:IRT_LT_MCBY_Q(1.0),25/02/26 23:00:00,Quarterly,EMU convergence criterion bond yields,Estonia,1996-Q3,,m,
ESTAT:IRT_LT_MCBY_Q(1.0),25/02/26 23:00:00,Quarterly,EMU convergence criterion bond yields,Estonia,1996-Q4,,m,
ESTAT:IRT_LT_MCBY_Q(1.0),25/02/26 23:00:00,Quarterly,EMU convergence criterion bond yields,Estonia,1997-Q1,,m,
ESTAT:IRT_LT_MCBY_Q(1.0),25/02/26 23:00:00,Quarterly,EMU convergence criterion bond yields,Estonia,1997-Q2,,m,
ESTAT:IRT_LT_MCBY_Q(1.0),25/02/26 23:00:00,Quarterly,EMU convergence criterion bond yields,Estonia,1997-Q3,,m,
ESTAT:IRT_LT_MCBY_Q(1.0),25/02/26 23:00:00,Quarterly,EMU convergence criterion bond yields,Estonia,1997-Q4,,m,
ESTAT:IRT_LT_MCBY_Q(1.0),25/02/26 23:00:00,Quarterly,EMU convergence criterion bond yields,Estonia,1998-Q1,,m,
ESTAT:IRT_LT_MCBY_Q(1.0),25/02/26 23:00:00,Quarterly,EMU convergence criterion bond yields,Estonia,1998-Q2,,m,
ESTAT:IRT_LT_MCBY_Q(1.0),25/02/26 23:00:00,Quarterly,EMU convergence criterion bond yields,Estonia,1998-Q3,,m,
ESTAT:IRT_LT_MCBY_Q(1.0),25/02/26 23:00:00,Quarterly,EMU convergence criterion bond yields,Estonia,1998-Q4,,m,
ESTAT:IRT_LT_MCBY_Q(1.0),25/02/26 23:00:00,Quarterly,EMU convergence criterion bond yields,Estonia,1999-Q1,,m,
ESTAT:IRT_LT_MCBY_Q(1.0),25/02/26 23:00:00,Quarterly,EMU convergence criterion bond yields,Estonia,1999-Q2,,m,
ESTAT:IRT_LT_MCBY_Q(1.0),25/02/26 23:00:00,Quarterly,EMU convergence criterion bond yields,Estonia,1999-Q3,,m,
ESTAT:IRT_LT_MCBY_Q(1.0),25/02/26 23:00:00,Quarterly,EMU convergence criterion bond yields,Estonia,1999-Q4,,m,
ESTAT:IRT_LT_MCBY_Q(1.0),25/02/26 23:00:00,Quarterly,EMU convergence criterion bond yields,Estonia,2000-Q1,,m,
ESTAT:IRT_LT_MCBY_Q(1.0),25/02/26 23:00:00,Quarterly,EMU convergence criterion bond yields,Estonia,2000-Q2,,m,
ESTAT:IRT_LT_MCBY_Q(1.0),25/02/26 23:00:00,Quarterly,EMU convergence criterion bond yields,Estonia,2000-Q3,,m,
ESTAT:IRT_LT_MCBY_Q(1.0),25/02/26 23:00:00,Quarterly,EMU convergence criterion bond yields,Estonia,2000-Q4,,m,
ESTAT:IRT_LT_MCBY_Q(1.0),25/02/26 23:00:00,Quarterly,EMU convergence criterion bond yields,Estonia,2001-Q1,,m,
ESTAT:IRT_LT_MCBY_Q(1.0),25/02/26 23:00:00,Quarterly,EMU convergence criterion bond yields,Estonia,2001-Q2,,m,
ESTAT:IRT_LT_MCBY_Q(1.0),25/02/26 23:00:00,Quarterly,EMU convergence criterion bond yields,Estonia,2001-Q3,,m,
ESTAT:IRT_LT_MCBY_Q(1.0),25/02/26 23:00:00,Quarterly,EMU convergence criterion bond yields,Estonia,2001-Q4,,m,
ESTAT:IRT_LT_MCBY_Q(1.0),25/02/26 23:00:00,Quarterly,EMU convergence criterion bond yields,Estonia,2002-Q1,,m,
ESTAT:IRT_LT_MCBY_Q(1.0),25/02/26 23:00:00,Quarterly,EMU convergence criterion bond yields,Estonia,2002-Q2,,m,
ESTAT:IRT_LT_MCBY_Q(1.0),25/02/26 23:00:00,Quarterly,EMU convergence criterion bond yields,Estonia,2002-Q3,,m,
ESTAT:IRT_LT_MCBY_Q(1.0),25/02/26 23:00:00,Quarterly,EMU convergence criterion bond yields,Estonia,2002-Q4,,m,
ESTAT:IRT_LT_MCBY_Q(1.0),25/02/26 23:00:00,Quarterly,EMU convergence criterion bond yields,Estonia,2003-Q1,,m,
ESTAT:IRT_LT_MCBY_Q(1.0),25/02/26 23:00:00,Quarterly,EMU convergence criterion bond yields,Estonia,2003-Q2,,m,
ESTAT:IRT_LT_MCBY_Q(1.0),25/02/26 23:00:00,Quarterly,EMU convergence criterion bond yields,Estonia,2003-Q3,,m,
ESTAT:IRT_LT_MCBY_Q(1.0),25/02/26 23:00:00,Quarterly,EMU convergence criterion bond yields,Estonia,2003-Q4,,m,
ESTAT:IRT_LT_MCBY_Q(1.0),25/02/26 23:00:00,Quarterly,EMU convergence criterion bond yields,Estonia,2004-Q1,,m,
ESTAT:IRT_LT_MCBY_Q(1.0),25/02/26 23:00:00,Quarterly,EMU convergence criterion bond yields,Estonia,2004-Q2,,m,
ESTAT:IRT_LT_MCBY_Q(1.0),25/02/26 23:00:00,Quarterly,EMU convergence criterion bond yields,Estonia,2004-Q3,,m,
ESTAT:IRT_LT_MCBY_Q(1.0),25/02/26 23:00:00,Quarterly,EMU convergence criterion bond yields,Estonia,2004-Q4,,m,
ESTAT:IRT_LT_MCBY_Q(1.0),25/02/26 23:00:00,Quarterly,EMU convergence criterion bond yields,Estonia,2005-Q1,,m,
ESTAT:IRT_LT_MCBY_Q(1.0),25/02/26 23:00:00,Quarterly,EMU convergence criterion bond yields,Estonia,2005-Q2,,m,
ESTAT:IRT_LT_MCBY_Q(1.0),25/02/26 23:00:00,Quarterly,EMU convergence criterion bond yields,Estonia,2005-Q3,,m,
ESTAT:IRT_LT_MCBY_Q(1.0),25/02/26 23:00:00,Quarterly,EMU convergence criterion bond yields,Estonia,2005-Q4,,m,
ESTAT:IRT_LT_MCBY_Q(1.0),25/02/26 23:00:00,Quarterly,EMU convergence criterion bond yields,Estonia,2006-Q1,,m,
ESTAT:IRT_LT_MCBY_Q(1.0),25/02/26 23:00:00,Quarterly,EMU convergence criterion bond yields,Estonia,2006-Q2,,m,
ESTAT:IRT_LT_MCBY_Q(1.0),25/02/26 23:00:00,Quarterly,EMU convergence criterion bond yields,Estonia,2006-Q3,,m,
ESTAT:IRT_LT_MCBY_Q(1.0),25/02/26 23:00:00,Quarterly,EMU convergence criterion bond yields,Estonia,2006-Q4,,m,
ESTAT:IRT_LT_MCBY_Q(1.0),25/02/26 23:00:00,Quarterly,EMU convergence criterion bond yields,Estonia,2007-Q1,,m,
ESTAT:IRT_LT_MCBY_Q(1.0),25/02/26 23:00:00,Quarterly,EMU convergence criterion bond yields,Estonia,2007-Q2,,m,
ESTAT:IRT_LT_MCBY_Q(1.0),25/02/26 23:00:00,Quarterly,EMU convergence criterion bond yields,Estonia,2007-Q3,,m,
ESTAT:IRT_LT_MCBY_Q(1.0),25/02/26 23:00:00,Quarterly,EMU convergence criterion bond yields,Estonia,2007-Q4,,m,
ESTAT:IRT_LT_MCBY_Q(1.0),25/02/26 23:00:00,Quarterly,EMU convergence criterion bond yields,Estonia,2008-Q1,,m,
ESTAT:IRT_LT_MCBY_Q(1.0),25/02/26 23:00:00,Quarterly,EMU convergence criterion bond yields,Estonia,2008-Q2,,m,
ESTAT:IRT_LT_MCBY_Q(1.0),25/02/26 23:00:00,Quarterly,EMU convergence criterion bond yields,Estonia,2008-Q3,,m,
ESTAT:IRT_LT_MCBY_Q(1.0),25/02/26 23:00:00,Quarterly,EMU convergence criterion bond yields,Estonia,2008-Q4,,m,
ESTAT:IRT_LT_MCBY_Q(1.0),25/02/26 23:00:00,Quarterly,EMU convergence criterion bond yields,Estonia,2009-Q1,,m,
ESTAT:IRT_LT_MCBY_Q(1.0),25/02/26 23:00:00,Quarterly,EMU convergence criterion bond yields,Estonia,2009-Q2,,m,
ESTAT:IRT_LT_MCBY_Q(1.0),25/02/26 23:00:00,Quarterly,EMU convergence criterion bond yields,Estonia,2009-Q3,,m,
ESTAT:IRT_LT_MCBY_Q(1.0),25/02/26 23:00:00,Quarterly,EMU convergence criterion bond yields,Estonia,2009-Q4,,m,
ESTAT:IRT_LT_MCBY_Q(1.0),25/02/26 23:00:00,Quarterly,EMU convergence criterion bond yields,Estonia,2010-Q1,,m,
ESTAT:IRT_LT_MCBY_Q(1.0),25/02/26 23:00:00,Quarterly,EMU convergence criterion bond yields,Estonia,2010-Q2,,m,
ESTAT:IRT_LT_MCBY_Q(1.0),25/02/26 23:00:00,Quarterly,EMU convergence criterion bond yields,Estonia,2010-Q3,,m,
ESTAT:IRT_LT_MCBY_Q(1.0),25/02/26 23:00:00,Quarterly,EMU convergence criterion bond yields,Estonia,2010-Q4,,m,
ESTAT:IRT_LT_MCBY_Q(1.0),25/02/26 23:00:00,Quarterly,EMU convergence criterion bond yields,Estonia,2011-Q1,,m,
ESTAT:IRT_LT_MCBY_Q(1.0),25/02/26 23:00:00,Quarterly,EMU convergence criterion bond yields,Estonia,2011-Q2,,m,
ESTAT:IRT_LT_MCBY_Q(1.0),25/02/26 23:00:00,Quarterly,EMU convergence criterion bond yields,Estonia,2011-Q3,,m,
ESTAT:IRT_LT_MCBY_Q(1.0),25/02/26 23:00:00,Quarterly,EMU convergence criterion bond yields,Estonia,2011-Q4,,m,
ESTAT:IRT_LT_MCBY_Q(1.0),25/02/26 23:00:00,Quarterly,EMU convergence criterion bond yields,Estonia,2012-Q1,,m,
ESTAT:IRT_LT_MCBY_Q(1.0),25/02/26 23:00:00,Quarterly,EMU convergence criterion bond yields,Estonia,2012-Q2,,m,
ESTAT:IRT_LT_MCBY_Q(1.0),25/02/26 23:00:00,Quarterly,EMU convergence criterion bond yields,Estonia,2012-Q3,,m,
ESTAT:IRT_LT_MCBY_Q(1.0),25/02/26 23:00:00,Quarterly,EMU convergence criterion bond yields,Estonia,2012-Q4,,m,
ESTAT:IRT_LT_MCBY_Q(1.0),25/02/26 23:00:00,Quarterly,EMU convergence criterion bond yields,Estonia,2013-Q1,,m,
ESTAT:IRT_LT_MCBY_Q(1.0),25/02/26 23:00:00,Quarterly,EMU convergence criterion bond yields,Estonia,2013-Q2,,m,
ESTAT:IRT_LT_MCBY_Q(1.0),25/02/26 23:00:00,Quarterly,EMU convergence criterion bond yields,Estonia,2013-Q3,,m,
ESTAT:IRT_LT_MCBY_Q(1.0),25/02/26 23:00:00,Quarterly,EMU convergence criterion bond yields,Estonia,2013-Q4,,m,
ESTAT:IRT_LT_MCBY_Q(1.0),25/02/26 23:00:00,Quarterly,EMU convergence criterion bond yields,Estonia,2014-Q1,,m,
ESTAT:IRT_LT_MCBY_Q(1.0),25/02/26 23:00:00,Quarterly,EMU convergence criterion bond yields,Estonia,2014-Q2,,m,
ESTAT:IRT_LT_MCBY_Q(1.0),25/02/26 23:00:00,Quarterly,EMU convergence criterion bond yields,Estonia,2014-Q3,,m,
ESTAT:IRT_LT_MCBY_Q(1.0),25/02/26 23:00:00,Quarterly,EMU convergence criterion bond yields,Estonia,2014-Q4,,m,
ESTAT:IRT_LT_MCBY_Q(1.0),25/02/26 23:00:00,Quarterly,EMU convergence criterion bond yields,Estonia,2015-Q1,,m,
ESTAT:IRT_LT_MCBY_Q(1.0),25/02/26 23:00:00,Quarterly,EMU convergence criterion bond yields,Estonia,2015-Q2,,m,
ESTAT:IRT_LT_MCBY_Q(1.0),25/02/26 23:00:00,Quarterly,EMU convergence criterion bond yields,Estonia,2015-Q3,,m,
ESTAT:IRT_LT_MCBY_Q(1.0),25/02/26 23:00:00,Quarterly,EMU convergence criterion bond yields,Estonia,2015-Q4,,m,
ESTAT:IRT_LT_MCBY_Q(1.0),25/02/26 23:00:00,Quarterly,EMU convergence criterion bond yields,Estonia,2016-Q1,,m,
ESTAT:IRT_LT_MCBY_Q(1.0),25/02/26 23:00:00,Quarterly,EMU convergence criterion bond yields,Estonia,2016-Q2,,m,
ESTAT:IRT_LT_MCBY_Q(1.0),25/02/26 23:00:00,Quarterly,EMU convergence criterion bond yields,Estonia,2016-Q3,,m,
ESTAT:IRT_LT_MCBY_Q(1.0),25/02/26 23:00:00,Quarterly,EMU convergence criterion bond yields,Estonia,2016-Q4,,m,
ESTAT:IRT_LT_MCBY_Q(1.0),25/02/26 23:00:00,Quarterly,EMU convergence criterion bond yields,Estonia,2017-Q1,,m,
ESTAT:IRT_LT_MCBY_Q(1.0),25/02/26 23:00:00,Quarterly,EMU convergence criterion bond yields,Estonia,2017-Q2,,m,
ESTAT:IRT_LT_MCBY_Q(1.0),25/02/26 23:00:00,Quarterly,EMU convergence criterion bond yields,Estonia,2017-Q3,,m,
ESTAT:IRT_LT_MCBY_Q(1.0),25/02/26 23:00:00,Quarterly,EMU convergence criterion bond yields,Estonia,2017-Q4,,m,
ESTAT:IRT_LT_MCBY_Q(1.0),25/02/26 23:00:00,Quarterly,EMU convergence criterion bond yields,Estonia,2018-Q1,,m,
ESTAT:IRT_LT_MCBY_Q(1.0),25/02/26 23:00:00,Quarterly,EMU convergence criterion bond yields,Estonia,2018-Q2,,m,
ESTAT:IRT_LT_MCBY_Q(1.0),25/02/26 23:00:00,Quarterly,EMU convergence criterion bond yields,Estonia,2018-Q3,,m,
ESTAT:IRT_LT_MCBY_Q(1.0),25/02/26 23:00:00,Quarterly,EMU convergence criterion bond yields,Estonia,2018-Q4,,m,
ESTAT:IRT_LT_MCBY_Q(1.0),25/02/26 23:00:00,Quarterly,EMU convergence criterion bond yields,Estonia,2019-Q1,,m,
ESTAT:IRT_LT_MCBY_Q(1.0),25/02/26 23:00:00,Quarterly,EMU convergence criterion bond yields,Estonia,2019-Q2,,m,
ESTAT:IRT_LT_MCBY_Q(1.0),25/02/26 23:00:00,Quarterly,EMU convergence criterion bond yields,Estonia,2019-Q3,,m,
ESTAT:IRT_LT_MCBY_Q(1.0),25/02/26 23:00:00,Quarterly,EMU convergence criterion bond yields,Estonia,2019-Q4,,m,
ESTAT:IRT_LT_MCBY_Q(1.0),25/02/26 23:00:00,Quarterly,EMU convergence criterion bond yields,Estonia,2020-Q1,,m,
ESTAT:IRT_LT_MCBY_Q(1.0),25/02/26 23:00:00,Quarterly,EMU convergence criterion bond yields,Estonia,2020-Q2,0.14000,,
ESTAT:IRT_LT_MCBY_Q(1.0),25/02/26 23:00:00,Quarterly,EMU convergence criterion bond yields,Estonia,2020-Q3,0.02000,,
ESTAT:IRT_LT_MCBY_Q(1.0),25/02/26 23:00:00,Quarterly,EMU convergence criterion bond yields,Estonia,2020-Q4,-0.13000,,
ESTAT:IRT_LT_MCBY_Q(1.0),25/02/26 23:00:00,Quarterly,EMU convergence criterion bond yields,Estonia,2021-Q1,-0.08000,,
ESTAT:IRT_LT_MCBY_Q(1.0),25/02/26 23:00:00,Quarterly,EMU convergence criterion bond yields,Estonia,2021-Q2,0.13000,,
ESTAT:IRT_LT_MCBY_Q(1.0),25/02/26 23:00:00,Quarterly,EMU convergence criterion bond yields,Estonia,2021-Q3,0.05000,,
ESTAT:IRT_LT_MCBY_Q(1.0),25/02/26 23:00:00,Quarterly,EMU convergence criterion bond yields,Estonia,2021-Q4,0.16000,,
ESTAT:IRT_LT_MCBY_Q(1.0),25/02/26 23:00:00,Quarterly,EMU convergence criterion bond yields,Estonia,2022-Q1,0.77000,,
ESTAT:IRT_LT_MCBY_Q(1.0),25/02/26 23:00:00,Quarterly,EMU convergence criterion bond yields,Estonia,2022-Q2,1.96000,,
ESTAT:IRT_LT_MCBY_Q(1.0),25/02/26 23:00:00,Quarterly,EMU convergence criterion bond yields,Estonia,2022-Q3,2.66000,,
ESTAT:IRT_LT_MCBY_Q(1.0),25/02/26 23:00:00,Quarterly,EMU convergence criterion bond yields,Estonia,2022-Q4,3.76000,,
ESTAT:IRT_LT_MCBY_Q(1.0),25/02/26 23:00:00,Quarterly,EMU convergence criterion bond yields,Estonia,2023-Q1,3.86000,,
ESTAT:IRT_LT_MCBY_Q(1.0),25/02/26 23:00:00,Quarterly,EMU convergence criterion bond yields,Estonia,2023-Q2,3.92000,,
ESTAT:IRT_LT_MCBY_Q(1.0),25/02/26 23:00:00,Quarterly,EMU convergence criterion bond yields,Estonia,2023-Q3,4.16000,,
ESTAT:IRT_LT_MCBY_Q(1.0),25/02/26 23:00:00,Quarterly,EMU convergence criterion bond yields,Estonia,2023-Q4,3.66000,,
ESTAT:IRT_LT_MCBY_Q(1.0),25/02/26 23:00:00,Quarterly,EMU convergence criterion bond yields,Estonia,2024-Q1,3.43000,,
ESTAT:IRT_LT_MCBY_Q(1.0),25/02/26 23:00:00,Quarterly,EMU convergence criterion bond yields,Estonia,2024-Q2,3.71000,,
ESTAT:IRT_LT_MCBY_Q(1.0),25/02/26 23:00:00,Quarterly,EMU convergence criterion bond yields,Estonia,2024-Q3,3.60000,,
ESTAT:IRT_LT_MCBY_Q(1.0),25/02/26 23:00:00,Quarterly,EMU convergence criterion bond yields,Estonia,2024-Q4,3.45000,,
ESTAT:IRT_LT_MCBY_Q(1.0),25/02/26 23:00:00,Quarterly,EMU convergence criterion bond yields,Estonia,2025-Q1,3.42567,,
ESTAT:IRT_LT_MCBY_Q(1.0),25/02/26 23:00:00,Quarterly,EMU convergence criterion bond yields,Estonia,2025-Q2,3.31011,,
ESTAT:IRT_LT_MCBY_Q(1.0),25/02/26 23:00:00,Quarterly,EMU convergence criterion bond yields,Estonia,2025-Q3,3.24000,,
ESTAT:IRT_LT_MCBY_Q(1.0),25/02/26 23:00:00,Quarterly,EMU convergence criterion bond yields,Estonia,2025-Q4,3.26951,,
ESTAT:IRT_LT_MCBY_Q(1.0),25/02/26 23:00:00,Quarterly,EMU convergence criterion bond yields,Greece,1992-Q4,24.33333,,
ESTAT:IRT_LT_MCBY_Q(1.0),25/02/26 23:00:00,Quarterly,EMU convergence criterion bond yields,Greece,1993-Q1,24.50000,,
ESTAT:IRT_LT_MCBY_Q(1.0),25/02/26 23:00:00,Quarterly,EMU convergence criterion bond yields,Greece,1993-Q2,23.88000,,
ESTAT:IRT_LT_MCBY_Q(1.0),25/02/26 23:00:00,Quarterly,EMU convergence criterion bond yields,Greece,1993-Q3,22.46000,,
ESTAT:IRT_LT_MCBY_Q(1.0),25/02/26 23:00:00,Quarterly,EMU convergence criterion bond yields,Greece,1993-Q4,22.25000,,
ESTAT:IRT_LT_MCBY_Q(1.0),25/02/26 23:00:00,Quarterly,EMU convergence criterion bond yields,Greece,1994-Q1,21.21000,,
ESTAT:IRT_LT_MCBY_Q(1.0),25/02/26 23:00:00,Quarterly,EMU convergence criterion bond yields,Greece,1994-Q2,20.38000,,
ESTAT:IRT_LT_MCBY_Q(1.0),25/02/26 23:00:00,Quarterly,EMU convergence criterion bond yields,Greece,1994-Q3,21.38000,,
ESTAT:IRT_LT_MCBY_Q(1.0),25/02/26 23:00:00,Quarterly,EMU convergence criterion bond yields,Greece,1994-Q4,19.83000,,
ESTAT:IRT_LT_MCBY_Q(1.0),25/02/26 23:00:00,Quarterly,EMU convergence criterion bond yields,Greece,1995-Q1,18.58000,,
ESTAT:IRT_LT_MCBY_Q(1.0),25/02/26 23:00:00,Quarterly,EMU convergence criterion bond yields,Greece,1995-Q2,17.61000,,
ESTAT:IRT_LT_MCBY_Q(1.0),25/02/26 23:00:00,Quarterly,EMU convergence criterion bond yields,Greece,1995-Q3,16.21000,,
ESTAT:IRT_LT_MCBY_Q(1.0),25/02/26 23:00:00,Quarterly,EMU convergence criterion bond yields,Greece,1995-Q4,15.44000,,
ESTAT:IRT_LT_MCBY_Q(1.0),25/02/26 23:00:00,Quarterly,EMU convergence criterion bond yields,Greece,1996-Q1,15.17000,,
ESTAT:IRT_LT_MCBY_Q(1.0),25/02/26 23:00:00,Quarterly,EMU convergence criterion bond yields,Greece,1996-Q2,14.87000,,
ESTAT:IRT_LT_MCBY_Q(1.0),25/02/26 23:00:00,Quarterly,EMU convergence criterion bond yields,Greece,1996-Q3,14.43000,,
ESTAT:IRT_LT_MCBY_Q(1.0),25/02/26 23:00:00,Quarterly,EMU convergence criterion bond yields,Greece,1996-Q4,13.26000,,
ESTAT:IRT_LT_MCBY_Q(1.0),25/02/26 23:00:00,Quarterly,EMU convergence criterion bond yields,Greece,1997-Q1,10.87000,,
ESTAT:IRT_LT_MCBY_Q(1.0),25/02/26 23:00:00,Quarterly,EMU convergence criterion bond yields,Greece,1997-Q2,9.13000,,
ESTAT:IRT_LT_MCBY_Q(1.0),25/02/26 23:00:00,Quarterly,EMU convergence criterion bond yields,Greece,1997-Q3,9.49000,,
ESTAT:IRT_LT_MCBY_Q(1.0),25/02/26 23:00:00,Quarterly,EMU convergence criterion bond yields,Greece,1997-Q4,10.18000,,
ESTAT:IRT_LT_MCBY_Q(1.0),25/02/26 23:00:00,Quarterly,EMU convergence criterion bond yields,Greece,1998-Q1,10.45000,,
ESTAT:IRT_LT_MCBY_Q(1.0),25/02/26 23:00:00,Quarterly,EMU convergence criterion bond yields,Greece,1998-Q2,7.90000,,
ESTAT:IRT_LT_MCBY_Q(1.0),25/02/26 23:00:00,Quarterly,EMU convergence criterion bond yields,Greece,1998-Q3,7.83000,,
ESTAT:IRT_LT_MCBY_Q(1.0),25/02/26 23:00:00,Quarterly,EMU convergence criterion bond yields,Greece,1998-Q4,7.76000,,
ESTAT:IRT_LT_MCBY_Q(1.0),25/02/26 23:00:00,Quarterly,EMU convergence criterion bond yields,Greece,1999-Q1,6.08000,,
ESTAT:IRT_LT_MCBY_Q(1.0),25/02/26 23:00:00,Quarterly,EMU convergence criterion bond yields,Greece,1999-Q2,5.87000,,
ESTAT:IRT_LT_MCBY_Q(1.0),25/02/26 23:00:00,Quarterly,EMU convergence criterion bond yields,Greece,1999-Q3,6.56000,,
ESTAT:IRT_LT_MCBY_Q(1.0),25/02/26 23:00:00,Quarterly,EMU convergence criterion bond yields,Greece,1999-Q4,6.68000,,
ESTAT:IRT_LT_MCBY_Q(1.0),25/02/26 23:00:00,Quarterly,EMU convergence criterion bond yields,Greece,2000-Q1,6.44000,,
ESTAT:IRT_LT_MCBY_Q(1.0),25/02/26 23:00:00,Quarterly,EMU convergence criterion bond yields,Greece,2000-Q2,6.11000,,
ESTAT:IRT_LT_MCBY_Q(1.0),25/02/26 23:00:00,Quarterly,EMU convergence criterion bond yields,Greece,2000-Q3,6.06000,,
ESTAT:IRT_LT_MCBY_Q(1.0),25/02/26 23:00:00,Quarterly,EMU convergence criterion bond yields,Greece,2000-Q4,5.79000,,
ESTAT:IRT_LT_MCBY_Q(1.0),25/02/26 23:00:00,Quarterly,EMU convergence criterion bond yields,Greece,2001-Q1,5.33000,,
ESTAT:IRT_LT_MCBY_Q(1.0),25/02/26 23:00:00,Quarterly,EMU convergence criterion bond yields,Greece,2001-Q2,5.47000,,
ESTAT:IRT_LT_MCBY_Q(1.0),25/02/26 23:00:00,Quarterly,EMU convergence criterion bond yields,Greece,2001-Q3,5.38000,,
ESTAT:IRT_LT_MCBY_Q(1.0),25/02/26 23:00:00,Quarterly,EMU convergence criterion bond yields,Greece,2001-Q4,5.03000,,
ESTAT:IRT_LT_MCBY_Q(1.0),25/02/26 23:00:00,Quarterly,EMU convergence criterion bond yields,Greece,2002-Q1,5.35000,,
ESTAT:IRT_LT_MCBY_Q(1.0),25/02/26 23:00:00,Quarterly,EMU convergence criterion bond yields,Greece,2002-Q2,5.47000,,
ESTAT:IRT_LT_MCBY_Q(1.0),25/02/26 23:00:00,Quarterly,EMU convergence criterion bond yields,Greece,2002-Q3,4.96000,,
ESTAT:IRT_LT_MCBY_Q(1.0),25/02/26 23:00:00,Quarterly,EMU convergence criterion bond yields,Greece,2002-Q4,4.71000,,
ESTAT:IRT_LT_MCBY_Q(1.0),25/02/26 23:00:00,Quarterly,EMU convergence criterion bond yields,Greece,2003-Q1,4.31000,,
ESTAT:IRT_LT_MCBY_Q(1.0),25/02/26 23:00:00,Quarterly,EMU convergence criterion bond yields,Greece,2003-Q2,4.07000,,
ESTAT:IRT_LT_MCBY_Q(1.0),25/02/26 23:00:00,Quarterly,EMU convergence criterion bond yields,Greece,2003-Q3,4.24000,,
ESTAT:IRT_LT_MCBY_Q(1.0),25/02/26 23:00:00,Quarterly,EMU convergence criterion bond yields,Greece,2003-Q4,4.45000,,
ESTAT:IRT_LT_MCBY_Q(1.0),25/02/26 23:00:00,Quarterly,EMU convergence criterion bond yields,Greece,2004-Q1,4.30000,,
ESTAT:IRT_LT_MCBY_Q(1.0),25/02/26 23:00:00,Quarterly,EMU convergence criterion bond yields,Greece,2004-Q2,4.46000,,
ESTAT:IRT_LT_MCBY_Q(1.0),25/02/26 23:00:00,Quarterly,EMU convergence criterion bond yields,Greece,2004-Q3,4.31000,,
ESTAT:IRT_LT_MCBY_Q(1.0),25/02/26 23:00:00,Quarterly,EMU convergence criterion bond yields,Greece,2004-Q4,3.95000,,
ESTAT:IRT_LT_MCBY_Q(1.0),25/02/26 23:00:00,Quarterly,EMU convergence criterion bond yields,Greece,2005-Q1,3.77000,,
ESTAT:IRT_LT_MCBY_Q(1.0),25/02/26 23:00:00,Quarterly,EMU convergence criterion bond yields,Greece,2005-Q2,3.60000,,
ESTAT:IRT_LT_MCBY_Q(1.0),25/02/26 23:00:00,Quarterly,EMU convergence criterion bond yields,Greece,2005-Q3,3.41000,,
ESTAT:IRT_LT_MCBY_Q(1.0),25/02/26 23:00:00,Quarterly,EMU convergence criterion bond yields,Greece,2005-Q4,3.56000,,
ESTAT:IRT_LT_MCBY_Q(1.0),25/02/26 23:00:00,Quarterly,EMU convergence criterion bond yields,Greece,2006-Q1,3.77000,,
ESTAT:IRT_LT_MCBY_Q(1.0),25/02/26 23:00:00,Quarterly,EMU convergence criterion bond yields,Greece,2006-Q2,4.28000,,
ESTAT:IRT_LT_MCBY_Q(1.0),25/02/26 23:00:00,Quarterly,EMU convergence criterion bond yields,Greece,2006-Q3,4.19000,,
ESTAT:IRT_LT_MCBY_Q(1.0),25/02/26 23:00:00,Quarterly,EMU convergence criterion bond yields,Greece,2006-Q4,4.03000,,
ESTAT:IRT_LT_MCBY_Q(1.0),25/02/26 23:00:00,Quarterly,EMU convergence criterion bond yields,Greece,2007-Q1,4.26000,,
ESTAT:IRT_LT_MCBY_Q(1.0),25/02/26 23:00:00,Quarterly,EMU convergence criterion bond yields,Greece,2007-Q2,4.57000,,
ESTAT:IRT_LT_MCBY_Q(1.0),25/02/26 23:00:00,Quarterly,EMU convergence criterion bond yields,Greece,2007-Q3,4.66000,,
ESTAT:IRT_LT_MCBY_Q(1.0),25/02/26 23:00:00,Quarterly,EMU convergence criterion bond yields,Greece,2007-Q4,4.51000,,
ESTAT:IRT_LT_MCBY_Q(1.0),25/02/26 23:00:00,Quarterly,EMU convergence criterion bond yields,Greece,2008-Q1,4.39000,,
ESTAT:IRT_LT_MCBY_Q(1.0),25/02/26 23:00:00,Quarterly,EMU convergence criterion bond yields,Greece,2008-Q2,4.82000,,
ESTAT:IRT_LT_MCBY_Q(1.0),25/02/26 23:00:00,Quarterly,EMU convergence criterion bond yields,Greece,2008-Q3,4.97000,,
ESTAT:IRT_LT_MCBY_Q(1.0),25/02/26 23:00:00,Quarterly,EMU convergence criterion bond yields,Greece,2008-Q4,5.03000,,
ESTAT:IRT_LT_MCBY_Q(1.0),25/02/26 23:00:00,Quarterly,EMU convergence criterion bond yields,Greece,2009-Q1,5.72000,,
ESTAT:IRT_LT_MCBY_Q(1.0),25/02/26 23:00:00,Quarterly,EMU convergence criterion bond yields,Greece,2009-Q2,5.35000,,
ESTAT:IRT_LT_MCBY_Q(1.0),25/02/26 23:00:00,Quarterly,EMU convergence criterion bond yields,Greece,2009-Q3,4.66000,,
ESTAT:IRT_LT_MCBY_Q(1.0),25/02/26 23:00:00,Quarterly,EMU convergence criterion bond yields,Greece,2009-Q4,4.97000,,
ESTAT:IRT_LT_MCBY_Q(1.0),25/02/26 23:00:00,Quarterly,EMU convergence criterion bond yields,Greece,2010-Q1,6.24000,,
ESTAT:IRT_LT_MCBY_Q(1.0),25/02/26 23:00:00,Quarterly,EMU convergence criterion bond yields,Greece,2010-Q2,8.30000,,
ESTAT:IRT_LT_MCBY_Q(1.0),25/02/26 23:00:00,Quarterly,EMU convergence criterion bond yields,Greece,2010-Q3,10.79000,,
ESTAT:IRT_LT_MCBY_Q(1.0),25/02/26 23:00:00,Quarterly,EMU convergence criterion bond yields,Greece,2010-Q4,11.03000,,
ESTAT:IRT_LT_MCBY_Q(1.0),25/02/26 23:00:00,Quarterly,EMU convergence criterion bond yields,Greece,2011-Q1,11.86000,,
ESTAT:IRT_LT_MCBY_Q(1.0),25/02/26 23:00:00,Quarterly,EMU convergence criterion bond yields,Greece,2011-Q2,15.50000,,
ESTAT:IRT_LT_MCBY_Q(1.0),25/02/26 23:00:00,Quarterly,EMU convergence criterion bond yields,Greece,2011-Q3,16.61000,,
ESTAT:IRT_LT_MCBY_Q(1.0),25/02/26 23:00:00,Quarterly,EMU convergence criterion bond yields,Greece,2011-Q4,19.03000,,
ESTAT:IRT_LT_MCBY_Q(1.0),25/02/26 23:00:00,Quarterly,EMU convergence criterion bond yields,Greece,2012-Q1,24.74000,,
ESTAT:IRT_LT_MCBY_Q(1.0),25/02/26 23:00:00,Quarterly,EMU convergence criterion bond yields,Greece,2012-Q2,25.40000,,
ESTAT:IRT_LT_MCBY_Q(1.0),25/02/26 23:00:00,Quarterly,EMU convergence criterion bond yields,Greece,2012-Q3,23.69000,,
ESTAT:IRT_LT_MCBY_Q(1.0),25/02/26 23:00:00,Quarterly,EMU convergence criterion bond yields,Greece,2012-Q4,16.16000,,
ESTAT:IRT_LT_MCBY_Q(1.0),25/02/26 23:00:00,Quarterly,EMU convergence criterion bond yields,Greece,2013-Q1,11.14000,,
ESTAT:IRT_LT_MCBY_Q(1.0),25/02/26 23:00:00,Quarterly,EMU convergence criterion bond yields,Greece,2013-Q2,10.24000,,
ESTAT:IRT_LT_MCBY_Q(1.0),25/02/26 23:00:00,Quarterly,EMU convergence criterion bond yields,Greece,2013-Q3,10.23000,,
ESTAT:IRT_LT_MCBY_Q(1.0),25/02/26 23:00:00,Quarterly,EMU convergence criterion bond yields,Greece,2013-Q4,8.60000,,
ESTAT:IRT_LT_MCBY_Q(1.0),25/02/26 23:00:00,Quarterly,EMU convergence criterion bond yields,Greece,2014-Q1,7.59000,,
ESTAT:IRT_LT_MCBY_Q(1.0),25/02/26 23:00:00,Quarterly,EMU convergence criterion bond yields,Greece,2014-Q2,6.17000,,
ESTAT:IRT_LT_MCBY_Q(1.0),25/02/26 23:00:00,Quarterly,EMU convergence criterion bond yields,Greece,2014-Q3,6.03000,,
ESTAT:IRT_LT_MCBY_Q(1.0),25/02/26 23:00:00,Quarterly,EMU convergence criterion bond yields,Greece,2014-Q4,7.93000,,
ESTAT:IRT_LT_MCBY_Q(1.0),25/02/26 23:00:00,Quarterly,EMU convergence criterion bond yields,Greece,2015-Q1,9.91000,,
ESTAT:IRT_LT_MCBY_Q(1.0),25/02/26 23:00:00,Quarterly,EMU convergence criterion bond yields,Greece,2015-Q2,11.46000,,
ESTAT:IRT_LT_MCBY_Q(1.0),25/02/26 23:00:00,Quarterly,EMU convergence criterion bond yields,Greece,2015-Q3,9.40000,,
ESTAT:IRT_LT_MCBY_Q(1.0),25/02/26 23:00:00,Quarterly,EMU convergence criterion bond yields,Greece,2015-Q4,7.81000,,
ESTAT:IRT_LT_MCBY_Q(1.0),25/02/26 23:00:00,Quarterly,EMU convergence criterion bond yields,Greece,2016-Q1,9.54000,,
ESTAT:IRT_LT_MCBY_Q(1.0),25/02/26 23:00:00,Quarterly,EMU convergence criterion bond yields,Greece,2016-Q2,8.20000,,
ESTAT:IRT_LT_MCBY_Q(1.0),25/02/26 23:00:00,Quarterly,EMU convergence criterion bond yields,Greece,2016-Q3,8.17000,,
ESTAT:IRT_LT_MCBY_Q(1.0),25/02/26 23:00:00,Quarterly,EMU convergence criterion bond yields,Greece,2016-Q4,7.53000,,
ESTAT:IRT_LT_MCBY_Q(1.0),25/02/26 23:00:00,Quarterly,EMU convergence criterion bond yields,Greece,2017-Q1,7.24000,,
ESTAT:IRT_LT_MCBY_Q(1.0),25/02/26 23:00:00,Quarterly,EMU convergence criterion bond yields,Greece,2017-Q2,6.11000,,
ESTAT:IRT_LT_MCBY_Q(1.0),25/02/26 23:00:00,Quarterly,EMU convergence criterion bond yields,Greece,2017-Q3,5.48000,,
ESTAT:IRT_LT_MCBY_Q(1.0),25/02/26 23:00:00,Quarterly,EMU convergence criterion bond yields,Greece,2017-Q4,5.08000,,
ESTAT:IRT_LT_MCBY_Q(1.0),25/02/26 23:00:00,Quarterly,EMU convergence criterion bond yields,Greece,2018-Q1,4.07000,,
ESTAT:IRT_LT_MCBY_Q(1.0),25/02/26 23:00:00,Quarterly,EMU convergence criterion bond yields,Greece,2018-Q2,4.24000,,
ESTAT:IRT_LT_MCBY_Q(1.0),25/02/26 23:00:00,Quarterly,EMU convergence criterion bond yields,Greece,2018-Q3,4.08000,,
ESTAT:IRT_LT_MCBY_Q(1.0),25/02/26 23:00:00,Quarterly,EMU convergence criterion bond yields,Greece,2018-Q4,4.36000,,
ESTAT:IRT_LT_MCBY_Q(1.0),25/02/26 23:00:00,Quarterly,EMU convergence criterion bond yields,Greece,2019-Q1,3.94000,,
ESTAT:IRT_LT_MCBY_Q(1.0),25/02/26 23:00:00,Quarterly,EMU convergence criterion bond yields,Greece,2019-Q2,3.15000,,
ESTAT:IRT_LT_MCBY_Q(1.0),25/02/26 23:00:00,Quarterly,EMU convergence criterion bond yields,Greece,2019-Q3,1.88000,,
ESTAT:IRT_LT_MCBY_Q(1.0),25/02/26 23:00:00,Quarterly,EMU convergence criterion bond yields,Greece,2019-Q4,1.37000,,
ESTAT:IRT_LT_MCBY_Q(1.0),25/02/26 23:00:00,Quarterly,EMU convergence criterion bond yields,Greece,2020-Q1,1.46000,,
ESTAT:IRT_LT_MCBY_Q(1.0),25/02/26 23:00:00,Quarterly,EMU convergence criterion bond yields,Greece,2020-Q2,1.77000,,
ESTAT:IRT_LT_MCBY_Q(1.0),25/02/26 23:00:00,Quarterly,EMU convergence criterion bond yields,Greece,2020-Q3,1.10000,,
ESTAT:IRT_LT_MCBY_Q(1.0),25/02/26 23:00:00,Quarterly,EMU convergence criterion bond yields,Greece,2020-Q4,0.76000,,
ESTAT:IRT_LT_MCBY_Q(1.0),25/02/26 23:00:00,Quarterly,EMU convergence criterion bond yields,Greece,2021-Q1,0.79000,,
ESTAT:IRT_LT_MCBY_Q(1.0),25/02/26 23:00:00,Quarterly,EMU convergence criterion bond yields,Greece,2021-Q2,0.89000,,
ESTAT:IRT_LT_MCBY_Q(1.0),25/02/26 23:00:00,Quarterly,EMU convergence criterion bond yields,Greece,2021-Q3,0.70000,,
ESTAT:IRT_LT_MCBY_Q(1.0),25/02/26 23:00:00,Quarterly,EMU convergence criterion bond yields,Greece,2021-Q4,1.16000,,
ESTAT:IRT_LT_MCBY_Q(1.0),25/02/26 23:00:00,Quarterly,EMU convergence criterion bond yields,Greece,2022-Q1,2.23000,,
ESTAT:IRT_LT_MCBY_Q(1.0),25/02/26 23:00:00,Quarterly,EMU convergence criterion bond yields,Greece,2022-Q2,3.45000,,
ESTAT:IRT_LT_MCBY_Q(1.0),25/02/26 23:00:00,Quarterly,EMU convergence criterion bond yields,Greece,2022-Q3,3.76000,,
ESTAT:IRT_LT_MCBY_Q(1.0),25/02/26 23:00:00,Quarterly,EMU convergence criterion bond yields,Greece,2022-Q4,4.50000,,
ESTAT:IRT_LT_MCBY_Q(1.0),25/02/26 23:00:00,Quarterly,EMU convergence criterion bond yields,Greece,2023-Q1,4.28000,,
ESTAT:IRT_LT_MCBY_Q(1.0),25/02/26 23:00:00,Quarterly,EMU convergence criterion bond yields,Greece,2023-Q2,3.97000,,
ESTAT:IRT_LT_MCBY_Q(1.0),25/02/26 23:00:00,Quarterly,EMU convergence criterion bond yields,Greece,2023-Q3,3.94000,,
ESTAT:IRT_LT_MCBY_Q(1.0),25/02/26 23:00:00,Quarterly,EMU convergence criterion bond yields,Greece,2023-Q4,3.82000,,
ESTAT:IRT_LT_MCBY_Q(1.0),25/02/26 23:00:00,Quarterly,EMU convergence criterion bond yields,Greece,2024-Q1,3.37000,,
ESTAT:IRT_LT_MCBY_Q(1.0),25/02/26 23:00:00,Quarterly,EMU convergence criterion bond yields,Greece,2024-Q2,3.56000,,
ESTAT:IRT_LT_MCBY_Q(1.0),25/02/26 23:00:00,Quarterly,EMU convergence criterion bond yields,Greece,2024-Q3,3.33000,,
ESTAT:IRT_LT_MCBY_Q(1.0),25/02/26 23:00:00,Quarterly,EMU convergence criterion bond yields,Greece,2024-Q4,3.13000,,
ESTAT:IRT_LT_MCBY_Q(1.0),25/02/26 23:00:00,Quarterly,EMU convergence criterion bond yields,Greece,2025-Q1,3.41744,,
ESTAT:IRT_LT_MCBY_Q(1.0),25/02/26 23:00:00,Quarterly,EMU convergence criterion bond yields,Greece,2025-Q2,3.36670,,
ESTAT:IRT_LT_MCBY_Q(1.0),25/02/26 23:00:00,Quarterly,EMU convergence criterion bond yields,Greece,2025-Q3,3.37000,,
ESTAT:IRT_LT_MCBY_Q(1.0),25/02/26 23:00:00,Quarterly,EMU convergence criterion bond yields,Greece,2025-Q4,3.30000,,
ESTAT:IRT_LT_MCBY_Q(1.0),25/02/26 23:00:00,Quarterly,EMU convergence criterion bond yields,Spain,1980-Q1,15.54000,,
ESTAT:IRT_LT_MCBY_Q(1.0),25/02/26 23:00:00,Quarterly,EMU convergence criterion bond yields,Spain,1980-Q2,15.64667,,
ESTAT:IRT_LT_MCBY_Q(1.0),25/02/26 23:00:00,Quarterly,EMU convergence criterion bond yields,Spain,1980-Q3,16.10667,,
ESTAT:IRT_LT_MCBY_Q(1.0),25/02/26 23:00:00,Quarterly,EMU convergence criterion bond yields,Spain,1980-Q4,16.55000,,
ESTAT:IRT_LT_MCBY_Q(1.0),25/02/26 23:00:00,Quarterly,EMU convergence criterion bond yields,Spain,1981-Q1,16.21667,,
ESTAT:IRT_LT_MCBY_Q(1.0),25/02/26 23:00:00,Quarterly,EMU convergence criterion bond yields,Spain,1981-Q2,15.78667,,
ESTAT:IRT_LT_MCBY_Q(1.0),25/02/26 23:00:00,Quarterly,EMU convergence criterion bond yields,Spain,1981-Q3,15.27000,,
ESTAT:IRT_LT_MCBY_Q(1.0),25/02/26 23:00:00,Quarterly,EMU convergence criterion bond yields,Spain,1981-Q4,15.97333,,
ESTAT:IRT_LT_MCBY_Q(1.0),25/02/26 23:00:00,Quarterly,EMU convergence criterion bond yields,Spain,1982-Q1,15.80000,,
ESTAT:IRT_LT_MCBY_Q(1.0),25/02/26 23:00:00,Quarterly,EMU convergence criterion bond yields,Spain,1982-Q2,16.00000,,
ESTAT:IRT_LT_MCBY_Q(1.0),25/02/26 23:00:00,Quarterly,EMU convergence criterion bond yields,Spain,1982-Q3,16.06333,,
ESTAT:IRT_LT_MCBY_Q(1.0),25/02/26 23:00:00,Quarterly,EMU convergence criterion bond yields,Spain,1982-Q4,16.08667,,
ESTAT:IRT_LT_MCBY_Q(1.0),25/02/26 23:00:00,Quarterly,EMU convergence criterion bond yields,Spain,1983-Q1,15.67667,,
ESTAT:IRT_LT_MCBY_Q(1.0),25/02/26 23:00:00,Quarterly,EMU convergence criterion bond yields,Spain,1983-Q2,16.70667,,
ESTAT:IRT_LT_MCBY_Q(1.0),25/02/26 23:00:00,Quarterly,EMU convergence criterion bond yields,Spain,1983-Q3,17.44000,,
ESTAT:IRT_LT_MCBY_Q(1.0),25/02/26 23:00:00,Quarterly,EMU convergence criterion bond yields,Spain,1983-Q4,17.81333,,
ESTAT:IRT_LT_MCBY_Q(1.0),25/02/26 23:00:00,Quarterly,EMU convergence criterion bond yields,Spain,1984-Q1,17.11333,,
ESTAT:IRT_LT_MCBY_Q(1.0),25/02/26 23:00:00,Quarterly,EMU convergence criterion bond yields,Spain,1984-Q2,17.41000,,
ESTAT:IRT_LT_MCBY_Q(1.0),25/02/26 23:00:00,Quarterly,EMU convergence criterion bond yields,Spain,1984-Q3,16.75000,,
ESTAT:IRT_LT_MCBY_Q(1.0),25/02/26 23:00:00,Quarterly,EMU convergence criterion bond yields,Spain,1984-Q4,14.81667,,
ESTAT:IRT_LT_MCBY_Q(1.0),25/02/26 23:00:00,Quarterly,EMU convergence criterion bond yields,Spain,1985-Q1,13.29333,,
ESTAT:IRT_LT_MCBY_Q(1.0),25/02/26 23:00:00,Quarterly,EMU convergence criterion bond yields,Spain,1985-Q2,13.58667,,
ESTAT:IRT_LT_MCBY_Q(1.0),25/02/26 23:00:00,Quarterly,EMU convergence criterion bond yields,Spain,1985-Q3,14.25000,,
ESTAT:IRT_LT_MCBY_Q(1.0),25/02/26 23:00:00,Quarterly,EMU convergence criterion bond yields,Spain,1985-Q4,12.34000,,
ESTAT:IRT_LT_MCBY_Q(1.0),25/02/26 23:00:00,Quarterly,EMU convergence criterion bond yields,Spain,1986-Q1,12.31333,,
ESTAT:IRT_LT_MCBY_Q(1.0),25/02/26 23:00:00,Quarterly,EMU convergence criterion bond yields,Spain,1986-Q2,11.46000,,
ESTAT:IRT_LT_MCBY_Q(1.0),25/02/26 23:00:00,Quarterly,EMU convergence criterion bond yields,Spain,1986-Q3,11.37667,,
ESTAT:IRT_LT_MCBY_Q(1.0),25/02/26 23:00:00,Quarterly,EMU convergence criterion bond yields,Spain,1986-Q4,10.26667,,
ESTAT:IRT_LT_MCBY_Q(1.0),25/02/26 23:00:00,Quarterly,EMU convergence criterion bond yields,Spain,1987-Q1,10.76000,,
ESTAT:IRT_LT_MCBY_Q(1.0),25/02/26 23:00:00,Quarterly,EMU convergence criterion bond yields,Spain,1987-Q2,12.89000,,
ESTAT:IRT_LT_MCBY_Q(1.0),25/02/26 23:00:00,Quarterly,EMU convergence criterion bond yields,Spain,1987-Q3,13.91667,,
ESTAT:IRT_LT_MCBY_Q(1.0),25/02/26 23:00:00,Quarterly,EMU convergence criterion bond yields,Spain,1987-Q4,13.68667,,
ESTAT:IRT_LT_MCBY_Q(1.0),25/02/26 23:00:00,Quarterly,EMU convergence criterion bond yields,Spain,1988-Q1,12.20333,,
ESTAT:IRT_LT_MCBY_Q(1.0),25/02/26 23:00:00,Quarterly,EMU convergence criterion bond yields,Spain,1988-Q2,11.07667,,
ESTAT:IRT_LT_MCBY_Q(1.0),25/02/26 23:00:00,Quarterly,EMU convergence criterion bond yields,Spain,1988-Q3,11.20667,,
ESTAT:IRT_LT_MCBY_Q(1.0),25/02/26 23:00:00,Quarterly,EMU convergence criterion bond yields,Spain,1988-Q4,12.49000,,
ESTAT:IRT_LT_MCBY_Q(1.0),25/02/26 23:00:00,Quarterly,EMU convergence criterion bond yields,Spain,1989-Q1,13.32667,,
ESTAT:IRT_LT_MCBY_Q(1.0),25/02/26 23:00:00,Quarterly,EMU convergence criterion bond yields,Spain,1989-Q2,13.63667,,
ESTAT:IRT_LT_MCBY_Q(1.0),25/02/26 23:00:00,Quarterly,EMU convergence criterion bond yields,Spain,1989-Q3,13.74667,,
ESTAT:IRT_LT_MCBY_Q(1.0),25/02/26 23:00:00,Quarterly,EMU convergence criterion bond yields,Spain,1989-Q4,14.10000,,
ESTAT:IRT_LT_MCBY_Q(1.0),25/02/26 23:00:00,Quarterly,EMU convergence criterion bond yields,Spain,1990-Q1,14.65667,,
ESTAT:IRT_LT_MCBY_Q(1.0),25/02/26 23:00:00,Quarterly,EMU convergence criterion bond yields,Spain,1990-Q2,14.63667,,
ESTAT:IRT_LT_MCBY_Q(1.0),25/02/26 23:00:00,Quarterly,EMU convergence criterion bond yields,Spain,1990-Q3,14.75333,,
ESTAT:IRT_LT_MCBY_Q(1.0),25/02/26 23:00:00,Quarterly,EMU convergence criterion bond yields,Spain,1990-Q4,14.66333,,
ESTAT:IRT_LT_MCBY_Q(1.0),25/02/26 23:00:00,Quarterly,EMU convergence criterion bond yields,Spain,1991-Q1,13.93333,,
ESTAT:IRT_LT_MCBY_Q(1.0),25/02/26 23:00:00,Quarterly,EMU convergence criterion bond yields,Spain,1991-Q2,12.10333,,
ESTAT:IRT_LT_MCBY_Q(1.0),25/02/26 23:00:00,Quarterly,EMU convergence criterion bond yields,Spain,1991-Q3,11.94000,,
ESTAT:IRT_LT_MCBY_Q(1.0),25/02/26 23:00:00,Quarterly,EMU convergence criterion bond yields,Spain,1991-Q4,11.46667,,
ESTAT:IRT_LT_MCBY_Q(1.0),25/02/26 23:00:00,Quarterly,EMU convergence criterion bond yields,Spain,1992-Q1,10.84000,,
ESTAT:IRT_LT_MCBY_Q(1.0),25/02/26 23:00:00,Quarterly,EMU convergence criterion bond yields,Spain,1992-Q2,11.01000,,
ESTAT:IRT_LT_MCBY_Q(1.0),25/02/26 23:00:00,Quarterly,EMU convergence criterion bond yields,Spain,1992-Q3,12.23667,,
ESTAT:IRT_LT_MCBY_Q(1.0),25/02/26 23:00:00,Quarterly,EMU convergence criterion bond yields,Spain,1992-Q4,12.69000,,
ESTAT:IRT_LT_MCBY_Q(1.0),25/02/26 23:00:00,Quarterly,EMU convergence criterion bond yields,Spain,1993-Q1,11.65000,,
ESTAT:IRT_LT_MCBY_Q(1.0),25/02/26 23:00:00,Quarterly,EMU convergence criterion bond yields,Spain,1993-Q2,11.09000,,
ESTAT:IRT_LT_MCBY_Q(1.0),25/02/26 23:00:00,Quarterly,EMU convergence criterion bond yields,Spain,1993-Q3,9.60000,,
ESTAT:IRT_LT_MCBY_Q(1.0),25/02/26 23:00:00,Quarterly,EMU convergence criterion bond yields,Spain,1993-Q4,8.51000,,
ESTAT:IRT_LT_MCBY_Q(1.0),25/02/26 23:00:00,Quarterly,EMU convergence criterion bond yields,Spain,1994-Q1,8.29000,,
ESTAT:IRT_LT_MCBY_Q(1.0),25/02/26 23:00:00,Quarterly,EMU convergence criterion bond yields,Spain,1994-Q2,9.63000,,
ESTAT:IRT_LT_MCBY_Q(1.0),25/02/26 23:00:00,Quarterly,EMU convergence criterion bond yields,Spain,1994-Q3,10.83000,,
ESTAT:IRT_LT_MCBY_Q(1.0),25/02/26 23:00:00,Quarterly,EMU convergence criterion bond yields,Spain,1994-Q4,11.23000,,
ESTAT:IRT_LT_MCBY_Q(1.0),25/02/26 23:00:00,Quarterly,EMU convergence criterion bond yields,Spain,1995-Q1,11.91000,,
ESTAT:IRT_LT_MCBY_Q(1.0),25/02/26 23:00:00,Quarterly,EMU convergence criterion bond yields,Spain,1995-Q2,11.68000,,
ESTAT:IRT_LT_MCBY_Q(1.0),25/02/26 23:00:00,Quarterly,EMU convergence criterion bond yields,Spain,1995-Q3,11.04000,,
ESTAT:IRT_LT_MCBY_Q(1.0),25/02/26 23:00:00,Quarterly,EMU convergence criterion bond yields,Spain,1995-Q4,10.46000,,
ESTAT:IRT_LT_MCBY_Q(1.0),25/02/26 23:00:00,Quarterly,EMU convergence criterion bond yields,Spain,1996-Q1,9.69000,,
ESTAT:IRT_LT_MCBY_Q(1.0),25/02/26 23:00:00,Quarterly,EMU convergence criterion bond yields,Spain,1996-Q2,9.20000,,
ESTAT:IRT_LT_MCBY_Q(1.0),25/02/26 23:00:00,Quarterly,EMU convergence criterion bond yields,Spain,1996-Q3,8.69000,,
ESTAT:IRT_LT_MCBY_Q(1.0),25/02/26 23:00:00,Quarterly,EMU convergence criterion bond yields,Spain,1996-Q4,7.37000,,
ESTAT:IRT_LT_MCBY_Q(1.0),25/02/26 23:00:00,Quarterly,EMU convergence criterion bond yields,Spain,1997-Q1,6.87000,,
ESTAT:IRT_LT_MCBY_Q(1.0),25/02/26 23:00:00,Quarterly,EMU convergence criterion bond yields,Spain,1997-Q2,6.68000,,
ESTAT:IRT_LT_MCBY_Q(1.0),25/02/26 23:00:00,Quarterly,EMU convergence criterion bond yields,Spain,1997-Q3,6.20000,,
ESTAT:IRT_LT_MCBY_Q(1.0),25/02/26 23:00:00,Quarterly,EMU convergence criterion bond yields,Spain,1997-Q4,5.86000,,
ESTAT:IRT_LT_MCBY_Q(1.0),25/02/26 23:00:00,Quarterly,EMU convergence criterion bond yields,Spain,1998-Q1,5.24000,,
ESTAT:IRT_LT_MCBY_Q(1.0),25/02/26 23:00:00,Quarterly,EMU convergence criterion bond yields,Spain,1998-Q2,5.07000,,
ESTAT:IRT_LT_MCBY_Q(1.0),25/02/26 23:00:00,Quarterly,EMU convergence criterion bond yields,Spain,1998-Q3,4.72000,,
ESTAT:IRT_LT_MCBY_Q(1.0),25/02/26 23:00:00,Quarterly,EMU convergence criterion bond yields,Spain,1998-Q4,4.30000,,
ESTAT:IRT_LT_MCBY_Q(1.0),25/02/26 23:00:00,Quarterly,EMU convergence criterion bond yields,Spain,1999-Q1,4.05000,,
ESTAT:IRT_LT_MCBY_Q(1.0),25/02/26 23:00:00,Quarterly,EMU convergence criterion bond yields,Spain,1999-Q2,4.32000,,
ESTAT:IRT_LT_MCBY_Q(1.0),25/02/26 23:00:00,Quarterly,EMU convergence criterion bond yields,Spain,1999-Q3,5.13000,,
ESTAT:IRT_LT_MCBY_Q(1.0),25/02/26 23:00:00,Quarterly,EMU convergence criterion bond yields,Spain,1999-Q4,5.40000,,
ESTAT:IRT_LT_MCBY_Q(1.0),25/02/26 23:00:00,Quarterly,EMU convergence criterion bond yields,Spain,2000-Q1,5.68000,,
ESTAT:IRT_LT_MCBY_Q(1.0),25/02/26 23:00:00,Quarterly,EMU convergence criterion bond yields,Spain,2000-Q2,5.51000,,
ESTAT:IRT_LT_MCBY_Q(1.0),25/02/26 23:00:00,Quarterly,EMU convergence criterion bond yields,Spain,2000-Q3,5.53000,,
ESTAT:IRT_LT_MCBY_Q(1.0),25/02/26 23:00:00,Quarterly,EMU convergence criterion bond yields,Spain,2000-Q4,5.38000,,
ESTAT:IRT_LT_MCBY_Q(1.0),25/02/26 23:00:00,Quarterly,EMU convergence criterion bond yields,Spain,2001-Q1,5.08000,,
ESTAT:IRT_LT_MCBY_Q(1.0),25/02/26 23:00:00,Quarterly,EMU convergence criterion bond yields,Spain,2001-Q2,5.29000,,
ESTAT:IRT_LT_MCBY_Q(1.0),25/02/26 23:00:00,Quarterly,EMU convergence criterion bond yields,Spain,2001-Q3,5.21000,,
ESTAT:IRT_LT_MCBY_Q(1.0),25/02/26 23:00:00,Quarterly,EMU convergence criterion bond yields,Spain,2001-Q4,4.88000,,
ESTAT:IRT_LT_MCBY_Q(1.0),25/02/26 23:00:00,Quarterly,EMU convergence criterion bond yields,Spain,2002-Q1,5.16000,,
ESTAT:IRT_LT_MCBY_Q(1.0),25/02/26 23:00:00,Quarterly,EMU convergence criterion bond yields,Spain,2002-Q2,5.31000,,
ESTAT:IRT_LT_MCBY_Q(1.0),25/02/26 23:00:00,Quarterly,EMU convergence criterion bond yields,Spain,2002-Q3,4.81000,,
ESTAT:IRT_LT_MCBY_Q(1.0),25/02/26 23:00:00,Quarterly,EMU convergence criterion bond yields,Spain,2002-Q4,4.55000,,
ESTAT:IRT_LT_MCBY_Q(1.0),25/02/26 23:00:00,Quarterly,EMU convergence criterion bond yields,Spain,2003-Q1,4.10000,,
ESTAT:IRT_LT_MCBY_Q(1.0),25/02/26 23:00:00,Quarterly,EMU convergence criterion bond yields,Spain,2003-Q2,3.92000,,
ESTAT:IRT_LT_MCBY_Q(1.0),25/02/26 23:00:00,Quarterly,EMU convergence criterion bond yields,Spain,2003-Q3,4.14000,,
ESTAT:IRT_LT_MCBY_Q(1.0),25/02/26 23:00:00,Quarterly,EMU convergence criterion bond yields,Spain,2003-Q4,4.34000,,
ESTAT:IRT_LT_MCBY_Q(1.0),25/02/26 23:00:00,Quarterly,EMU convergence criterion bond yields,Spain,2004-Q1,4.12000,,
ESTAT:IRT_LT_MCBY_Q(1.0),25/02/26 23:00:00,Quarterly,EMU convergence criterion bond yields,Spain,2004-Q2,4.31000,,
ESTAT:IRT_LT_MCBY_Q(1.0),25/02/26 23:00:00,Quarterly,EMU convergence criterion bond yields,Spain,2004-Q3,4.17000,,
ESTAT:IRT_LT_MCBY_Q(1.0),25/02/26 23:00:00,Quarterly,EMU convergence criterion bond yields,Spain,2004-Q4,3.82000,,
ESTAT:IRT_LT_MCBY_Q(1.0),25/02/26 23:00:00,Quarterly,EMU convergence criterion bond yields,Spain,2005-Q1,3.63000,,
ESTAT:IRT_LT_MCBY_Q(1.0),25/02/26 23:00:00,Quarterly,EMU convergence criterion bond yields,Spain,2005-Q2,3.36000,,
ESTAT:IRT_LT_MCBY_Q(1.0),25/02/26 23:00:00,Quarterly,EMU convergence criterion bond yields,Spain,2005-Q3,3.18000,,
ESTAT:IRT_LT_MCBY_Q(1.0),25/02/26 23:00:00,Quarterly,EMU convergence criterion bond yields,Spain,2005-Q4,3.38000,,
ESTAT:IRT_LT_MCBY_Q(1.0),25/02/26 23:00:00,Quarterly,EMU convergence criterion bond yields,Spain,2006-Q1,3.49000,,
ESTAT:IRT_LT_MCBY_Q(1.0),25/02/26 23:00:00,Quarterly,EMU convergence criterion bond yields,Spain,2006-Q2,3.97000,,
ESTAT:IRT_LT_MCBY_Q(1.0),25/02/26 23:00:00,Quarterly,EMU convergence criterion bond yields,Spain,2006-Q3,3.89000,,
ESTAT:IRT_LT_MCBY_Q(1.0),25/02/26 23:00:00,Quarterly,EMU convergence criterion bond yields,Spain,2006-Q4,3.79000,,
ESTAT:IRT_LT_MCBY_Q(1.0),25/02/26 23:00:00,Quarterly,EMU convergence criterion bond yields,Spain,2007-Q1,4.06000,,
ESTAT:IRT_LT_MCBY_Q(1.0),25/02/26 23:00:00,Quarterly,EMU convergence criterion bond yields,Spain,2007-Q2,4.39000,,
ESTAT:IRT_LT_MCBY_Q(1.0),25/02/26 23:00:00,Quarterly,EMU convergence criterion bond yields,Spain,2007-Q3,4.45000,,
ESTAT:IRT_LT_MCBY_Q(1.0),25/02/26 23:00:00,Quarterly,EMU convergence criterion bond yields,Spain,2007-Q4,4.32000,,
ESTAT:IRT_LT_MCBY_Q(1.0),25/02/26 23:00:00,Quarterly,EMU convergence criterion bond yields,Spain,2008-Q1,4.15000,,
ESTAT:IRT_LT_MCBY_Q(1.0),25/02/26 23:00:00,Quarterly,EMU convergence criterion bond yields,Spain,2008-Q2,4.51000,,
ESTAT:IRT_LT_MCBY_Q(1.0),25/02/26 23:00:00,Quarterly,EMU convergence criterion bond yields,Spain,2008-Q3,4.64000,,
ESTAT:IRT_LT_MCBY_Q(1.0),25/02/26 23:00:00,Quarterly,EMU convergence criterion bond yields,Spain,2008-Q4,4.16000,,
ESTAT:IRT_LT_MCBY_Q(1.0),25/02/26 23:00:00,Quarterly,EMU convergence criterion bond yields,Spain,2009-Q1,4.15000,,
ESTAT:IRT_LT_MCBY_Q(1.0),25/02/26 23:00:00,Quarterly,EMU convergence criterion bond yields,Spain,2009-Q2,4.10000,,
ESTAT:IRT_LT_MCBY_Q(1.0),25/02/26 23:00:00,Quarterly,EMU convergence criterion bond yields,Spain,2009-Q3,3.87000,,
ESTAT:IRT_LT_MCBY_Q(1.0),25/02/26 23:00:00,Quarterly,EMU convergence criterion bond yields,Spain,2009-Q4,3.79000,,
ESTAT:IRT_LT_MCBY_Q(1.0),25/02/26 23:00:00,Quarterly,EMU convergence criterion bond yields,Spain,2010-Q1,3.93000,,
ESTAT:IRT_LT_MCBY_Q(1.0),25/02/26 23:00:00,Quarterly,EMU convergence criterion bond yields,Spain,2010-Q2,4.18000,,
ESTAT:IRT_LT_MCBY_Q(1.0),25/02/26 23:00:00,Quarterly,EMU convergence criterion bond yields,Spain,2010-Q3,4.19000,,
ESTAT:IRT_LT_MCBY_Q(1.0),25/02/26 23:00:00,Quarterly,EMU convergence criterion bond yields,Spain,2010-Q4,4.70000,,
ESTAT:IRT_LT_MCBY_Q(1.0),25/02/26 23:00:00,Quarterly,EMU convergence criterion bond yields,Spain,2011-Q1,5.30000,,
ESTAT:IRT_LT_MCBY_Q(1.0),25/02/26 23:00:00,Quarterly,EMU convergence criterion bond yields,Spain,2011-Q2,5.38000,,
ESTAT:IRT_LT_MCBY_Q(1.0),25/02/26 23:00:00,Quarterly,EMU convergence criterion bond yields,Spain,2011-Q3,5.43000,,
ESTAT:IRT_LT_MCBY_Q(1.0),25/02/26 23:00:00,Quarterly,EMU convergence criterion bond yields,Spain,2011-Q4,5.66000,,
ESTAT:IRT_LT_MCBY_Q(1.0),25/02/26 23:00:00,Quarterly,EMU convergence criterion bond yields,Spain,2012-Q1,5.23000,,
ESTAT:IRT_LT_MCBY_Q(1.0),25/02/26 23:00:00,Quarterly,EMU convergence criterion bond yields,Spain,2012-Q2,6.17000,,
ESTAT:IRT_LT_MCBY_Q(1.0),25/02/26 23:00:00,Quarterly,EMU convergence criterion bond yields,Spain,2012-Q3,6.43000,,
ESTAT:IRT_LT_MCBY_Q(1.0),25/02/26 23:00:00,Quarterly,EMU convergence criterion bond yields,Spain,2012-Q4,5.56000,,
ESTAT:IRT_LT_MCBY_Q(1.0),25/02/26 23:00:00,Quarterly,EMU convergence criterion bond yields,Spain,2013-Q1,5.06000,,
ESTAT:IRT_LT_MCBY_Q(1.0),25/02/26 23:00:00,Quarterly,EMU convergence criterion bond yields,Spain,2013-Q2,4.50000,,
ESTAT:IRT_LT_MCBY_Q(1.0),25/02/26 23:00:00,Quarterly,EMU convergence criterion bond yields,Spain,2013-Q3,4.53000,,
ESTAT:IRT_LT_MCBY_Q(1.0),25/02/26 23:00:00,Quarterly,EMU convergence criterion bond yields,Spain,2013-Q4,4.15000,,
ESTAT:IRT_LT_MCBY_Q(1.0),25/02/26 23:00:00,Quarterly,EMU convergence criterion bond yields,Spain,2014-Q1,3.55000,,
ESTAT:IRT_LT_MCBY_Q(1.0),25/02/26 23:00:00,Quarterly,EMU convergence criterion bond yields,Spain,2014-Q2,2.92000,,
ESTAT:IRT_LT_MCBY_Q(1.0),25/02/26 23:00:00,Quarterly,EMU convergence criterion bond yields,Spain,2014-Q3,2.43000,,
ESTAT:IRT_LT_MCBY_Q(1.0),25/02/26 23:00:00,Quarterly,EMU convergence criterion bond yields,Spain,2014-Q4,1.99000,,
ESTAT:IRT_LT_MCBY_Q(1.0),25/02/26 23:00:00,Quarterly,EMU convergence criterion bond yields,Spain,2015-Q1,1.43000,,
ESTAT:IRT_LT_MCBY_Q(1.0),25/02/26 23:00:00,Quarterly,EMU convergence criterion bond yields,Spain,2015-Q2,1.77000,,
ESTAT:IRT_LT_MCBY_Q(1.0),25/02/26 23:00:00,Quarterly,EMU convergence criterion bond yields,Spain,2015-Q3,2.03000,,
ESTAT:IRT_LT_MCBY_Q(1.0),25/02/26 23:00:00,Quarterly,EMU convergence criterion bond yields,Spain,2015-Q4,1.71000,,
ESTAT:IRT_LT_MCBY_Q(1.0),25/02/26 23:00:00,Quarterly,EMU convergence criterion bond yields,Spain,2016-Q1,1.66000,,
ESTAT:IRT_LT_MCBY_Q(1.0),25/02/26 23:00:00,Quarterly,EMU convergence criterion bond yields,Spain,2016-Q2,1.53000,,
ESTAT:IRT_LT_MCBY_Q(1.0),25/02/26 23:00:00,Quarterly,EMU convergence criterion bond yields,Spain,2016-Q3,1.07000,,
ESTAT:IRT_LT_MCBY_Q(1.0),25/02/26 23:00:00,Quarterly,EMU convergence criterion bond yields,Spain,2016-Q4,1.31000,,
ESTAT:IRT_LT_MCBY_Q(1.0),25/02/26 23:00:00,Quarterly,EMU convergence criterion bond yields,Spain,2017-Q1,1.63000,,
ESTAT:IRT_LT_MCBY_Q(1.0),25/02/26 23:00:00,Quarterly,EMU convergence criterion bond yields,Spain,2017-Q2,1.55000,,
ESTAT:IRT_LT_MCBY_Q(1.0),25/02/26 23:00:00,Quarterly,EMU convergence criterion bond yields,Spain,2017-Q3,1.54000,,
ESTAT:IRT_LT_MCBY_Q(1.0),25/02/26 23:00:00,Quarterly,EMU convergence criterion bond yields,Spain,2017-Q4,1.51000,,
ESTAT:IRT_LT_MCBY_Q(1.0),25/02/26 23:00:00,Quarterly,EMU convergence criterion bond yields,Spain,2018-Q1,1.44000,,
ESTAT:IRT_LT_MCBY_Q(1.0),25/02/26 23:00:00,Quarterly,EMU convergence criterion bond yields,Spain,2018-Q2,1.32000,,
ESTAT:IRT_LT_MCBY_Q(1.0),25/02/26 23:00:00,Quarterly,EMU convergence criterion bond yields,Spain,2018-Q3,1.39000,,
ESTAT:IRT_LT_MCBY_Q(1.0),25/02/26 23:00:00,Quarterly,EMU convergence criterion bond yields,Spain,2018-Q4,1.54000,,
ESTAT:IRT_LT_MCBY_Q(1.0),25/02/26 23:00:00,Quarterly,EMU convergence criterion bond yields,Spain,2019-Q1,1.27000,,
ESTAT:IRT_LT_MCBY_Q(1.0),25/02/26 23:00:00,Quarterly,EMU convergence criterion bond yields,Spain,2019-Q2,0.81000,,
ESTAT:IRT_LT_MCBY_Q(1.0),25/02/26 23:00:00,Quarterly,EMU convergence criterion bond yields,Spain,2019-Q3,0.23000,,
ESTAT:IRT_LT_MCBY_Q(1.0),25/02/26 23:00:00,Quarterly,EMU convergence criterion bond yields,Spain,2019-Q4,0.34000,,
ESTAT:IRT_LT_MCBY_Q(1.0),25/02/26 23:00:00,Quarterly,EMU convergence criterion bond yields,Spain,2020-Q1,0.40000,,
ESTAT:IRT_LT_MCBY_Q(1.0),25/02/26 23:00:00,Quarterly,EMU convergence criterion bond yields,Spain,2020-Q2,0.69000,,
ESTAT:IRT_LT_MCBY_Q(1.0),25/02/26 23:00:00,Quarterly,EMU convergence criterion bond yields,Spain,2020-Q3,0.31000,,
ESTAT:IRT_LT_MCBY_Q(1.0),25/02/26 23:00:00,Quarterly,EMU convergence criterion bond yields,Spain,2020-Q4,0.10000,,
ESTAT:IRT_LT_MCBY_Q(1.0),25/02/26 23:00:00,Quarterly,EMU convergence criterion bond yields,Spain,2021-Q1,0.20000,,
ESTAT:IRT_LT_MCBY_Q(1.0),25/02/26 23:00:00,Quarterly,EMU convergence criterion bond yields,Spain,2021-Q2,0.45000,,
ESTAT:IRT_LT_MCBY_Q(1.0),25/02/26 23:00:00,Quarterly,EMU convergence criterion bond yields,Spain,2021-Q3,0.29000,,
ESTAT:IRT_LT_MCBY_Q(1.0),25/02/26 23:00:00,Quarterly,EMU convergence criterion bond yields,Spain,2021-Q4,0.45000,,
ESTAT:IRT_LT_MCBY_Q(1.0),25/02/26 23:00:00,Quarterly,EMU convergence criterion bond yields,Spain,2022-Q1,1.00000,,
ESTAT:IRT_LT_MCBY_Q(1.0),25/02/26 23:00:00,Quarterly,EMU convergence criterion bond yields,Spain,2022-Q2,2.12000,,
ESTAT:IRT_LT_MCBY_Q(1.0),25/02/26 23:00:00,Quarterly,EMU convergence criterion bond yields,Spain,2022-Q3,2.46000,,
ESTAT:IRT_LT_MCBY_Q(1.0),25/02/26 23:00:00,Quarterly,EMU convergence criterion bond yields,Spain,2022-Q4,3.15000,,
ESTAT:IRT_LT_MCBY_Q(1.0),25/02/26 23:00:00,Quarterly,EMU convergence criterion bond yields,Spain,2023-Q1,3.34000,,
ESTAT:IRT_LT_MCBY_Q(1.0),25/02/26 23:00:00,Quarterly,EMU convergence criterion bond yields,Spain,2023-Q2,3.40000,,
ESTAT:IRT_LT_MCBY_Q(1.0),25/02/26 23:00:00,Quarterly,EMU convergence criterion bond yields,Spain,2023-Q3,3.59000,,
ESTAT:IRT_LT_MCBY_Q(1.0),25/02/26 23:00:00,Quarterly,EMU convergence criterion bond yields,Spain,2023-Q4,3.57000,,
ESTAT:IRT_LT_MCBY_Q(1.0),25/02/26 23:00:00,Quarterly,EMU convergence criterion bond yields,Spain,2024-Q1,3.21000,,
ESTAT:IRT_LT_MCBY_Q(1.0),25/02/26 23:00:00,Quarterly,EMU convergence criterion bond yields,Spain,2024-Q2,3.31000,,
ESTAT:IRT_LT_MCBY_Q(1.0),25/02/26 23:00:00,Quarterly,EMU convergence criterion bond yields,Spain,2024-Q3,3.11000,,
ESTAT:IRT_LT_MCBY_Q(1.0),25/02/26 23:00:00,Quarterly,EMU convergence criterion bond yields,Spain,2024-Q4,2.97000,,
ESTAT:IRT_LT_MCBY_Q(1.0),25/02/26 23:00:00,Quarterly,EMU convergence criterion bond yields,Spain,2025-Q1,3.22538,,
ESTAT:IRT_LT_MCBY_Q(1.0),25/02/26 23:00:00,Quarterly,EMU convergence criterion bond yields,Spain,2025-Q2,3.19905,,
ESTAT:IRT_LT_MCBY_Q(1.0),25/02/26 23:00:00,Quarterly,EMU convergence criterion bond yields,Spain,2025-Q3,3.25000,,
ESTAT:IRT_LT_MCBY_Q(1.0),25/02/26 23:00:00,Quarterly,EMU convergence criterion bond yields,Spain,2025-Q4,3.15979,,
ESTAT:IRT_LT_MCBY_Q(1.0),25/02/26 23:00:00,Quarterly,EMU convergence criterion bond yields,European Union - 27 countries (from 2020),2001-Q1,5.30000,,
ESTAT:IRT_LT_MCBY_Q(1.0),25/02/26 23:00:00,Quarterly,EMU convergence criterion bond yields,European Union - 27 countries (from 2020),2001-Q2,5.53000,,
ESTAT:IRT_LT_MCBY_Q(1.0),25/02/26 23:00:00,Quarterly,EMU convergence criterion bond yields,European Union - 27 countries (from 2020),2001-Q3,5.47000,,
ESTAT:IRT_LT_MCBY_Q(1.0),25/02/26 23:00:00,Quarterly,EMU convergence criterion bond yields,European Union - 27 countries (from 2020),2001-Q4,5.07000,,
ESTAT:IRT_LT_MCBY_Q(1.0),25/02/26 23:00:00,Quarterly,EMU convergence criterion bond yields,European Union - 27 countries (from 2020),2002-Q1,5.33000,,
ESTAT:IRT_LT_MCBY_Q(1.0),25/02/26 23:00:00,Quarterly,EMU convergence criterion bond yields,European Union - 27 countries (from 2020),2002-Q2,5.43000,,
ESTAT:IRT_LT_MCBY_Q(1.0),25/02/26 23:00:00,Quarterly,EMU convergence criterion bond yields,European Union - 27 countries (from 2020),2002-Q3,4.93000,,
ESTAT:IRT_LT_MCBY_Q(1.0),25/02/26 23:00:00,Quarterly,EMU convergence criterion bond yields,European Union - 27 countries (from 2020),2002-Q4,4.66000,,
ESTAT:IRT_LT_MCBY_Q(1.0),25/02/26 23:00:00,Quarterly,EMU convergence criterion bond yields,European Union - 27 countries (from 2020),2003-Q1,4.26000,,
ESTAT:IRT_LT_MCBY_Q(1.0),25/02/26 23:00:00,Quarterly,EMU convergence criterion bond yields,European Union - 27 countries (from 2020),2003-Q2,4.08000,,
ESTAT:IRT_LT_MCBY_Q(1.0),25/02/26 23:00:00,Quarterly,EMU convergence criterion bond yields,European Union - 27 countries (from 2020),2003-Q3,4.30000,,
ESTAT:IRT_LT_MCBY_Q(1.0),25/02/26 23:00:00,Quarterly,EMU convergence criterion bond yields,European Union - 27 countries (from 2020),2003-Q4,4.55000,,
ESTAT:IRT_LT_MCBY_Q(1.0),25/02/26 23:00:00,Quarterly,EMU convergence criterion bond yields,European Union - 27 countries (from 2020),2004-Q1,4.36000,,
ESTAT:IRT_LT_MCBY_Q(1.0),25/02/26 23:00:00,Quarterly,EMU convergence criterion bond yields,European Union - 27 countries (from 2020),2004-Q2,4.54000,,
ESTAT:IRT_LT_MCBY_Q(1.0),25/02/26 23:00:00,Quarterly,EMU convergence criterion bond yields,European Union - 27 countries (from 2020),2004-Q3,4.44000,,
ESTAT:IRT_LT_MCBY_Q(1.0),25/02/26 23:00:00,Quarterly,EMU convergence criterion bond yields,European Union - 27 countries (from 2020),2004-Q4,4.06000,,
ESTAT:IRT_LT_MCBY_Q(1.0),25/02/26 23:00:00,Quarterly,EMU convergence criterion bond yields,European Union - 27 countries (from 2020),2005-Q1,3.81000,,
ESTAT:IRT_LT_MCBY_Q(1.0),25/02/26 23:00:00,Quarterly,EMU convergence criterion bond yields,European Union - 27 countries (from 2020),2005-Q2,3.59000,,
ESTAT:IRT_LT_MCBY_Q(1.0),25/02/26 23:00:00,Quarterly,EMU convergence criterion bond yields,European Union - 27 countries (from 2020),2005-Q3,3.42000,,
ESTAT:IRT_LT_MCBY_Q(1.0),25/02/26 23:00:00,Quarterly,EMU convergence criterion bond yields,European Union - 27 countries (from 2020),2005-Q4,3.61000,,
ESTAT:IRT_LT_MCBY_Q(1.0),25/02/26 23:00:00,Quarterly,EMU convergence criterion bond yields,European Union - 27 countries (from 2020),2006-Q1,3.71000,,
ESTAT:IRT_LT_MCBY_Q(1.0),25/02/26 23:00:00,Quarterly,EMU convergence criterion bond yields,European Union - 27 countries (from 2020),2006-Q2,4.18000,,
ESTAT:IRT_LT_MCBY_Q(1.0),25/02/26 23:00:00,Quarterly,EMU convergence criterion bond yields,European Union - 27 countries (from 2020),2006-Q3,4.15000,,
ESTAT:IRT_LT_MCBY_Q(1.0),25/02/26 23:00:00,Quarterly,EMU convergence criterion bond yields,European Union - 27 countries (from 2020),2006-Q4,4.03000,,
ESTAT:IRT_LT_MCBY_Q(1.0),25/02/26 23:00:00,Quarterly,EMU convergence criterion bond yields,European Union - 27 countries (from 2020),2007-Q1,4.24000,,
ESTAT:IRT_LT_MCBY_Q(1.0),25/02/26 23:00:00,Quarterly,EMU convergence criterion bond yields,European Union - 27 countries (from 2020),2007-Q2,4.54000,,
ESTAT:IRT_LT_MCBY_Q(1.0),25/02/26 23:00:00,Quarterly,EMU convergence criterion bond yields,European Union - 27 countries (from 2020),2007-Q3,4.60000,,
ESTAT:IRT_LT_MCBY_Q(1.0),25/02/26 23:00:00,Quarterly,EMU convergence criterion bond yields,European Union - 27 countries (from 2020),2007-Q4,4.51000,,
ESTAT:IRT_LT_MCBY_Q(1.0),25/02/26 23:00:00,Quarterly,EMU convergence criterion bond yields,European Union - 27 countries (from 2020),2008-Q1,4.35000,,
ESTAT:IRT_LT_MCBY_Q(1.0),25/02/26 23:00:00,Quarterly,EMU convergence criterion bond yields,European Union - 27 countries (from 2020),2008-Q2,4.70000,,
ESTAT:IRT_LT_MCBY_Q(1.0),25/02/26 23:00:00,Quarterly,EMU convergence criterion bond yields,European Union - 27 countries (from 2020),2008-Q3,4.76000,,
ESTAT:IRT_LT_MCBY_Q(1.0),25/02/26 23:00:00,Quarterly,EMU convergence criterion bond yields,European Union - 27 countries (from 2020),2008-Q4,4.36000,,
ESTAT:IRT_LT_MCBY_Q(1.0),25/02/26 23:00:00,Quarterly,EMU convergence criterion bond yields,European Union - 27 countries (from 2020),2009-Q1,4.26000,,
ESTAT:IRT_LT_MCBY_Q(1.0),25/02/26 23:00:00,Quarterly,EMU convergence criterion bond yields,European Union - 27 countries (from 2020),2009-Q2,4.39000,,
ESTAT:IRT_LT_MCBY_Q(1.0),25/02/26 23:00:00,Quarterly,EMU convergence criterion bond yields,European Union - 27 countries (from 2020),2009-Q3,4.24000,,
ESTAT:IRT_LT_MCBY_Q(1.0),25/02/26 23:00:00,Quarterly,EMU convergence criterion bond yields,European Union - 27 countries (from 2020),2009-Q4,4.03000,,
ESTAT:IRT_LT_MCBY_Q(1.0),25/02/26 23:00:00,Quarterly,EMU convergence criterion bond yields,European Union - 27 countries (from 2020),2010-Q1,4.03000,,
ESTAT:IRT_LT_MCBY_Q(1.0),25/02/26 23:00:00,Quarterly,EMU convergence criterion bond yields,European Union - 27 countries (from 2020),2010-Q2,3.88000,,
ESTAT:IRT_LT_MCBY_Q(1.0),25/02/26 23:00:00,Quarterly,EMU convergence criterion bond yields,European Union - 27 countries (from 2020),2010-Q3,3.72000,,
ESTAT:IRT_LT_MCBY_Q(1.0),25/02/26 23:00:00,Quarterly,EMU convergence criterion bond yields,European Union - 27 countries (from 2020),2010-Q4,3.97000,,
ESTAT:IRT_LT_MCBY_Q(1.0),25/02/26 23:00:00,Quarterly,EMU convergence criterion bond yields,European Union - 27 countries (from 2020),2011-Q1,4.50000,,
ESTAT:IRT_LT_MCBY_Q(1.0),25/02/26 23:00:00,Quarterly,EMU convergence criterion bond yields,European Union - 27 countries (from 2020),2011-Q2,4.63000,,
ESTAT:IRT_LT_MCBY_Q(1.0),25/02/26 23:00:00,Quarterly,EMU convergence criterion bond yields,European Union - 27 countries (from 2020),2011-Q3,4.40000,,
ESTAT:IRT_LT_MCBY_Q(1.0),25/02/26 23:00:00,Quarterly,EMU convergence criterion bond yields,European Union - 27 countries (from 2020),2011-Q4,4.53000,,
ESTAT:IRT_LT_MCBY_Q(1.0),25/02/26 23:00:00,Quarterly,EMU convergence criterion bond yields,European Union - 27 countries (from 2020),2012-Q1,4.36000,,
ESTAT:IRT_LT_MCBY_Q(1.0),25/02/26 23:00:00,Quarterly,EMU convergence criterion bond yields,European Union - 27 countries (from 2020),2012-Q2,4.21000,,
ESTAT:IRT_LT_MCBY_Q(1.0),25/02/26 23:00:00,Quarterly,EMU convergence criterion bond yields,European Union - 27 countries (from 2020),2012-Q3,3.91000,,
ESTAT:IRT_LT_MCBY_Q(1.0),25/02/26 23:00:00,Quarterly,EMU convergence criterion bond yields,European Union - 27 countries (from 2020),2012-Q4,3.37000,,
ESTAT:IRT_LT_MCBY_Q(1.0),25/02/26 23:00:00,Quarterly,EMU convergence criterion bond yields,European Union - 27 countries (from 2020),2013-Q1,3.14000,,
ESTAT:IRT_LT_MCBY_Q(1.0),25/02/26 23:00:00,Quarterly,EMU convergence criterion bond yields,European Union - 27 countries (from 2020),2013-Q2,2.90000,,
ESTAT:IRT_LT_MCBY_Q(1.0),25/02/26 23:00:00,Quarterly,EMU convergence criterion bond yields,European Union - 27 countries (from 2020),2013-Q3,3.25000,,
ESTAT:IRT_LT_MCBY_Q(1.0),25/02/26 23:00:00,Quarterly,EMU convergence criterion bond yields,European Union - 27 countries (from 2020),2013-Q4,3.10000,,
ESTAT:IRT_LT_MCBY_Q(1.0),25/02/26 23:00:00,Quarterly,EMU convergence criterion bond yields,European Union - 27 countries (from 2020),2014-Q1,2.85000,,
ESTAT:IRT_LT_MCBY_Q(1.0),25/02/26 23:00:00,Quarterly,EMU convergence criterion bond yields,European Union - 27 countries (from 2020),2014-Q2,2.40000,,
ESTAT:IRT_LT_MCBY_Q(1.0),25/02/26 23:00:00,Quarterly,EMU convergence criterion bond yields,European Union - 27 countries (from 2020),2014-Q3,1.97000,,
ESTAT:IRT_LT_MCBY_Q(1.0),25/02/26 23:00:00,Quarterly,EMU convergence criterion bond yields,European Union - 27 countries (from 2020),2014-Q4,1.63000,,
ESTAT:IRT_LT_MCBY_Q(1.0),25/02/26 23:00:00,Quarterly,EMU convergence criterion bond yields,European Union - 27 countries (from 2020),2015-Q1,1.16000,,
ESTAT:IRT_LT_MCBY_Q(1.0),25/02/26 23:00:00,Quarterly,EMU convergence criterion bond yields,European Union - 27 countries (from 2020),2015-Q2,1.43000,,
ESTAT:IRT_LT_MCBY_Q(1.0),25/02/26 23:00:00,Quarterly,EMU convergence criterion bond yields,European Union - 27 countries (from 2020),2015-Q3,1.58000,,
ESTAT:IRT_LT_MCBY_Q(1.0),25/02/26 23:00:00,Quarterly,EMU convergence criterion bond yields,European Union - 27 countries (from 2020),2015-Q4,1.37000,,
ESTAT:IRT_LT_MCBY_Q(1.0),25/02/26 23:00:00,Quarterly,EMU convergence criterion bond yields,European Union - 27 countries (from 2020),2016-Q1,1.25000,,
ESTAT:IRT_LT_MCBY_Q(1.0),25/02/26 23:00:00,Quarterly,EMU convergence criterion bond yields,European Union - 27 countries (from 2020),2016-Q2,1.11000,,
ESTAT:IRT_LT_MCBY_Q(1.0),25/02/26 23:00:00,Quarterly,EMU convergence criterion bond yields,European Union - 27 countries (from 2020),2016-Q3,0.83000,,
ESTAT:IRT_LT_MCBY_Q(1.0),25/02/26 23:00:00,Quarterly,EMU convergence criterion bond yields,European Union - 27 countries (from 2020),2016-Q4,1.15000,,
ESTAT:IRT_LT_MCBY_Q(1.0),25/02/26 23:00:00,Quarterly,EMU convergence criterion bond yields,European Union - 27 countries (from 2020),2017-Q1,1.43000,,
ESTAT:IRT_LT_MCBY_Q(1.0),25/02/26 23:00:00,Quarterly,EMU convergence criterion bond yields,European Union - 27 countries (from 2020),2017-Q2,1.31000,,
ESTAT:IRT_LT_MCBY_Q(1.0),25/02/26 23:00:00,Quarterly,EMU convergence criterion bond yields,European Union - 27 countries (from 2020),2017-Q3,1.32000,,
ESTAT:IRT_LT_MCBY_Q(1.0),25/02/26 23:00:00,Quarterly,EMU convergence criterion bond yields,European Union - 27 countries (from 2020),2017-Q4,1.24000,,
ESTAT:IRT_LT_MCBY_Q(1.0),25/02/26 23:00:00,Quarterly,EMU convergence criterion bond yields,European Union - 27 countries (from 2020),2018-Q1,1.36000,,
ESTAT:IRT_LT_MCBY_Q(1.0),25/02/26 23:00:00,Quarterly,EMU convergence criterion bond yields,European Union - 27 countries (from 2020),2018-Q2,1.33000,,
ESTAT:IRT_LT_MCBY_Q(1.0),25/02/26 23:00:00,Quarterly,EMU convergence criterion bond yields,European Union - 27 countries (from 2020),2018-Q3,1.38000,,
ESTAT:IRT_LT_MCBY_Q(1.0),25/02/26 23:00:00,Quarterly,EMU convergence criterion bond yields,European Union - 27 countries (from 2020),2018-Q4,1.45000,,
ESTAT:IRT_LT_MCBY_Q(1.0),25/02/26 23:00:00,Quarterly,EMU convergence criterion bond yields,European Union - 27 countries (from 2020),2019-Q1,1.19000,,
ESTAT:IRT_LT_MCBY_Q(1.0),25/02/26 23:00:00,Quarterly,EMU convergence criterion bond yields,European Union - 27 countries (from 2020),2019-Q2,0.93000,,
ESTAT:IRT_LT_MCBY_Q(1.0),25/02/26 23:00:00,Quarterly,EMU convergence criterion bond yields,European Union - 27 countries (from 2020),2019-Q3,0.34000,,
ESTAT:IRT_LT_MCBY_Q(1.0),25/02/26 23:00:00,Quarterly,EMU convergence criterion bond yields,European Union - 27 countries (from 2020),2019-Q4,0.43000,,
ESTAT:IRT_LT_MCBY_Q(1.0),25/02/26 23:00:00,Quarterly,EMU convergence criterion bond yields,European Union - 27 countries (from 2020),2020-Q1,0.42000,,
ESTAT:IRT_LT_MCBY_Q(1.0),25/02/26 23:00:00,Quarterly,EMU convergence criterion bond yields,European Union - 27 countries (from 2020),2020-Q2,0.49000,,
ESTAT:IRT_LT_MCBY_Q(1.0),25/02/26 23:00:00,Quarterly,EMU convergence criterion bond yields,European Union - 27 countries (from 2020),2020-Q3,0.26000,,
ESTAT:IRT_LT_MCBY_Q(1.0),25/02/26 23:00:00,Quarterly,EMU convergence criterion bond yields,European Union - 27 countries (from 2020),2020-Q4,0.08000,,
ESTAT:IRT_LT_MCBY_Q(1.0),25/02/26 23:00:00,Quarterly,EMU convergence criterion bond yields,European Union - 27 countries (from 2020),2021-Q1,0.20000,,
ESTAT:IRT_LT_MCBY_Q(1.0),25/02/26 23:00:00,Quarterly,EMU convergence criterion bond yields,European Union - 27 countries (from 2020),2021-Q2,0.43000,,
ESTAT:IRT_LT_MCBY_Q(1.0),25/02/26 23:00:00,Quarterly,EMU convergence criterion bond yields,European Union - 27 countries (from 2020),2021-Q3,0.32000,,
ESTAT:IRT_LT_MCBY_Q(1.0),25/02/26 23:00:00,Quarterly,EMU convergence criterion bond yields,European Union - 27 countries (from 2020),2021-Q4,0.63000,,
ESTAT:IRT_LT_MCBY_Q(1.0),25/02/26 23:00:00,Quarterly,EMU convergence criterion bond yields,European Union - 27 countries (from 2020),2022-Q1,1.21000,,
ESTAT:IRT_LT_MCBY_Q(1.0),25/02/26 23:00:00,Quarterly,EMU convergence criterion bond yields,European Union - 27 countries (from 2020),2022-Q2,2.43000,,
ESTAT:IRT_LT_MCBY_Q(1.0),25/02/26 23:00:00,Quarterly,EMU convergence criterion bond yields,European Union - 27 countries (from 2020),2022-Q3,2.74000,,
ESTAT:IRT_LT_MCBY_Q(1.0),25/02/26 23:00:00,Quarterly,EMU convergence criterion bond yields,European Union - 27 countries (from 2020),2022-Q4,3.46000,,
ESTAT:IRT_LT_MCBY_Q(1.0),25/02/26 23:00:00,Quarterly,EMU convergence criterion bond yields,European Union - 27 countries (from 2020),2023-Q1,3.46000,,
ESTAT:IRT_LT_MCBY_Q(1.0),25/02/26 23:00:00,Quarterly,EMU convergence criterion bond yields,European Union - 27 countries (from 2020),2023-Q2,3.46000,,
ESTAT:IRT_LT_MCBY_Q(1.0),25/02/26 23:00:00,Quarterly,EMU convergence criterion bond yields,European Union - 27 countries (from 2020),2023-Q3,3.58000,,
ESTAT:IRT_LT_MCBY_Q(1.0),25/02/26 23:00:00,Quarterly,EMU convergence criterion bond yields,European Union - 27 countries (from 2020),2023-Q4,3.55000,,
ESTAT:IRT_LT_MCBY_Q(1.0),25/02/26 23:00:00,Quarterly,EMU convergence criterion bond yields,European Union - 27 countries (from 2020),2024-Q1,3.22000,,
ESTAT:IRT_LT_MCBY_Q(1.0),25/02/26 23:00:00,Quarterly,EMU convergence criterion bond yields,European Union - 27 countries (from 2020),2024-Q2,3.40000,,
ESTAT:IRT_LT_MCBY_Q(1.0),25/02/26 23:00:00,Quarterly,EMU convergence criterion bond yields,European Union - 27 countries (from 2020),2024-Q3,3.22000,,
ESTAT:IRT_LT_MCBY_Q(1.0),25/02/26 23:00:00,Quarterly,EMU convergence criterion bond yields,European Union - 27 countries (from 2020),2024-Q4,3.18000,,
ESTAT:IRT_LT_MCBY_Q(1.0),25/02/26 23:00:00,Quarterly,EMU convergence criterion bond yields,European Union - 27 countries (from 2020),2025-Q1,3.44270,,
ESTAT:IRT_LT_MCBY_Q(1.0),25/02/26 23:00:00,Quarterly,EMU convergence criterion bond yields,European Union - 27 countries (from 2020),2025-Q2,3.39191,,
ESTAT:IRT_LT_MCBY_Q(1.0),25/02/26 23:00:00,Quarterly,EMU convergence criterion bond yields,European Union - 27 countries (from 2020),2025-Q3,3.47285,,
ESTAT:IRT_LT_MCBY_Q(1.0),25/02/26 23:00:00,Quarterly,EMU convergence criterion bond yields,European Union - 27 countries (from 2020),2025-Q4,3.46618,,
ESTAT:IRT_LT_MCBY_Q(1.0),25/02/26 23:00:00,Quarterly,EMU convergence criterion bond yields,Finland,1988-Q1,10.14000,,
ESTAT:IRT_LT_MCBY_Q(1.0),25/02/26 23:00:00,Quarterly,EMU convergence criterion bond yields,Finland,1988-Q2,10.19667,,
ESTAT:IRT_LT_MCBY_Q(1.0),25/02/26 23:00:00,Quarterly,EMU convergence criterion bond yields,Finland,1988-Q3,10.63667,,
ESTAT:IRT_LT_MCBY_Q(1.0),25/02/26 23:00:00,Quarterly,EMU convergence criterion bond yields,Finland,1988-Q4,11.25667,,
ESTAT:IRT_LT_MCBY_Q(1.0),25/02/26 23:00:00,Quarterly,EMU convergence criterion bond yields,Finland,1989-Q1,11.69667,,
ESTAT:IRT_LT_MCBY_Q(1.0),25/02/26 23:00:00,Quarterly,EMU convergence criterion bond yields,Finland,1989-Q2,11.97667,,
ESTAT:IRT_LT_MCBY_Q(1.0),25/02/26 23:00:00,Quarterly,EMU convergence criterion bond yields,Finland,1989-Q3,12.06667,,
ESTAT:IRT_LT_MCBY_Q(1.0),25/02/26 23:00:00,Quarterly,EMU convergence criterion bond yields,Finland,1989-Q4,12.61667,,
ESTAT:IRT_LT_MCBY_Q(1.0),25/02/26 23:00:00,Quarterly,EMU convergence criterion bond yields,Finland,1990-Q1,12.84000,,
ESTAT:IRT_LT_MCBY_Q(1.0),25/02/26 23:00:00,Quarterly,EMU convergence criterion bond yields,Finland,1990-Q2,13.31667,,
ESTAT:IRT_LT_MCBY_Q(1.0),25/02/26 23:00:00,Quarterly,EMU convergence criterion bond yields,Finland,1990-Q3,13.43000,,
ESTAT:IRT_LT_MCBY_Q(1.0),25/02/26 23:00:00,Quarterly,EMU convergence criterion bond yields,Finland,1990-Q4,13.59667,,
ESTAT:IRT_LT_MCBY_Q(1.0),25/02/26 23:00:00,Quarterly,EMU convergence criterion bond yields,Finland,1991-Q1,12.71667,,
ESTAT:IRT_LT_MCBY_Q(1.0),25/02/26 23:00:00,Quarterly,EMU convergence criterion bond yields,Finland,1991-Q2,11.51333,,
ESTAT:IRT_LT_MCBY_Q(1.0),25/02/26 23:00:00,Quarterly,EMU convergence criterion bond yields,Finland,1991-Q3,11.07333,,
ESTAT:IRT_LT_MCBY_Q(1.0),25/02/26 23:00:00,Quarterly,EMU convergence criterion bond yields,Finland,1991-Q4,11.40333,,
ESTAT:IRT_LT_MCBY_Q(1.0),25/02/26 23:00:00,Quarterly,EMU convergence criterion bond yields,Finland,1992-Q1,11.39333,,
ESTAT:IRT_LT_MCBY_Q(1.0),25/02/26 23:00:00,Quarterly,EMU convergence criterion bond yields,Finland,1992-Q2,11.95667,,
ESTAT:IRT_LT_MCBY_Q(1.0),25/02/26 23:00:00,Quarterly,EMU convergence criterion bond yields,Finland,1992-Q3,12.85333,,
ESTAT:IRT_LT_MCBY_Q(1.0),25/02/26 23:00:00,Quarterly,EMU convergence criterion bond yields,Finland,1992-Q4,11.68667,,
ESTAT:IRT_LT_MCBY_Q(1.0),25/02/26 23:00:00,Quarterly,EMU convergence criterion bond yields,Finland,1993-Q1,10.35000,,
ESTAT:IRT_LT_MCBY_Q(1.0),25/02/26 23:00:00,Quarterly,EMU convergence criterion bond yields,Finland,1993-Q2,9.43000,,
ESTAT:IRT_LT_MCBY_Q(1.0),25/02/26 23:00:00,Quarterly,EMU convergence criterion bond yields,Finland,1993-Q3,8.15000,,
ESTAT:IRT_LT_MCBY_Q(1.0),25/02/26 23:00:00,Quarterly,EMU convergence criterion bond yields,Finland,1993-Q4,7.36000,,
ESTAT:IRT_LT_MCBY_Q(1.0),25/02/26 23:00:00,Quarterly,EMU convergence criterion bond yields,Finland,1994-Q1,6.86000,,
ESTAT:IRT_LT_MCBY_Q(1.0),25/02/26 23:00:00,Quarterly,EMU convergence criterion bond yields,Finland,1994-Q2,8.78000,,
ESTAT:IRT_LT_MCBY_Q(1.0),25/02/26 23:00:00,Quarterly,EMU convergence criterion bond yields,Finland,1994-Q3,10.34000,,
ESTAT:IRT_LT_MCBY_Q(1.0),25/02/26 23:00:00,Quarterly,EMU convergence criterion bond yields,Finland,1994-Q4,10.17000,,
ESTAT:IRT_LT_MCBY_Q(1.0),25/02/26 23:00:00,Quarterly,EMU convergence criterion bond yields,Finland,1995-Q1,10.21000,,
ESTAT:IRT_LT_MCBY_Q(1.0),25/02/26 23:00:00,Quarterly,EMU convergence criterion bond yields,Finland,1995-Q2,8.99000,,
ESTAT:IRT_LT_MCBY_Q(1.0),25/02/26 23:00:00,Quarterly,EMU convergence criterion bond yields,Finland,1995-Q3,8.35000,,
ESTAT:IRT_LT_MCBY_Q(1.0),25/02/26 23:00:00,Quarterly,EMU convergence criterion bond yields,Finland,1995-Q4,7.62000,,
ESTAT:IRT_LT_MCBY_Q(1.0),25/02/26 23:00:00,Quarterly,EMU convergence criterion bond yields,Finland,1996-Q1,7.47000,,
ESTAT:IRT_LT_MCBY_Q(1.0),25/02/26 23:00:00,Quarterly,EMU convergence criterion bond yields,Finland,1996-Q2,7.35000,,
ESTAT:IRT_LT_MCBY_Q(1.0),25/02/26 23:00:00,Quarterly,EMU convergence criterion bond yields,Finland,1996-Q3,7.05000,,
ESTAT:IRT_LT_MCBY_Q(1.0),25/02/26 23:00:00,Quarterly,EMU convergence criterion bond yields,Finland,1996-Q4,6.44000,,
ESTAT:IRT_LT_MCBY_Q(1.0),25/02/26 23:00:00,Quarterly,EMU convergence criterion bond yields,Finland,1997-Q1,6.06000,,
ESTAT:IRT_LT_MCBY_Q(1.0),25/02/26 23:00:00,Quarterly,EMU convergence criterion bond yields,Finland,1997-Q2,6.20000,,
ESTAT:IRT_LT_MCBY_Q(1.0),25/02/26 23:00:00,Quarterly,EMU convergence criterion bond yields,Finland,1997-Q3,5.86000,,
ESTAT:IRT_LT_MCBY_Q(1.0),25/02/26 23:00:00,Quarterly,EMU convergence criterion bond yields,Finland,1997-Q4,5.71000,,
ESTAT:IRT_LT_MCBY_Q(1.0),25/02/26 23:00:00,Quarterly,EMU convergence criterion bond yields,Finland,1998-Q1,5.17000,,
ESTAT:IRT_LT_MCBY_Q(1.0),25/02/26 23:00:00,Quarterly,EMU convergence criterion bond yields,Finland,1998-Q2,5.01000,,
ESTAT:IRT_LT_MCBY_Q(1.0),25/02/26 23:00:00,Quarterly,EMU convergence criterion bond yields,Finland,1998-Q3,4.66000,,
ESTAT:IRT_LT_MCBY_Q(1.0),25/02/26 23:00:00,Quarterly,EMU convergence criterion bond yields,Finland,1998-Q4,4.31000,,
ESTAT:IRT_LT_MCBY_Q(1.0),25/02/26 23:00:00,Quarterly,EMU convergence criterion bond yields,Finland,1999-Q1,4.07000,,
ESTAT:IRT_LT_MCBY_Q(1.0),25/02/26 23:00:00,Quarterly,EMU convergence criterion bond yields,Finland,1999-Q2,4.30000,,
ESTAT:IRT_LT_MCBY_Q(1.0),25/02/26 23:00:00,Quarterly,EMU convergence criterion bond yields,Finland,1999-Q3,5.13000,,
ESTAT:IRT_LT_MCBY_Q(1.0),25/02/26 23:00:00,Quarterly,EMU convergence criterion bond yields,Finland,1999-Q4,5.40000,,
ESTAT:IRT_LT_MCBY_Q(1.0),25/02/26 23:00:00,Quarterly,EMU convergence criterion bond yields,Finland,2000-Q1,5.66000,,
ESTAT:IRT_LT_MCBY_Q(1.0),25/02/26 23:00:00,Quarterly,EMU convergence criterion bond yields,Finland,2000-Q2,5.48000,,
ESTAT:IRT_LT_MCBY_Q(1.0),25/02/26 23:00:00,Quarterly,EMU convergence criterion bond yields,Finland,2000-Q3,5.47000,,
ESTAT:IRT_LT_MCBY_Q(1.0),25/02/26 23:00:00,Quarterly,EMU convergence criterion bond yields,Finland,2000-Q4,5.33000,,
ESTAT:IRT_LT_MCBY_Q(1.0),25/02/26 23:00:00,Quarterly,EMU convergence criterion bond yields,Finland,2001-Q1,4.99000,,
ESTAT:IRT_LT_MCBY_Q(1.0),25/02/26 23:00:00,Quarterly,EMU convergence criterion bond yields,Finland,2001-Q2,5.22000,,
ESTAT:IRT_LT_MCBY_Q(1.0),25/02/26 23:00:00,Quarterly,EMU convergence criterion bond yields,Finland,2001-Q3,5.13000,,
ESTAT:IRT_LT_MCBY_Q(1.0),25/02/26 23:00:00,Quarterly,EMU convergence criterion bond yields,Finland,2001-Q4,4.83000,,
ESTAT:IRT_LT_MCBY_Q(1.0),25/02/26 23:00:00,Quarterly,EMU convergence criterion bond yields,Finland,2002-Q1,5.16000,,
ESTAT:IRT_LT_MCBY_Q(1.0),25/02/26 23:00:00,Quarterly,EMU convergence criterion bond yields,Finland,2002-Q2,5.33000,,
ESTAT:IRT_LT_MCBY_Q(1.0),25/02/26 23:00:00,Quarterly,EMU convergence criterion bond yields,Finland,2002-Q3,4.84000,,
ESTAT:IRT_LT_MCBY_Q(1.0),25/02/26 23:00:00,Quarterly,EMU convergence criterion bond yields,Finland,2002-Q4,4.60000,,
ESTAT:IRT_LT_MCBY_Q(1.0),25/02/26 23:00:00,Quarterly,EMU convergence criterion bond yields,Finland,2003-Q1,4.13000,,
ESTAT:IRT_LT_MCBY_Q(1.0),25/02/26 23:00:00,Quarterly,EMU convergence criterion bond yields,Finland,2003-Q2,3.95000,,
ESTAT:IRT_LT_MCBY_Q(1.0),25/02/26 23:00:00,Quarterly,EMU convergence criterion bond yields,Finland,2003-Q3,4.13000,,
ESTAT:IRT_LT_MCBY_Q(1.0),25/02/26 23:00:00,Quarterly,EMU convergence criterion bond yields,Finland,2003-Q4,4.33000,,
ESTAT:IRT_LT_MCBY_Q(1.0),25/02/26 23:00:00,Quarterly,EMU convergence criterion bond yields,Finland,2004-Q1,4.06000,,
ESTAT:IRT_LT_MCBY_Q(1.0),25/02/26 23:00:00,Quarterly,EMU convergence criterion bond yields,Finland,2004-Q2,4.28000,,
ESTAT:IRT_LT_MCBY_Q(1.0),25/02/26 23:00:00,Quarterly,EMU convergence criterion bond yields,Finland,2004-Q3,4.24000,,
ESTAT:IRT_LT_MCBY_Q(1.0),25/02/26 23:00:00,Quarterly,EMU convergence criterion bond yields,Finland,2004-Q4,3.86000,,
ESTAT:IRT_LT_MCBY_Q(1.0),25/02/26 23:00:00,Quarterly,EMU convergence criterion bond yields,Finland,2005-Q1,3.63000,,
ESTAT:IRT_LT_MCBY_Q(1.0),25/02/26 23:00:00,Quarterly,EMU convergence criterion bond yields,Finland,2005-Q2,3.33000,,
ESTAT:IRT_LT_MCBY_Q(1.0),25/02/26 23:00:00,Quarterly,EMU convergence criterion bond yields,Finland,2005-Q3,3.15000,,
ESTAT:IRT_LT_MCBY_Q(1.0),25/02/26 23:00:00,Quarterly,EMU convergence criterion bond yields,Finland,2005-Q4,3.30000,,
ESTAT:IRT_LT_MCBY_Q(1.0),25/02/26 23:00:00,Quarterly,EMU convergence criterion bond yields,Finland,2006-Q1,3.45000,,
ESTAT:IRT_LT_MCBY_Q(1.0),25/02/26 23:00:00,Quarterly,EMU convergence criterion bond yields,Finland,2006-Q2,3.95000,,
ESTAT:IRT_LT_MCBY_Q(1.0),25/02/26 23:00:00,Quarterly,EMU convergence criterion bond yields,Finland,2006-Q3,3.94000,,
ESTAT:IRT_LT_MCBY_Q(1.0),25/02/26 23:00:00,Quarterly,EMU convergence criterion bond yields,Finland,2006-Q4,3.80000,,
ESTAT:IRT_LT_MCBY_Q(1.0),25/02/26 23:00:00,Quarterly,EMU convergence criterion bond yields,Finland,2007-Q1,4.04000,,
ESTAT:IRT_LT_MCBY_Q(1.0),25/02/26 23:00:00,Quarterly,EMU convergence criterion bond yields,Finland,2007-Q2,4.38000,,
ESTAT:IRT_LT_MCBY_Q(1.0),25/02/26 23:00:00,Quarterly,EMU convergence criterion bond yields,Finland,2007-Q3,4.44000,,
ESTAT:IRT_LT_MCBY_Q(1.0),25/02/26 23:00:00,Quarterly,EMU convergence criterion bond yields,Finland,2007-Q4,4.31000,,
ESTAT:IRT_LT_MCBY_Q(1.0),25/02/26 23:00:00,Quarterly,EMU convergence criterion bond yields,Finland,2008-Q1,4.07000,,
ESTAT:IRT_LT_MCBY_Q(1.0),25/02/26 23:00:00,Quarterly,EMU convergence criterion bond yields,Finland,2008-Q2,4.49000,,
ESTAT:IRT_LT_MCBY_Q(1.0),25/02/26 23:00:00,Quarterly,EMU convergence criterion bond yields,Finland,2008-Q3,4.56000,,
ESTAT:IRT_LT_MCBY_Q(1.0),25/02/26 23:00:00,Quarterly,EMU convergence criterion bond yields,Finland,2008-Q4,4.05000,,
ESTAT:IRT_LT_MCBY_Q(1.0),25/02/26 23:00:00,Quarterly,EMU convergence criterion bond yields,Finland,2009-Q1,3.87000,,
ESTAT:IRT_LT_MCBY_Q(1.0),25/02/26 23:00:00,Quarterly,EMU convergence criterion bond yields,Finland,2009-Q2,3.89000,,
ESTAT:IRT_LT_MCBY_Q(1.0),25/02/26 23:00:00,Quarterly,EMU convergence criterion bond yields,Finland,2009-Q3,3.67000,,
ESTAT:IRT_LT_MCBY_Q(1.0),25/02/26 23:00:00,Quarterly,EMU convergence criterion bond yields,Finland,2009-Q4,3.52000,,
ESTAT:IRT_LT_MCBY_Q(1.0),25/02/26 23:00:00,Quarterly,EMU convergence criterion bond yields,Finland,2010-Q1,3.38000,,
ESTAT:IRT_LT_MCBY_Q(1.0),25/02/26 23:00:00,Quarterly,EMU convergence criterion bond yields,Finland,2010-Q2,3.10000,,
ESTAT:IRT_LT_MCBY_Q(1.0),25/02/26 23:00:00,Quarterly,EMU convergence criterion bond yields,Finland,2010-Q3,2.68000,,
ESTAT:IRT_LT_MCBY_Q(1.0),25/02/26 23:00:00,Quarterly,EMU convergence criterion bond yields,Finland,2010-Q4,2.88000,,
ESTAT:IRT_LT_MCBY_Q(1.0),25/02/26 23:00:00,Quarterly,EMU convergence criterion bond yields,Finland,2011-Q1,3.38000,,
ESTAT:IRT_LT_MCBY_Q(1.0),25/02/26 23:00:00,Quarterly,EMU convergence criterion bond yields,Finland,2011-Q2,3.39000,,
ESTAT:IRT_LT_MCBY_Q(1.0),25/02/26 23:00:00,Quarterly,EMU convergence criterion bond yields,Finland,2011-Q3,2.73000,,
ESTAT:IRT_LT_MCBY_Q(1.0),25/02/26 23:00:00,Quarterly,EMU convergence criterion bond yields,Finland,2011-Q4,2.52000,,
ESTAT:IRT_LT_MCBY_Q(1.0),25/02/26 23:00:00,Quarterly,EMU convergence criterion bond yields,Finland,2012-Q1,2.31000,,
ESTAT:IRT_LT_MCBY_Q(1.0),25/02/26 23:00:00,Quarterly,EMU convergence criterion bond yields,Finland,2012-Q2,1.91000,,
ESTAT:IRT_LT_MCBY_Q(1.0),25/02/26 23:00:00,Quarterly,EMU convergence criterion bond yields,Finland,2012-Q3,1.64000,,
ESTAT:IRT_LT_MCBY_Q(1.0),25/02/26 23:00:00,Quarterly,EMU convergence criterion bond yields,Finland,2012-Q4,1.68000,,
ESTAT:IRT_LT_MCBY_Q(1.0),25/02/26 23:00:00,Quarterly,EMU convergence criterion bond yields,Finland,2013-Q1,1.72000,,
ESTAT:IRT_LT_MCBY_Q(1.0),25/02/26 23:00:00,Quarterly,EMU convergence criterion bond yields,Finland,2013-Q2,1.66000,,
ESTAT:IRT_LT_MCBY_Q(1.0),25/02/26 23:00:00,Quarterly,EMU convergence criterion bond yields,Finland,2013-Q3,2.06000,,
ESTAT:IRT_LT_MCBY_Q(1.0),25/02/26 23:00:00,Quarterly,EMU convergence criterion bond yields,Finland,2013-Q4,2.00000,,
ESTAT:IRT_LT_MCBY_Q(1.0),25/02/26 23:00:00,Quarterly,EMU convergence criterion bond yields,Finland,2014-Q1,1.94000,,
ESTAT:IRT_LT_MCBY_Q(1.0),25/02/26 23:00:00,Quarterly,EMU convergence criterion bond yields,Finland,2014-Q2,1.70000,,
ESTAT:IRT_LT_MCBY_Q(1.0),25/02/26 23:00:00,Quarterly,EMU convergence criterion bond yields,Finland,2014-Q3,1.22000,,
ESTAT:IRT_LT_MCBY_Q(1.0),25/02/26 23:00:00,Quarterly,EMU convergence criterion bond yields,Finland,2014-Q4,0.93000,,
ESTAT:IRT_LT_MCBY_Q(1.0),25/02/26 23:00:00,Quarterly,EMU convergence criterion bond yields,Finland,2015-Q1,0.50000,,
ESTAT:IRT_LT_MCBY_Q(1.0),25/02/26 23:00:00,Quarterly,EMU convergence criterion bond yields,Finland,2015-Q2,0.67000,,
ESTAT:IRT_LT_MCBY_Q(1.0),25/02/26 23:00:00,Quarterly,EMU convergence criterion bond yields,Finland,2015-Q3,0.89000,,
ESTAT:IRT_LT_MCBY_Q(1.0),25/02/26 23:00:00,Quarterly,EMU convergence criterion bond yields,Finland,2015-Q4,0.83000,,
ESTAT:IRT_LT_MCBY_Q(1.0),25/02/26 23:00:00,Quarterly,EMU convergence criterion bond yields,Finland,2016-Q1,0.61000,,
ESTAT:IRT_LT_MCBY_Q(1.0),25/02/26 23:00:00,Quarterly,EMU convergence criterion bond yields,Finland,2016-Q2,0.41000,,
ESTAT:IRT_LT_MCBY_Q(1.0),25/02/26 23:00:00,Quarterly,EMU convergence criterion bond yields,Finland,2016-Q3,0.09000,,
ESTAT:IRT_LT_MCBY_Q(1.0),25/02/26 23:00:00,Quarterly,EMU convergence criterion bond yields,Finland,2016-Q4,0.35000,,
ESTAT:IRT_LT_MCBY_Q(1.0),25/02/26 23:00:00,Quarterly,EMU convergence criterion bond yields,Finland,2017-Q1,0.51000,,
ESTAT:IRT_LT_MCBY_Q(1.0),25/02/26 23:00:00,Quarterly,EMU convergence criterion bond yields,Finland,2017-Q2,0.48000,,
ESTAT:IRT_LT_MCBY_Q(1.0),25/02/26 23:00:00,Quarterly,EMU convergence criterion bond yields,Finland,2017-Q3,0.66000,,
ESTAT:IRT_LT_MCBY_Q(1.0),25/02/26 23:00:00,Quarterly,EMU convergence criterion bond yields,Finland,2017-Q4,0.54000,,
ESTAT:IRT_LT_MCBY_Q(1.0),25/02/26 23:00:00,Quarterly,EMU convergence criterion bond yields,Finland,2018-Q1,0.74000,,
ESTAT:IRT_LT_MCBY_Q(1.0),25/02/26 23:00:00,Quarterly,EMU convergence criterion bond yields,Finland,2018-Q2,0.67000,,
ESTAT:IRT_LT_MCBY_Q(1.0),25/02/26 23:00:00,Quarterly,EMU convergence criterion bond yields,Finland,2018-Q3,0.58000,,
ESTAT:IRT_LT_MCBY_Q(1.0),25/02/26 23:00:00,Quarterly,EMU convergence criterion bond yields,Finland,2018-Q4,0.65000,,
ESTAT:IRT_LT_MCBY_Q(1.0),25/02/26 23:00:00,Quarterly,EMU convergence criterion bond yields,Finland,2019-Q1,0.41000,,
ESTAT:IRT_LT_MCBY_Q(1.0),25/02/26 23:00:00,Quarterly,EMU convergence criterion bond yields,Finland,2019-Q2,0.21000,,
ESTAT:IRT_LT_MCBY_Q(1.0),25/02/26 23:00:00,Quarterly,EMU convergence criterion bond yields,Finland,2019-Q3,-0.25000,,
ESTAT:IRT_LT_MCBY_Q(1.0),25/02/26 23:00:00,Quarterly,EMU convergence criterion bond yields,Finland,2019-Q4,-0.11000,,
ESTAT:IRT_LT_MCBY_Q(1.0),25/02/26 23:00:00,Quarterly,EMU convergence criterion bond yields,Finland,2020-Q1,-0.14000,,
ESTAT:IRT_LT_MCBY_Q(1.0),25/02/26 23:00:00,Quarterly,EMU convergence criterion bond yields,Finland,2020-Q2,-0.09000,,
ESTAT:IRT_LT_MCBY_Q(1.0),25/02/26 23:00:00,Quarterly,EMU convergence criterion bond yields,Finland,2020-Q3,-0.25000,,
ESTAT:IRT_LT_MCBY_Q(1.0),25/02/26 23:00:00,Quarterly,EMU convergence criterion bond yields,Finland,2020-Q4,-0.40000,,
ESTAT:IRT_LT_MCBY_Q(1.0),25/02/26 23:00:00,Quarterly,EMU convergence criterion bond yields,Finland,2021-Q1,-0.24000,,
ESTAT:IRT_LT_MCBY_Q(1.0),25/02/26 23:00:00,Quarterly,EMU convergence criterion bond yields,Finland,2021-Q2,-0.02000,,
ESTAT:IRT_LT_MCBY_Q(1.0),25/02/26 23:00:00,Quarterly,EMU convergence criterion bond yields,Finland,2021-Q3,-0.12000,,
ESTAT:IRT_LT_MCBY_Q(1.0),25/02/26 23:00:00,Quarterly,EMU convergence criterion bond yields,Finland,2021-Q4,0.01000,,
ESTAT:IRT_LT_MCBY_Q(1.0),25/02/26 23:00:00,Quarterly,EMU convergence criterion bond yields,Finland,2022-Q1,0.47000,,
ESTAT:IRT_LT_MCBY_Q(1.0),25/02/26 23:00:00,Quarterly,EMU convergence criterion bond yields,Finland,2022-Q2,1.56000,,
ESTAT:IRT_LT_MCBY_Q(1.0),25/02/26 23:00:00,Quarterly,EMU convergence criterion bond yields,Finland,2022-Q3,1.96000,,
ESTAT:IRT_LT_MCBY_Q(1.0),25/02/26 23:00:00,Quarterly,EMU convergence criterion bond yields,Finland,2022-Q4,2.76000,,
ESTAT:IRT_LT_MCBY_Q(1.0),25/02/26 23:00:00,Quarterly,EMU convergence criterion bond yields,Finland,2023-Q1,2.90000,,
ESTAT:IRT_LT_MCBY_Q(1.0),25/02/26 23:00:00,Quarterly,EMU convergence criterion bond yields,Finland,2023-Q2,2.98000,,
ESTAT:IRT_LT_MCBY_Q(1.0),25/02/26 23:00:00,Quarterly,EMU convergence criterion bond yields,Finland,2023-Q3,3.16000,,
ESTAT:IRT_LT_MCBY_Q(1.0),25/02/26 23:00:00,Quarterly,EMU convergence criterion bond yields,Finland,2023-Q4,3.11000,,
ESTAT:IRT_LT_MCBY_Q(1.0),25/02/26 23:00:00,Quarterly,EMU convergence criterion bond yields,Finland,2024-Q1,2.84000,,
ESTAT:IRT_LT_MCBY_Q(1.0),25/02/26 23:00:00,Quarterly,EMU convergence criterion bond yields,Finland,2024-Q2,3.00000,,
ESTAT:IRT_LT_MCBY_Q(1.0),25/02/26 23:00:00,Quarterly,EMU convergence criterion bond yields,Finland,2024-Q3,2.83000,,
ESTAT:IRT_LT_MCBY_Q(1.0),25/02/26 23:00:00,Quarterly,EMU convergence criterion bond yields,Finland,2024-Q4,2.74000,,
ESTAT:IRT_LT_MCBY_Q(1.0),25/02/26 23:00:00,Quarterly,EMU convergence criterion bond yields,Finland,2025-Q1,2.96532,,
ESTAT:IRT_LT_MCBY_Q(1.0),25/02/26 23:00:00,Quarterly,EMU convergence criterion bond yields,Finland,2025-Q2,2.93000,,
ESTAT:IRT_LT_MCBY_Q(1.0),25/02/26 23:00:00,Quarterly,EMU convergence criterion bond yields,Finland,2025-Q3,3.07551,,
ESTAT:IRT_LT_MCBY_Q(1.0),25/02/26 23:00:00,Quarterly,EMU convergence criterion bond yields,Finland,2025-Q4,3.02382,,
ESTAT:IRT_LT_MCBY_Q(1.0),25/02/26 23:00:00,Quarterly,EMU convergence criterion bond yields,France,1980-Q1,12.85000,,
ESTAT:IRT_LT_MCBY_Q(1.0),25/02/26 23:00:00,Quarterly,EMU convergence criterion bond yields,France,1980-Q2,12.95333,,
ESTAT:IRT_LT_MCBY_Q(1.0),25/02/26 23:00:00,Quarterly,EMU convergence criterion bond yields,France,1980-Q3,12.99667,,
ESTAT:IRT_LT_MCBY_Q(1.0),25/02/26 23:00:00,Quarterly,EMU convergence criterion bond yields,France,1980-Q4,13.71000,,
ESTAT:IRT_LT_MCBY_Q(1.0),25/02/26 23:00:00,Quarterly,EMU convergence criterion bond yields,France,1981-Q1,14.16667,,
ESTAT:IRT_LT_MCBY_Q(1.0),25/02/26 23:00:00,Quarterly,EMU convergence criterion bond yields,France,1981-Q2,15.95000,,
ESTAT:IRT_LT_MCBY_Q(1.0),25/02/26 23:00:00,Quarterly,EMU convergence criterion bond yields,France,1981-Q3,16.85667,,
ESTAT:IRT_LT_MCBY_Q(1.0),25/02/26 23:00:00,Quarterly,EMU convergence criterion bond yields,France,1981-Q4,16.40667,,
ESTAT:IRT_LT_MCBY_Q(1.0),25/02/26 23:00:00,Quarterly,EMU convergence criterion bond yields,France,1982-Q1,16.11333,,
ESTAT:IRT_LT_MCBY_Q(1.0),25/02/26 23:00:00,Quarterly,EMU convergence criterion bond yields,France,1982-Q2,15.93000,,
ESTAT:IRT_LT_MCBY_Q(1.0),25/02/26 23:00:00,Quarterly,EMU convergence criterion bond yields,France,1982-Q3,15.54000,,
ESTAT:IRT_LT_MCBY_Q(1.0),25/02/26 23:00:00,Quarterly,EMU convergence criterion bond yields,France,1982-Q4,15.01333,,
ESTAT:IRT_LT_MCBY_Q(1.0),25/02/26 23:00:00,Quarterly,EMU convergence criterion bond yields,France,1983-Q1,14.01000,,
ESTAT:IRT_LT_MCBY_Q(1.0),25/02/26 23:00:00,Quarterly,EMU convergence criterion bond yields,France,1983-Q2,13.70667,,
ESTAT:IRT_LT_MCBY_Q(1.0),25/02/26 23:00:00,Quarterly,EMU convergence criterion bond yields,France,1983-Q3,13.24667,,
ESTAT:IRT_LT_MCBY_Q(1.0),25/02/26 23:00:00,Quarterly,EMU convergence criterion bond yields,France,1983-Q4,13.38333,,
ESTAT:IRT_LT_MCBY_Q(1.0),25/02/26 23:00:00,Quarterly,EMU convergence criterion bond yields,France,1984-Q1,13.05667,,
ESTAT:IRT_LT_MCBY_Q(1.0),25/02/26 23:00:00,Quarterly,EMU convergence criterion bond yields,France,1984-Q2,12.97667,,
ESTAT:IRT_LT_MCBY_Q(1.0),25/02/26 23:00:00,Quarterly,EMU convergence criterion bond yields,France,1984-Q3,12.47333,,
ESTAT:IRT_LT_MCBY_Q(1.0),25/02/26 23:00:00,Quarterly,EMU convergence criterion bond yields,France,1984-Q4,11.45000,,
ESTAT:IRT_LT_MCBY_Q(1.0),25/02/26 23:00:00,Quarterly,EMU convergence criterion bond yields,France,1985-Q1,11.51667,,
ESTAT:IRT_LT_MCBY_Q(1.0),25/02/26 23:00:00,Quarterly,EMU convergence criterion bond yields,France,1985-Q2,11.13667,,
ESTAT:IRT_LT_MCBY_Q(1.0),25/02/26 23:00:00,Quarterly,EMU convergence criterion bond yields,France,1985-Q3,11.07333,,
ESTAT:IRT_LT_MCBY_Q(1.0),25/02/26 23:00:00,Quarterly,EMU convergence criterion bond yields,France,1985-Q4,10.76667,,
ESTAT:IRT_LT_MCBY_Q(1.0),25/02/26 23:00:00,Quarterly,EMU convergence criterion bond yields,France,1986-Q1,9.68000,,
ESTAT:IRT_LT_MCBY_Q(1.0),25/02/26 23:00:00,Quarterly,EMU convergence criterion bond yields,France,1986-Q2,8.06333,,
ESTAT:IRT_LT_MCBY_Q(1.0),25/02/26 23:00:00,Quarterly,EMU convergence criterion bond yields,France,1986-Q3,7.86000,,
ESTAT:IRT_LT_MCBY_Q(1.0),25/02/26 23:00:00,Quarterly,EMU convergence criterion bond yields,France,1986-Q4,8.57333,,
ESTAT:IRT_LT_MCBY_Q(1.0),25/02/26 23:00:00,Quarterly,EMU convergence criterion bond yields,France,1987-Q1,8.92000,,
ESTAT:IRT_LT_MCBY_Q(1.0),25/02/26 23:00:00,Quarterly,EMU convergence criterion bond yields,France,1987-Q2,8.93333,,
ESTAT:IRT_LT_MCBY_Q(1.0),25/02/26 23:00:00,Quarterly,EMU convergence criterion bond yields,France,1987-Q3,9.80333,,
ESTAT:IRT_LT_MCBY_Q(1.0),25/02/26 23:00:00,Quarterly,EMU convergence criterion bond yields,France,1987-Q4,10.25667,,
ESTAT:IRT_LT_MCBY_Q(1.0),25/02/26 23:00:00,Quarterly,EMU convergence criterion bond yields,France,1988-Q1,9.41333,,
ESTAT:IRT_LT_MCBY_Q(1.0),25/02/26 23:00:00,Quarterly,EMU convergence criterion bond yields,France,1988-Q2,9.13000,,
ESTAT:IRT_LT_MCBY_Q(1.0),25/02/26 23:00:00,Quarterly,EMU convergence criterion bond yields,France,1988-Q3,9.05333,,
ESTAT:IRT_LT_MCBY_Q(1.0),25/02/26 23:00:00,Quarterly,EMU convergence criterion bond yields,France,1988-Q4,8.74000,,
ESTAT:IRT_LT_MCBY_Q(1.0),25/02/26 23:00:00,Quarterly,EMU convergence criterion bond yields,France,1989-Q1,8.90333,,
ESTAT:IRT_LT_MCBY_Q(1.0),25/02/26 23:00:00,Quarterly,EMU convergence criterion bond yields,France,1989-Q2,8.77667,,
ESTAT:IRT_LT_MCBY_Q(1.0),25/02/26 23:00:00,Quarterly,EMU convergence criterion bond yields,France,1989-Q3,8.50667,,
ESTAT:IRT_LT_MCBY_Q(1.0),25/02/26 23:00:00,Quarterly,EMU convergence criterion bond yields,France,1989-Q4,9.00000,,
ESTAT:IRT_LT_MCBY_Q(1.0),25/02/26 23:00:00,Quarterly,EMU convergence criterion bond yields,France,1990-Q1,9.86333,,
ESTAT:IRT_LT_MCBY_Q(1.0),25/02/26 23:00:00,Quarterly,EMU convergence criterion bond yields,France,1990-Q2,9.63667,,
ESTAT:IRT_LT_MCBY_Q(1.0),25/02/26 23:00:00,Quarterly,EMU convergence criterion bond yields,France,1990-Q3,10.06333,,
ESTAT:IRT_LT_MCBY_Q(1.0),25/02/26 23:00:00,Quarterly,EMU convergence criterion bond yields,France,1990-Q4,10.16667,,
ESTAT:IRT_LT_MCBY_Q(1.0),25/02/26 23:00:00,Quarterly,EMU convergence criterion bond yields,France,1991-Q1,9.33333,,
ESTAT:IRT_LT_MCBY_Q(1.0),25/02/26 23:00:00,Quarterly,EMU convergence criterion bond yields,France,1991-Q2,8.96000,,
ESTAT:IRT_LT_MCBY_Q(1.0),25/02/26 23:00:00,Quarterly,EMU convergence criterion bond yields,France,1991-Q3,9.04333,,
ESTAT:IRT_LT_MCBY_Q(1.0),25/02/26 23:00:00,Quarterly,EMU convergence criterion bond yields,France,1991-Q4,8.81000,,
ESTAT:IRT_LT_MCBY_Q(1.0),25/02/26 23:00:00,Quarterly,EMU convergence criterion bond yields,France,1992-Q1,8.53000,,
ESTAT:IRT_LT_MCBY_Q(1.0),25/02/26 23:00:00,Quarterly,EMU convergence criterion bond yields,France,1992-Q2,8.67000,,
ESTAT:IRT_LT_MCBY_Q(1.0),25/02/26 23:00:00,Quarterly,EMU convergence criterion bond yields,France,1992-Q3,8.89667,,
ESTAT:IRT_LT_MCBY_Q(1.0),25/02/26 23:00:00,Quarterly,EMU convergence criterion bond yields,France,1992-Q4,8.25000,,
ESTAT:IRT_LT_MCBY_Q(1.0),25/02/26 23:00:00,Quarterly,EMU convergence criterion bond yields,France,1993-Q1,7.67000,,
ESTAT:IRT_LT_MCBY_Q(1.0),25/02/26 23:00:00,Quarterly,EMU convergence criterion bond yields,France,1993-Q2,7.09000,,
ESTAT:IRT_LT_MCBY_Q(1.0),25/02/26 23:00:00,Quarterly,EMU convergence criterion bond yields,France,1993-Q3,6.40000,,
ESTAT:IRT_LT_MCBY_Q(1.0),25/02/26 23:00:00,Quarterly,EMU convergence criterion bond yields,France,1993-Q4,5.93000,,
ESTAT:IRT_LT_MCBY_Q(1.0),25/02/26 23:00:00,Quarterly,EMU convergence criterion bond yields,France,1994-Q1,5.99000,,
ESTAT:IRT_LT_MCBY_Q(1.0),25/02/26 23:00:00,Quarterly,EMU convergence criterion bond yields,France,1994-Q2,7.05000,,
ESTAT:IRT_LT_MCBY_Q(1.0),25/02/26 23:00:00,Quarterly,EMU convergence criterion bond yields,France,1994-Q3,7.70000,,
ESTAT:IRT_LT_MCBY_Q(1.0),25/02/26 23:00:00,Quarterly,EMU convergence criterion bond yields,France,1994-Q4,8.12000,,
ESTAT:IRT_LT_MCBY_Q(1.0),25/02/26 23:00:00,Quarterly,EMU convergence criterion bond yields,France,1995-Q1,8.09000,,
ESTAT:IRT_LT_MCBY_Q(1.0),25/02/26 23:00:00,Quarterly,EMU convergence criterion bond yields,France,1995-Q2,7.60000,,
ESTAT:IRT_LT_MCBY_Q(1.0),25/02/26 23:00:00,Quarterly,EMU convergence criterion bond yields,France,1995-Q3,7.37000,,
ESTAT:IRT_LT_MCBY_Q(1.0),25/02/26 23:00:00,Quarterly,EMU convergence criterion bond yields,France,1995-Q4,7.09000,,
ESTAT:IRT_LT_MCBY_Q(1.0),25/02/26 23:00:00,Quarterly,EMU convergence criterion bond yields,France,1996-Q1,6.56000,,
ESTAT:IRT_LT_MCBY_Q(1.0),25/02/26 23:00:00,Quarterly,EMU convergence criterion bond yields,France,1996-Q2,6.50000,,
ESTAT:IRT_LT_MCBY_Q(1.0),25/02/26 23:00:00,Quarterly,EMU convergence criterion bond yields,France,1996-Q3,6.34000,,
ESTAT:IRT_LT_MCBY_Q(1.0),25/02/26 23:00:00,Quarterly,EMU convergence criterion bond yields,France,1996-Q4,5.85000,,
ESTAT:IRT_LT_MCBY_Q(1.0),25/02/26 23:00:00,Quarterly,EMU convergence criterion bond yields,France,1997-Q1,5.60000,,
ESTAT:IRT_LT_MCBY_Q(1.0),25/02/26 23:00:00,Quarterly,EMU convergence criterion bond yields,France,1997-Q2,5.71000,,
ESTAT:IRT_LT_MCBY_Q(1.0),25/02/26 23:00:00,Quarterly,EMU convergence criterion bond yields,France,1997-Q3,5.52000,,
ESTAT:IRT_LT_MCBY_Q(1.0),25/02/26 23:00:00,Quarterly,EMU convergence criterion bond yields,France,1997-Q4,5.49000,,
ESTAT:IRT_LT_MCBY_Q(1.0),25/02/26 23:00:00,Quarterly,EMU convergence criterion bond yields,France,1998-Q1,5.03000,,
ESTAT:IRT_LT_MCBY_Q(1.0),25/02/26 23:00:00,Quarterly,EMU convergence criterion bond yields,France,1998-Q2,4.94000,,
ESTAT:IRT_LT_MCBY_Q(1.0),25/02/26 23:00:00,Quarterly,EMU convergence criterion bond yields,France,1998-Q3,4.50000,,
ESTAT:IRT_LT_MCBY_Q(1.0),25/02/26 23:00:00,Quarterly,EMU convergence criterion bond yields,France,1998-Q4,4.09000,,
ESTAT:IRT_LT_MCBY_Q(1.0),25/02/26 23:00:00,Quarterly,EMU convergence criterion bond yields,France,1999-Q1,3.94000,,
ESTAT:IRT_LT_MCBY_Q(1.0),25/02/26 23:00:00,Quarterly,EMU convergence criterion bond yields,France,1999-Q2,4.20000,,
ESTAT:IRT_LT_MCBY_Q(1.0),25/02/26 23:00:00,Quarterly,EMU convergence criterion bond yields,France,1999-Q3,5.00000,,
ESTAT:IRT_LT_MCBY_Q(1.0),25/02/26 23:00:00,Quarterly,EMU convergence criterion bond yields,France,1999-Q4,5.28000,,
ESTAT:IRT_LT_MCBY_Q(1.0),25/02/26 23:00:00,Quarterly,EMU convergence criterion bond yields,France,2000-Q1,5.57000,,
ESTAT:IRT_LT_MCBY_Q(1.0),25/02/26 23:00:00,Quarterly,EMU convergence criterion bond yields,France,2000-Q2,5.38000,,
ESTAT:IRT_LT_MCBY_Q(1.0),25/02/26 23:00:00,Quarterly,EMU convergence criterion bond yields,France,2000-Q3,5.39000,,
ESTAT:IRT_LT_MCBY_Q(1.0),25/02/26 23:00:00,Quarterly,EMU convergence criterion bond yields,France,2000-Q4,5.23000,,
ESTAT:IRT_LT_MCBY_Q(1.0),25/02/26 23:00:00,Quarterly,EMU convergence criterion bond yields,France,2001-Q1,4.90000,,
ESTAT:IRT_LT_MCBY_Q(1.0),25/02/26 23:00:00,Quarterly,EMU convergence criterion bond yields,France,2001-Q2,5.12000,,
ESTAT:IRT_LT_MCBY_Q(1.0),25/02/26 23:00:00,Quarterly,EMU convergence criterion bond yields,France,2001-Q3,5.01000,,
ESTAT:IRT_LT_MCBY_Q(1.0),25/02/26 23:00:00,Quarterly,EMU convergence criterion bond yields,France,2001-Q4,4.72000,,
ESTAT:IRT_LT_MCBY_Q(1.0),25/02/26 23:00:00,Quarterly,EMU convergence criterion bond yields,France,2002-Q1,5.05000,,
ESTAT:IRT_LT_MCBY_Q(1.0),25/02/26 23:00:00,Quarterly,EMU convergence criterion bond yields,France,2002-Q2,5.20000,,
ESTAT:IRT_LT_MCBY_Q(1.0),25/02/26 23:00:00,Quarterly,EMU convergence criterion bond yields,France,2002-Q3,4.70000,,
ESTAT:IRT_LT_MCBY_Q(1.0),25/02/26 23:00:00,Quarterly,EMU convergence criterion bond yields,France,2002-Q4,4.49000,,
ESTAT:IRT_LT_MCBY_Q(1.0),25/02/26 23:00:00,Quarterly,EMU convergence criterion bond yields,France,2003-Q1,4.11000,,
ESTAT:IRT_LT_MCBY_Q(1.0),25/02/26 23:00:00,Quarterly,EMU convergence criterion bond yields,France,2003-Q2,3.93000,,
ESTAT:IRT_LT_MCBY_Q(1.0),25/02/26 23:00:00,Quarterly,EMU convergence criterion bond yields,France,2003-Q3,4.13000,,
ESTAT:IRT_LT_MCBY_Q(1.0),25/02/26 23:00:00,Quarterly,EMU convergence criterion bond yields,France,2003-Q4,4.34000,,
ESTAT:IRT_LT_MCBY_Q(1.0),25/02/26 23:00:00,Quarterly,EMU convergence criterion bond yields,France,2004-Q1,4.11000,,
ESTAT:IRT_LT_MCBY_Q(1.0),25/02/26 23:00:00,Quarterly,EMU convergence criterion bond yields,France,2004-Q2,4.30000,,
ESTAT:IRT_LT_MCBY_Q(1.0),25/02/26 23:00:00,Quarterly,EMU convergence criterion bond yields,France,2004-Q3,4.16000,,
ESTAT:IRT_LT_MCBY_Q(1.0),25/02/26 23:00:00,Quarterly,EMU convergence criterion bond yields,France,2004-Q4,3.83000,,
ESTAT:IRT_LT_MCBY_Q(1.0),25/02/26 23:00:00,Quarterly,EMU convergence criterion bond yields,France,2005-Q1,3.64000,,
ESTAT:IRT_LT_MCBY_Q(1.0),25/02/26 23:00:00,Quarterly,EMU convergence criterion bond yields,France,2005-Q2,3.37000,,
ESTAT:IRT_LT_MCBY_Q(1.0),25/02/26 23:00:00,Quarterly,EMU convergence criterion bond yields,France,2005-Q3,3.23000,,
ESTAT:IRT_LT_MCBY_Q(1.0),25/02/26 23:00:00,Quarterly,EMU convergence criterion bond yields,France,2005-Q4,3.39000,,
ESTAT:IRT_LT_MCBY_Q(1.0),25/02/26 23:00:00,Quarterly,EMU convergence criterion bond yields,France,2006-Q1,3.51000,,
ESTAT:IRT_LT_MCBY_Q(1.0),25/02/26 23:00:00,Quarterly,EMU convergence criterion bond yields,France,2006-Q2,3.99000,,
ESTAT:IRT_LT_MCBY_Q(1.0),25/02/26 23:00:00,Quarterly,EMU convergence criterion bond yields,France,2006-Q3,3.90000,,
ESTAT:IRT_LT_MCBY_Q(1.0),25/02/26 23:00:00,Quarterly,EMU convergence criterion bond yields,France,2006-Q4,3.79000,,
ESTAT:IRT_LT_MCBY_Q(1.0),25/02/26 23:00:00,Quarterly,EMU convergence criterion bond yields,France,2007-Q1,4.06000,,
ESTAT:IRT_LT_MCBY_Q(1.0),25/02/26 23:00:00,Quarterly,EMU convergence criterion bond yields,France,2007-Q2,4.39000,,
ESTAT:IRT_LT_MCBY_Q(1.0),25/02/26 23:00:00,Quarterly,EMU convergence criterion bond yields,France,2007-Q3,4.44000,,
ESTAT:IRT_LT_MCBY_Q(1.0),25/02/26 23:00:00,Quarterly,EMU convergence criterion bond yields,France,2007-Q4,4.33000,,
ESTAT:IRT_LT_MCBY_Q(1.0),25/02/26 23:00:00,Quarterly,EMU convergence criterion bond yields,France,2008-Q1,4.08000,,
ESTAT:IRT_LT_MCBY_Q(1.0),25/02/26 23:00:00,Quarterly,EMU convergence criterion bond yields,France,2008-Q2,4.47000,,
ESTAT:IRT_LT_MCBY_Q(1.0),25/02/26 23:00:00,Quarterly,EMU convergence criterion bond yields,France,2008-Q3,4.48000,,
ESTAT:IRT_LT_MCBY_Q(1.0),25/02/26 23:00:00,Quarterly,EMU convergence criterion bond yields,France,2008-Q4,3.90000,,
ESTAT:IRT_LT_MCBY_Q(1.0),25/02/26 23:00:00,Quarterly,EMU convergence criterion bond yields,France,2009-Q1,3.64000,,
ESTAT:IRT_LT_MCBY_Q(1.0),25/02/26 23:00:00,Quarterly,EMU convergence criterion bond yields,France,2009-Q2,3.79000,,
ESTAT:IRT_LT_MCBY_Q(1.0),25/02/26 23:00:00,Quarterly,EMU convergence criterion bond yields,France,2009-Q3,3.64000,,
ESTAT:IRT_LT_MCBY_Q(1.0),25/02/26 23:00:00,Quarterly,EMU convergence criterion bond yields,France,2009-Q4,3.53000,,
ESTAT:IRT_LT_MCBY_Q(1.0),25/02/26 23:00:00,Quarterly,EMU convergence criterion bond yields,France,2010-Q1,3.49000,,
ESTAT:IRT_LT_MCBY_Q(1.0),25/02/26 23:00:00,Quarterly,EMU convergence criterion bond yields,France,2010-Q2,3.18000,,
ESTAT:IRT_LT_MCBY_Q(1.0),25/02/26 23:00:00,Quarterly,EMU convergence criterion bond yields,France,2010-Q3,2.78000,,
ESTAT:IRT_LT_MCBY_Q(1.0),25/02/26 23:00:00,Quarterly,EMU convergence criterion bond yields,France,2010-Q4,3.02000,,
ESTAT:IRT_LT_MCBY_Q(1.0),25/02/26 23:00:00,Quarterly,EMU convergence criterion bond yields,France,2011-Q1,3.55000,,
ESTAT:IRT_LT_MCBY_Q(1.0),25/02/26 23:00:00,Quarterly,EMU convergence criterion bond yields,France,2011-Q2,3.54000,,
ESTAT:IRT_LT_MCBY_Q(1.0),25/02/26 23:00:00,Quarterly,EMU convergence criterion bond yields,France,2011-Q3,3.01000,,
ESTAT:IRT_LT_MCBY_Q(1.0),25/02/26 23:00:00,Quarterly,EMU convergence criterion bond yields,France,2011-Q4,3.19000,,
ESTAT:IRT_LT_MCBY_Q(1.0),25/02/26 23:00:00,Quarterly,EMU convergence criterion bond yields,France,2012-Q1,3.05000,,
ESTAT:IRT_LT_MCBY_Q(1.0),25/02/26 23:00:00,Quarterly,EMU convergence criterion bond yields,France,2012-Q2,2.77000,,
ESTAT:IRT_LT_MCBY_Q(1.0),25/02/26 23:00:00,Quarterly,EMU convergence criterion bond yields,France,2012-Q3,2.21000,,
ESTAT:IRT_LT_MCBY_Q(1.0),25/02/26 23:00:00,Quarterly,EMU convergence criterion bond yields,France,2012-Q4,2.11000,,
ESTAT:IRT_LT_MCBY_Q(1.0),25/02/26 23:00:00,Quarterly,EMU convergence criterion bond yields,France,2013-Q1,2.16000,,
ESTAT:IRT_LT_MCBY_Q(1.0),25/02/26 23:00:00,Quarterly,EMU convergence criterion bond yields,France,2013-Q2,1.96000,,
ESTAT:IRT_LT_MCBY_Q(1.0),25/02/26 23:00:00,Quarterly,EMU convergence criterion bond yields,France,2013-Q3,2.37000,,
ESTAT:IRT_LT_MCBY_Q(1.0),25/02/26 23:00:00,Quarterly,EMU convergence criterion bond yields,France,2013-Q4,2.33000,,
ESTAT:IRT_LT_MCBY_Q(1.0),25/02/26 23:00:00,Quarterly,EMU convergence criterion bond yields,France,2014-Q1,2.26000,,
ESTAT:IRT_LT_MCBY_Q(1.0),25/02/26 23:00:00,Quarterly,EMU convergence criterion bond yields,France,2014-Q2,1.86000,,
ESTAT:IRT_LT_MCBY_Q(1.0),25/02/26 23:00:00,Quarterly,EMU convergence criterion bond yields,France,2014-Q3,1.44000,,
ESTAT:IRT_LT_MCBY_Q(1.0),25/02/26 23:00:00,Quarterly,EMU convergence criterion bond yields,France,2014-Q4,1.11000,,
ESTAT:IRT_LT_MCBY_Q(1.0),25/02/26 23:00:00,Quarterly,EMU convergence criterion bond yields,France,2015-Q1,0.59000,,
ESTAT:IRT_LT_MCBY_Q(1.0),25/02/26 23:00:00,Quarterly,EMU convergence criterion bond yields,France,2015-Q2,0.84000,,
ESTAT:IRT_LT_MCBY_Q(1.0),25/02/26 23:00:00,Quarterly,EMU convergence criterion bond yields,France,2015-Q3,1.04000,,
ESTAT:IRT_LT_MCBY_Q(1.0),25/02/26 23:00:00,Quarterly,EMU convergence criterion bond yields,France,2015-Q4,0.89000,,
ESTAT:IRT_LT_MCBY_Q(1.0),25/02/26 23:00:00,Quarterly,EMU convergence criterion bond yields,France,2016-Q1,0.65000,,
ESTAT:IRT_LT_MCBY_Q(1.0),25/02/26 23:00:00,Quarterly,EMU convergence criterion bond yields,France,2016-Q2,0.47000,,
ESTAT:IRT_LT_MCBY_Q(1.0),25/02/26 23:00:00,Quarterly,EMU convergence criterion bond yields,France,2016-Q3,0.17000,,
ESTAT:IRT_LT_MCBY_Q(1.0),25/02/26 23:00:00,Quarterly,EMU convergence criterion bond yields,France,2016-Q4,0.58000,,
ESTAT:IRT_LT_MCBY_Q(1.0),25/02/26 23:00:00,Quarterly,EMU convergence criterion bond yields,France,2017-Q1,0.97000,,
ESTAT:IRT_LT_MCBY_Q(1.0),25/02/26 23:00:00,Quarterly,EMU convergence criterion bond yields,France,2017-Q2,0.78000,,
ESTAT:IRT_LT_MCBY_Q(1.0),25/02/26 23:00:00,Quarterly,EMU convergence criterion bond yields,France,2017-Q3,0.75000,,
ESTAT:IRT_LT_MCBY_Q(1.0),25/02/26 23:00:00,Quarterly,EMU convergence criterion bond yields,France,2017-Q4,0.73000,,
ESTAT:IRT_LT_MCBY_Q(1.0),25/02/26 23:00:00,Quarterly,EMU convergence criterion bond yields,France,2018-Q1,0.89000,,
ESTAT:IRT_LT_MCBY_Q(1.0),25/02/26 23:00:00,Quarterly,EMU convergence criterion bond yields,France,2018-Q2,0.77000,,
ESTAT:IRT_LT_MCBY_Q(1.0),25/02/26 23:00:00,Quarterly,EMU convergence criterion bond yields,France,2018-Q3,0.71000,,
ESTAT:IRT_LT_MCBY_Q(1.0),25/02/26 23:00:00,Quarterly,EMU convergence criterion bond yields,France,2018-Q4,0.76000,,
ESTAT:IRT_LT_MCBY_Q(1.0),25/02/26 23:00:00,Quarterly,EMU convergence criterion bond yields,France,2019-Q1,0.55000,,
ESTAT:IRT_LT_MCBY_Q(1.0),25/02/26 23:00:00,Quarterly,EMU convergence criterion bond yields,France,2019-Q2,0.25000,,
ESTAT:IRT_LT_MCBY_Q(1.0),25/02/26 23:00:00,Quarterly,EMU convergence criterion bond yields,France,2019-Q3,-0.23000,,
ESTAT:IRT_LT_MCBY_Q(1.0),25/02/26 23:00:00,Quarterly,EMU convergence criterion bond yields,France,2019-Q4,-0.05000,,
ESTAT:IRT_LT_MCBY_Q(1.0),25/02/26 23:00:00,Quarterly,EMU convergence criterion bond yields,France,2020-Q1,-0.08000,,
ESTAT:IRT_LT_MCBY_Q(1.0),25/02/26 23:00:00,Quarterly,EMU convergence criterion bond yields,France,2020-Q2,0.00000,,
ESTAT:IRT_LT_MCBY_Q(1.0),25/02/26 23:00:00,Quarterly,EMU convergence criterion bond yields,France,2020-Q3,-0.18000,,
ESTAT:IRT_LT_MCBY_Q(1.0),25/02/26 23:00:00,Quarterly,EMU convergence criterion bond yields,France,2020-Q4,-0.32000,,
ESTAT:IRT_LT_MCBY_Q(1.0),25/02/26 23:00:00,Quarterly,EMU convergence criterion bond yields,France,2021-Q1,-0.18000,,
ESTAT:IRT_LT_MCBY_Q(1.0),25/02/26 23:00:00,Quarterly,EMU convergence criterion bond yields,France,2021-Q2,0.12000,,
ESTAT:IRT_LT_MCBY_Q(1.0),25/02/26 23:00:00,Quarterly,EMU convergence criterion bond yields,France,2021-Q3,-0.03000,,
ESTAT:IRT_LT_MCBY_Q(1.0),25/02/26 23:00:00,Quarterly,EMU convergence criterion bond yields,France,2021-Q4,0.12000,,
ESTAT:IRT_LT_MCBY_Q(1.0),25/02/26 23:00:00,Quarterly,EMU convergence criterion bond yields,France,2022-Q1,0.59000,,
ESTAT:IRT_LT_MCBY_Q(1.0),25/02/26 23:00:00,Quarterly,EMU convergence criterion bond yields,France,2022-Q2,1.62000,,
ESTAT:IRT_LT_MCBY_Q(1.0),25/02/26 23:00:00,Quarterly,EMU convergence criterion bond yields,France,2022-Q3,1.94000,,
ESTAT:IRT_LT_MCBY_Q(1.0),25/02/26 23:00:00,Quarterly,EMU convergence criterion bond yields,France,2022-Q4,2.66000,,
ESTAT:IRT_LT_MCBY_Q(1.0),25/02/26 23:00:00,Quarterly,EMU convergence criterion bond yields,France,2023-Q1,2.83000,,
ESTAT:IRT_LT_MCBY_Q(1.0),25/02/26 23:00:00,Quarterly,EMU convergence criterion bond yields,France,2023-Q2,2.92000,,
ESTAT:IRT_LT_MCBY_Q(1.0),25/02/26 23:00:00,Quarterly,EMU convergence criterion bond yields,France,2023-Q3,3.13000,,
ESTAT:IRT_LT_MCBY_Q(1.0),25/02/26 23:00:00,Quarterly,EMU convergence criterion bond yields,France,2023-Q4,3.10000,,
ESTAT:IRT_LT_MCBY_Q(1.0),25/02/26 23:00:00,Quarterly,EMU convergence criterion bond yields,France,2024-Q1,2.80000,,
ESTAT:IRT_LT_MCBY_Q(1.0),25/02/26 23:00:00,Quarterly,EMU convergence criterion bond yields,France,2024-Q2,3.05000,,
ESTAT:IRT_LT_MCBY_Q(1.0),25/02/26 23:00:00,Quarterly,EMU convergence criterion bond yields,France,2024-Q3,2.99000,,
ESTAT:IRT_LT_MCBY_Q(1.0),25/02/26 23:00:00,Quarterly,EMU convergence criterion bond yields,France,2024-Q4,3.03000,,
ESTAT:IRT_LT_MCBY_Q(1.0),25/02/26 23:00:00,Quarterly,EMU convergence criterion bond yields,France,2025-Q1,3.30500,,
ESTAT:IRT_LT_MCBY_Q(1.0),25/02/26 23:00:00,Quarterly,EMU convergence criterion bond yields,France,2025-Q2,3.25341,,
ESTAT:IRT_LT_MCBY_Q(1.0),25/02/26 23:00:00,Quarterly,EMU convergence criterion bond yields,France,2025-Q3,3.43000,,
ESTAT:IRT_LT_MCBY_Q(1.0),25/02/26 23:00:00,Quarterly,EMU convergence criterion bond yields,France,2025-Q4,3.44000,,
ESTAT:IRT_LT_MCBY_Q(1.0),25/02/26 23:00:00,Quarterly,EMU convergence criterion bond yields,Croatia,2005-Q4,4.42000,,
ESTAT:IRT_LT_MCBY_Q(1.0),25/02/26 23:00:00,Quarterly,EMU convergence criterion bond yields,Croatia,2006-Q1,3.96000,,
ESTAT:IRT_LT_MCBY_Q(1.0),25/02/26 23:00:00,Quarterly,EMU convergence criterion bond yields,Croatia,2006-Q2,4.38000,,
ESTAT:IRT_LT_MCBY_Q(1.0),25/02/26 23:00:00,Quarterly,EMU convergence criterion bond yields,Croatia,2006-Q3,4.66000,,
ESTAT:IRT_LT_MCBY_Q(1.0),25/02/26 23:00:00,Quarterly,EMU convergence criterion bond yields,Croatia,2006-Q4,4.72000,,
ESTAT:IRT_LT_MCBY_Q(1.0),25/02/26 23:00:00,Quarterly,EMU convergence criterion bond yields,Croatia,2007-Q1,4.63000,,
ESTAT:IRT_LT_MCBY_Q(1.0),25/02/26 23:00:00,Quarterly,EMU convergence criterion bond yields,Croatia,2007-Q2,4.66000,,
ESTAT:IRT_LT_MCBY_Q(1.0),25/02/26 23:00:00,Quarterly,EMU convergence criterion bond yields,Croatia,2007-Q3,5.10000,,
ESTAT:IRT_LT_MCBY_Q(1.0),25/02/26 23:00:00,Quarterly,EMU convergence criterion bond yields,Croatia,2007-Q4,5.34000,,
ESTAT:IRT_LT_MCBY_Q(1.0),25/02/26 23:00:00,Quarterly,EMU convergence criterion bond yields,Croatia,2008-Q1,5.72000,,
ESTAT:IRT_LT_MCBY_Q(1.0),25/02/26 23:00:00,Quarterly,EMU convergence criterion bond yields,Croatia,2008-Q2,5.75000,,
ESTAT:IRT_LT_MCBY_Q(1.0),25/02/26 23:00:00,Quarterly,EMU convergence criterion bond yields,Croatia,2008-Q3,5.87000,,
ESTAT:IRT_LT_MCBY_Q(1.0),25/02/26 23:00:00,Quarterly,EMU convergence criterion bond yields,Croatia,2008-Q4,6.82000,,
ESTAT:IRT_LT_MCBY_Q(1.0),25/02/26 23:00:00,Quarterly,EMU convergence criterion bond yields,Croatia,2009-Q1,7.15000,,
ESTAT:IRT_LT_MCBY_Q(1.0),25/02/26 23:00:00,Quarterly,EMU convergence criterion bond yields,Croatia,2009-Q2,8.36000,,
ESTAT:IRT_LT_MCBY_Q(1.0),25/02/26 23:00:00,Quarterly,EMU convergence criterion bond yields,Croatia,2009-Q3,8.56000,,
ESTAT:IRT_LT_MCBY_Q(1.0),25/02/26 23:00:00,Quarterly,EMU convergence criterion bond yields,Croatia,2009-Q4,7.26000,,
ESTAT:IRT_LT_MCBY_Q(1.0),25/02/26 23:00:00,Quarterly,EMU convergence criterion bond yields,Croatia,2010-Q1,5.93000,,
ESTAT:IRT_LT_MCBY_Q(1.0),25/02/26 23:00:00,Quarterly,EMU convergence criterion bond yields,Croatia,2010-Q2,6.20000,,
ESTAT:IRT_LT_MCBY_Q(1.0),25/02/26 23:00:00,Quarterly,EMU convergence criterion bond yields,Croatia,2010-Q3,6.49000,,
ESTAT:IRT_LT_MCBY_Q(1.0),25/02/26 23:00:00,Quarterly,EMU convergence criterion bond yields,Croatia,2010-Q4,6.44000,,
ESTAT:IRT_LT_MCBY_Q(1.0),25/02/26 23:00:00,Quarterly,EMU convergence criterion bond yields,Croatia,2011-Q1,6.46000,,
ESTAT:IRT_LT_MCBY_Q(1.0),25/02/26 23:00:00,Quarterly,EMU convergence criterion bond yields,Croatia,2011-Q2,6.06000,,
ESTAT:IRT_LT_MCBY_Q(1.0),25/02/26 23:00:00,Quarterly,EMU convergence criterion bond yields,Croatia,2011-Q3,6.43000,,
ESTAT:IRT_LT_MCBY_Q(1.0),25/02/26 23:00:00,Quarterly,EMU convergence criterion bond yields,Croatia,2011-Q4,7.21000,,
ESTAT:IRT_LT_MCBY_Q(1.0),25/02/26 23:00:00,Quarterly,EMU convergence criterion bond yields,Croatia,2012-Q1,7.27000,,
ESTAT:IRT_LT_MCBY_Q(1.0),25/02/26 23:00:00,Quarterly,EMU convergence criterion bond yields,Croatia,2012-Q2,6.49000,,
ESTAT:IRT_LT_MCBY_Q(1.0),25/02/26 23:00:00,Quarterly,EMU convergence criterion bond yields,Croatia,2012-Q3,6.12000,,
ESTAT:IRT_LT_MCBY_Q(1.0),25/02/26 23:00:00,Quarterly,EMU convergence criterion bond yields,Croatia,2012-Q4,4.64000,,
ESTAT:IRT_LT_MCBY_Q(1.0),25/02/26 23:00:00,Quarterly,EMU convergence criterion bond yields,Croatia,2013-Q1,4.30000,,
ESTAT:IRT_LT_MCBY_Q(1.0),25/02/26 23:00:00,Quarterly,EMU convergence criterion bond yields,Croatia,2013-Q2,4.45000,,
ESTAT:IRT_LT_MCBY_Q(1.0),25/02/26 23:00:00,Quarterly,EMU convergence criterion bond yields,Croatia,2013-Q3,4.96000,,
ESTAT:IRT_LT_MCBY_Q(1.0),25/02/26 23:00:00,Quarterly,EMU convergence criterion bond yields,Croatia,2013-Q4,5.02000,,
ESTAT:IRT_LT_MCBY_Q(1.0),25/02/26 23:00:00,Quarterly,EMU convergence criterion bond yields,Croatia,2014-Q1,4.80000,,
ESTAT:IRT_LT_MCBY_Q(1.0),25/02/26 23:00:00,Quarterly,EMU convergence criterion bond yields,Croatia,2014-Q2,4.22000,,
ESTAT:IRT_LT_MCBY_Q(1.0),25/02/26 23:00:00,Quarterly,EMU convergence criterion bond yields,Croatia,2014-Q3,3.66000,,
ESTAT:IRT_LT_MCBY_Q(1.0),25/02/26 23:00:00,Quarterly,EMU convergence criterion bond yields,Croatia,2014-Q4,3.53000,,
ESTAT:IRT_LT_MCBY_Q(1.0),25/02/26 23:00:00,Quarterly,EMU convergence criterion bond yields,Croatia,2015-Q1,3.21000,,
ESTAT:IRT_LT_MCBY_Q(1.0),25/02/26 23:00:00,Quarterly,EMU convergence criterion bond yields,Croatia,2015-Q2,3.07000,,
ESTAT:IRT_LT_MCBY_Q(1.0),25/02/26 23:00:00,Quarterly,EMU convergence criterion bond yields,Croatia,2015-Q3,3.92000,,
ESTAT:IRT_LT_MCBY_Q(1.0),25/02/26 23:00:00,Quarterly,EMU convergence criterion bond yields,Croatia,2015-Q4,3.90000,,
ESTAT:IRT_LT_MCBY_Q(1.0),25/02/26 23:00:00,Quarterly,EMU convergence criterion bond yields,Croatia,2016-Q1,3.73000,,
ESTAT:IRT_LT_MCBY_Q(1.0),25/02/26 23:00:00,Quarterly,EMU convergence criterion bond yields,Croatia,2016-Q2,3.61000,,
ESTAT:IRT_LT_MCBY_Q(1.0),25/02/26 23:00:00,Quarterly,EMU convergence criterion bond yields,Croatia,2016-Q3,3.56000,,
ESTAT:IRT_LT_MCBY_Q(1.0),25/02/26 23:00:00,Quarterly,EMU convergence criterion bond yields,Croatia,2016-Q4,3.01000,,
ESTAT:IRT_LT_MCBY_Q(1.0),25/02/26 23:00:00,Quarterly,EMU convergence criterion bond yields,Croatia,2017-Q1,2.75000,,
ESTAT:IRT_LT_MCBY_Q(1.0),25/02/26 23:00:00,Quarterly,EMU convergence criterion bond yields,Croatia,2017-Q2,2.94000,,
ESTAT:IRT_LT_MCBY_Q(1.0),25/02/26 23:00:00,Quarterly,EMU convergence criterion bond yields,Croatia,2017-Q3,2.79000,,
ESTAT:IRT_LT_MCBY_Q(1.0),25/02/26 23:00:00,Quarterly,EMU convergence criterion bond yields,Croatia,2017-Q4,2.59000,,
ESTAT:IRT_LT_MCBY_Q(1.0),25/02/26 23:00:00,Quarterly,EMU convergence criterion bond yields,Croatia,2018-Q1,2.27000,,
ESTAT:IRT_LT_MCBY_Q(1.0),25/02/26 23:00:00,Quarterly,EMU convergence criterion bond yields,Croatia,2018-Q2,2.16000,,
ESTAT:IRT_LT_MCBY_Q(1.0),25/02/26 23:00:00,Quarterly,EMU convergence criterion bond yields,Croatia,2018-Q3,2.19000,,
ESTAT:IRT_LT_MCBY_Q(1.0),25/02/26 23:00:00,Quarterly,EMU convergence criterion bond yields,Croatia,2018-Q4,2.07000,,
ESTAT:IRT_LT_MCBY_Q(1.0),25/02/26 23:00:00,Quarterly,EMU convergence criterion bond yields,Croatia,2019-Q1,2.20000,,
ESTAT:IRT_LT_MCBY_Q(1.0),25/02/26 23:00:00,Quarterly,EMU convergence criterion bond yields,Croatia,2019-Q2,1.62000,,
ESTAT:IRT_LT_MCBY_Q(1.0),25/02/26 23:00:00,Quarterly,EMU convergence criterion bond yields,Croatia,2019-Q3,0.79000,,
ESTAT:IRT_LT_MCBY_Q(1.0),25/02/26 23:00:00,Quarterly,EMU convergence criterion bond yields,Croatia,2019-Q4,0.53000,,
ESTAT:IRT_LT_MCBY_Q(1.0),25/02/26 23:00:00,Quarterly,EMU convergence criterion bond yields,Croatia,2020-Q1,0.71000,,
ESTAT:IRT_LT_MCBY_Q(1.0),25/02/26 23:00:00,Quarterly,EMU convergence criterion bond yields,Croatia,2020-Q2,1.04000,,
ESTAT:IRT_LT_MCBY_Q(1.0),25/02/26 23:00:00,Quarterly,EMU convergence criterion bond yields,Croatia,2020-Q3,0.87000,,
ESTAT:IRT_LT_MCBY_Q(1.0),25/02/26 23:00:00,Quarterly,EMU convergence criterion bond yields,Croatia,2020-Q4,0.71000,,
ESTAT:IRT_LT_MCBY_Q(1.0),25/02/26 23:00:00,Quarterly,EMU convergence criterion bond yields,Croatia,2021-Q1,0.54000,,
ESTAT:IRT_LT_MCBY_Q(1.0),25/02/26 23:00:00,Quarterly,EMU convergence criterion bond yields,Croatia,2021-Q2,0.50000,,
ESTAT:IRT_LT_MCBY_Q(1.0),25/02/26 23:00:00,Quarterly,EMU convergence criterion bond yields,Croatia,2021-Q3,0.42000,,
ESTAT:IRT_LT_MCBY_Q(1.0),25/02/26 23:00:00,Quarterly,EMU convergence criterion bond yields,Croatia,2021-Q4,0.34000,,
ESTAT:IRT_LT_MCBY_Q(1.0),25/02/26 23:00:00,Quarterly,EMU convergence criterion bond yields,Croatia,2022-Q1,1.34000,,
ESTAT:IRT_LT_MCBY_Q(1.0),25/02/26 23:00:00,Quarterly,EMU convergence criterion bond yields,Croatia,2022-Q2,2.81000,,
ESTAT:IRT_LT_MCBY_Q(1.0),25/02/26 23:00:00,Quarterly,EMU convergence criterion bond yields,Croatia,2022-Q3,2.99000,,
ESTAT:IRT_LT_MCBY_Q(1.0),25/02/26 23:00:00,Quarterly,EMU convergence criterion bond yields,Croatia,2022-Q4,3.65000,,
ESTAT:IRT_LT_MCBY_Q(1.0),25/02/26 23:00:00,Quarterly,EMU convergence criterion bond yields,Croatia,2023-Q1,3.76000,,
ESTAT:IRT_LT_MCBY_Q(1.0),25/02/26 23:00:00,Quarterly,EMU convergence criterion bond yields,Croatia,2023-Q2,3.72000,,
ESTAT:IRT_LT_MCBY_Q(1.0),25/02/26 23:00:00,Quarterly,EMU convergence criterion bond yields,Croatia,2023-Q3,3.87000,,
ESTAT:IRT_LT_MCBY_Q(1.0),25/02/26 23:00:00,Quarterly,EMU convergence criterion bond yields,Croatia,2023-Q4,3.83000,,
ESTAT:IRT_LT_MCBY_Q(1.0),25/02/26 23:00:00,Quarterly,EMU convergence criterion bond yields,Croatia,2024-Q1,3.29000,,
ESTAT:IRT_LT_MCBY_Q(1.0),25/02/26 23:00:00,Quarterly,EMU convergence criterion bond yields,Croatia,2024-Q2,3.38000,,
ESTAT:IRT_LT_MCBY_Q(1.0),25/02/26 23:00:00,Quarterly,EMU convergence criterion bond yields,Croatia,2024-Q3,3.37000,,
ESTAT:IRT_LT_MCBY_Q(1.0),25/02/26 23:00:00,Quarterly,EMU convergence criterion bond yields,Croatia,2024-Q4,3.20000,,
ESTAT:IRT_LT_MCBY_Q(1.0),25/02/26 23:00:00,Quarterly,EMU convergence criterion bond yields,Croatia,2025-Q1,3.00722,,
ESTAT:IRT_LT_MCBY_Q(1.0),25/02/26 23:00:00,Quarterly,EMU convergence criterion bond yields,Croatia,2025-Q2,3.04330,,
ESTAT:IRT_LT_MCBY_Q(1.0),25/02/26 23:00:00,Quarterly,EMU convergence criterion bond yields,Croatia,2025-Q3,2.97000,,
ESTAT:IRT_LT_MCBY_Q(1.0),25/02/26 23:00:00,Quarterly,EMU convergence criterion bond yields,Croatia,2025-Q4,2.92984,,
ESTAT:IRT_LT_MCBY_Q(1.0),25/02/26 23:00:00,Quarterly,EMU convergence criterion bond yields,Hungary,2001-Q1,8.32000,,
ESTAT:IRT_LT_MCBY_Q(1.0),25/02/26 23:00:00,Quarterly,EMU convergence criterion bond yields,Hungary,2001-Q2,8.16000,,
ESTAT:IRT_LT_MCBY_Q(1.0),25/02/26 23:00:00,Quarterly,EMU convergence criterion bond yields,Hungary,2001-Q3,7.82000,,
ESTAT:IRT_LT_MCBY_Q(1.0),25/02/26 23:00:00,Quarterly,EMU convergence criterion bond yields,Hungary,2001-Q4,7.48000,,
ESTAT:IRT_LT_MCBY_Q(1.0),25/02/26 23:00:00,Quarterly,EMU convergence criterion bond yields,Hungary,2002-Q1,6.84000,,
ESTAT:IRT_LT_MCBY_Q(1.0),25/02/26 23:00:00,Quarterly,EMU convergence criterion bond yields,Hungary,2002-Q2,7.16000,,
ESTAT:IRT_LT_MCBY_Q(1.0),25/02/26 23:00:00,Quarterly,EMU convergence criterion bond yields,Hungary,2002-Q3,7.51000,,
ESTAT:IRT_LT_MCBY_Q(1.0),25/02/26 23:00:00,Quarterly,EMU convergence criterion bond yields,Hungary,2002-Q4,6.82000,,
ESTAT:IRT_LT_MCBY_Q(1.0),25/02/26 23:00:00,Quarterly,EMU convergence criterion bond yields,Hungary,2003-Q1,6.36000,,
ESTAT:IRT_LT_MCBY_Q(1.0),25/02/26 23:00:00,Quarterly,EMU convergence criterion bond yields,Hungary,2003-Q2,6.21000,,
ESTAT:IRT_LT_MCBY_Q(1.0),25/02/26 23:00:00,Quarterly,EMU convergence criterion bond yields,Hungary,2003-Q3,7.01000,,
ESTAT:IRT_LT_MCBY_Q(1.0),25/02/26 23:00:00,Quarterly,EMU convergence criterion bond yields,Hungary,2003-Q4,7.71000,,
ESTAT:IRT_LT_MCBY_Q(1.0),25/02/26 23:00:00,Quarterly,EMU convergence criterion bond yields,Hungary,2004-Q1,8.35000,,
ESTAT:IRT_LT_MCBY_Q(1.0),25/02/26 23:00:00,Quarterly,EMU convergence criterion bond yields,Hungary,2004-Q2,8.23000,,
ESTAT:IRT_LT_MCBY_Q(1.0),25/02/26 23:00:00,Quarterly,EMU convergence criterion bond yields,Hungary,2004-Q3,8.50000,,
ESTAT:IRT_LT_MCBY_Q(1.0),25/02/26 23:00:00,Quarterly,EMU convergence criterion bond yields,Hungary,2004-Q4,7.68000,,
ESTAT:IRT_LT_MCBY_Q(1.0),25/02/26 23:00:00,Quarterly,EMU convergence criterion bond yields,Hungary,2005-Q1,6.96000,,
ESTAT:IRT_LT_MCBY_Q(1.0),25/02/26 23:00:00,Quarterly,EMU convergence criterion bond yields,Hungary,2005-Q2,6.83000,,
ESTAT:IRT_LT_MCBY_Q(1.0),25/02/26 23:00:00,Quarterly,EMU convergence criterion bond yields,Hungary,2005-Q3,5.87000,,
ESTAT:IRT_LT_MCBY_Q(1.0),25/02/26 23:00:00,Quarterly,EMU convergence criterion bond yields,Hungary,2005-Q4,6.73000,,
ESTAT:IRT_LT_MCBY_Q(1.0),25/02/26 23:00:00,Quarterly,EMU convergence criterion bond yields,Hungary,2006-Q1,6.79000,,
ESTAT:IRT_LT_MCBY_Q(1.0),25/02/26 23:00:00,Quarterly,EMU convergence criterion bond yields,Hungary,2006-Q2,7.04000,,
ESTAT:IRT_LT_MCBY_Q(1.0),25/02/26 23:00:00,Quarterly,EMU convergence criterion bond yields,Hungary,2006-Q3,7.54000,,
ESTAT:IRT_LT_MCBY_Q(1.0),25/02/26 23:00:00,Quarterly,EMU convergence criterion bond yields,Hungary,2006-Q4,7.10000,,
ESTAT:IRT_LT_MCBY_Q(1.0),25/02/26 23:00:00,Quarterly,EMU convergence criterion bond yields,Hungary,2007-Q1,6.90000,,
ESTAT:IRT_LT_MCBY_Q(1.0),25/02/26 23:00:00,Quarterly,EMU convergence criterion bond yields,Hungary,2007-Q2,6.63000,,
ESTAT:IRT_LT_MCBY_Q(1.0),25/02/26 23:00:00,Quarterly,EMU convergence criterion bond yields,Hungary,2007-Q3,6.68000,,
ESTAT:IRT_LT_MCBY_Q(1.0),25/02/26 23:00:00,Quarterly,EMU convergence criterion bond yields,Hungary,2007-Q4,6.76000,,
ESTAT:IRT_LT_MCBY_Q(1.0),25/02/26 23:00:00,Quarterly,EMU convergence criterion bond yields,Hungary,2008-Q1,7.70000,,
ESTAT:IRT_LT_MCBY_Q(1.0),25/02/26 23:00:00,Quarterly,EMU convergence criterion bond yields,Hungary,2008-Q2,8.20000,,
ESTAT:IRT_LT_MCBY_Q(1.0),25/02/26 23:00:00,Quarterly,EMU convergence criterion bond yields,Hungary,2008-Q3,7.96000,,
ESTAT:IRT_LT_MCBY_Q(1.0),25/02/26 23:00:00,Quarterly,EMU convergence criterion bond yields,Hungary,2008-Q4,9.10000,,
ESTAT:IRT_LT_MCBY_Q(1.0),25/02/26 23:00:00,Quarterly,EMU convergence criterion bond yields,Hungary,2009-Q1,10.35000,,
ESTAT:IRT_LT_MCBY_Q(1.0),25/02/26 23:00:00,Quarterly,EMU convergence criterion bond yields,Hungary,2009-Q2,10.26000,,
ESTAT:IRT_LT_MCBY_Q(1.0),25/02/26 23:00:00,Quarterly,EMU convergence criterion bond yields,Hungary,2009-Q3,8.37000,,
ESTAT:IRT_LT_MCBY_Q(1.0),25/02/26 23:00:00,Quarterly,EMU convergence criterion bond yields,Hungary,2009-Q4,7.50000,,
ESTAT:IRT_LT_MCBY_Q(1.0),25/02/26 23:00:00,Quarterly,EMU convergence criterion bond yields,Hungary,2010-Q1,7.49000,,
ESTAT:IRT_LT_MCBY_Q(1.0),25/02/26 23:00:00,Quarterly,EMU convergence criterion bond yields,Hungary,2010-Q2,7.08000,,
ESTAT:IRT_LT_MCBY_Q(1.0),25/02/26 23:00:00,Quarterly,EMU convergence criterion bond yields,Hungary,2010-Q3,7.17000,,
ESTAT:IRT_LT_MCBY_Q(1.0),25/02/26 23:00:00,Quarterly,EMU convergence criterion bond yields,Hungary,2010-Q4,7.39000,,
ESTAT:IRT_LT_MCBY_Q(1.0),25/02/26 23:00:00,Quarterly,EMU convergence criterion bond yields,Hungary,2011-Q1,7.46000,,
ESTAT:IRT_LT_MCBY_Q(1.0),25/02/26 23:00:00,Quarterly,EMU convergence criterion bond yields,Hungary,2011-Q2,7.13000,,
ESTAT:IRT_LT_MCBY_Q(1.0),25/02/26 23:00:00,Quarterly,EMU convergence criterion bond yields,Hungary,2011-Q3,7.49000,,
ESTAT:IRT_LT_MCBY_Q(1.0),25/02/26 23:00:00,Quarterly,EMU convergence criterion bond yields,Hungary,2011-Q4,8.46000,,
ESTAT:IRT_LT_MCBY_Q(1.0),25/02/26 23:00:00,Quarterly,EMU convergence criterion bond yields,Hungary,2012-Q1,8.95000,,
ESTAT:IRT_LT_MCBY_Q(1.0),25/02/26 23:00:00,Quarterly,EMU convergence criterion bond yields,Hungary,2012-Q2,8.47000,,
ESTAT:IRT_LT_MCBY_Q(1.0),25/02/26 23:00:00,Quarterly,EMU convergence criterion bond yields,Hungary,2012-Q3,7.40000,,
ESTAT:IRT_LT_MCBY_Q(1.0),25/02/26 23:00:00,Quarterly,EMU convergence criterion bond yields,Hungary,2012-Q4,6.75000,,
ESTAT:IRT_LT_MCBY_Q(1.0),25/02/26 23:00:00,Quarterly,EMU convergence criterion bond yields,Hungary,2013-Q1,6.30000,,
ESTAT:IRT_LT_MCBY_Q(1.0),25/02/26 23:00:00,Quarterly,EMU convergence criterion bond yields,Hungary,2013-Q2,5.58000,,
ESTAT:IRT_LT_MCBY_Q(1.0),25/02/26 23:00:00,Quarterly,EMU convergence criterion bond yields,Hungary,2013-Q3,6.08000,,
ESTAT:IRT_LT_MCBY_Q(1.0),25/02/26 23:00:00,Quarterly,EMU convergence criterion bond yields,Hungary,2013-Q4,5.73000,,
ESTAT:IRT_LT_MCBY_Q(1.0),25/02/26 23:00:00,Quarterly,EMU convergence criterion bond yields,Hungary,2014-Q1,5.82000,,
ESTAT:IRT_LT_MCBY_Q(1.0),25/02/26 23:00:00,Quarterly,EMU convergence criterion bond yields,Hungary,2014-Q2,5.02000,,
ESTAT:IRT_LT_MCBY_Q(1.0),25/02/26 23:00:00,Quarterly,EMU convergence criterion bond yields,Hungary,2014-Q3,4.55000,,
ESTAT:IRT_LT_MCBY_Q(1.0),25/02/26 23:00:00,Quarterly,EMU convergence criterion bond yields,Hungary,2014-Q4,3.84000,,
ESTAT:IRT_LT_MCBY_Q(1.0),25/02/26 23:00:00,Quarterly,EMU convergence criterion bond yields,Hungary,2015-Q1,3.18000,,
ESTAT:IRT_LT_MCBY_Q(1.0),25/02/26 23:00:00,Quarterly,EMU convergence criterion bond yields,Hungary,2015-Q2,3.58000,,
ESTAT:IRT_LT_MCBY_Q(1.0),25/02/26 23:00:00,Quarterly,EMU convergence criterion bond yields,Hungary,2015-Q3,3.61000,,
ESTAT:IRT_LT_MCBY_Q(1.0),25/02/26 23:00:00,Quarterly,EMU convergence criterion bond yields,Hungary,2015-Q4,3.36000,,
ESTAT:IRT_LT_MCBY_Q(1.0),25/02/26 23:00:00,Quarterly,EMU convergence criterion bond yields,Hungary,2016-Q1,3.28000,,
ESTAT:IRT_LT_MCBY_Q(1.0),25/02/26 23:00:00,Quarterly,EMU convergence criterion bond yields,Hungary,2016-Q2,3.23000,,
ESTAT:IRT_LT_MCBY_Q(1.0),25/02/26 23:00:00,Quarterly,EMU convergence criterion bond yields,Hungary,2016-Q3,2.86000,,
ESTAT:IRT_LT_MCBY_Q(1.0),25/02/26 23:00:00,Quarterly,EMU convergence criterion bond yields,Hungary,2016-Q4,3.20000,,
ESTAT:IRT_LT_MCBY_Q(1.0),25/02/26 23:00:00,Quarterly,EMU convergence criterion bond yields,Hungary,2017-Q1,3.47000,,
ESTAT:IRT_LT_MCBY_Q(1.0),25/02/26 23:00:00,Quarterly,EMU convergence criterion bond yields,Hungary,2017-Q2,3.12000,,
ESTAT:IRT_LT_MCBY_Q(1.0),25/02/26 23:00:00,Quarterly,EMU convergence criterion bond yields,Hungary,2017-Q3,2.97000,,
ESTAT:IRT_LT_MCBY_Q(1.0),25/02/26 23:00:00,Quarterly,EMU convergence criterion bond yields,Hungary,2017-Q4,2.29000,,
ESTAT:IRT_LT_MCBY_Q(1.0),25/02/26 23:00:00,Quarterly,EMU convergence criterion bond yields,Hungary,2018-Q1,2.41000,,
ESTAT:IRT_LT_MCBY_Q(1.0),25/02/26 23:00:00,Quarterly,EMU convergence criterion bond yields,Hungary,2018-Q2,2.92000,,
ESTAT:IRT_LT_MCBY_Q(1.0),25/02/26 23:00:00,Quarterly,EMU convergence criterion bond yields,Hungary,2018-Q3,3.46000,,
ESTAT:IRT_LT_MCBY_Q(1.0),25/02/26 23:00:00,Quarterly,EMU convergence criterion bond yields,Hungary,2018-Q4,3.45000,,
ESTAT:IRT_LT_MCBY_Q(1.0),25/02/26 23:00:00,Quarterly,EMU convergence criterion bond yields,Hungary,2019-Q1,2.85000,,
ESTAT:IRT_LT_MCBY_Q(1.0),25/02/26 23:00:00,Quarterly,EMU convergence criterion bond yields,Hungary,2019-Q2,3.02000,,
ESTAT:IRT_LT_MCBY_Q(1.0),25/02/26 23:00:00,Quarterly,EMU convergence criterion bond yields,Hungary,2019-Q3,2.06000,,
ESTAT:IRT_LT_MCBY_Q(1.0),25/02/26 23:00:00,Quarterly,EMU convergence criterion bond yields,Hungary,2019-Q4,1.93000,,
ESTAT:IRT_LT_MCBY_Q(1.0),25/02/26 23:00:00,Quarterly,EMU convergence criterion bond yields,Hungary,2020-Q1,2.22000,,
ESTAT:IRT_LT_MCBY_Q(1.0),25/02/26 23:00:00,Quarterly,EMU convergence criterion bond yields,Hungary,2020-Q2,2.22000,,
ESTAT:IRT_LT_MCBY_Q(1.0),25/02/26 23:00:00,Quarterly,EMU convergence criterion bond yields,Hungary,2020-Q3,2.27000,,
ESTAT:IRT_LT_MCBY_Q(1.0),25/02/26 23:00:00,Quarterly,EMU convergence criterion bond yields,Hungary,2020-Q4,2.19000,,
ESTAT:IRT_LT_MCBY_Q(1.0),25/02/26 23:00:00,Quarterly,EMU convergence criterion bond yields,Hungary,2021-Q1,2.44000,,
ESTAT:IRT_LT_MCBY_Q(1.0),25/02/26 23:00:00,Quarterly,EMU convergence criterion bond yields,Hungary,2021-Q2,2.83000,,
ESTAT:IRT_LT_MCBY_Q(1.0),25/02/26 23:00:00,Quarterly,EMU convergence criterion bond yields,Hungary,2021-Q3,2.92000,,
ESTAT:IRT_LT_MCBY_Q(1.0),25/02/26 23:00:00,Quarterly,EMU convergence criterion bond yields,Hungary,2021-Q4,4.06000,,
ESTAT:IRT_LT_MCBY_Q(1.0),25/02/26 23:00:00,Quarterly,EMU convergence criterion bond yields,Hungary,2022-Q1,5.16000,,
ESTAT:IRT_LT_MCBY_Q(1.0),25/02/26 23:00:00,Quarterly,EMU convergence criterion bond yields,Hungary,2022-Q2,7.24000,,
ESTAT:IRT_LT_MCBY_Q(1.0),25/02/26 23:00:00,Quarterly,EMU convergence criterion bond yields,Hungary,2022-Q3,8.64000,,
ESTAT:IRT_LT_MCBY_Q(1.0),25/02/26 23:00:00,Quarterly,EMU convergence criterion bond yields,Hungary,2022-Q4,9.23000,,
ESTAT:IRT_LT_MCBY_Q(1.0),25/02/26 23:00:00,Quarterly,EMU convergence criterion bond yields,Hungary,2023-Q1,8.18000,,
ESTAT:IRT_LT_MCBY_Q(1.0),25/02/26 23:00:00,Quarterly,EMU convergence criterion bond yields,Hungary,2023-Q2,7.78000,,
ESTAT:IRT_LT_MCBY_Q(1.0),25/02/26 23:00:00,Quarterly,EMU convergence criterion bond yields,Hungary,2023-Q3,7.20000,,
ESTAT:IRT_LT_MCBY_Q(1.0),25/02/26 23:00:00,Quarterly,EMU convergence criterion bond yields,Hungary,2023-Q4,6.90000,,
ESTAT:IRT_LT_MCBY_Q(1.0),25/02/26 23:00:00,Quarterly,EMU convergence criterion bond yields,Hungary,2024-Q1,6.23000,,
ESTAT:IRT_LT_MCBY_Q(1.0),25/02/26 23:00:00,Quarterly,EMU convergence criterion bond yields,Hungary,2024-Q2,6.85000,,
ESTAT:IRT_LT_MCBY_Q(1.0),25/02/26 23:00:00,Quarterly,EMU convergence criterion bond yields,Hungary,2024-Q3,6.38000,,
ESTAT:IRT_LT_MCBY_Q(1.0),25/02/26 23:00:00,Quarterly,EMU convergence criterion bond yields,Hungary,2024-Q4,6.55000,,
ESTAT:IRT_LT_MCBY_Q(1.0),25/02/26 23:00:00,Quarterly,EMU convergence criterion bond yields,Hungary,2025-Q1,6.84846,,
ESTAT:IRT_LT_MCBY_Q(1.0),25/02/26 23:00:00,Quarterly,EMU convergence criterion bond yields,Hungary,2025-Q2,7.00504,,
ESTAT:IRT_LT_MCBY_Q(1.0),25/02/26 23:00:00,Quarterly,EMU convergence criterion bond yields,Hungary,2025-Q3,7.00000,,
ESTAT:IRT_LT_MCBY_Q(1.0),25/02/26 23:00:00,Quarterly,EMU convergence criterion bond yields,Hungary,2025-Q4,6.87998,,
ESTAT:IRT_LT_MCBY_Q(1.0),25/02/26 23:00:00,Quarterly,EMU convergence criterion bond yields,Ireland,1988-Q4,8.37000,,
ESTAT:IRT_LT_MCBY_Q(1.0),25/02/26 23:00:00,Quarterly,EMU convergence criterion bond yields,Ireland,1989-Q1,8.75333,,
ESTAT:IRT_LT_MCBY_Q(1.0),25/02/26 23:00:00,Quarterly,EMU convergence criterion bond yields,Ireland,1989-Q2,9.07333,,
ESTAT:IRT_LT_MCBY_Q(1.0),25/02/26 23:00:00,Quarterly,EMU convergence criterion bond yields,Ireland,1989-Q3,8.77000,,
ESTAT:IRT_LT_MCBY_Q(1.0),25/02/26 23:00:00,Quarterly,EMU convergence criterion bond yields,Ireland,1989-Q4,9.14667,,
ESTAT:IRT_LT_MCBY_Q(1.0),25/02/26 23:00:00,Quarterly,EMU convergence criterion bond yields,Ireland,1990-Q1,10.13667,,
ESTAT:IRT_LT_MCBY_Q(1.0),25/02/26 23:00:00,Quarterly,EMU convergence criterion bond yields,Ireland,1990-Q2,10.10333,,
ESTAT:IRT_LT_MCBY_Q(1.0),25/02/26 23:00:00,Quarterly,EMU convergence criterion bond yields,Ireland,1990-Q3,10.06000,,
ESTAT:IRT_LT_MCBY_Q(1.0),25/02/26 23:00:00,Quarterly,EMU convergence criterion bond yields,Ireland,1990-Q4,10.03333,,
ESTAT:IRT_LT_MCBY_Q(1.0),25/02/26 23:00:00,Quarterly,EMU convergence criterion bond yields,Ireland,1991-Q1,9.35000,,
ESTAT:IRT_LT_MCBY_Q(1.0),25/02/26 23:00:00,Quarterly,EMU convergence criterion bond yields,Ireland,1991-Q2,9.09000,,
ESTAT:IRT_LT_MCBY_Q(1.0),25/02/26 23:00:00,Quarterly,EMU convergence criterion bond yields,Ireland,1991-Q3,9.30000,,
ESTAT:IRT_LT_MCBY_Q(1.0),25/02/26 23:00:00,Quarterly,EMU convergence criterion bond yields,Ireland,1991-Q4,9.10333,,
ESTAT:IRT_LT_MCBY_Q(1.0),25/02/26 23:00:00,Quarterly,EMU convergence criterion bond yields,Ireland,1992-Q1,8.77000,,
ESTAT:IRT_LT_MCBY_Q(1.0),25/02/26 23:00:00,Quarterly,EMU convergence criterion bond yields,Ireland,1992-Q2,8.82000,,
ESTAT:IRT_LT_MCBY_Q(1.0),25/02/26 23:00:00,Quarterly,EMU convergence criterion bond yields,Ireland,1992-Q3,9.05667,,
ESTAT:IRT_LT_MCBY_Q(1.0),25/02/26 23:00:00,Quarterly,EMU convergence criterion bond yields,Ireland,1992-Q4,9.63333,,
ESTAT:IRT_LT_MCBY_Q(1.0),25/02/26 23:00:00,Quarterly,EMU convergence criterion bond yields,Ireland,1993-Q1,9.25000,,
ESTAT:IRT_LT_MCBY_Q(1.0),25/02/26 23:00:00,Quarterly,EMU convergence criterion bond yields,Ireland,1993-Q2,7.85000,,
ESTAT:IRT_LT_MCBY_Q(1.0),25/02/26 23:00:00,Quarterly,EMU convergence criterion bond yields,Ireland,1993-Q3,7.15000,,
ESTAT:IRT_LT_MCBY_Q(1.0),25/02/26 23:00:00,Quarterly,EMU convergence criterion bond yields,Ireland,1993-Q4,6.55000,,
ESTAT:IRT_LT_MCBY_Q(1.0),25/02/26 23:00:00,Quarterly,EMU convergence criterion bond yields,Ireland,1994-Q1,6.56000,,
ESTAT:IRT_LT_MCBY_Q(1.0),25/02/26 23:00:00,Quarterly,EMU convergence criterion bond yields,Ireland,1994-Q2,8.01000,,
ESTAT:IRT_LT_MCBY_Q(1.0),25/02/26 23:00:00,Quarterly,EMU convergence criterion bond yields,Ireland,1994-Q3,8.53000,,
ESTAT:IRT_LT_MCBY_Q(1.0),25/02/26 23:00:00,Quarterly,EMU convergence criterion bond yields,Ireland,1994-Q4,8.59000,,
ESTAT:IRT_LT_MCBY_Q(1.0),25/02/26 23:00:00,Quarterly,EMU convergence criterion bond yields,Ireland,1995-Q1,8.75000,,
ESTAT:IRT_LT_MCBY_Q(1.0),25/02/26 23:00:00,Quarterly,EMU convergence criterion bond yields,Ireland,1995-Q2,8.43000,,
ESTAT:IRT_LT_MCBY_Q(1.0),25/02/26 23:00:00,Quarterly,EMU convergence criterion bond yields,Ireland,1995-Q3,8.17000,,
ESTAT:IRT_LT_MCBY_Q(1.0),25/02/26 23:00:00,Quarterly,EMU convergence criterion bond yields,Ireland,1995-Q4,7.67000,,
ESTAT:IRT_LT_MCBY_Q(1.0),25/02/26 23:00:00,Quarterly,EMU convergence criterion bond yields,Ireland,1996-Q1,7.51000,,
ESTAT:IRT_LT_MCBY_Q(1.0),25/02/26 23:00:00,Quarterly,EMU convergence criterion bond yields,Ireland,1996-Q2,7.58000,,
ESTAT:IRT_LT_MCBY_Q(1.0),25/02/26 23:00:00,Quarterly,EMU convergence criterion bond yields,Ireland,1996-Q3,7.38000,,
ESTAT:IRT_LT_MCBY_Q(1.0),25/02/26 23:00:00,Quarterly,EMU convergence criterion bond yields,Ireland,1996-Q4,6.69000,,
ESTAT:IRT_LT_MCBY_Q(1.0),25/02/26 23:00:00,Quarterly,EMU convergence criterion bond yields,Ireland,1997-Q1,6.51000,,
ESTAT:IRT_LT_MCBY_Q(1.0),25/02/26 23:00:00,Quarterly,EMU convergence criterion bond yields,Ireland,1997-Q2,6.57000,,
ESTAT:IRT_LT_MCBY_Q(1.0),25/02/26 23:00:00,Quarterly,EMU convergence criterion bond yields,Ireland,1997-Q3,6.23000,,
ESTAT:IRT_LT_MCBY_Q(1.0),25/02/26 23:00:00,Quarterly,EMU convergence criterion bond yields,Ireland,1997-Q4,5.86000,,
ESTAT:IRT_LT_MCBY_Q(1.0),25/02/26 23:00:00,Quarterly,EMU convergence criterion bond yields,Ireland,1998-Q1,5.22000,,
ESTAT:IRT_LT_MCBY_Q(1.0),25/02/26 23:00:00,Quarterly,EMU convergence criterion bond yields,Ireland,1998-Q2,5.07000,,
ESTAT:IRT_LT_MCBY_Q(1.0),25/02/26 23:00:00,Quarterly,EMU convergence criterion bond yields,Ireland,1998-Q3,4.66000,,
ESTAT:IRT_LT_MCBY_Q(1.0),25/02/26 23:00:00,Quarterly,EMU convergence criterion bond yields,Ireland,1998-Q4,4.23000,,
ESTAT:IRT_LT_MCBY_Q(1.0),25/02/26 23:00:00,Quarterly,EMU convergence criterion bond yields,Ireland,1999-Q1,4.03000,,
ESTAT:IRT_LT_MCBY_Q(1.0),25/02/26 23:00:00,Quarterly,EMU convergence criterion bond yields,Ireland,1999-Q2,4.24000,,
ESTAT:IRT_LT_MCBY_Q(1.0),25/02/26 23:00:00,Quarterly,EMU convergence criterion bond yields,Ireland,1999-Q3,5.15000,,
ESTAT:IRT_LT_MCBY_Q(1.0),25/02/26 23:00:00,Quarterly,EMU convergence criterion bond yields,Ireland,1999-Q4,5.42000,,
ESTAT:IRT_LT_MCBY_Q(1.0),25/02/26 23:00:00,Quarterly,EMU convergence criterion bond yields,Ireland,2000-Q1,5.71000,,
ESTAT:IRT_LT_MCBY_Q(1.0),25/02/26 23:00:00,Quarterly,EMU convergence criterion bond yields,Ireland,2000-Q2,5.50000,,
ESTAT:IRT_LT_MCBY_Q(1.0),25/02/26 23:00:00,Quarterly,EMU convergence criterion bond yields,Ireland,2000-Q3,5.50000,,
ESTAT:IRT_LT_MCBY_Q(1.0),25/02/26 23:00:00,Quarterly,EMU convergence criterion bond yields,Ireland,2000-Q4,5.33000,,
ESTAT:IRT_LT_MCBY_Q(1.0),25/02/26 23:00:00,Quarterly,EMU convergence criterion bond yields,Ireland,2001-Q1,4.99000,,
ESTAT:IRT_LT_MCBY_Q(1.0),25/02/26 23:00:00,Quarterly,EMU convergence criterion bond yields,Ireland,2001-Q2,5.20000,,
ESTAT:IRT_LT_MCBY_Q(1.0),25/02/26 23:00:00,Quarterly,EMU convergence criterion bond yields,Ireland,2001-Q3,5.08000,,
ESTAT:IRT_LT_MCBY_Q(1.0),25/02/26 23:00:00,Quarterly,EMU convergence criterion bond yields,Ireland,2001-Q4,4.78000,,
ESTAT:IRT_LT_MCBY_Q(1.0),25/02/26 23:00:00,Quarterly,EMU convergence criterion bond yields,Ireland,2002-Q1,5.21000,,
ESTAT:IRT_LT_MCBY_Q(1.0),25/02/26 23:00:00,Quarterly,EMU convergence criterion bond yields,Ireland,2002-Q2,5.36000,,
ESTAT:IRT_LT_MCBY_Q(1.0),25/02/26 23:00:00,Quarterly,EMU convergence criterion bond yields,Ireland,2002-Q3,4.86000,,
ESTAT:IRT_LT_MCBY_Q(1.0),25/02/26 23:00:00,Quarterly,EMU convergence criterion bond yields,Ireland,2002-Q4,4.61000,,
ESTAT:IRT_LT_MCBY_Q(1.0),25/02/26 23:00:00,Quarterly,EMU convergence criterion bond yields,Ireland,2003-Q1,4.14000,,
ESTAT:IRT_LT_MCBY_Q(1.0),25/02/26 23:00:00,Quarterly,EMU convergence criterion bond yields,Ireland,2003-Q2,3.93000,,
ESTAT:IRT_LT_MCBY_Q(1.0),25/02/26 23:00:00,Quarterly,EMU convergence criterion bond yields,Ireland,2003-Q3,4.12000,,
ESTAT:IRT_LT_MCBY_Q(1.0),25/02/26 23:00:00,Quarterly,EMU convergence criterion bond yields,Ireland,2003-Q4,4.33000,,
ESTAT:IRT_LT_MCBY_Q(1.0),25/02/26 23:00:00,Quarterly,EMU convergence criterion bond yields,Ireland,2004-Q1,4.11000,,
ESTAT:IRT_LT_MCBY_Q(1.0),25/02/26 23:00:00,Quarterly,EMU convergence criterion bond yields,Ireland,2004-Q2,4.29000,,
ESTAT:IRT_LT_MCBY_Q(1.0),25/02/26 23:00:00,Quarterly,EMU convergence criterion bond yields,Ireland,2004-Q3,4.13000,,
ESTAT:IRT_LT_MCBY_Q(1.0),25/02/26 23:00:00,Quarterly,EMU convergence criterion bond yields,Ireland,2004-Q4,3.78000,,
ESTAT:IRT_LT_MCBY_Q(1.0),25/02/26 23:00:00,Quarterly,EMU convergence criterion bond yields,Ireland,2005-Q1,3.56000,,
ESTAT:IRT_LT_MCBY_Q(1.0),25/02/26 23:00:00,Quarterly,EMU convergence criterion bond yields,Ireland,2005-Q2,3.29000,,
ESTAT:IRT_LT_MCBY_Q(1.0),25/02/26 23:00:00,Quarterly,EMU convergence criterion bond yields,Ireland,2005-Q3,3.15000,,
ESTAT:IRT_LT_MCBY_Q(1.0),25/02/26 23:00:00,Quarterly,EMU convergence criterion bond yields,Ireland,2005-Q4,3.32000,,
ESTAT:IRT_LT_MCBY_Q(1.0),25/02/26 23:00:00,Quarterly,EMU convergence criterion bond yields,Ireland,2006-Q1,3.48000,,
ESTAT:IRT_LT_MCBY_Q(1.0),25/02/26 23:00:00,Quarterly,EMU convergence criterion bond yields,Ireland,2006-Q2,3.95000,,
ESTAT:IRT_LT_MCBY_Q(1.0),25/02/26 23:00:00,Quarterly,EMU convergence criterion bond yields,Ireland,2006-Q3,3.88000,,
ESTAT:IRT_LT_MCBY_Q(1.0),25/02/26 23:00:00,Quarterly,EMU convergence criterion bond yields,Ireland,2006-Q4,3.75000,,
ESTAT:IRT_LT_MCBY_Q(1.0),25/02/26 23:00:00,Quarterly,EMU convergence criterion bond yields,Ireland,2007-Q1,4.03000,,
ESTAT:IRT_LT_MCBY_Q(1.0),25/02/26 23:00:00,Quarterly,EMU convergence criterion bond yields,Ireland,2007-Q2,4.38000,,
ESTAT:IRT_LT_MCBY_Q(1.0),25/02/26 23:00:00,Quarterly,EMU convergence criterion bond yields,Ireland,2007-Q3,4.44000,,
ESTAT:IRT_LT_MCBY_Q(1.0),25/02/26 23:00:00,Quarterly,EMU convergence criterion bond yields,Ireland,2007-Q4,4.38000,,
ESTAT:IRT_LT_MCBY_Q(1.0),25/02/26 23:00:00,Quarterly,EMU convergence criterion bond yields,Ireland,2008-Q1,4.21000,,
ESTAT:IRT_LT_MCBY_Q(1.0),25/02/26 23:00:00,Quarterly,EMU convergence criterion bond yields,Ireland,2008-Q2,4.64000,,
ESTAT:IRT_LT_MCBY_Q(1.0),25/02/26 23:00:00,Quarterly,EMU convergence criterion bond yields,Ireland,2008-Q3,4.69000,,
ESTAT:IRT_LT_MCBY_Q(1.0),25/02/26 23:00:00,Quarterly,EMU convergence criterion bond yields,Ireland,2008-Q4,4.56000,,
ESTAT:IRT_LT_MCBY_Q(1.0),25/02/26 23:00:00,Quarterly,EMU convergence criterion bond yields,Ireland,2009-Q1,5.54000,,
ESTAT:IRT_LT_MCBY_Q(1.0),25/02/26 23:00:00,Quarterly,EMU convergence criterion bond yields,Ireland,2009-Q2,5.45000,,
ESTAT:IRT_LT_MCBY_Q(1.0),25/02/26 23:00:00,Quarterly,EMU convergence criterion bond yields,Ireland,2009-Q3,5.09000,,
ESTAT:IRT_LT_MCBY_Q(1.0),25/02/26 23:00:00,Quarterly,EMU convergence criterion bond yields,Ireland,2009-Q4,4.82000,,
ESTAT:IRT_LT_MCBY_Q(1.0),25/02/26 23:00:00,Quarterly,EMU convergence criterion bond yields,Ireland,2010-Q1,4.70000,,
ESTAT:IRT_LT_MCBY_Q(1.0),25/02/26 23:00:00,Quarterly,EMU convergence criterion bond yields,Ireland,2010-Q2,4.98000,,
ESTAT:IRT_LT_MCBY_Q(1.0),25/02/26 23:00:00,Quarterly,EMU convergence criterion bond yields,Ireland,2010-Q3,5.59000,,
ESTAT:IRT_LT_MCBY_Q(1.0),25/02/26 23:00:00,Quarterly,EMU convergence criterion bond yields,Ireland,2010-Q4,7.70000,,
ESTAT:IRT_LT_MCBY_Q(1.0),25/02/26 23:00:00,Quarterly,EMU convergence criterion bond yields,Ireland,2011-Q1,9.17000,,
ESTAT:IRT_LT_MCBY_Q(1.0),25/02/26 23:00:00,Quarterly,EMU convergence criterion bond yields,Ireland,2011-Q2,10.62000,,
ESTAT:IRT_LT_MCBY_Q(1.0),25/02/26 23:00:00,Quarterly,EMU convergence criterion bond yields,Ireland,2011-Q3,10.18000,,
ESTAT:IRT_LT_MCBY_Q(1.0),25/02/26 23:00:00,Quarterly,EMU convergence criterion bond yields,Ireland,2011-Q4,8.44000,,
ESTAT:IRT_LT_MCBY_Q(1.0),25/02/26 23:00:00,Quarterly,EMU convergence criterion bond yields,Ireland,2012-Q1,7.21000,,
ESTAT:IRT_LT_MCBY_Q(1.0),25/02/26 23:00:00,Quarterly,EMU convergence criterion bond yields,Ireland,2012-Q2,7.03000,,
ESTAT:IRT_LT_MCBY_Q(1.0),25/02/26 23:00:00,Quarterly,EMU convergence criterion bond yields,Ireland,2012-Q3,5.77000,,
ESTAT:IRT_LT_MCBY_Q(1.0),25/02/26 23:00:00,Quarterly,EMU convergence criterion bond yields,Ireland,2012-Q4,4.68000,,
ESTAT:IRT_LT_MCBY_Q(1.0),25/02/26 23:00:00,Quarterly,EMU convergence criterion bond yields,Ireland,2013-Q1,3.93000,,
ESTAT:IRT_LT_MCBY_Q(1.0),25/02/26 23:00:00,Quarterly,EMU convergence criterion bond yields,Ireland,2013-Q2,3.76000,,
ESTAT:IRT_LT_MCBY_Q(1.0),25/02/26 23:00:00,Quarterly,EMU convergence criterion bond yields,Ireland,2013-Q3,3.92000,,
ESTAT:IRT_LT_MCBY_Q(1.0),25/02/26 23:00:00,Quarterly,EMU convergence criterion bond yields,Ireland,2013-Q4,3.55000,,
ESTAT:IRT_LT_MCBY_Q(1.0),25/02/26 23:00:00,Quarterly,EMU convergence criterion bond yields,Ireland,2014-Q1,3.23000,,
ESTAT:IRT_LT_MCBY_Q(1.0),25/02/26 23:00:00,Quarterly,EMU convergence criterion bond yields,Ireland,2014-Q2,2.68000,,
ESTAT:IRT_LT_MCBY_Q(1.0),25/02/26 23:00:00,Quarterly,EMU convergence criterion bond yields,Ireland,2014-Q3,2.02000,,
ESTAT:IRT_LT_MCBY_Q(1.0),25/02/26 23:00:00,Quarterly,EMU convergence criterion bond yields,Ireland,2014-Q4,1.54000,,
ESTAT:IRT_LT_MCBY_Q(1.0),25/02/26 23:00:00,Quarterly,EMU convergence criterion bond yields,Ireland,2015-Q1,1.05000,,
ESTAT:IRT_LT_MCBY_Q(1.0),25/02/26 23:00:00,Quarterly,EMU convergence criterion bond yields,Ireland,2015-Q2,1.21000,,
ESTAT:IRT_LT_MCBY_Q(1.0),25/02/26 23:00:00,Quarterly,EMU convergence criterion bond yields,Ireland,2015-Q3,1.36000,,
ESTAT:IRT_LT_MCBY_Q(1.0),25/02/26 23:00:00,Quarterly,EMU convergence criterion bond yields,Ireland,2015-Q4,1.12000,,
ESTAT:IRT_LT_MCBY_Q(1.0),25/02/26 23:00:00,Quarterly,EMU convergence criterion bond yields,Ireland,2016-Q1,0.96000,,
ESTAT:IRT_LT_MCBY_Q(1.0),25/02/26 23:00:00,Quarterly,EMU convergence criterion bond yields,Ireland,2016-Q2,0.82000,,
ESTAT:IRT_LT_MCBY_Q(1.0),25/02/26 23:00:00,Quarterly,EMU convergence criterion bond yields,Ireland,2016-Q3,0.43000,,
ESTAT:IRT_LT_MCBY_Q(1.0),25/02/26 23:00:00,Quarterly,EMU convergence criterion bond yields,Ireland,2016-Q4,0.73000,,
ESTAT:IRT_LT_MCBY_Q(1.0),25/02/26 23:00:00,Quarterly,EMU convergence criterion bond yields,Ireland,2017-Q1,1.03000,,
ESTAT:IRT_LT_MCBY_Q(1.0),25/02/26 23:00:00,Quarterly,EMU convergence criterion bond yields,Ireland,2017-Q2,0.81000,,
ESTAT:IRT_LT_MCBY_Q(1.0),25/02/26 23:00:00,Quarterly,EMU convergence criterion bond yields,Ireland,2017-Q3,0.77000,,
ESTAT:IRT_LT_MCBY_Q(1.0),25/02/26 23:00:00,Quarterly,EMU convergence criterion bond yields,Ireland,2017-Q4,0.59000,,
ESTAT:IRT_LT_MCBY_Q(1.0),25/02/26 23:00:00,Quarterly,EMU convergence criterion bond yields,Ireland,2018-Q1,1.02000,,
ESTAT:IRT_LT_MCBY_Q(1.0),25/02/26 23:00:00,Quarterly,EMU convergence criterion bond yields,Ireland,2018-Q2,0.95000,,
ESTAT:IRT_LT_MCBY_Q(1.0),25/02/26 23:00:00,Quarterly,EMU convergence criterion bond yields,Ireland,2018-Q3,0.87000,,
ESTAT:IRT_LT_MCBY_Q(1.0),25/02/26 23:00:00,Quarterly,EMU convergence criterion bond yields,Ireland,2018-Q4,0.97000,,
ESTAT:IRT_LT_MCBY_Q(1.0),25/02/26 23:00:00,Quarterly,EMU convergence criterion bond yields,Ireland,2019-Q1,0.82000,,
ESTAT:IRT_LT_MCBY_Q(1.0),25/02/26 23:00:00,Quarterly,EMU convergence criterion bond yields,Ireland,2019-Q2,0.44000,,
ESTAT:IRT_LT_MCBY_Q(1.0),25/02/26 23:00:00,Quarterly,EMU convergence criterion bond yields,Ireland,2019-Q3,0.02000,,
ESTAT:IRT_LT_MCBY_Q(1.0),25/02/26 23:00:00,Quarterly,EMU convergence criterion bond yields,Ireland,2019-Q4,0.04000,,
ESTAT:IRT_LT_MCBY_Q(1.0),25/02/26 23:00:00,Quarterly,EMU convergence criterion bond yields,Ireland,2020-Q1,-0.02000,,
ESTAT:IRT_LT_MCBY_Q(1.0),25/02/26 23:00:00,Quarterly,EMU convergence criterion bond yields,Ireland,2020-Q2,0.13000,,
ESTAT:IRT_LT_MCBY_Q(1.0),25/02/26 23:00:00,Quarterly,EMU convergence criterion bond yields,Ireland,2020-Q3,-0.10000,,
ESTAT:IRT_LT_MCBY_Q(1.0),25/02/26 23:00:00,Quarterly,EMU convergence criterion bond yields,Ireland,2020-Q4,-0.25000,,
ESTAT:IRT_LT_MCBY_Q(1.0),25/02/26 23:00:00,Quarterly,EMU convergence criterion bond yields,Ireland,2021-Q1,-0.09000,,
ESTAT:IRT_LT_MCBY_Q(1.0),25/02/26 23:00:00,Quarterly,EMU convergence criterion bond yields,Ireland,2021-Q2,0.17000,,
ESTAT:IRT_LT_MCBY_Q(1.0),25/02/26 23:00:00,Quarterly,EMU convergence criterion bond yields,Ireland,2021-Q3,0.01000,,
ESTAT:IRT_LT_MCBY_Q(1.0),25/02/26 23:00:00,Quarterly,EMU convergence criterion bond yields,Ireland,2021-Q4,0.17000,,
ESTAT:IRT_LT_MCBY_Q(1.0),25/02/26 23:00:00,Quarterly,EMU convergence criterion bond yields,Ireland,2022-Q1,0.69000,,
ESTAT:IRT_LT_MCBY_Q(1.0),25/02/26 23:00:00,Quarterly,EMU convergence criterion bond yields,Ireland,2022-Q2,1.72000,,
ESTAT:IRT_LT_MCBY_Q(1.0),25/02/26 23:00:00,Quarterly,EMU convergence criterion bond yields,Ireland,2022-Q3,1.96000,,
ESTAT:IRT_LT_MCBY_Q(1.0),25/02/26 23:00:00,Quarterly,EMU convergence criterion bond yields,Ireland,2022-Q4,2.61000,,
ESTAT:IRT_LT_MCBY_Q(1.0),25/02/26 23:00:00,Quarterly,EMU convergence criterion bond yields,Ireland,2023-Q1,2.79000,,
ESTAT:IRT_LT_MCBY_Q(1.0),25/02/26 23:00:00,Quarterly,EMU convergence criterion bond yields,Ireland,2023-Q2,2.78000,,
ESTAT:IRT_LT_MCBY_Q(1.0),25/02/26 23:00:00,Quarterly,EMU convergence criterion bond yields,Ireland,2023-Q3,2.98000,,
ESTAT:IRT_LT_MCBY_Q(1.0),25/02/26 23:00:00,Quarterly,EMU convergence criterion bond yields,Ireland,2023-Q4,2.92000,,
ESTAT:IRT_LT_MCBY_Q(1.0),25/02/26 23:00:00,Quarterly,EMU convergence criterion bond yields,Ireland,2024-Q1,2.71000,,
ESTAT:IRT_LT_MCBY_Q(1.0),25/02/26 23:00:00,Quarterly,EMU convergence criterion bond yields,Ireland,2024-Q2,2.91000,,
ESTAT:IRT_LT_MCBY_Q(1.0),25/02/26 23:00:00,Quarterly,EMU convergence criterion bond yields,Ireland,2024-Q3,2.68000,,
ESTAT:IRT_LT_MCBY_Q(1.0),25/02/26 23:00:00,Quarterly,EMU convergence criterion bond yields,Ireland,2024-Q4,2.57000,,
ESTAT:IRT_LT_MCBY_Q(1.0),25/02/26 23:00:00,Quarterly,EMU convergence criterion bond yields,Ireland,2025-Q1,2.85587,,
ESTAT:IRT_LT_MCBY_Q(1.0),25/02/26 23:00:00,Quarterly,EMU convergence criterion bond yields,Ireland,2025-Q2,2.87877,,
ESTAT:IRT_LT_MCBY_Q(1.0),25/02/26 23:00:00,Quarterly,EMU convergence criterion bond yields,Ireland,2025-Q3,2.94000,,
ESTAT:IRT_LT_MCBY_Q(1.0),25/02/26 23:00:00,Quarterly,EMU convergence criterion bond yields,Ireland,2025-Q4,2.88349,,
ESTAT:IRT_LT_MCBY_Q(1.0),25/02/26 23:00:00,Quarterly,EMU convergence criterion bond yields,Italy,1980-Q1,14.26333,,
ESTAT:IRT_LT_MCBY_Q(1.0),25/02/26 23:00:00,Quarterly,EMU convergence criterion bond yields,Italy,1980-Q2,15.04000,,
ESTAT:IRT_LT_MCBY_Q(1.0),25/02/26 23:00:00,Quarterly,EMU convergence criterion bond yields,Italy,1980-Q3,15.57667,,
ESTAT:IRT_LT_MCBY_Q(1.0),25/02/26 23:00:00,Quarterly,EMU convergence criterion bond yields,Italy,1980-Q4,16.13000,,
ESTAT:IRT_LT_MCBY_Q(1.0),25/02/26 23:00:00,Quarterly,EMU convergence criterion bond yields,Italy,1981-Q1,16.58333,,
ESTAT:IRT_LT_MCBY_Q(1.0),25/02/26 23:00:00,Quarterly,EMU convergence criterion bond yields,Italy,1981-Q2,18.92333,,
ESTAT:IRT_LT_MCBY_Q(1.0),25/02/26 23:00:00,Quarterly,EMU convergence criterion bond yields,Italy,1981-Q3,20.71333,,
ESTAT:IRT_LT_MCBY_Q(1.0),25/02/26 23:00:00,Quarterly,EMU convergence criterion bond yields,Italy,1981-Q4,21.21000,,
ESTAT:IRT_LT_MCBY_Q(1.0),25/02/26 23:00:00,Quarterly,EMU convergence criterion bond yields,Italy,1982-Q1,20.58333,,
ESTAT:IRT_LT_MCBY_Q(1.0),25/02/26 23:00:00,Quarterly,EMU convergence criterion bond yields,Italy,1982-Q2,20.64667,,
ESTAT:IRT_LT_MCBY_Q(1.0),25/02/26 23:00:00,Quarterly,EMU convergence criterion bond yields,Italy,1982-Q3,20.04000,,
ESTAT:IRT_LT_MCBY_Q(1.0),25/02/26 23:00:00,Quarterly,EMU convergence criterion bond yields,Italy,1982-Q4,19.59000,,
ESTAT:IRT_LT_MCBY_Q(1.0),25/02/26 23:00:00,Quarterly,EMU convergence criterion bond yields,Italy,1983-Q1,19.09000,,
ESTAT:IRT_LT_MCBY_Q(1.0),25/02/26 23:00:00,Quarterly,EMU convergence criterion bond yields,Italy,1983-Q2,18.29667,,
ESTAT:IRT_LT_MCBY_Q(1.0),25/02/26 23:00:00,Quarterly,EMU convergence criterion bond yields,Italy,1983-Q3,18.10667,,
ESTAT:IRT_LT_MCBY_Q(1.0),25/02/26 23:00:00,Quarterly,EMU convergence criterion bond yields,Italy,1983-Q4,17.70333,,
ESTAT:IRT_LT_MCBY_Q(1.0),25/02/26 23:00:00,Quarterly,EMU convergence criterion bond yields,Italy,1984-Q1,16.31000,,
ESTAT:IRT_LT_MCBY_Q(1.0),25/02/26 23:00:00,Quarterly,EMU convergence criterion bond yields,Italy,1984-Q2,15.67667,,
ESTAT:IRT_LT_MCBY_Q(1.0),25/02/26 23:00:00,Quarterly,EMU convergence criterion bond yields,Italy,1984-Q3,15.36667,,
ESTAT:IRT_LT_MCBY_Q(1.0),25/02/26 23:00:00,Quarterly,EMU convergence criterion bond yields,Italy,1984-Q4,15.04333,,
ESTAT:IRT_LT_MCBY_Q(1.0),25/02/26 23:00:00,Quarterly,EMU convergence criterion bond yields,Italy,1985-Q1,13.35667,,
ESTAT:IRT_LT_MCBY_Q(1.0),25/02/26 23:00:00,Quarterly,EMU convergence criterion bond yields,Italy,1985-Q2,13.79000,,
ESTAT:IRT_LT_MCBY_Q(1.0),25/02/26 23:00:00,Quarterly,EMU convergence criterion bond yields,Italy,1985-Q3,13.99000,,
ESTAT:IRT_LT_MCBY_Q(1.0),25/02/26 23:00:00,Quarterly,EMU convergence criterion bond yields,Italy,1985-Q4,13.71333,,
ESTAT:IRT_LT_MCBY_Q(1.0),25/02/26 23:00:00,Quarterly,EMU convergence criterion bond yields,Italy,1986-Q1,13.55333,,
ESTAT:IRT_LT_MCBY_Q(1.0),25/02/26 23:00:00,Quarterly,EMU convergence criterion bond yields,Italy,1986-Q2,11.34000,,
ESTAT:IRT_LT_MCBY_Q(1.0),25/02/26 23:00:00,Quarterly,EMU convergence criterion bond yields,Italy,1986-Q3,10.76667,,
ESTAT:IRT_LT_MCBY_Q(1.0),25/02/26 23:00:00,Quarterly,EMU convergence criterion bond yields,Italy,1986-Q4,10.21333,,
ESTAT:IRT_LT_MCBY_Q(1.0),25/02/26 23:00:00,Quarterly,EMU convergence criterion bond yields,Italy,1987-Q1,9.88333,,
ESTAT:IRT_LT_MCBY_Q(1.0),25/02/26 23:00:00,Quarterly,EMU convergence criterion bond yields,Italy,1987-Q2,10.22667,,
ESTAT:IRT_LT_MCBY_Q(1.0),25/02/26 23:00:00,Quarterly,EMU convergence criterion bond yields,Italy,1987-Q3,11.16667,,
ESTAT:IRT_LT_MCBY_Q(1.0),25/02/26 23:00:00,Quarterly,EMU convergence criterion bond yields,Italy,1987-Q4,11.29000,,
ESTAT:IRT_LT_MCBY_Q(1.0),25/02/26 23:00:00,Quarterly,EMU convergence criterion bond yields,Italy,1988-Q1,10.56667,,
ESTAT:IRT_LT_MCBY_Q(1.0),25/02/26 23:00:00,Quarterly,EMU convergence criterion bond yields,Italy,1988-Q2,10.80000,,
ESTAT:IRT_LT_MCBY_Q(1.0),25/02/26 23:00:00,Quarterly,EMU convergence criterion bond yields,Italy,1988-Q3,11.10667,,
ESTAT:IRT_LT_MCBY_Q(1.0),25/02/26 23:00:00,Quarterly,EMU convergence criterion bond yields,Italy,1988-Q4,11.11000,,
ESTAT:IRT_LT_MCBY_Q(1.0),25/02/26 23:00:00,Quarterly,EMU convergence criterion bond yields,Italy,1989-Q1,11.81000,,
ESTAT:IRT_LT_MCBY_Q(1.0),25/02/26 23:00:00,Quarterly,EMU convergence criterion bond yields,Italy,1989-Q2,12.57667,,
ESTAT:IRT_LT_MCBY_Q(1.0),25/02/26 23:00:00,Quarterly,EMU convergence criterion bond yields,Italy,1989-Q3,13.01667,,
ESTAT:IRT_LT_MCBY_Q(1.0),25/02/26 23:00:00,Quarterly,EMU convergence criterion bond yields,Italy,1989-Q4,13.74000,,
ESTAT:IRT_LT_MCBY_Q(1.0),25/02/26 23:00:00,Quarterly,EMU convergence criterion bond yields,Italy,1990-Q1,13.99000,,
ESTAT:IRT_LT_MCBY_Q(1.0),25/02/26 23:00:00,Quarterly,EMU convergence criterion bond yields,Italy,1990-Q2,13.48000,,
ESTAT:IRT_LT_MCBY_Q(1.0),25/02/26 23:00:00,Quarterly,EMU convergence criterion bond yields,Italy,1990-Q3,13.22000,,
ESTAT:IRT_LT_MCBY_Q(1.0),25/02/26 23:00:00,Quarterly,EMU convergence criterion bond yields,Italy,1990-Q4,13.45333,,
ESTAT:IRT_LT_MCBY_Q(1.0),25/02/26 23:00:00,Quarterly,EMU convergence criterion bond yields,Italy,1991-Q1,13.78333,,
ESTAT:IRT_LT_MCBY_Q(1.0),25/02/26 23:00:00,Quarterly,EMU convergence criterion bond yields,Italy,1991-Q2,13.19333,,
ESTAT:IRT_LT_MCBY_Q(1.0),25/02/26 23:00:00,Quarterly,EMU convergence criterion bond yields,Italy,1991-Q3,13.27000,,
ESTAT:IRT_LT_MCBY_Q(1.0),25/02/26 23:00:00,Quarterly,EMU convergence criterion bond yields,Italy,1991-Q4,12.88333,,
ESTAT:IRT_LT_MCBY_Q(1.0),25/02/26 23:00:00,Quarterly,EMU convergence criterion bond yields,Italy,1992-Q1,12.62000,,
ESTAT:IRT_LT_MCBY_Q(1.0),25/02/26 23:00:00,Quarterly,EMU convergence criterion bond yields,Italy,1992-Q2,12.79000,,
ESTAT:IRT_LT_MCBY_Q(1.0),25/02/26 23:00:00,Quarterly,EMU convergence criterion bond yields,Italy,1992-Q3,13.80667,,
ESTAT:IRT_LT_MCBY_Q(1.0),25/02/26 23:00:00,Quarterly,EMU convergence criterion bond yields,Italy,1992-Q4,13.85000,,
ESTAT:IRT_LT_MCBY_Q(1.0),25/02/26 23:00:00,Quarterly,EMU convergence criterion bond yields,Italy,1993-Q1,13.13000,,
ESTAT:IRT_LT_MCBY_Q(1.0),25/02/26 23:00:00,Quarterly,EMU convergence criterion bond yields,Italy,1993-Q2,12.41000,,
ESTAT:IRT_LT_MCBY_Q(1.0),25/02/26 23:00:00,Quarterly,EMU convergence criterion bond yields,Italy,1993-Q3,10.11000,,
ESTAT:IRT_LT_MCBY_Q(1.0),25/02/26 23:00:00,Quarterly,EMU convergence criterion bond yields,Italy,1993-Q4,9.09000,,
ESTAT:IRT_LT_MCBY_Q(1.0),25/02/26 23:00:00,Quarterly,EMU convergence criterion bond yields,Italy,1994-Q1,8.96000,,
ESTAT:IRT_LT_MCBY_Q(1.0),25/02/26 23:00:00,Quarterly,EMU convergence criterion bond yields,Italy,1994-Q2,9.63000,,
ESTAT:IRT_LT_MCBY_Q(1.0),25/02/26 23:00:00,Quarterly,EMU convergence criterion bond yields,Italy,1994-Q3,11.39000,,
ESTAT:IRT_LT_MCBY_Q(1.0),25/02/26 23:00:00,Quarterly,EMU convergence criterion bond yields,Italy,1994-Q4,12.10000,,
ESTAT:IRT_LT_MCBY_Q(1.0),25/02/26 23:00:00,Quarterly,EMU convergence criterion bond yields,Italy,1995-Q1,12.74000,,
ESTAT:IRT_LT_MCBY_Q(1.0),25/02/26 23:00:00,Quarterly,EMU convergence criterion bond yields,Italy,1995-Q2,12.70000,,
ESTAT:IRT_LT_MCBY_Q(1.0),25/02/26 23:00:00,Quarterly,EMU convergence criterion bond yields,Italy,1995-Q3,11.80000,,
ESTAT:IRT_LT_MCBY_Q(1.0),25/02/26 23:00:00,Quarterly,EMU convergence criterion bond yields,Italy,1995-Q4,11.59000,,
ESTAT:IRT_LT_MCBY_Q(1.0),25/02/26 23:00:00,Quarterly,EMU convergence criterion bond yields,Italy,1996-Q1,10.55000,,
ESTAT:IRT_LT_MCBY_Q(1.0),25/02/26 23:00:00,Quarterly,EMU convergence criterion bond yields,Italy,1996-Q2,9.87000,,
ESTAT:IRT_LT_MCBY_Q(1.0),25/02/26 23:00:00,Quarterly,EMU convergence criterion bond yields,Italy,1996-Q3,9.36000,,
ESTAT:IRT_LT_MCBY_Q(1.0),25/02/26 23:00:00,Quarterly,EMU convergence criterion bond yields,Italy,1996-Q4,7.83000,,
ESTAT:IRT_LT_MCBY_Q(1.0),25/02/26 23:00:00,Quarterly,EMU convergence criterion bond yields,Italy,1997-Q1,7.54000,,
ESTAT:IRT_LT_MCBY_Q(1.0),25/02/26 23:00:00,Quarterly,EMU convergence criterion bond yields,Italy,1997-Q2,7.37000,,
ESTAT:IRT_LT_MCBY_Q(1.0),25/02/26 23:00:00,Quarterly,EMU convergence criterion bond yields,Italy,1997-Q3,6.51000,,
ESTAT:IRT_LT_MCBY_Q(1.0),25/02/26 23:00:00,Quarterly,EMU convergence criterion bond yields,Italy,1997-Q4,6.02000,,
ESTAT:IRT_LT_MCBY_Q(1.0),25/02/26 23:00:00,Quarterly,EMU convergence criterion bond yields,Italy,1998-Q1,5.34000,,
ESTAT:IRT_LT_MCBY_Q(1.0),25/02/26 23:00:00,Quarterly,EMU convergence criterion bond yields,Italy,1998-Q2,5.14000,,
ESTAT:IRT_LT_MCBY_Q(1.0),25/02/26 23:00:00,Quarterly,EMU convergence criterion bond yields,Italy,1998-Q3,4.76000,,
ESTAT:IRT_LT_MCBY_Q(1.0),25/02/26 23:00:00,Quarterly,EMU convergence criterion bond yields,Italy,1998-Q4,4.29000,,
ESTAT:IRT_LT_MCBY_Q(1.0),25/02/26 23:00:00,Quarterly,EMU convergence criterion bond yields,Italy,1999-Q1,4.08000,,
ESTAT:IRT_LT_MCBY_Q(1.0),25/02/26 23:00:00,Quarterly,EMU convergence criterion bond yields,Italy,1999-Q2,4.33000,,
ESTAT:IRT_LT_MCBY_Q(1.0),25/02/26 23:00:00,Quarterly,EMU convergence criterion bond yields,Italy,1999-Q3,5.12000,,
ESTAT:IRT_LT_MCBY_Q(1.0),25/02/26 23:00:00,Quarterly,EMU convergence criterion bond yields,Italy,1999-Q4,5.38000,,
ESTAT:IRT_LT_MCBY_Q(1.0),25/02/26 23:00:00,Quarterly,EMU convergence criterion bond yields,Italy,2000-Q1,5.68000,,
ESTAT:IRT_LT_MCBY_Q(1.0),25/02/26 23:00:00,Quarterly,EMU convergence criterion bond yields,Italy,2000-Q2,5.55000,,
ESTAT:IRT_LT_MCBY_Q(1.0),25/02/26 23:00:00,Quarterly,EMU convergence criterion bond yields,Italy,2000-Q3,5.60000,,
ESTAT:IRT_LT_MCBY_Q(1.0),25/02/26 23:00:00,Quarterly,EMU convergence criterion bond yields,Italy,2000-Q4,5.47000,,
ESTAT:IRT_LT_MCBY_Q(1.0),25/02/26 23:00:00,Quarterly,EMU convergence criterion bond yields,Italy,2001-Q1,5.17000,,
ESTAT:IRT_LT_MCBY_Q(1.0),25/02/26 23:00:00,Quarterly,EMU convergence criterion bond yields,Italy,2001-Q2,5.38000,,
ESTAT:IRT_LT_MCBY_Q(1.0),25/02/26 23:00:00,Quarterly,EMU convergence criterion bond yields,Italy,2001-Q3,5.28000,,
ESTAT:IRT_LT_MCBY_Q(1.0),25/02/26 23:00:00,Quarterly,EMU convergence criterion bond yields,Italy,2001-Q4,4.94000,,
ESTAT:IRT_LT_MCBY_Q(1.0),25/02/26 23:00:00,Quarterly,EMU convergence criterion bond yields,Italy,2002-Q1,5.25000,,
ESTAT:IRT_LT_MCBY_Q(1.0),25/02/26 23:00:00,Quarterly,EMU convergence criterion bond yields,Italy,2002-Q2,5.35000,,
ESTAT:IRT_LT_MCBY_Q(1.0),25/02/26 23:00:00,Quarterly,EMU convergence criterion bond yields,Italy,2002-Q3,4.85000,,
ESTAT:IRT_LT_MCBY_Q(1.0),25/02/26 23:00:00,Quarterly,EMU convergence criterion bond yields,Italy,2002-Q4,4.68000,,
ESTAT:IRT_LT_MCBY_Q(1.0),25/02/26 23:00:00,Quarterly,EMU convergence criterion bond yields,Italy,2003-Q1,4.24000,,
ESTAT:IRT_LT_MCBY_Q(1.0),25/02/26 23:00:00,Quarterly,EMU convergence criterion bond yields,Italy,2003-Q2,4.06000,,
ESTAT:IRT_LT_MCBY_Q(1.0),25/02/26 23:00:00,Quarterly,EMU convergence criterion bond yields,Italy,2003-Q3,4.25000,,
ESTAT:IRT_LT_MCBY_Q(1.0),25/02/26 23:00:00,Quarterly,EMU convergence criterion bond yields,Italy,2003-Q4,4.45000,,
ESTAT:IRT_LT_MCBY_Q(1.0),25/02/26 23:00:00,Quarterly,EMU convergence criterion bond yields,Italy,2004-Q1,4.28000,,
ESTAT:IRT_LT_MCBY_Q(1.0),25/02/26 23:00:00,Quarterly,EMU convergence criterion bond yields,Italy,2004-Q2,4.46000,,
ESTAT:IRT_LT_MCBY_Q(1.0),25/02/26 23:00:00,Quarterly,EMU convergence criterion bond yields,Italy,2004-Q3,4.32000,,
ESTAT:IRT_LT_MCBY_Q(1.0),25/02/26 23:00:00,Quarterly,EMU convergence criterion bond yields,Italy,2004-Q4,3.97000,,
ESTAT:IRT_LT_MCBY_Q(1.0),25/02/26 23:00:00,Quarterly,EMU convergence criterion bond yields,Italy,2005-Q1,3.74000,,
ESTAT:IRT_LT_MCBY_Q(1.0),25/02/26 23:00:00,Quarterly,EMU convergence criterion bond yields,Italy,2005-Q2,3.54000,,
ESTAT:IRT_LT_MCBY_Q(1.0),25/02/26 23:00:00,Quarterly,EMU convergence criterion bond yields,Italy,2005-Q3,3.39000,,
ESTAT:IRT_LT_MCBY_Q(1.0),25/02/26 23:00:00,Quarterly,EMU convergence criterion bond yields,Italy,2005-Q4,3.55000,,
ESTAT:IRT_LT_MCBY_Q(1.0),25/02/26 23:00:00,Quarterly,EMU convergence criterion bond yields,Italy,2006-Q1,3.72000,,
ESTAT:IRT_LT_MCBY_Q(1.0),25/02/26 23:00:00,Quarterly,EMU convergence criterion bond yields,Italy,2006-Q2,4.27000,,
ESTAT:IRT_LT_MCBY_Q(1.0),25/02/26 23:00:00,Quarterly,EMU convergence criterion bond yields,Italy,2006-Q3,4.17000,,
ESTAT:IRT_LT_MCBY_Q(1.0),25/02/26 23:00:00,Quarterly,EMU convergence criterion bond yields,Italy,2006-Q4,4.03000,,
ESTAT:IRT_LT_MCBY_Q(1.0),25/02/26 23:00:00,Quarterly,EMU convergence criterion bond yields,Italy,2007-Q1,4.24000,,
ESTAT:IRT_LT_MCBY_Q(1.0),25/02/26 23:00:00,Quarterly,EMU convergence criterion bond yields,Italy,2007-Q2,4.54000,,
ESTAT:IRT_LT_MCBY_Q(1.0),25/02/26 23:00:00,Quarterly,EMU convergence criterion bond yields,Italy,2007-Q3,4.64000,,
ESTAT:IRT_LT_MCBY_Q(1.0),25/02/26 23:00:00,Quarterly,EMU convergence criterion bond yields,Italy,2007-Q4,4.53000,,
ESTAT:IRT_LT_MCBY_Q(1.0),25/02/26 23:00:00,Quarterly,EMU convergence criterion bond yields,Italy,2008-Q1,4.38000,,
ESTAT:IRT_LT_MCBY_Q(1.0),25/02/26 23:00:00,Quarterly,EMU convergence criterion bond yields,Italy,2008-Q2,4.78000,,
ESTAT:IRT_LT_MCBY_Q(1.0),25/02/26 23:00:00,Quarterly,EMU convergence criterion bond yields,Italy,2008-Q3,4.90000,,
ESTAT:IRT_LT_MCBY_Q(1.0),25/02/26 23:00:00,Quarterly,EMU convergence criterion bond yields,Italy,2008-Q4,4.66000,,
ESTAT:IRT_LT_MCBY_Q(1.0),25/02/26 23:00:00,Quarterly,EMU convergence criterion bond yields,Italy,2009-Q1,4.54000,,
ESTAT:IRT_LT_MCBY_Q(1.0),25/02/26 23:00:00,Quarterly,EMU convergence criterion bond yields,Italy,2009-Q2,4.46000,,
ESTAT:IRT_LT_MCBY_Q(1.0),25/02/26 23:00:00,Quarterly,EMU convergence criterion bond yields,Italy,2009-Q3,4.19000,,
ESTAT:IRT_LT_MCBY_Q(1.0),25/02/26 23:00:00,Quarterly,EMU convergence criterion bond yields,Italy,2009-Q4,4.06000,,
ESTAT:IRT_LT_MCBY_Q(1.0),25/02/26 23:00:00,Quarterly,EMU convergence criterion bond yields,Italy,2010-Q1,4.02000,,
ESTAT:IRT_LT_MCBY_Q(1.0),25/02/26 23:00:00,Quarterly,EMU convergence criterion bond yields,Italy,2010-Q2,4.03000,,
ESTAT:IRT_LT_MCBY_Q(1.0),25/02/26 23:00:00,Quarterly,EMU convergence criterion bond yields,Italy,2010-Q3,3.90000,,
ESTAT:IRT_LT_MCBY_Q(1.0),25/02/26 23:00:00,Quarterly,EMU convergence criterion bond yields,Italy,2010-Q4,4.20000,,
ESTAT:IRT_LT_MCBY_Q(1.0),25/02/26 23:00:00,Quarterly,EMU convergence criterion bond yields,Italy,2011-Q1,4.78000,,
ESTAT:IRT_LT_MCBY_Q(1.0),25/02/26 23:00:00,Quarterly,EMU convergence criterion bond yields,Italy,2011-Q2,4.80000,,
ESTAT:IRT_LT_MCBY_Q(1.0),25/02/26 23:00:00,Quarterly,EMU convergence criterion bond yields,Italy,2011-Q3,5.49000,,
ESTAT:IRT_LT_MCBY_Q(1.0),25/02/26 23:00:00,Quarterly,EMU convergence criterion bond yields,Italy,2011-Q4,6.61000,,
ESTAT:IRT_LT_MCBY_Q(1.0),25/02/26 23:00:00,Quarterly,EMU convergence criterion bond yields,Italy,2012-Q1,5.71000,,
ESTAT:IRT_LT_MCBY_Q(1.0),25/02/26 23:00:00,Quarterly,EMU convergence criterion bond yields,Italy,2012-Q2,5.79000,,
ESTAT:IRT_LT_MCBY_Q(1.0),25/02/26 23:00:00,Quarterly,EMU convergence criterion bond yields,Italy,2012-Q3,5.69000,,
ESTAT:IRT_LT_MCBY_Q(1.0),25/02/26 23:00:00,Quarterly,EMU convergence criterion bond yields,Italy,2012-Q4,4.78000,,
ESTAT:IRT_LT_MCBY_Q(1.0),25/02/26 23:00:00,Quarterly,EMU convergence criterion bond yields,Italy,2013-Q1,4.45000,,
ESTAT:IRT_LT_MCBY_Q(1.0),25/02/26 23:00:00,Quarterly,EMU convergence criterion bond yields,Italy,2013-Q2,4.21000,,
ESTAT:IRT_LT_MCBY_Q(1.0),25/02/26 23:00:00,Quarterly,EMU convergence criterion bond yields,Italy,2013-Q3,4.46000,,
ESTAT:IRT_LT_MCBY_Q(1.0),25/02/26 23:00:00,Quarterly,EMU convergence criterion bond yields,Italy,2013-Q4,4.15000,,
ESTAT:IRT_LT_MCBY_Q(1.0),25/02/26 23:00:00,Quarterly,EMU convergence criterion bond yields,Italy,2014-Q1,3.64000,,
ESTAT:IRT_LT_MCBY_Q(1.0),25/02/26 23:00:00,Quarterly,EMU convergence criterion bond yields,Italy,2014-Q2,3.09000,,
ESTAT:IRT_LT_MCBY_Q(1.0),25/02/26 23:00:00,Quarterly,EMU convergence criterion bond yields,Italy,2014-Q3,2.61000,,
ESTAT:IRT_LT_MCBY_Q(1.0),25/02/26 23:00:00,Quarterly,EMU convergence criterion bond yields,Italy,2014-Q4,2.23000,,
ESTAT:IRT_LT_MCBY_Q(1.0),25/02/26 23:00:00,Quarterly,EMU convergence criterion bond yields,Italy,2015-Q1,1.52000,,
ESTAT:IRT_LT_MCBY_Q(1.0),25/02/26 23:00:00,Quarterly,EMU convergence criterion bond yields,Italy,2015-Q2,1.79000,,
ESTAT:IRT_LT_MCBY_Q(1.0),25/02/26 23:00:00,Quarterly,EMU convergence criterion bond yields,Italy,2015-Q3,1.93000,,
ESTAT:IRT_LT_MCBY_Q(1.0),25/02/26 23:00:00,Quarterly,EMU convergence criterion bond yields,Italy,2015-Q4,1.62000,,
ESTAT:IRT_LT_MCBY_Q(1.0),25/02/26 23:00:00,Quarterly,EMU convergence criterion bond yields,Italy,2016-Q1,1.49000,,
ESTAT:IRT_LT_MCBY_Q(1.0),25/02/26 23:00:00,Quarterly,EMU convergence criterion bond yields,Italy,2016-Q2,1.47000,,
ESTAT:IRT_LT_MCBY_Q(1.0),25/02/26 23:00:00,Quarterly,EMU convergence criterion bond yields,Italy,2016-Q3,1.22000,,
ESTAT:IRT_LT_MCBY_Q(1.0),25/02/26 23:00:00,Quarterly,EMU convergence criterion bond yields,Italy,2016-Q4,1.76000,,
ESTAT:IRT_LT_MCBY_Q(1.0),25/02/26 23:00:00,Quarterly,EMU convergence criterion bond yields,Italy,2017-Q1,2.25000,,
ESTAT:IRT_LT_MCBY_Q(1.0),25/02/26 23:00:00,Quarterly,EMU convergence criterion bond yields,Italy,2017-Q2,2.17000,,
ESTAT:IRT_LT_MCBY_Q(1.0),25/02/26 23:00:00,Quarterly,EMU convergence criterion bond yields,Italy,2017-Q3,2.15000,,
ESTAT:IRT_LT_MCBY_Q(1.0),25/02/26 23:00:00,Quarterly,EMU convergence criterion bond yields,Italy,2017-Q4,1.89000,,
ESTAT:IRT_LT_MCBY_Q(1.0),25/02/26 23:00:00,Quarterly,EMU convergence criterion bond yields,Italy,2018-Q1,2.01000,,
ESTAT:IRT_LT_MCBY_Q(1.0),25/02/26 23:00:00,Quarterly,EMU convergence criterion bond yields,Italy,2018-Q2,2.23000,,
ESTAT:IRT_LT_MCBY_Q(1.0),25/02/26 23:00:00,Quarterly,EMU convergence criterion bond yields,Italy,2018-Q3,2.92000,,
ESTAT:IRT_LT_MCBY_Q(1.0),25/02/26 23:00:00,Quarterly,EMU convergence criterion bond yields,Italy,2018-Q4,3.28000,,
ESTAT:IRT_LT_MCBY_Q(1.0),25/02/26 23:00:00,Quarterly,EMU convergence criterion bond yields,Italy,2019-Q1,2.76000,,
ESTAT:IRT_LT_MCBY_Q(1.0),25/02/26 23:00:00,Quarterly,EMU convergence criterion bond yields,Italy,2019-Q2,2.52000,,
ESTAT:IRT_LT_MCBY_Q(1.0),25/02/26 23:00:00,Quarterly,EMU convergence criterion bond yields,Italy,2019-Q3,1.32000,,
ESTAT:IRT_LT_MCBY_Q(1.0),25/02/26 23:00:00,Quarterly,EMU convergence criterion bond yields,Italy,2019-Q4,1.21000,,
ESTAT:IRT_LT_MCBY_Q(1.0),25/02/26 23:00:00,Quarterly,EMU convergence criterion bond yields,Italy,2020-Q1,1.26000,,
ESTAT:IRT_LT_MCBY_Q(1.0),25/02/26 23:00:00,Quarterly,EMU convergence criterion bond yields,Italy,2020-Q2,1.67000,,
ESTAT:IRT_LT_MCBY_Q(1.0),25/02/26 23:00:00,Quarterly,EMU convergence criterion bond yields,Italy,2020-Q3,1.07000,,
ESTAT:IRT_LT_MCBY_Q(1.0),25/02/26 23:00:00,Quarterly,EMU convergence criterion bond yields,Italy,2020-Q4,0.67000,,
ESTAT:IRT_LT_MCBY_Q(1.0),25/02/26 23:00:00,Quarterly,EMU convergence criterion bond yields,Italy,2021-Q1,0.64000,,
ESTAT:IRT_LT_MCBY_Q(1.0),25/02/26 23:00:00,Quarterly,EMU convergence criterion bond yields,Italy,2021-Q2,0.89000,,
ESTAT:IRT_LT_MCBY_Q(1.0),25/02/26 23:00:00,Quarterly,EMU convergence criterion bond yields,Italy,2021-Q3,0.72000,,
ESTAT:IRT_LT_MCBY_Q(1.0),25/02/26 23:00:00,Quarterly,EMU convergence criterion bond yields,Italy,2021-Q4,1.00000,,
ESTAT:IRT_LT_MCBY_Q(1.0),25/02/26 23:00:00,Quarterly,EMU convergence criterion bond yields,Italy,2022-Q1,1.66000,,
ESTAT:IRT_LT_MCBY_Q(1.0),25/02/26 23:00:00,Quarterly,EMU convergence criterion bond yields,Italy,2022-Q2,3.02000,,
ESTAT:IRT_LT_MCBY_Q(1.0),25/02/26 23:00:00,Quarterly,EMU convergence criterion bond yields,Italy,2022-Q3,3.60000,,
ESTAT:IRT_LT_MCBY_Q(1.0),25/02/26 23:00:00,Quarterly,EMU convergence criterion bond yields,Italy,2022-Q4,4.34000,,
ESTAT:IRT_LT_MCBY_Q(1.0),25/02/26 23:00:00,Quarterly,EMU convergence criterion bond yields,Italy,2023-Q1,4.25000,,
ESTAT:IRT_LT_MCBY_Q(1.0),25/02/26 23:00:00,Quarterly,EMU convergence criterion bond yields,Italy,2023-Q2,4.21000,,
ESTAT:IRT_LT_MCBY_Q(1.0),25/02/26 23:00:00,Quarterly,EMU convergence criterion bond yields,Italy,2023-Q3,4.30000,,
ESTAT:IRT_LT_MCBY_Q(1.0),25/02/26 23:00:00,Quarterly,EMU convergence criterion bond yields,Italy,2023-Q4,4.38000,,
ESTAT:IRT_LT_MCBY_Q(1.0),25/02/26 23:00:00,Quarterly,EMU convergence criterion bond yields,Italy,2024-Q1,3.79000,,
ESTAT:IRT_LT_MCBY_Q(1.0),25/02/26 23:00:00,Quarterly,EMU convergence criterion bond yields,Italy,2024-Q2,3.88000,,
ESTAT:IRT_LT_MCBY_Q(1.0),25/02/26 23:00:00,Quarterly,EMU convergence criterion bond yields,Italy,2024-Q3,3.69000,,
ESTAT:IRT_LT_MCBY_Q(1.0),25/02/26 23:00:00,Quarterly,EMU convergence criterion bond yields,Italy,2024-Q4,3.46000,,
ESTAT:IRT_LT_MCBY_Q(1.0),25/02/26 23:00:00,Quarterly,EMU convergence criterion bond yields,Italy,2025-Q1,3.71726,,
ESTAT:IRT_LT_MCBY_Q(1.0),25/02/26 23:00:00,Quarterly,EMU convergence criterion bond yields,Italy,2025-Q2,3.61416,,
ESTAT:IRT_LT_MCBY_Q(1.0),25/02/26 23:00:00,Quarterly,EMU convergence criterion bond yields,Italy,2025-Q3,3.54451,,
ESTAT:IRT_LT_MCBY_Q(1.0),25/02/26 23:00:00,Quarterly,EMU convergence criterion bond yields,Italy,2025-Q4,3.45036,,
ESTAT:IRT_LT_MCBY_Q(1.0),25/02/26 23:00:00,Quarterly,EMU convergence criterion bond yields,Lithuania,2001-Q1,9.24000,,
ESTAT:IRT_LT_MCBY_Q(1.0),25/02/26 23:00:00,Quarterly,EMU convergence criterion bond yields,Lithuania,2001-Q2,8.47000,,
ESTAT:IRT_LT_MCBY_Q(1.0),25/02/26 23:00:00,Quarterly,EMU convergence criterion bond yields,Lithuania,2001-Q3,8.15000,,
ESTAT:IRT_LT_MCBY_Q(1.0),25/02/26 23:00:00,Quarterly,EMU convergence criterion bond yields,Lithuania,2001-Q4,6.74000,,
ESTAT:IRT_LT_MCBY_Q(1.0),25/02/26 23:00:00,Quarterly,EMU convergence criterion bond yields,Lithuania,2002-Q1,6.27000,,
ESTAT:IRT_LT_MCBY_Q(1.0),25/02/26 23:00:00,Quarterly,EMU convergence criterion bond yields,Lithuania,2002-Q2,6.13000,,
ESTAT:IRT_LT_MCBY_Q(1.0),25/02/26 23:00:00,Quarterly,EMU convergence criterion bond yields,Lithuania,2002-Q3,5.97000,,
ESTAT:IRT_LT_MCBY_Q(1.0),25/02/26 23:00:00,Quarterly,EMU convergence criterion bond yields,Lithuania,2002-Q4,5.87000,,
ESTAT:IRT_LT_MCBY_Q(1.0),25/02/26 23:00:00,Quarterly,EMU convergence criterion bond yields,Lithuania,2003-Q1,5.73000,,
ESTAT:IRT_LT_MCBY_Q(1.0),25/02/26 23:00:00,Quarterly,EMU convergence criterion bond yields,Lithuania,2003-Q2,5.59000,,
ESTAT:IRT_LT_MCBY_Q(1.0),25/02/26 23:00:00,Quarterly,EMU convergence criterion bond yields,Lithuania,2003-Q3,5.15000,,
ESTAT:IRT_LT_MCBY_Q(1.0),25/02/26 23:00:00,Quarterly,EMU convergence criterion bond yields,Lithuania,2003-Q4,4.81000,,
ESTAT:IRT_LT_MCBY_Q(1.0),25/02/26 23:00:00,Quarterly,EMU convergence criterion bond yields,Lithuania,2004-Q1,4.75000,,
ESTAT:IRT_LT_MCBY_Q(1.0),25/02/26 23:00:00,Quarterly,EMU convergence criterion bond yields,Lithuania,2004-Q2,4.49000,,
ESTAT:IRT_LT_MCBY_Q(1.0),25/02/26 23:00:00,Quarterly,EMU convergence criterion bond yields,Lithuania,2004-Q3,4.57000,,
ESTAT:IRT_LT_MCBY_Q(1.0),25/02/26 23:00:00,Quarterly,EMU convergence criterion bond yields,Lithuania,2004-Q4,4.20000,,
ESTAT:IRT_LT_MCBY_Q(1.0),25/02/26 23:00:00,Quarterly,EMU convergence criterion bond yields,Lithuania,2005-Q1,3.79000,,
ESTAT:IRT_LT_MCBY_Q(1.0),25/02/26 23:00:00,Quarterly,EMU convergence criterion bond yields,Lithuania,2005-Q2,3.82000,,
ESTAT:IRT_LT_MCBY_Q(1.0),25/02/26 23:00:00,Quarterly,EMU convergence criterion bond yields,Lithuania,2005-Q3,3.54000,,
ESTAT:IRT_LT_MCBY_Q(1.0),25/02/26 23:00:00,Quarterly,EMU convergence criterion bond yields,Lithuania,2005-Q4,3.64000,,
ESTAT:IRT_LT_MCBY_Q(1.0),25/02/26 23:00:00,Quarterly,EMU convergence criterion bond yields,Lithuania,2006-Q1,3.63000,,
ESTAT:IRT_LT_MCBY_Q(1.0),25/02/26 23:00:00,Quarterly,EMU convergence criterion bond yields,Lithuania,2006-Q2,4.13000,,
ESTAT:IRT_LT_MCBY_Q(1.0),25/02/26 23:00:00,Quarterly,EMU convergence criterion bond yields,Lithuania,2006-Q3,4.28000,,
ESTAT:IRT_LT_MCBY_Q(1.0),25/02/26 23:00:00,Quarterly,EMU convergence criterion bond yields,Lithuania,2006-Q4,4.28000,,
ESTAT:IRT_LT_MCBY_Q(1.0),25/02/26 23:00:00,Quarterly,EMU convergence criterion bond yields,Lithuania,2007-Q1,4.26000,,
ESTAT:IRT_LT_MCBY_Q(1.0),25/02/26 23:00:00,Quarterly,EMU convergence criterion bond yields,Lithuania,2007-Q2,4.37000,,
ESTAT:IRT_LT_MCBY_Q(1.0),25/02/26 23:00:00,Quarterly,EMU convergence criterion bond yields,Lithuania,2007-Q3,4.80000,,
ESTAT:IRT_LT_MCBY_Q(1.0),25/02/26 23:00:00,Quarterly,EMU convergence criterion bond yields,Lithuania,2007-Q4,4.74000,,
ESTAT:IRT_LT_MCBY_Q(1.0),25/02/26 23:00:00,Quarterly,EMU convergence criterion bond yields,Lithuania,2008-Q1,4.53000,,
ESTAT:IRT_LT_MCBY_Q(1.0),25/02/26 23:00:00,Quarterly,EMU convergence criterion bond yields,Lithuania,2008-Q2,4.91000,,
ESTAT:IRT_LT_MCBY_Q(1.0),25/02/26 23:00:00,Quarterly,EMU convergence criterion bond yields,Lithuania,2008-Q3,5.47000,,
ESTAT:IRT_LT_MCBY_Q(1.0),25/02/26 23:00:00,Quarterly,EMU convergence criterion bond yields,Lithuania,2008-Q4,7.52000,,
ESTAT:IRT_LT_MCBY_Q(1.0),25/02/26 23:00:00,Quarterly,EMU convergence criterion bond yields,Lithuania,2009-Q1,14.32000,,
ESTAT:IRT_LT_MCBY_Q(1.0),25/02/26 23:00:00,Quarterly,EMU convergence criterion bond yields,Lithuania,2009-Q2,14.50000,,
ESTAT:IRT_LT_MCBY_Q(1.0),25/02/26 23:00:00,Quarterly,EMU convergence criterion bond yields,Lithuania,2009-Q3,14.50000,,
ESTAT:IRT_LT_MCBY_Q(1.0),25/02/26 23:00:00,Quarterly,EMU convergence criterion bond yields,Lithuania,2009-Q4,12.70000,,
ESTAT:IRT_LT_MCBY_Q(1.0),25/02/26 23:00:00,Quarterly,EMU convergence criterion bond yields,Lithuania,2010-Q1,6.82000,,
ESTAT:IRT_LT_MCBY_Q(1.0),25/02/26 23:00:00,Quarterly,EMU convergence criterion bond yields,Lithuania,2010-Q2,5.15000,,
ESTAT:IRT_LT_MCBY_Q(1.0),25/02/26 23:00:00,Quarterly,EMU convergence criterion bond yields,Lithuania,2010-Q3,5.15000,,
ESTAT:IRT_LT_MCBY_Q(1.0),25/02/26 23:00:00,Quarterly,EMU convergence criterion bond yields,Lithuania,2010-Q4,5.15000,,
ESTAT:IRT_LT_MCBY_Q(1.0),25/02/26 23:00:00,Quarterly,EMU convergence criterion bond yields,Lithuania,2011-Q1,5.15000,,
ESTAT:IRT_LT_MCBY_Q(1.0),25/02/26 23:00:00,Quarterly,EMU convergence criterion bond yields,Lithuania,2011-Q2,5.07000,,
ESTAT:IRT_LT_MCBY_Q(1.0),25/02/26 23:00:00,Quarterly,EMU convergence criterion bond yields,Lithuania,2011-Q3,5.06000,,
ESTAT:IRT_LT_MCBY_Q(1.0),25/02/26 23:00:00,Quarterly,EMU convergence criterion bond yields,Lithuania,2011-Q4,5.35000,,
ESTAT:IRT_LT_MCBY_Q(1.0),25/02/26 23:00:00,Quarterly,EMU convergence criterion bond yields,Lithuania,2012-Q1,5.26000,,
ESTAT:IRT_LT_MCBY_Q(1.0),25/02/26 23:00:00,Quarterly,EMU convergence criterion bond yields,Lithuania,2012-Q2,5.19000,,
ESTAT:IRT_LT_MCBY_Q(1.0),25/02/26 23:00:00,Quarterly,EMU convergence criterion bond yields,Lithuania,2012-Q3,4.73000,,
ESTAT:IRT_LT_MCBY_Q(1.0),25/02/26 23:00:00,Quarterly,EMU convergence criterion bond yields,Lithuania,2012-Q4,4.14000,,
ESTAT:IRT_LT_MCBY_Q(1.0),25/02/26 23:00:00,Quarterly,EMU convergence criterion bond yields,Lithuania,2013-Q1,4.06000,,
ESTAT:IRT_LT_MCBY_Q(1.0),25/02/26 23:00:00,Quarterly,EMU convergence criterion bond yields,Lithuania,2013-Q2,3.68000,,
ESTAT:IRT_LT_MCBY_Q(1.0),25/02/26 23:00:00,Quarterly,EMU convergence criterion bond yields,Lithuania,2013-Q3,3.69000,,
ESTAT:IRT_LT_MCBY_Q(1.0),25/02/26 23:00:00,Quarterly,EMU convergence criterion bond yields,Lithuania,2013-Q4,3.90000,,
ESTAT:IRT_LT_MCBY_Q(1.0),25/02/26 23:00:00,Quarterly,EMU convergence criterion bond yields,Lithuania,2014-Q1,3.36000,,
ESTAT:IRT_LT_MCBY_Q(1.0),25/02/26 23:00:00,Quarterly,EMU convergence criterion bond yields,Lithuania,2014-Q2,3.05000,,
ESTAT:IRT_LT_MCBY_Q(1.0),25/02/26 23:00:00,Quarterly,EMU convergence criterion bond yields,Lithuania,2014-Q3,2.64000,,
ESTAT:IRT_LT_MCBY_Q(1.0),25/02/26 23:00:00,Quarterly,EMU convergence criterion bond yields,Lithuania,2014-Q4,2.11000,,
ESTAT:IRT_LT_MCBY_Q(1.0),25/02/26 23:00:00,Quarterly,EMU convergence criterion bond yields,Lithuania,2015-Q1,1.32000,,
ESTAT:IRT_LT_MCBY_Q(1.0),25/02/26 23:00:00,Quarterly,EMU convergence criterion bond yields,Lithuania,2015-Q2,0.99000,,
ESTAT:IRT_LT_MCBY_Q(1.0),25/02/26 23:00:00,Quarterly,EMU convergence criterion bond yields,Lithuania,2015-Q3,1.64000,,
ESTAT:IRT_LT_MCBY_Q(1.0),25/02/26 23:00:00,Quarterly,EMU convergence criterion bond yields,Lithuania,2015-Q4,1.57000,,
ESTAT:IRT_LT_MCBY_Q(1.0),25/02/26 23:00:00,Quarterly,EMU convergence criterion bond yields,Lithuania,2016-Q1,1.44000,,
ESTAT:IRT_LT_MCBY_Q(1.0),25/02/26 23:00:00,Quarterly,EMU convergence criterion bond yields,Lithuania,2016-Q2,1.01000,,
ESTAT:IRT_LT_MCBY_Q(1.0),25/02/26 23:00:00,Quarterly,EMU convergence criterion bond yields,Lithuania,2016-Q3,0.84000,,
ESTAT:IRT_LT_MCBY_Q(1.0),25/02/26 23:00:00,Quarterly,EMU convergence criterion bond yields,Lithuania,2016-Q4,0.31000,,
ESTAT:IRT_LT_MCBY_Q(1.0),25/02/26 23:00:00,Quarterly,EMU convergence criterion bond yields,Lithuania,2017-Q1,0.31000,,
ESTAT:IRT_LT_MCBY_Q(1.0),25/02/26 23:00:00,Quarterly,EMU convergence criterion bond yields,Lithuania,2017-Q2,0.31000,,
ESTAT:IRT_LT_MCBY_Q(1.0),25/02/26 23:00:00,Quarterly,EMU convergence criterion bond yields,Lithuania,2017-Q3,0.31000,,
ESTAT:IRT_LT_MCBY_Q(1.0),25/02/26 23:00:00,Quarterly,EMU convergence criterion bond yields,Lithuania,2017-Q4,0.31000,,
ESTAT:IRT_LT_MCBY_Q(1.0),25/02/26 23:00:00,Quarterly,EMU convergence criterion bond yields,Lithuania,2018-Q1,0.31000,,
ESTAT:IRT_LT_MCBY_Q(1.0),25/02/26 23:00:00,Quarterly,EMU convergence criterion bond yields,Lithuania,2018-Q2,0.31000,,
ESTAT:IRT_LT_MCBY_Q(1.0),25/02/26 23:00:00,Quarterly,EMU convergence criterion bond yields,Lithuania,2018-Q3,0.31000,,
ESTAT:IRT_LT_MCBY_Q(1.0),25/02/26 23:00:00,Quarterly,EMU convergence criterion bond yields,Lithuania,2018-Q4,0.31000,,
ESTAT:IRT_LT_MCBY_Q(1.0),25/02/26 23:00:00,Quarterly,EMU convergence criterion bond yields,Lithuania,2019-Q1,0.31000,,
ESTAT:IRT_LT_MCBY_Q(1.0),25/02/26 23:00:00,Quarterly,EMU convergence criterion bond yields,Lithuania,2019-Q2,0.31000,,
ESTAT:IRT_LT_MCBY_Q(1.0),25/02/26 23:00:00,Quarterly,EMU convergence criterion bond yields,Lithuania,2019-Q3,0.31000,,
ESTAT:IRT_LT_MCBY_Q(1.0),25/02/26 23:00:00,Quarterly,EMU convergence criterion bond yields,Lithuania,2019-Q4,0.31000,,
ESTAT:IRT_LT_MCBY_Q(1.0),25/02/26 23:00:00,Quarterly,EMU convergence criterion bond yields,Lithuania,2020-Q1,0.31000,,
ESTAT:IRT_LT_MCBY_Q(1.0),25/02/26 23:00:00,Quarterly,EMU convergence criterion bond yields,Lithuania,2020-Q2,0.26000,,
ESTAT:IRT_LT_MCBY_Q(1.0),25/02/26 23:00:00,Quarterly,EMU convergence criterion bond yields,Lithuania,2020-Q3,0.16000,,
ESTAT:IRT_LT_MCBY_Q(1.0),25/02/26 23:00:00,Quarterly,EMU convergence criterion bond yields,Lithuania,2020-Q4,0.16000,,
ESTAT:IRT_LT_MCBY_Q(1.0),25/02/26 23:00:00,Quarterly,EMU convergence criterion bond yields,Lithuania,2021-Q1,0.16000,,
ESTAT:IRT_LT_MCBY_Q(1.0),25/02/26 23:00:00,Quarterly,EMU convergence criterion bond yields,Lithuania,2021-Q2,0.16000,,
ESTAT:IRT_LT_MCBY_Q(1.0),25/02/26 23:00:00,Quarterly,EMU convergence criterion bond yields,Lithuania,2021-Q3,0.16000,,
ESTAT:IRT_LT_MCBY_Q(1.0),25/02/26 23:00:00,Quarterly,EMU convergence criterion bond yields,Lithuania,2021-Q4,0.16000,,
ESTAT:IRT_LT_MCBY_Q(1.0),25/02/26 23:00:00,Quarterly,EMU convergence criterion bond yields,Lithuania,2022-Q1,0.16000,,
ESTAT:IRT_LT_MCBY_Q(1.0),25/02/26 23:00:00,Quarterly,EMU convergence criterion bond yields,Lithuania,2022-Q2,0.16000,,
ESTAT:IRT_LT_MCBY_Q(1.0),25/02/26 23:00:00,Quarterly,EMU convergence criterion bond yields,Lithuania,2022-Q3,0.16000,,
ESTAT:IRT_LT_MCBY_Q(1.0),25/02/26 23:00:00,Quarterly,EMU convergence criterion bond yields,Lithuania,2022-Q4,1.97000,,
ESTAT:IRT_LT_MCBY_Q(1.0),25/02/26 23:00:00,Quarterly,EMU convergence criterion bond yields,Lithuania,2023-Q1,2.88000,,
ESTAT:IRT_LT_MCBY_Q(1.0),25/02/26 23:00:00,Quarterly,EMU convergence criterion bond yields,Lithuania,2023-Q2,2.88000,,
ESTAT:IRT_LT_MCBY_Q(1.0),25/02/26 23:00:00,Quarterly,EMU convergence criterion bond yields,Lithuania,2023-Q3,2.88000,,
ESTAT:IRT_LT_MCBY_Q(1.0),25/02/26 23:00:00,Quarterly,EMU convergence criterion bond yields,Lithuania,2023-Q4,2.88000,,
ESTAT:IRT_LT_MCBY_Q(1.0),25/02/26 23:00:00,Quarterly,EMU convergence criterion bond yields,Lithuania,2024-Q1,2.88000,,
ESTAT:IRT_LT_MCBY_Q(1.0),25/02/26 23:00:00,Quarterly,EMU convergence criterion bond yields,Lithuania,2024-Q2,2.88000,,
ESTAT:IRT_LT_MCBY_Q(1.0),25/02/26 23:00:00,Quarterly,EMU convergence criterion bond yields,Lithuania,2024-Q3,2.88000,,
ESTAT:IRT_LT_MCBY_Q(1.0),25/02/26 23:00:00,Quarterly,EMU convergence criterion bond yields,Lithuania,2024-Q4,2.88000,,
ESTAT:IRT_LT_MCBY_Q(1.0),25/02/26 23:00:00,Quarterly,EMU convergence criterion bond yields,Lithuania,2025-Q1,2.88000,,
ESTAT:IRT_LT_MCBY_Q(1.0),25/02/26 23:00:00,Quarterly,EMU convergence criterion bond yields,Lithuania,2025-Q2,2.88000,,
ESTAT:IRT_LT_MCBY_Q(1.0),25/02/26 23:00:00,Quarterly,EMU convergence criterion bond yields,Lithuania,2025-Q3,2.88000,,
ESTAT:IRT_LT_MCBY_Q(1.0),25/02/26 23:00:00,Quarterly,EMU convergence criterion bond yields,Lithuania,2025-Q4,2.88000,,
ESTAT:IRT_LT_MCBY_Q(1.0),25/02/26 23:00:00,Quarterly,EMU convergence criterion bond yields,Luxembourg,1985-Q1,9.78333,,
ESTAT:IRT_LT_MCBY_Q(1.0),25/02/26 23:00:00,Quarterly,EMU convergence criterion bond yields,Luxembourg,1985-Q2,9.67333,,
ESTAT:IRT_LT_MCBY_Q(1.0),25/02/26 23:00:00,Quarterly,EMU convergence criterion bond yields,Luxembourg,1985-Q3,9.33333,,
ESTAT:IRT_LT_MCBY_Q(1.0),25/02/26 23:00:00,Quarterly,EMU convergence criterion bond yields,Luxembourg,1985-Q4,9.25333,,
ESTAT:IRT_LT_MCBY_Q(1.0),25/02/26 23:00:00,Quarterly,EMU convergence criterion bond yields,Luxembourg,1986-Q1,9.12000,,
ESTAT:IRT_LT_MCBY_Q(1.0),25/02/26 23:00:00,Quarterly,EMU convergence criterion bond yields,Luxembourg,1986-Q2,8.79667,,
ESTAT:IRT_LT_MCBY_Q(1.0),25/02/26 23:00:00,Quarterly,EMU convergence criterion bond yields,Luxembourg,1986-Q3,8.24667,,
ESTAT:IRT_LT_MCBY_Q(1.0),25/02/26 23:00:00,Quarterly,EMU convergence criterion bond yields,Luxembourg,1986-Q4,8.25667,,
ESTAT:IRT_LT_MCBY_Q(1.0),25/02/26 23:00:00,Quarterly,EMU convergence criterion bond yields,Luxembourg,1987-Q1,8.26333,,
ESTAT:IRT_LT_MCBY_Q(1.0),25/02/26 23:00:00,Quarterly,EMU convergence criterion bond yields,Luxembourg,1987-Q2,8.12667,,
ESTAT:IRT_LT_MCBY_Q(1.0),25/02/26 23:00:00,Quarterly,EMU convergence criterion bond yields,Luxembourg,1987-Q3,8.06667,,
ESTAT:IRT_LT_MCBY_Q(1.0),25/02/26 23:00:00,Quarterly,EMU convergence criterion bond yields,Luxembourg,1987-Q4,7.41333,,
ESTAT:IRT_LT_MCBY_Q(1.0),25/02/26 23:00:00,Quarterly,EMU convergence criterion bond yields,Luxembourg,1988-Q1,7.72667,,
ESTAT:IRT_LT_MCBY_Q(1.0),25/02/26 23:00:00,Quarterly,EMU convergence criterion bond yields,Luxembourg,1988-Q2,6.46667,,
ESTAT:IRT_LT_MCBY_Q(1.0),25/02/26 23:00:00,Quarterly,EMU convergence criterion bond yields,Luxembourg,1988-Q3,7.33667,,
ESTAT:IRT_LT_MCBY_Q(1.0),25/02/26 23:00:00,Quarterly,EMU convergence criterion bond yields,Luxembourg,1988-Q4,7.19333,,
ESTAT:IRT_LT_MCBY_Q(1.0),25/02/26 23:00:00,Quarterly,EMU convergence criterion bond yields,Luxembourg,1989-Q1,7.54333,,
ESTAT:IRT_LT_MCBY_Q(1.0),25/02/26 23:00:00,Quarterly,EMU convergence criterion bond yields,Luxembourg,1989-Q2,7.31333,,
ESTAT:IRT_LT_MCBY_Q(1.0),25/02/26 23:00:00,Quarterly,EMU convergence criterion bond yields,Luxembourg,1989-Q3,7.60333,,
ESTAT:IRT_LT_MCBY_Q(1.0),25/02/26 23:00:00,Quarterly,EMU convergence criterion bond yields,Luxembourg,1989-Q4,8.33667,,
ESTAT:IRT_LT_MCBY_Q(1.0),25/02/26 23:00:00,Quarterly,EMU convergence criterion bond yields,Luxembourg,1990-Q1,8.43667,,
ESTAT:IRT_LT_MCBY_Q(1.0),25/02/26 23:00:00,Quarterly,EMU convergence criterion bond yields,Luxembourg,1990-Q2,8.49333,,
ESTAT:IRT_LT_MCBY_Q(1.0),25/02/26 23:00:00,Quarterly,EMU convergence criterion bond yields,Luxembourg,1990-Q3,8.50333,,
ESTAT:IRT_LT_MCBY_Q(1.0),25/02/26 23:00:00,Quarterly,EMU convergence criterion bond yields,Luxembourg,1990-Q4,8.65667,,
ESTAT:IRT_LT_MCBY_Q(1.0),25/02/26 23:00:00,Quarterly,EMU convergence criterion bond yields,Luxembourg,1991-Q1,8.26000,,
ESTAT:IRT_LT_MCBY_Q(1.0),25/02/26 23:00:00,Quarterly,EMU convergence criterion bond yields,Luxembourg,1991-Q2,8.13000,,
ESTAT:IRT_LT_MCBY_Q(1.0),25/02/26 23:00:00,Quarterly,EMU convergence criterion bond yields,Luxembourg,1991-Q3,8.10667,,
ESTAT:IRT_LT_MCBY_Q(1.0),25/02/26 23:00:00,Quarterly,EMU convergence criterion bond yields,Luxembourg,1991-Q4,8.12667,,
ESTAT:IRT_LT_MCBY_Q(1.0),25/02/26 23:00:00,Quarterly,EMU convergence criterion bond yields,Luxembourg,1992-Q1,7.60000,,
ESTAT:IRT_LT_MCBY_Q(1.0),25/02/26 23:00:00,Quarterly,EMU convergence criterion bond yields,Luxembourg,1992-Q2,7.92333,,
ESTAT:IRT_LT_MCBY_Q(1.0),25/02/26 23:00:00,Quarterly,EMU convergence criterion bond yields,Luxembourg,1992-Q3,7.96667,,
ESTAT:IRT_LT_MCBY_Q(1.0),25/02/26 23:00:00,Quarterly,EMU convergence criterion bond yields,Luxembourg,1992-Q4,8.16333,,
ESTAT:IRT_LT_MCBY_Q(1.0),25/02/26 23:00:00,Quarterly,EMU convergence criterion bond yields,Luxembourg,1993-Q1,7.25000,,
ESTAT:IRT_LT_MCBY_Q(1.0),25/02/26 23:00:00,Quarterly,EMU convergence criterion bond yields,Luxembourg,1993-Q2,7.01667,,
ESTAT:IRT_LT_MCBY_Q(1.0),25/02/26 23:00:00,Quarterly,EMU convergence criterion bond yields,Luxembourg,1993-Q3,6.58667,,
ESTAT:IRT_LT_MCBY_Q(1.0),25/02/26 23:00:00,Quarterly,EMU convergence criterion bond yields,Luxembourg,1993-Q4,6.50000,,
ESTAT:IRT_LT_MCBY_Q(1.0),25/02/26 23:00:00,Quarterly,EMU convergence criterion bond yields,Luxembourg,1994-Q1,6.49000,,
ESTAT:IRT_LT_MCBY_Q(1.0),25/02/26 23:00:00,Quarterly,EMU convergence criterion bond yields,Luxembourg,1994-Q2,7.08000,,
ESTAT:IRT_LT_MCBY_Q(1.0),25/02/26 23:00:00,Quarterly,EMU convergence criterion bond yields,Luxembourg,1994-Q3,7.17000,,
ESTAT:IRT_LT_MCBY_Q(1.0),25/02/26 23:00:00,Quarterly,EMU convergence criterion bond yields,Luxembourg,1994-Q4,7.85000,,
ESTAT:IRT_LT_MCBY_Q(1.0),25/02/26 23:00:00,Quarterly,EMU convergence criterion bond yields,Luxembourg,1995-Q1,7.78000,,
ESTAT:IRT_LT_MCBY_Q(1.0),25/02/26 23:00:00,Quarterly,EMU convergence criterion bond yields,Luxembourg,1995-Q2,7.34000,,
ESTAT:IRT_LT_MCBY_Q(1.0),25/02/26 23:00:00,Quarterly,EMU convergence criterion bond yields,Luxembourg,1995-Q3,7.03000,,
ESTAT:IRT_LT_MCBY_Q(1.0),25/02/26 23:00:00,Quarterly,EMU convergence criterion bond yields,Luxembourg,1995-Q4,6.77000,,
ESTAT:IRT_LT_MCBY_Q(1.0),25/02/26 23:00:00,Quarterly,EMU convergence criterion bond yields,Luxembourg,1996-Q1,6.51000,,
ESTAT:IRT_LT_MCBY_Q(1.0),25/02/26 23:00:00,Quarterly,EMU convergence criterion bond yields,Luxembourg,1996-Q2,6.52000,,
ESTAT:IRT_LT_MCBY_Q(1.0),25/02/26 23:00:00,Quarterly,EMU convergence criterion bond yields,Luxembourg,1996-Q3,6.38000,,
ESTAT:IRT_LT_MCBY_Q(1.0),25/02/26 23:00:00,Quarterly,EMU convergence criterion bond yields,Luxembourg,1996-Q4,5.87000,,
ESTAT:IRT_LT_MCBY_Q(1.0),25/02/26 23:00:00,Quarterly,EMU convergence criterion bond yields,Luxembourg,1997-Q1,5.59000,,
ESTAT:IRT_LT_MCBY_Q(1.0),25/02/26 23:00:00,Quarterly,EMU convergence criterion bond yields,Luxembourg,1997-Q2,5.66000,,
ESTAT:IRT_LT_MCBY_Q(1.0),25/02/26 23:00:00,Quarterly,EMU convergence criterion bond yields,Luxembourg,1997-Q3,5.60000,,
ESTAT:IRT_LT_MCBY_Q(1.0),25/02/26 23:00:00,Quarterly,EMU convergence criterion bond yields,Luxembourg,1997-Q4,5.55000,,
ESTAT:IRT_LT_MCBY_Q(1.0),25/02/26 23:00:00,Quarterly,EMU convergence criterion bond yields,Luxembourg,1998-Q1,5.10000,,
ESTAT:IRT_LT_MCBY_Q(1.0),25/02/26 23:00:00,Quarterly,EMU convergence criterion bond yields,Luxembourg,1998-Q2,5.00000,,
ESTAT:IRT_LT_MCBY_Q(1.0),25/02/26 23:00:00,Quarterly,EMU convergence criterion bond yields,Luxembourg,1998-Q3,4.59000,,
ESTAT:IRT_LT_MCBY_Q(1.0),25/02/26 23:00:00,Quarterly,EMU convergence criterion bond yields,Luxembourg,1998-Q4,4.23000,,
ESTAT:IRT_LT_MCBY_Q(1.0),25/02/26 23:00:00,Quarterly,EMU convergence criterion bond yields,Luxembourg,1999-Q1,4.00000,,
ESTAT:IRT_LT_MCBY_Q(1.0),25/02/26 23:00:00,Quarterly,EMU convergence criterion bond yields,Luxembourg,1999-Q2,4.18000,,
ESTAT:IRT_LT_MCBY_Q(1.0),25/02/26 23:00:00,Quarterly,EMU convergence criterion bond yields,Luxembourg,1999-Q3,5.12000,,
ESTAT:IRT_LT_MCBY_Q(1.0),25/02/26 23:00:00,Quarterly,EMU convergence criterion bond yields,Luxembourg,1999-Q4,5.35000,,
ESTAT:IRT_LT_MCBY_Q(1.0),25/02/26 23:00:00,Quarterly,EMU convergence criterion bond yields,Luxembourg,2000-Q1,5.64000,,
ESTAT:IRT_LT_MCBY_Q(1.0),25/02/26 23:00:00,Quarterly,EMU convergence criterion bond yields,Luxembourg,2000-Q2,5.46000,,
ESTAT:IRT_LT_MCBY_Q(1.0),25/02/26 23:00:00,Quarterly,EMU convergence criterion bond yields,Luxembourg,2000-Q3,5.54000,,
ESTAT:IRT_LT_MCBY_Q(1.0),25/02/26 23:00:00,Quarterly,EMU convergence criterion bond yields,Luxembourg,2000-Q4,5.43000,,
ESTAT:IRT_LT_MCBY_Q(1.0),25/02/26 23:00:00,Quarterly,EMU convergence criterion bond yields,Luxembourg,2001-Q1,5.02000,,
ESTAT:IRT_LT_MCBY_Q(1.0),25/02/26 23:00:00,Quarterly,EMU convergence criterion bond yields,Luxembourg,2001-Q2,5.16000,,
ESTAT:IRT_LT_MCBY_Q(1.0),25/02/26 23:00:00,Quarterly,EMU convergence criterion bond yields,Luxembourg,2001-Q3,4.84000,,
ESTAT:IRT_LT_MCBY_Q(1.0),25/02/26 23:00:00,Quarterly,EMU convergence criterion bond yields,Luxembourg,2001-Q4,4.41000,,
ESTAT:IRT_LT_MCBY_Q(1.0),25/02/26 23:00:00,Quarterly,EMU convergence criterion bond yields,Luxembourg,2002-Q1,4.97000,,
ESTAT:IRT_LT_MCBY_Q(1.0),25/02/26 23:00:00,Quarterly,EMU convergence criterion bond yields,Luxembourg,2002-Q2,5.15000,,
ESTAT:IRT_LT_MCBY_Q(1.0),25/02/26 23:00:00,Quarterly,EMU convergence criterion bond yields,Luxembourg,2002-Q3,4.64000,,
ESTAT:IRT_LT_MCBY_Q(1.0),25/02/26 23:00:00,Quarterly,EMU convergence criterion bond yields,Luxembourg,2002-Q4,4.06000,,
ESTAT:IRT_LT_MCBY_Q(1.0),25/02/26 23:00:00,Quarterly,EMU convergence criterion bond yields,Luxembourg,2003-Q1,3.57000,,
ESTAT:IRT_LT_MCBY_Q(1.0),25/02/26 23:00:00,Quarterly,EMU convergence criterion bond yields,Luxembourg,2003-Q2,3.32000,,
ESTAT:IRT_LT_MCBY_Q(1.0),25/02/26 23:00:00,Quarterly,EMU convergence criterion bond yields,Luxembourg,2003-Q3,3.08000,,
ESTAT:IRT_LT_MCBY_Q(1.0),25/02/26 23:00:00,Quarterly,EMU convergence criterion bond yields,Luxembourg,2003-Q4,3.29000,,
ESTAT:IRT_LT_MCBY_Q(1.0),25/02/26 23:00:00,Quarterly,EMU convergence criterion bond yields,Luxembourg,2004-Q1,2.88000,,
ESTAT:IRT_LT_MCBY_Q(1.0),25/02/26 23:00:00,Quarterly,EMU convergence criterion bond yields,Luxembourg,2004-Q2,2.98000,,
ESTAT:IRT_LT_MCBY_Q(1.0),25/02/26 23:00:00,Quarterly,EMU convergence criterion bond yields,Luxembourg,2004-Q3,2.91000,,
ESTAT:IRT_LT_MCBY_Q(1.0),25/02/26 23:00:00,Quarterly,EMU convergence criterion bond yields,Luxembourg,2004-Q4,2.61000,,
ESTAT:IRT_LT_MCBY_Q(1.0),25/02/26 23:00:00,Quarterly,EMU convergence criterion bond yields,Luxembourg,2005-Q1,2.56000,,
ESTAT:IRT_LT_MCBY_Q(1.0),25/02/26 23:00:00,Quarterly,EMU convergence criterion bond yields,Luxembourg,2005-Q2,2.28000,,
ESTAT:IRT_LT_MCBY_Q(1.0),25/02/26 23:00:00,Quarterly,EMU convergence criterion bond yields,Luxembourg,2005-Q3,2.20000,,
ESTAT:IRT_LT_MCBY_Q(1.0),25/02/26 23:00:00,Quarterly,EMU convergence criterion bond yields,Luxembourg,2005-Q4,2.60000,,
ESTAT:IRT_LT_MCBY_Q(1.0),25/02/26 23:00:00,Quarterly,EMU convergence criterion bond yields,Luxembourg,2006-Q1,2.82000,,
ESTAT:IRT_LT_MCBY_Q(1.0),25/02/26 23:00:00,Quarterly,EMU convergence criterion bond yields,Luxembourg,2006-Q2,3.09000,,
ESTAT:IRT_LT_MCBY_Q(1.0),25/02/26 23:00:00,Quarterly,EMU convergence criterion bond yields,Luxembourg,2006-Q3,3.58000,,
ESTAT:IRT_LT_MCBY_Q(1.0),25/02/26 23:00:00,Quarterly,EMU convergence criterion bond yields,Luxembourg,2006-Q4,3.72000,,
ESTAT:IRT_LT_MCBY_Q(1.0),25/02/26 23:00:00,Quarterly,EMU convergence criterion bond yields,Luxembourg,2007-Q1,3.92000,,
ESTAT:IRT_LT_MCBY_Q(1.0),25/02/26 23:00:00,Quarterly,EMU convergence criterion bond yields,Luxembourg,2007-Q2,4.58000,,
ESTAT:IRT_LT_MCBY_Q(1.0),25/02/26 23:00:00,Quarterly,EMU convergence criterion bond yields,Luxembourg,2007-Q3,4.72000,,
ESTAT:IRT_LT_MCBY_Q(1.0),25/02/26 23:00:00,Quarterly,EMU convergence criterion bond yields,Luxembourg,2007-Q4,4.62000,,
ESTAT:IRT_LT_MCBY_Q(1.0),25/02/26 23:00:00,Quarterly,EMU convergence criterion bond yields,Luxembourg,2008-Q1,4.42000,,
ESTAT:IRT_LT_MCBY_Q(1.0),25/02/26 23:00:00,Quarterly,EMU convergence criterion bond yields,Luxembourg,2008-Q2,4.74000,,
ESTAT:IRT_LT_MCBY_Q(1.0),25/02/26 23:00:00,Quarterly,EMU convergence criterion bond yields,Luxembourg,2008-Q3,4.88000,,
ESTAT:IRT_LT_MCBY_Q(1.0),25/02/26 23:00:00,Quarterly,EMU convergence criterion bond yields,Luxembourg,2008-Q4,4.40000,,
ESTAT:IRT_LT_MCBY_Q(1.0),25/02/26 23:00:00,Quarterly,EMU convergence criterion bond yields,Luxembourg,2009-Q1,4.27000,,
ESTAT:IRT_LT_MCBY_Q(1.0),25/02/26 23:00:00,Quarterly,EMU convergence criterion bond yields,Luxembourg,2009-Q2,4.62000,,
ESTAT:IRT_LT_MCBY_Q(1.0),25/02/26 23:00:00,Quarterly,EMU convergence criterion bond yields,Luxembourg,2009-Q3,4.18000,,
ESTAT:IRT_LT_MCBY_Q(1.0),25/02/26 23:00:00,Quarterly,EMU convergence criterion bond yields,Luxembourg,2009-Q4,3.84000,,
ESTAT:IRT_LT_MCBY_Q(1.0),25/02/26 23:00:00,Quarterly,EMU convergence criterion bond yields,Luxembourg,2010-Q1,3.68000,,
ESTAT:IRT_LT_MCBY_Q(1.0),25/02/26 23:00:00,Quarterly,EMU convergence criterion bond yields,Luxembourg,2010-Q2,3.23000,,
ESTAT:IRT_LT_MCBY_Q(1.0),25/02/26 23:00:00,Quarterly,EMU convergence criterion bond yields,Luxembourg,2010-Q3,2.76000,,
ESTAT:IRT_LT_MCBY_Q(1.0),25/02/26 23:00:00,Quarterly,EMU convergence criterion bond yields,Luxembourg,2010-Q4,3.00000,,
ESTAT:IRT_LT_MCBY_Q(1.0),25/02/26 23:00:00,Quarterly,EMU convergence criterion bond yields,Luxembourg,2011-Q1,3.41000,,
ESTAT:IRT_LT_MCBY_Q(1.0),25/02/26 23:00:00,Quarterly,EMU convergence criterion bond yields,Luxembourg,2011-Q2,3.34000,,
ESTAT:IRT_LT_MCBY_Q(1.0),25/02/26 23:00:00,Quarterly,EMU convergence criterion bond yields,Luxembourg,2011-Q3,2.63000,,
ESTAT:IRT_LT_MCBY_Q(1.0),25/02/26 23:00:00,Quarterly,EMU convergence criterion bond yields,Luxembourg,2011-Q4,2.32000,,
ESTAT:IRT_LT_MCBY_Q(1.0),25/02/26 23:00:00,Quarterly,EMU convergence criterion bond yields,Luxembourg,2012-Q1,2.11000,,
ESTAT:IRT_LT_MCBY_Q(1.0),25/02/26 23:00:00,Quarterly,EMU convergence criterion bond yields,Luxembourg,2012-Q2,1.98000,,
ESTAT:IRT_LT_MCBY_Q(1.0),25/02/26 23:00:00,Quarterly,EMU convergence criterion bond yields,Luxembourg,2012-Q3,1.67000,,
ESTAT:IRT_LT_MCBY_Q(1.0),25/02/26 23:00:00,Quarterly,EMU convergence criterion bond yields,Luxembourg,2012-Q4,1.52000,,
ESTAT:IRT_LT_MCBY_Q(1.0),25/02/26 23:00:00,Quarterly,EMU convergence criterion bond yields,Luxembourg,2013-Q1,1.61000,,
ESTAT:IRT_LT_MCBY_Q(1.0),25/02/26 23:00:00,Quarterly,EMU convergence criterion bond yields,Luxembourg,2013-Q2,1.54000,,
ESTAT:IRT_LT_MCBY_Q(1.0),25/02/26 23:00:00,Quarterly,EMU convergence criterion bond yields,Luxembourg,2013-Q3,2.16000,,
ESTAT:IRT_LT_MCBY_Q(1.0),25/02/26 23:00:00,Quarterly,EMU convergence criterion bond yields,Luxembourg,2013-Q4,2.08000,,
ESTAT:IRT_LT_MCBY_Q(1.0),25/02/26 23:00:00,Quarterly,EMU convergence criterion bond yields,Luxembourg,2014-Q1,1.91000,,
ESTAT:IRT_LT_MCBY_Q(1.0),25/02/26 23:00:00,Quarterly,EMU convergence criterion bond yields,Luxembourg,2014-Q2,1.57000,,
ESTAT:IRT_LT_MCBY_Q(1.0),25/02/26 23:00:00,Quarterly,EMU convergence criterion bond yields,Luxembourg,2014-Q3,1.11000,,
ESTAT:IRT_LT_MCBY_Q(1.0),25/02/26 23:00:00,Quarterly,EMU convergence criterion bond yields,Luxembourg,2014-Q4,0.76000,,
ESTAT:IRT_LT_MCBY_Q(1.0),25/02/26 23:00:00,Quarterly,EMU convergence criterion bond yields,Luxembourg,2015-Q1,0.34000,,
ESTAT:IRT_LT_MCBY_Q(1.0),25/02/26 23:00:00,Quarterly,EMU convergence criterion bond yields,Luxembourg,2015-Q2,0.38000,,
ESTAT:IRT_LT_MCBY_Q(1.0),25/02/26 23:00:00,Quarterly,EMU convergence criterion bond yields,Luxembourg,2015-Q3,0.48000,,
ESTAT:IRT_LT_MCBY_Q(1.0),25/02/26 23:00:00,Quarterly,EMU convergence criterion bond yields,Luxembourg,2015-Q4,0.28000,,
ESTAT:IRT_LT_MCBY_Q(1.0),25/02/26 23:00:00,Quarterly,EMU convergence criterion bond yields,Luxembourg,2016-Q1,0.52000,,
ESTAT:IRT_LT_MCBY_Q(1.0),25/02/26 23:00:00,Quarterly,EMU convergence criterion bond yields,Luxembourg,2016-Q2,0.28000,,
ESTAT:IRT_LT_MCBY_Q(1.0),25/02/26 23:00:00,Quarterly,EMU convergence criterion bond yields,Luxembourg,2016-Q3,-0.03000,,
ESTAT:IRT_LT_MCBY_Q(1.0),25/02/26 23:00:00,Quarterly,EMU convergence criterion bond yields,Luxembourg,2016-Q4,0.24000,,
ESTAT:IRT_LT_MCBY_Q(1.0),25/02/26 23:00:00,Quarterly,EMU convergence criterion bond yields,Luxembourg,2017-Q1,0.53000,,
ESTAT:IRT_LT_MCBY_Q(1.0),25/02/26 23:00:00,Quarterly,EMU convergence criterion bond yields,Luxembourg,2017-Q2,0.53000,,
ESTAT:IRT_LT_MCBY_Q(1.0),25/02/26 23:00:00,Quarterly,EMU convergence criterion bond yields,Luxembourg,2017-Q3,0.61000,,
ESTAT:IRT_LT_MCBY_Q(1.0),25/02/26 23:00:00,Quarterly,EMU convergence criterion bond yields,Luxembourg,2017-Q4,0.52000,,
ESTAT:IRT_LT_MCBY_Q(1.0),25/02/26 23:00:00,Quarterly,EMU convergence criterion bond yields,Luxembourg,2018-Q1,0.70000,,
ESTAT:IRT_LT_MCBY_Q(1.0),25/02/26 23:00:00,Quarterly,EMU convergence criterion bond yields,Luxembourg,2018-Q2,0.59000,,
ESTAT:IRT_LT_MCBY_Q(1.0),25/02/26 23:00:00,Quarterly,EMU convergence criterion bond yields,Luxembourg,2018-Q3,0.48000,,
ESTAT:IRT_LT_MCBY_Q(1.0),25/02/26 23:00:00,Quarterly,EMU convergence criterion bond yields,Luxembourg,2018-Q4,0.49000,,
ESTAT:IRT_LT_MCBY_Q(1.0),25/02/26 23:00:00,Quarterly,EMU convergence criterion bond yields,Luxembourg,2019-Q1,0.27000,,
ESTAT:IRT_LT_MCBY_Q(1.0),25/02/26 23:00:00,Quarterly,EMU convergence criterion bond yields,Luxembourg,2019-Q2,-0.01000,,
ESTAT:IRT_LT_MCBY_Q(1.0),25/02/26 23:00:00,Quarterly,EMU convergence criterion bond yields,Luxembourg,2019-Q3,-0.44000,,
ESTAT:IRT_LT_MCBY_Q(1.0),25/02/26 23:00:00,Quarterly,EMU convergence criterion bond yields,Luxembourg,2019-Q4,-0.30000,,
ESTAT:IRT_LT_MCBY_Q(1.0),25/02/26 23:00:00,Quarterly,EMU convergence criterion bond yields,Luxembourg,2020-Q1,-0.35000,,
ESTAT:IRT_LT_MCBY_Q(1.0),25/02/26 23:00:00,Quarterly,EMU convergence criterion bond yields,Luxembourg,2020-Q2,-0.30000,,
ESTAT:IRT_LT_MCBY_Q(1.0),25/02/26 23:00:00,Quarterly,EMU convergence criterion bond yields,Luxembourg,2020-Q3,-0.46000,,
ESTAT:IRT_LT_MCBY_Q(1.0),25/02/26 23:00:00,Quarterly,EMU convergence criterion bond yields,Luxembourg,2020-Q4,-0.54000,,
ESTAT:IRT_LT_MCBY_Q(1.0),25/02/26 23:00:00,Quarterly,EMU convergence criterion bond yields,Luxembourg,2021-Q1,-0.46000,,
ESTAT:IRT_LT_MCBY_Q(1.0),25/02/26 23:00:00,Quarterly,EMU convergence criterion bond yields,Luxembourg,2021-Q2,-0.34000,,
ESTAT:IRT_LT_MCBY_Q(1.0),25/02/26 23:00:00,Quarterly,EMU convergence criterion bond yields,Luxembourg,2021-Q3,-0.42000,,
ESTAT:IRT_LT_MCBY_Q(1.0),25/02/26 23:00:00,Quarterly,EMU convergence criterion bond yields,Luxembourg,2021-Q4,-0.21000,,
ESTAT:IRT_LT_MCBY_Q(1.0),25/02/26 23:00:00,Quarterly,EMU convergence criterion bond yields,Luxembourg,2022-Q1,0.30000,,
ESTAT:IRT_LT_MCBY_Q(1.0),25/02/26 23:00:00,Quarterly,EMU convergence criterion bond yields,Luxembourg,2022-Q2,1.74000,,
ESTAT:IRT_LT_MCBY_Q(1.0),25/02/26 23:00:00,Quarterly,EMU convergence criterion bond yields,Luxembourg,2022-Q3,2.08000,,
ESTAT:IRT_LT_MCBY_Q(1.0),25/02/26 23:00:00,Quarterly,EMU convergence criterion bond yields,Luxembourg,2022-Q4,2.79000,,
ESTAT:IRT_LT_MCBY_Q(1.0),25/02/26 23:00:00,Quarterly,EMU convergence criterion bond yields,Luxembourg,2023-Q1,2.86000,,
ESTAT:IRT_LT_MCBY_Q(1.0),25/02/26 23:00:00,Quarterly,EMU convergence criterion bond yields,Luxembourg,2023-Q2,2.95000,,
ESTAT:IRT_LT_MCBY_Q(1.0),25/02/26 23:00:00,Quarterly,EMU convergence criterion bond yields,Luxembourg,2023-Q3,3.09000,,
ESTAT:IRT_LT_MCBY_Q(1.0),25/02/26 23:00:00,Quarterly,EMU convergence criterion bond yields,Luxembourg,2023-Q4,2.96000,,
ESTAT:IRT_LT_MCBY_Q(1.0),25/02/26 23:00:00,Quarterly,EMU convergence criterion bond yields,Luxembourg,2024-Q1,2.74000,,
ESTAT:IRT_LT_MCBY_Q(1.0),25/02/26 23:00:00,Quarterly,EMU convergence criterion bond yields,Luxembourg,2024-Q2,2.93000,,
ESTAT:IRT_LT_MCBY_Q(1.0),25/02/26 23:00:00,Quarterly,EMU convergence criterion bond yields,Luxembourg,2024-Q3,2.72000,,
ESTAT:IRT_LT_MCBY_Q(1.0),25/02/26 23:00:00,Quarterly,EMU convergence criterion bond yields,Luxembourg,2024-Q4,2.67000,,
ESTAT:IRT_LT_MCBY_Q(1.0),25/02/26 23:00:00,Quarterly,EMU convergence criterion bond yields,Luxembourg,2025-Q1,2.90504,,
ESTAT:IRT_LT_MCBY_Q(1.0),25/02/26 23:00:00,Quarterly,EMU convergence criterion bond yields,Luxembourg,2025-Q2,2.87607,,
ESTAT:IRT_LT_MCBY_Q(1.0),25/02/26 23:00:00,Quarterly,EMU convergence criterion bond yields,Luxembourg,2025-Q3,2.91000,,
ESTAT:IRT_LT_MCBY_Q(1.0),25/02/26 23:00:00,Quarterly,EMU convergence criterion bond yields,Luxembourg,2025-Q4,2.92003,,
ESTAT:IRT_LT_MCBY_Q(1.0),25/02/26 23:00:00,Quarterly,EMU convergence criterion bond yields,Latvia,2001-Q1,7.79000,,
ESTAT:IRT_LT_MCBY_Q(1.0),25/02/26 23:00:00,Quarterly,EMU convergence criterion bond yields,Latvia,2001-Q2,7.68000,,
ESTAT:IRT_LT_MCBY_Q(1.0),25/02/26 23:00:00,Quarterly,EMU convergence criterion bond yields,Latvia,2001-Q3,7.66000,,
ESTAT:IRT_LT_MCBY_Q(1.0),25/02/26 23:00:00,Quarterly,EMU convergence criterion bond yields,Latvia,2001-Q4,7.16000,,
ESTAT:IRT_LT_MCBY_Q(1.0),25/02/26 23:00:00,Quarterly,EMU convergence criterion bond yields,Latvia,2002-Q1,6.04000,,
ESTAT:IRT_LT_MCBY_Q(1.0),25/02/26 23:00:00,Quarterly,EMU convergence criterion bond yields,Latvia,2002-Q2,5.58000,,
ESTAT:IRT_LT_MCBY_Q(1.0),25/02/26 23:00:00,Quarterly,EMU convergence criterion bond yields,Latvia,2002-Q3,5.27000,,
ESTAT:IRT_LT_MCBY_Q(1.0),25/02/26 23:00:00,Quarterly,EMU convergence criterion bond yields,Latvia,2002-Q4,4.73000,,
ESTAT:IRT_LT_MCBY_Q(1.0),25/02/26 23:00:00,Quarterly,EMU convergence criterion bond yields,Latvia,2003-Q1,4.79000,,
ESTAT:IRT_LT_MCBY_Q(1.0),25/02/26 23:00:00,Quarterly,EMU convergence criterion bond yields,Latvia,2003-Q2,4.94000,,
ESTAT:IRT_LT_MCBY_Q(1.0),25/02/26 23:00:00,Quarterly,EMU convergence criterion bond yields,Latvia,2003-Q3,4.85000,,
ESTAT:IRT_LT_MCBY_Q(1.0),25/02/26 23:00:00,Quarterly,EMU convergence criterion bond yields,Latvia,2003-Q4,5.02000,,
ESTAT:IRT_LT_MCBY_Q(1.0),25/02/26 23:00:00,Quarterly,EMU convergence criterion bond yields,Latvia,2004-Q1,5.03000,,
ESTAT:IRT_LT_MCBY_Q(1.0),25/02/26 23:00:00,Quarterly,EMU convergence criterion bond yields,Latvia,2004-Q2,4.92000,,
ESTAT:IRT_LT_MCBY_Q(1.0),25/02/26 23:00:00,Quarterly,EMU convergence criterion bond yields,Latvia,2004-Q3,4.88000,,
ESTAT:IRT_LT_MCBY_Q(1.0),25/02/26 23:00:00,Quarterly,EMU convergence criterion bond yields,Latvia,2004-Q4,4.60000,,
ESTAT:IRT_LT_MCBY_Q(1.0),25/02/26 23:00:00,Quarterly,EMU convergence criterion bond yields,Latvia,2005-Q1,4.09000,,
ESTAT:IRT_LT_MCBY_Q(1.0),25/02/26 23:00:00,Quarterly,EMU convergence criterion bond yields,Latvia,2005-Q2,3.87000,,
ESTAT:IRT_LT_MCBY_Q(1.0),25/02/26 23:00:00,Quarterly,EMU convergence criterion bond yields,Latvia,2005-Q3,3.87000,,
ESTAT:IRT_LT_MCBY_Q(1.0),25/02/26 23:00:00,Quarterly,EMU convergence criterion bond yields,Latvia,2005-Q4,3.67000,,
ESTAT:IRT_LT_MCBY_Q(1.0),25/02/26 23:00:00,Quarterly,EMU convergence criterion bond yields,Latvia,2006-Q1,3.60000,,
ESTAT:IRT_LT_MCBY_Q(1.0),25/02/26 23:00:00,Quarterly,EMU convergence criterion bond yields,Latvia,2006-Q2,3.78000,,
ESTAT:IRT_LT_MCBY_Q(1.0),25/02/26 23:00:00,Quarterly,EMU convergence criterion bond yields,Latvia,2006-Q3,4.35000,,
ESTAT:IRT_LT_MCBY_Q(1.0),25/02/26 23:00:00,Quarterly,EMU convergence criterion bond yields,Latvia,2006-Q4,4.80000,,
ESTAT:IRT_LT_MCBY_Q(1.0),25/02/26 23:00:00,Quarterly,EMU convergence criterion bond yields,Latvia,2007-Q1,5.04000,,
ESTAT:IRT_LT_MCBY_Q(1.0),25/02/26 23:00:00,Quarterly,EMU convergence criterion bond yields,Latvia,2007-Q2,5.72000,,
ESTAT:IRT_LT_MCBY_Q(1.0),25/02/26 23:00:00,Quarterly,EMU convergence criterion bond yields,Latvia,2007-Q3,5.27000,,
ESTAT:IRT_LT_MCBY_Q(1.0),25/02/26 23:00:00,Quarterly,EMU convergence criterion bond yields,Latvia,2007-Q4,5.09000,,
ESTAT:IRT_LT_MCBY_Q(1.0),25/02/26 23:00:00,Quarterly,EMU convergence criterion bond yields,Latvia,2008-Q1,5.36000,,
ESTAT:IRT_LT_MCBY_Q(1.0),25/02/26 23:00:00,Quarterly,EMU convergence criterion bond yields,Latvia,2008-Q2,6.04000,,
ESTAT:IRT_LT_MCBY_Q(1.0),25/02/26 23:00:00,Quarterly,EMU convergence criterion bond yields,Latvia,2008-Q3,6.59000,,
ESTAT:IRT_LT_MCBY_Q(1.0),25/02/26 23:00:00,Quarterly,EMU convergence criterion bond yields,Latvia,2008-Q4,7.74000,,
ESTAT:IRT_LT_MCBY_Q(1.0),25/02/26 23:00:00,Quarterly,EMU convergence criterion bond yields,Latvia,2009-Q1,11.15000,,
ESTAT:IRT_LT_MCBY_Q(1.0),25/02/26 23:00:00,Quarterly,EMU convergence criterion bond yields,Latvia,2009-Q2,11.66000,,
ESTAT:IRT_LT_MCBY_Q(1.0),25/02/26 23:00:00,Quarterly,EMU convergence criterion bond yields,Latvia,2009-Q3,12.94000,,
ESTAT:IRT_LT_MCBY_Q(1.0),25/02/26 23:00:00,Quarterly,EMU convergence criterion bond yields,Latvia,2009-Q4,13.67000,,
ESTAT:IRT_LT_MCBY_Q(1.0),25/02/26 23:00:00,Quarterly,EMU convergence criterion bond yields,Latvia,2010-Q1,12.64000,,
ESTAT:IRT_LT_MCBY_Q(1.0),25/02/26 23:00:00,Quarterly,EMU convergence criterion bond yields,Latvia,2010-Q2,10.13000,,
ESTAT:IRT_LT_MCBY_Q(1.0),25/02/26 23:00:00,Quarterly,EMU convergence criterion bond yields,Latvia,2010-Q3,9.99000,,
ESTAT:IRT_LT_MCBY_Q(1.0),25/02/26 23:00:00,Quarterly,EMU convergence criterion bond yields,Latvia,2010-Q4,8.59000,,
ESTAT:IRT_LT_MCBY_Q(1.0),25/02/26 23:00:00,Quarterly,EMU convergence criterion bond yields,Latvia,2011-Q1,6.01000,,
ESTAT:IRT_LT_MCBY_Q(1.0),25/02/26 23:00:00,Quarterly,EMU convergence criterion bond yields,Latvia,2011-Q2,6.23000,,
ESTAT:IRT_LT_MCBY_Q(1.0),25/02/26 23:00:00,Quarterly,EMU convergence criterion bond yields,Latvia,2011-Q3,5.62000,,
ESTAT:IRT_LT_MCBY_Q(1.0),25/02/26 23:00:00,Quarterly,EMU convergence criterion bond yields,Latvia,2011-Q4,5.76000,,
ESTAT:IRT_LT_MCBY_Q(1.0),25/02/26 23:00:00,Quarterly,EMU convergence criterion bond yields,Latvia,2012-Q1,5.45000,,
ESTAT:IRT_LT_MCBY_Q(1.0),25/02/26 23:00:00,Quarterly,EMU convergence criterion bond yields,Latvia,2012-Q2,5.11000,,
ESTAT:IRT_LT_MCBY_Q(1.0),25/02/26 23:00:00,Quarterly,EMU convergence criterion bond yields,Latvia,2012-Q3,4.35000,,
ESTAT:IRT_LT_MCBY_Q(1.0),25/02/26 23:00:00,Quarterly,EMU convergence criterion bond yields,Latvia,2012-Q4,3.36000,,
ESTAT:IRT_LT_MCBY_Q(1.0),25/02/26 23:00:00,Quarterly,EMU convergence criterion bond yields,Latvia,2013-Q1,3.20000,,
ESTAT:IRT_LT_MCBY_Q(1.0),25/02/26 23:00:00,Quarterly,EMU convergence criterion bond yields,Latvia,2013-Q2,3.14000,,
ESTAT:IRT_LT_MCBY_Q(1.0),25/02/26 23:00:00,Quarterly,EMU convergence criterion bond yields,Latvia,2013-Q3,3.32000,,
ESTAT:IRT_LT_MCBY_Q(1.0),25/02/26 23:00:00,Quarterly,EMU convergence criterion bond yields,Latvia,2013-Q4,3.70000,,
ESTAT:IRT_LT_MCBY_Q(1.0),25/02/26 23:00:00,Quarterly,EMU convergence criterion bond yields,Latvia,2014-Q1,3.14000,,
ESTAT:IRT_LT_MCBY_Q(1.0),25/02/26 23:00:00,Quarterly,EMU convergence criterion bond yields,Latvia,2014-Q2,2.69000,,
ESTAT:IRT_LT_MCBY_Q(1.0),25/02/26 23:00:00,Quarterly,EMU convergence criterion bond yields,Latvia,2014-Q3,2.34000,,
ESTAT:IRT_LT_MCBY_Q(1.0),25/02/26 23:00:00,Quarterly,EMU convergence criterion bond yields,Latvia,2014-Q4,1.86000,,
ESTAT:IRT_LT_MCBY_Q(1.0),25/02/26 23:00:00,Quarterly,EMU convergence criterion bond yields,Latvia,2015-Q1,0.81000,,
ESTAT:IRT_LT_MCBY_Q(1.0),25/02/26 23:00:00,Quarterly,EMU convergence criterion bond yields,Latvia,2015-Q2,0.85000,,
ESTAT:IRT_LT_MCBY_Q(1.0),25/02/26 23:00:00,Quarterly,EMU convergence criterion bond yields,Latvia,2015-Q3,1.08000,,
ESTAT:IRT_LT_MCBY_Q(1.0),25/02/26 23:00:00,Quarterly,EMU convergence criterion bond yields,Latvia,2015-Q4,1.11000,,
ESTAT:IRT_LT_MCBY_Q(1.0),25/02/26 23:00:00,Quarterly,EMU convergence criterion bond yields,Latvia,2016-Q1,0.88000,,
ESTAT:IRT_LT_MCBY_Q(1.0),25/02/26 23:00:00,Quarterly,EMU convergence criterion bond yields,Latvia,2016-Q2,0.53000,,
ESTAT:IRT_LT_MCBY_Q(1.0),25/02/26 23:00:00,Quarterly,EMU convergence criterion bond yields,Latvia,2016-Q3,0.17000,,
ESTAT:IRT_LT_MCBY_Q(1.0),25/02/26 23:00:00,Quarterly,EMU convergence criterion bond yields,Latvia,2016-Q4,0.55000,,
ESTAT:IRT_LT_MCBY_Q(1.0),25/02/26 23:00:00,Quarterly,EMU convergence criterion bond yields,Latvia,2017-Q1,0.94000,,
ESTAT:IRT_LT_MCBY_Q(1.0),25/02/26 23:00:00,Quarterly,EMU convergence criterion bond yields,Latvia,2017-Q2,0.88000,,
ESTAT:IRT_LT_MCBY_Q(1.0),25/02/26 23:00:00,Quarterly,EMU convergence criterion bond yields,Latvia,2017-Q3,0.85000,,
ESTAT:IRT_LT_MCBY_Q(1.0),25/02/26 23:00:00,Quarterly,EMU convergence criterion bond yields,Latvia,2017-Q4,0.66000,,
ESTAT:IRT_LT_MCBY_Q(1.0),25/02/26 23:00:00,Quarterly,EMU convergence criterion bond yields,Latvia,2018-Q1,0.73000,,
ESTAT:IRT_LT_MCBY_Q(1.0),25/02/26 23:00:00,Quarterly,EMU convergence criterion bond yields,Latvia,2018-Q2,0.86000,,
ESTAT:IRT_LT_MCBY_Q(1.0),25/02/26 23:00:00,Quarterly,EMU convergence criterion bond yields,Latvia,2018-Q3,0.98000,,
ESTAT:IRT_LT_MCBY_Q(1.0),25/02/26 23:00:00,Quarterly,EMU convergence criterion bond yields,Latvia,2018-Q4,1.04000,,
ESTAT:IRT_LT_MCBY_Q(1.0),25/02/26 23:00:00,Quarterly,EMU convergence criterion bond yields,Latvia,2019-Q1,0.82000,,
ESTAT:IRT_LT_MCBY_Q(1.0),25/02/26 23:00:00,Quarterly,EMU convergence criterion bond yields,Latvia,2019-Q2,0.47000,,
ESTAT:IRT_LT_MCBY_Q(1.0),25/02/26 23:00:00,Quarterly,EMU convergence criterion bond yields,Latvia,2019-Q3,-0.01000,,
ESTAT:IRT_LT_MCBY_Q(1.0),25/02/26 23:00:00,Quarterly,EMU convergence criterion bond yields,Latvia,2019-Q4,0.09000,,
ESTAT:IRT_LT_MCBY_Q(1.0),25/02/26 23:00:00,Quarterly,EMU convergence criterion bond yields,Latvia,2020-Q1,0.00000,,
ESTAT:IRT_LT_MCBY_Q(1.0),25/02/26 23:00:00,Quarterly,EMU convergence criterion bond yields,Latvia,2020-Q2,0.19000,,
ESTAT:IRT_LT_MCBY_Q(1.0),25/02/26 23:00:00,Quarterly,EMU convergence criterion bond yields,Latvia,2020-Q3,-0.19000,,
ESTAT:IRT_LT_MCBY_Q(1.0),25/02/26 23:00:00,Quarterly,EMU convergence criterion bond yields,Latvia,2020-Q4,-0.26000,,
ESTAT:IRT_LT_MCBY_Q(1.0),25/02/26 23:00:00,Quarterly,EMU convergence criterion bond yields,Latvia,2021-Q1,-0.25000,,
ESTAT:IRT_LT_MCBY_Q(1.0),25/02/26 23:00:00,Quarterly,EMU convergence criterion bond yields,Latvia,2021-Q2,-0.04000,,
ESTAT:IRT_LT_MCBY_Q(1.0),25/02/26 23:00:00,Quarterly,EMU convergence criterion bond yields,Latvia,2021-Q3,0.04000,,
ESTAT:IRT_LT_MCBY_Q(1.0),25/02/26 23:00:00,Quarterly,EMU convergence criterion bond yields,Latvia,2021-Q4,0.24000,,
ESTAT:IRT_LT_MCBY_Q(1.0),25/02/26 23:00:00,Quarterly,EMU convergence criterion bond yields,Latvia,2022-Q1,0.79000,,
ESTAT:IRT_LT_MCBY_Q(1.0),25/02/26 23:00:00,Quarterly,EMU convergence criterion bond yields,Latvia,2022-Q2,2.04000,,
ESTAT:IRT_LT_MCBY_Q(1.0),25/02/26 23:00:00,Quarterly,EMU convergence criterion bond yields,Latvia,2022-Q3,2.57000,,
ESTAT:IRT_LT_MCBY_Q(1.0),25/02/26 23:00:00,Quarterly,EMU convergence criterion bond yields,Latvia,2022-Q4,3.68000,,
ESTAT:IRT_LT_MCBY_Q(1.0),25/02/26 23:00:00,Quarterly,EMU convergence criterion bond yields,Latvia,2023-Q1,3.77000,,
ESTAT:IRT_LT_MCBY_Q(1.0),25/02/26 23:00:00,Quarterly,EMU convergence criterion bond yields,Latvia,2023-Q2,3.83000,,
ESTAT:IRT_LT_MCBY_Q(1.0),25/02/26 23:00:00,Quarterly,EMU convergence criterion bond yields,Latvia,2023-Q3,3.85000,,
ESTAT:IRT_LT_MCBY_Q(1.0),25/02/26 23:00:00,Quarterly,EMU convergence criterion bond yields,Latvia,2023-Q4,3.87000,,
ESTAT:IRT_LT_MCBY_Q(1.0),25/02/26 23:00:00,Quarterly,EMU convergence criterion bond yields,Latvia,2024-Q1,3.40000,,
ESTAT:IRT_LT_MCBY_Q(1.0),25/02/26 23:00:00,Quarterly,EMU convergence criterion bond yields,Latvia,2024-Q2,3.45000,,
ESTAT:IRT_LT_MCBY_Q(1.0),25/02/26 23:00:00,Quarterly,EMU convergence criterion bond yields,Latvia,2024-Q3,3.23000,,
ESTAT:IRT_LT_MCBY_Q(1.0),25/02/26 23:00:00,Quarterly,EMU convergence criterion bond yields,Latvia,2024-Q4,3.08000,,
ESTAT:IRT_LT_MCBY_Q(1.0),25/02/26 23:00:00,Quarterly,EMU convergence criterion bond yields,Latvia,2025-Q1,3.24333,,
ESTAT:IRT_LT_MCBY_Q(1.0),25/02/26 23:00:00,Quarterly,EMU convergence criterion bond yields,Latvia,2025-Q2,3.30330,,
ESTAT:IRT_LT_MCBY_Q(1.0),25/02/26 23:00:00,Quarterly,EMU convergence criterion bond yields,Latvia,2025-Q3,3.17000,,
ESTAT:IRT_LT_MCBY_Q(1.0),25/02/26 23:00:00,Quarterly,EMU convergence criterion bond yields,Latvia,2025-Q4,3.40803,,
ESTAT:IRT_LT_MCBY_Q(1.0),25/02/26 23:00:00,Quarterly,EMU convergence criterion bond yields,Malta,2001-Q1,6.11000,,
ESTAT:IRT_LT_MCBY_Q(1.0),25/02/26 23:00:00,Quarterly,EMU convergence criterion bond yields,Malta,2001-Q2,6.12000,,
ESTAT:IRT_LT_MCBY_Q(1.0),25/02/26 23:00:00,Quarterly,EMU convergence criterion bond yields,Malta,2001-Q3,6.25000,,
ESTAT:IRT_LT_MCBY_Q(1.0),25/02/26 23:00:00,Quarterly,EMU convergence criterion bond yields,Malta,2001-Q4,6.27000,,
ESTAT:IRT_LT_MCBY_Q(1.0),25/02/26 23:00:00,Quarterly,EMU convergence criterion bond yields,Malta,2002-Q1,6.11000,,
ESTAT:IRT_LT_MCBY_Q(1.0),25/02/26 23:00:00,Quarterly,EMU convergence criterion bond yields,Malta,2002-Q2,5.85000,,
ESTAT:IRT_LT_MCBY_Q(1.0),25/02/26 23:00:00,Quarterly,EMU convergence criterion bond yields,Malta,2002-Q3,5.75000,,
ESTAT:IRT_LT_MCBY_Q(1.0),25/02/26 23:00:00,Quarterly,EMU convergence criterion bond yields,Malta,2002-Q4,5.56000,,
ESTAT:IRT_LT_MCBY_Q(1.0),25/02/26 23:00:00,Quarterly,EMU convergence criterion bond yields,Malta,2003-Q1,5.48000,,
ESTAT:IRT_LT_MCBY_Q(1.0),25/02/26 23:00:00,Quarterly,EMU convergence criterion bond yields,Malta,2003-Q2,5.17000,,
ESTAT:IRT_LT_MCBY_Q(1.0),25/02/26 23:00:00,Quarterly,EMU convergence criterion bond yields,Malta,2003-Q3,4.82000,,
ESTAT:IRT_LT_MCBY_Q(1.0),25/02/26 23:00:00,Quarterly,EMU convergence criterion bond yields,Malta,2003-Q4,4.70000,,
ESTAT:IRT_LT_MCBY_Q(1.0),25/02/26 23:00:00,Quarterly,EMU convergence criterion bond yields,Malta,2004-Q1,4.70000,,
ESTAT:IRT_LT_MCBY_Q(1.0),25/02/26 23:00:00,Quarterly,EMU convergence criterion bond yields,Malta,2004-Q2,4.65000,,
ESTAT:IRT_LT_MCBY_Q(1.0),25/02/26 23:00:00,Quarterly,EMU convergence criterion bond yields,Malta,2004-Q3,4.68000,,
ESTAT:IRT_LT_MCBY_Q(1.0),25/02/26 23:00:00,Quarterly,EMU convergence criterion bond yields,Malta,2004-Q4,4.70000,,
ESTAT:IRT_LT_MCBY_Q(1.0),25/02/26 23:00:00,Quarterly,EMU convergence criterion bond yields,Malta,2005-Q1,4.72000,,
ESTAT:IRT_LT_MCBY_Q(1.0),25/02/26 23:00:00,Quarterly,EMU convergence criterion bond yields,Malta,2005-Q2,4.64000,,
ESTAT:IRT_LT_MCBY_Q(1.0),25/02/26 23:00:00,Quarterly,EMU convergence criterion bond yields,Malta,2005-Q3,4.46000,,
ESTAT:IRT_LT_MCBY_Q(1.0),25/02/26 23:00:00,Quarterly,EMU convergence criterion bond yields,Malta,2005-Q4,4.40000,,
ESTAT:IRT_LT_MCBY_Q(1.0),25/02/26 23:00:00,Quarterly,EMU convergence criterion bond yields,Malta,2006-Q1,4.37000,,
ESTAT:IRT_LT_MCBY_Q(1.0),25/02/26 23:00:00,Quarterly,EMU convergence criterion bond yields,Malta,2006-Q2,4.23000,,
ESTAT:IRT_LT_MCBY_Q(1.0),25/02/26 23:00:00,Quarterly,EMU convergence criterion bond yields,Malta,2006-Q3,4.33000,,
ESTAT:IRT_LT_MCBY_Q(1.0),25/02/26 23:00:00,Quarterly,EMU convergence criterion bond yields,Malta,2006-Q4,4.34000,,
ESTAT:IRT_LT_MCBY_Q(1.0),25/02/26 23:00:00,Quarterly,EMU convergence criterion bond yields,Malta,2007-Q1,4.37000,,
ESTAT:IRT_LT_MCBY_Q(1.0),25/02/26 23:00:00,Quarterly,EMU convergence criterion bond yields,Malta,2007-Q2,4.72000,,
ESTAT:IRT_LT_MCBY_Q(1.0),25/02/26 23:00:00,Quarterly,EMU convergence criterion bond yields,Malta,2007-Q3,4.99000,,
ESTAT:IRT_LT_MCBY_Q(1.0),25/02/26 23:00:00,Quarterly,EMU convergence criterion bond yields,Malta,2007-Q4,4.82000,,
ESTAT:IRT_LT_MCBY_Q(1.0),25/02/26 23:00:00,Quarterly,EMU convergence criterion bond yields,Malta,2008-Q1,4.57000,,
ESTAT:IRT_LT_MCBY_Q(1.0),25/02/26 23:00:00,Quarterly,EMU convergence criterion bond yields,Malta,2008-Q2,4.98000,,
ESTAT:IRT_LT_MCBY_Q(1.0),25/02/26 23:00:00,Quarterly,EMU convergence criterion bond yields,Malta,2008-Q3,5.15000,,
ESTAT:IRT_LT_MCBY_Q(1.0),25/02/26 23:00:00,Quarterly,EMU convergence criterion bond yields,Malta,2008-Q4,4.53000,,
ESTAT:IRT_LT_MCBY_Q(1.0),25/02/26 23:00:00,Quarterly,EMU convergence criterion bond yields,Malta,2009-Q1,4.49000,,
ESTAT:IRT_LT_MCBY_Q(1.0),25/02/26 23:00:00,Quarterly,EMU convergence criterion bond yields,Malta,2009-Q2,4.71000,,
ESTAT:IRT_LT_MCBY_Q(1.0),25/02/26 23:00:00,Quarterly,EMU convergence criterion bond yields,Malta,2009-Q3,4.54000,,
ESTAT:IRT_LT_MCBY_Q(1.0),25/02/26 23:00:00,Quarterly,EMU convergence criterion bond yields,Malta,2009-Q4,4.43000,,
ESTAT:IRT_LT_MCBY_Q(1.0),25/02/26 23:00:00,Quarterly,EMU convergence criterion bond yields,Malta,2010-Q1,4.44000,,
ESTAT:IRT_LT_MCBY_Q(1.0),25/02/26 23:00:00,Quarterly,EMU convergence criterion bond yields,Malta,2010-Q2,4.15000,,
ESTAT:IRT_LT_MCBY_Q(1.0),25/02/26 23:00:00,Quarterly,EMU convergence criterion bond yields,Malta,2010-Q3,4.01000,,
ESTAT:IRT_LT_MCBY_Q(1.0),25/02/26 23:00:00,Quarterly,EMU convergence criterion bond yields,Malta,2010-Q4,4.15000,,
ESTAT:IRT_LT_MCBY_Q(1.0),25/02/26 23:00:00,Quarterly,EMU convergence criterion bond yields,Malta,2011-Q1,4.60000,,
ESTAT:IRT_LT_MCBY_Q(1.0),25/02/26 23:00:00,Quarterly,EMU convergence criterion bond yields,Malta,2011-Q2,4.66000,,
ESTAT:IRT_LT_MCBY_Q(1.0),25/02/26 23:00:00,Quarterly,EMU convergence criterion bond yields,Malta,2011-Q3,4.35000,,
ESTAT:IRT_LT_MCBY_Q(1.0),25/02/26 23:00:00,Quarterly,EMU convergence criterion bond yields,Malta,2011-Q4,4.35000,,
ESTAT:IRT_LT_MCBY_Q(1.0),25/02/26 23:00:00,Quarterly,EMU convergence criterion bond yields,Malta,2012-Q1,4.26000,,
ESTAT:IRT_LT_MCBY_Q(1.0),25/02/26 23:00:00,Quarterly,EMU convergence criterion bond yields,Malta,2012-Q2,4.24000,,
ESTAT:IRT_LT_MCBY_Q(1.0),25/02/26 23:00:00,Quarterly,EMU convergence criterion bond yields,Malta,2012-Q3,4.06000,,
ESTAT:IRT_LT_MCBY_Q(1.0),25/02/26 23:00:00,Quarterly,EMU convergence criterion bond yields,Malta,2012-Q4,3.94000,,
ESTAT:IRT_LT_MCBY_Q(1.0),25/02/26 23:00:00,Quarterly,EMU convergence criterion bond yields,Malta,2013-Q1,3.66000,,
ESTAT:IRT_LT_MCBY_Q(1.0),25/02/26 23:00:00,Quarterly,EMU convergence criterion bond yields,Malta,2013-Q2,3.34000,,
ESTAT:IRT_LT_MCBY_Q(1.0),25/02/26 23:00:00,Quarterly,EMU convergence criterion bond yields,Malta,2013-Q3,3.24000,,
ESTAT:IRT_LT_MCBY_Q(1.0),25/02/26 23:00:00,Quarterly,EMU convergence criterion bond yields,Malta,2013-Q4,3.21000,,
ESTAT:IRT_LT_MCBY_Q(1.0),25/02/26 23:00:00,Quarterly,EMU convergence criterion bond yields,Malta,2014-Q1,3.01000,,
ESTAT:IRT_LT_MCBY_Q(1.0),25/02/26 23:00:00,Quarterly,EMU convergence criterion bond yields,Malta,2014-Q2,2.87000,,
ESTAT:IRT_LT_MCBY_Q(1.0),25/02/26 23:00:00,Quarterly,EMU convergence criterion bond yields,Malta,2014-Q3,2.49000,,
ESTAT:IRT_LT_MCBY_Q(1.0),25/02/26 23:00:00,Quarterly,EMU convergence criterion bond yields,Malta,2014-Q4,2.08000,,
ESTAT:IRT_LT_MCBY_Q(1.0),25/02/26 23:00:00,Quarterly,EMU convergence criterion bond yields,Malta,2015-Q1,1.50000,,
ESTAT:IRT_LT_MCBY_Q(1.0),25/02/26 23:00:00,Quarterly,EMU convergence criterion bond yields,Malta,2015-Q2,1.48000,,
ESTAT:IRT_LT_MCBY_Q(1.0),25/02/26 23:00:00,Quarterly,EMU convergence criterion bond yields,Malta,2015-Q3,1.65000,,
ESTAT:IRT_LT_MCBY_Q(1.0),25/02/26 23:00:00,Quarterly,EMU convergence criterion bond yields,Malta,2015-Q4,1.32000,,
ESTAT:IRT_LT_MCBY_Q(1.0),25/02/26 23:00:00,Quarterly,EMU convergence criterion bond yields,Malta,2016-Q1,1.15000,,
ESTAT:IRT_LT_MCBY_Q(1.0),25/02/26 23:00:00,Quarterly,EMU convergence criterion bond yields,Malta,2016-Q2,0.99000,,
ESTAT:IRT_LT_MCBY_Q(1.0),25/02/26 23:00:00,Quarterly,EMU convergence criterion bond yields,Malta,2016-Q3,0.66000,,
ESTAT:IRT_LT_MCBY_Q(1.0),25/02/26 23:00:00,Quarterly,EMU convergence criterion bond yields,Malta,2016-Q4,0.75000,,
ESTAT:IRT_LT_MCBY_Q(1.0),25/02/26 23:00:00,Quarterly,EMU convergence criterion bond yields,Malta,2017-Q1,1.35000,,
ESTAT:IRT_LT_MCBY_Q(1.0),25/02/26 23:00:00,Quarterly,EMU convergence criterion bond yields,Malta,2017-Q2,1.35000,,
ESTAT:IRT_LT_MCBY_Q(1.0),25/02/26 23:00:00,Quarterly,EMU convergence criterion bond yields,Malta,2017-Q3,1.28000,,
ESTAT:IRT_LT_MCBY_Q(1.0),25/02/26 23:00:00,Quarterly,EMU convergence criterion bond yields,Malta,2017-Q4,1.15000,,
ESTAT:IRT_LT_MCBY_Q(1.0),25/02/26 23:00:00,Quarterly,EMU convergence criterion bond yields,Malta,2018-Q1,1.30000,,
ESTAT:IRT_LT_MCBY_Q(1.0),25/02/26 23:00:00,Quarterly,EMU convergence criterion bond yields,Malta,2018-Q2,1.31000,,
ESTAT:IRT_LT_MCBY_Q(1.0),25/02/26 23:00:00,Quarterly,EMU convergence criterion bond yields,Malta,2018-Q3,1.44000,,
ESTAT:IRT_LT_MCBY_Q(1.0),25/02/26 23:00:00,Quarterly,EMU convergence criterion bond yields,Malta,2018-Q4,1.50000,,
ESTAT:IRT_LT_MCBY_Q(1.0),25/02/26 23:00:00,Quarterly,EMU convergence criterion bond yields,Malta,2019-Q1,1.15000,,
ESTAT:IRT_LT_MCBY_Q(1.0),25/02/26 23:00:00,Quarterly,EMU convergence criterion bond yields,Malta,2019-Q2,0.89000,,
ESTAT:IRT_LT_MCBY_Q(1.0),25/02/26 23:00:00,Quarterly,EMU convergence criterion bond yields,Malta,2019-Q3,0.31000,,
ESTAT:IRT_LT_MCBY_Q(1.0),25/02/26 23:00:00,Quarterly,EMU convergence criterion bond yields,Malta,2019-Q4,0.34000,,
ESTAT:IRT_LT_MCBY_Q(1.0),25/02/26 23:00:00,Quarterly,EMU convergence criterion bond yields,Malta,2020-Q1,0.35000,,
ESTAT:IRT_LT_MCBY_Q(1.0),25/02/26 23:00:00,Quarterly,EMU convergence criterion bond yields,Malta,2020-Q2,0.68000,,
ESTAT:IRT_LT_MCBY_Q(1.0),25/02/26 23:00:00,Quarterly,EMU convergence criterion bond yields,Malta,2020-Q3,0.56000,,
ESTAT:IRT_LT_MCBY_Q(1.0),25/02/26 23:00:00,Quarterly,EMU convergence criterion bond yields,Malta,2020-Q4,0.34000,,
ESTAT:IRT_LT_MCBY_Q(1.0),25/02/26 23:00:00,Quarterly,EMU convergence criterion bond yields,Malta,2021-Q1,0.38000,,
ESTAT:IRT_LT_MCBY_Q(1.0),25/02/26 23:00:00,Quarterly,EMU convergence criterion bond yields,Malta,2021-Q2,0.49000,,
ESTAT:IRT_LT_MCBY_Q(1.0),25/02/26 23:00:00,Quarterly,EMU convergence criterion bond yields,Malta,2021-Q3,0.50000,,
ESTAT:IRT_LT_MCBY_Q(1.0),25/02/26 23:00:00,Quarterly,EMU convergence criterion bond yields,Malta,2021-Q4,0.63000,,
ESTAT:IRT_LT_MCBY_Q(1.0),25/02/26 23:00:00,Quarterly,EMU convergence criterion bond yields,Malta,2022-Q1,1.09000,,
ESTAT:IRT_LT_MCBY_Q(1.0),25/02/26 23:00:00,Quarterly,EMU convergence criterion bond yields,Malta,2022-Q2,2.09000,,
ESTAT:IRT_LT_MCBY_Q(1.0),25/02/26 23:00:00,Quarterly,EMU convergence criterion bond yields,Malta,2022-Q3,2.84000,,
ESTAT:IRT_LT_MCBY_Q(1.0),25/02/26 23:00:00,Quarterly,EMU convergence criterion bond yields,Malta,2022-Q4,3.61000,,
ESTAT:IRT_LT_MCBY_Q(1.0),25/02/26 23:00:00,Quarterly,EMU convergence criterion bond yields,Malta,2023-Q1,3.58000,,
ESTAT:IRT_LT_MCBY_Q(1.0),25/02/26 23:00:00,Quarterly,EMU convergence criterion bond yields,Malta,2023-Q2,3.64000,,
ESTAT:IRT_LT_MCBY_Q(1.0),25/02/26 23:00:00,Quarterly,EMU convergence criterion bond yields,Malta,2023-Q3,3.83000,,
ESTAT:IRT_LT_MCBY_Q(1.0),25/02/26 23:00:00,Quarterly,EMU convergence criterion bond yields,Malta,2023-Q4,3.78000,,
ESTAT:IRT_LT_MCBY_Q(1.0),25/02/26 23:00:00,Quarterly,EMU convergence criterion bond yields,Malta,2024-Q1,3.42000,,
ESTAT:IRT_LT_MCBY_Q(1.0),25/02/26 23:00:00,Quarterly,EMU convergence criterion bond yields,Malta,2024-Q2,3.52000,,
ESTAT:IRT_LT_MCBY_Q(1.0),25/02/26 23:00:00,Quarterly,EMU convergence criterion bond yields,Malta,2024-Q3,3.37000,,
ESTAT:IRT_LT_MCBY_Q(1.0),25/02/26 23:00:00,Quarterly,EMU convergence criterion bond yields,Malta,2024-Q4,3.18000,,
ESTAT:IRT_LT_MCBY_Q(1.0),25/02/26 23:00:00,Quarterly,EMU convergence criterion bond yields,Malta,2025-Q1,3.38400,,
ESTAT:IRT_LT_MCBY_Q(1.0),25/02/26 23:00:00,Quarterly,EMU convergence criterion bond yields,Malta,2025-Q2,3.39044,,
ESTAT:IRT_LT_MCBY_Q(1.0),25/02/26 23:00:00,Quarterly,EMU convergence criterion bond yields,Malta,2025-Q3,3.53000,,
ESTAT:IRT_LT_MCBY_Q(1.0),25/02/26 23:00:00,Quarterly,EMU convergence criterion bond yields,Malta,2025-Q4,3.44492,,
ESTAT:IRT_LT_MCBY_Q(1.0),25/02/26 23:00:00,Quarterly,EMU convergence criterion bond yields,Netherlands,1986-Q2,6.24333,,
ESTAT:IRT_LT_MCBY_Q(1.0),25/02/26 23:00:00,Quarterly,EMU convergence criterion bond yields,Netherlands,1986-Q3,6.09333,,
ESTAT:IRT_LT_MCBY_Q(1.0),25/02/26 23:00:00,Quarterly,EMU convergence criterion bond yields,Netherlands,1986-Q4,6.22333,,
ESTAT:IRT_LT_MCBY_Q(1.0),25/02/26 23:00:00,Quarterly,EMU convergence criterion bond yields,Netherlands,1987-Q1,6.18000,,
ESTAT:IRT_LT_MCBY_Q(1.0),25/02/26 23:00:00,Quarterly,EMU convergence criterion bond yields,Netherlands,1987-Q2,6.15333,,
ESTAT:IRT_LT_MCBY_Q(1.0),25/02/26 23:00:00,Quarterly,EMU convergence criterion bond yields,Netherlands,1987-Q3,6.64000,,
ESTAT:IRT_LT_MCBY_Q(1.0),25/02/26 23:00:00,Quarterly,EMU convergence criterion bond yields,Netherlands,1987-Q4,6.63667,,
ESTAT:IRT_LT_MCBY_Q(1.0),25/02/26 23:00:00,Quarterly,EMU convergence criterion bond yields,Netherlands,1988-Q1,6.23333,,
ESTAT:IRT_LT_MCBY_Q(1.0),25/02/26 23:00:00,Quarterly,EMU convergence criterion bond yields,Netherlands,1988-Q2,6.39333,,
ESTAT:IRT_LT_MCBY_Q(1.0),25/02/26 23:00:00,Quarterly,EMU convergence criterion bond yields,Netherlands,1988-Q3,6.66000,,
ESTAT:IRT_LT_MCBY_Q(1.0),25/02/26 23:00:00,Quarterly,EMU convergence criterion bond yields,Netherlands,1988-Q4,6.37667,,
ESTAT:IRT_LT_MCBY_Q(1.0),25/02/26 23:00:00,Quarterly,EMU convergence criterion bond yields,Netherlands,1989-Q1,6.91000,,
ESTAT:IRT_LT_MCBY_Q(1.0),25/02/26 23:00:00,Quarterly,EMU convergence criterion bond yields,Netherlands,1989-Q2,7.22000,,
ESTAT:IRT_LT_MCBY_Q(1.0),25/02/26 23:00:00,Quarterly,EMU convergence criterion bond yields,Netherlands,1989-Q3,7.10667,,
ESTAT:IRT_LT_MCBY_Q(1.0),25/02/26 23:00:00,Quarterly,EMU convergence criterion bond yields,Netherlands,1989-Q4,7.63333,,
ESTAT:IRT_LT_MCBY_Q(1.0),25/02/26 23:00:00,Quarterly,EMU convergence criterion bond yields,Netherlands,1990-Q1,8.66000,,
ESTAT:IRT_LT_MCBY_Q(1.0),25/02/26 23:00:00,Quarterly,EMU convergence criterion bond yields,Netherlands,1990-Q2,8.93333,,
ESTAT:IRT_LT_MCBY_Q(1.0),25/02/26 23:00:00,Quarterly,EMU convergence criterion bond yields,Netherlands,1990-Q3,8.96333,,
ESTAT:IRT_LT_MCBY_Q(1.0),25/02/26 23:00:00,Quarterly,EMU convergence criterion bond yields,Netherlands,1990-Q4,9.12667,,
ESTAT:IRT_LT_MCBY_Q(1.0),25/02/26 23:00:00,Quarterly,EMU convergence criterion bond yields,Netherlands,1991-Q1,8.81667,,
ESTAT:IRT_LT_MCBY_Q(1.0),25/02/26 23:00:00,Quarterly,EMU convergence criterion bond yields,Netherlands,1991-Q2,8.60000,,
ESTAT:IRT_LT_MCBY_Q(1.0),25/02/26 23:00:00,Quarterly,EMU convergence criterion bond yields,Netherlands,1991-Q3,8.81000,,
ESTAT:IRT_LT_MCBY_Q(1.0),25/02/26 23:00:00,Quarterly,EMU convergence criterion bond yields,Netherlands,1991-Q4,8.73000,,
ESTAT:IRT_LT_MCBY_Q(1.0),25/02/26 23:00:00,Quarterly,EMU convergence criterion bond yields,Netherlands,1992-Q1,8.33000,,
ESTAT:IRT_LT_MCBY_Q(1.0),25/02/26 23:00:00,Quarterly,EMU convergence criterion bond yields,Netherlands,1992-Q2,8.31000,,
ESTAT:IRT_LT_MCBY_Q(1.0),25/02/26 23:00:00,Quarterly,EMU convergence criterion bond yields,Netherlands,1992-Q3,8.24667,,
ESTAT:IRT_LT_MCBY_Q(1.0),25/02/26 23:00:00,Quarterly,EMU convergence criterion bond yields,Netherlands,1992-Q4,7.51667,,
ESTAT:IRT_LT_MCBY_Q(1.0),25/02/26 23:00:00,Quarterly,EMU convergence criterion bond yields,Netherlands,1993-Q1,6.85000,,
ESTAT:IRT_LT_MCBY_Q(1.0),25/02/26 23:00:00,Quarterly,EMU convergence criterion bond yields,Netherlands,1993-Q2,6.62000,,
ESTAT:IRT_LT_MCBY_Q(1.0),25/02/26 23:00:00,Quarterly,EMU convergence criterion bond yields,Netherlands,1993-Q3,6.19000,,
ESTAT:IRT_LT_MCBY_Q(1.0),25/02/26 23:00:00,Quarterly,EMU convergence criterion bond yields,Netherlands,1993-Q4,5.77000,,
ESTAT:IRT_LT_MCBY_Q(1.0),25/02/26 23:00:00,Quarterly,EMU convergence criterion bond yields,Netherlands,1994-Q1,5.92000,,
ESTAT:IRT_LT_MCBY_Q(1.0),25/02/26 23:00:00,Quarterly,EMU convergence criterion bond yields,Netherlands,1994-Q2,6.80000,,
ESTAT:IRT_LT_MCBY_Q(1.0),25/02/26 23:00:00,Quarterly,EMU convergence criterion bond yields,Netherlands,1994-Q3,7.17000,,
ESTAT:IRT_LT_MCBY_Q(1.0),25/02/26 23:00:00,Quarterly,EMU convergence criterion bond yields,Netherlands,1994-Q4,7.56000,,
ESTAT:IRT_LT_MCBY_Q(1.0),25/02/26 23:00:00,Quarterly,EMU convergence criterion bond yields,Netherlands,1995-Q1,7.56000,,
ESTAT:IRT_LT_MCBY_Q(1.0),25/02/26 23:00:00,Quarterly,EMU convergence criterion bond yields,Netherlands,1995-Q2,6.97000,,
ESTAT:IRT_LT_MCBY_Q(1.0),25/02/26 23:00:00,Quarterly,EMU convergence criterion bond yields,Netherlands,1995-Q3,6.72000,,
ESTAT:IRT_LT_MCBY_Q(1.0),25/02/26 23:00:00,Quarterly,EMU convergence criterion bond yields,Netherlands,1995-Q4,6.34000,,
ESTAT:IRT_LT_MCBY_Q(1.0),25/02/26 23:00:00,Quarterly,EMU convergence criterion bond yields,Netherlands,1996-Q1,6.18000,,
ESTAT:IRT_LT_MCBY_Q(1.0),25/02/26 23:00:00,Quarterly,EMU convergence criterion bond yields,Netherlands,1996-Q2,6.39000,,
ESTAT:IRT_LT_MCBY_Q(1.0),25/02/26 23:00:00,Quarterly,EMU convergence criterion bond yields,Netherlands,1996-Q3,6.25000,,
ESTAT:IRT_LT_MCBY_Q(1.0),25/02/26 23:00:00,Quarterly,EMU convergence criterion bond yields,Netherlands,1996-Q4,5.79000,,
ESTAT:IRT_LT_MCBY_Q(1.0),25/02/26 23:00:00,Quarterly,EMU convergence criterion bond yields,Netherlands,1997-Q1,5.59000,,
ESTAT:IRT_LT_MCBY_Q(1.0),25/02/26 23:00:00,Quarterly,EMU convergence criterion bond yields,Netherlands,1997-Q2,5.70000,,
ESTAT:IRT_LT_MCBY_Q(1.0),25/02/26 23:00:00,Quarterly,EMU convergence criterion bond yields,Netherlands,1997-Q3,5.55000,,
ESTAT:IRT_LT_MCBY_Q(1.0),25/02/26 23:00:00,Quarterly,EMU convergence criterion bond yields,Netherlands,1997-Q4,5.47000,,
ESTAT:IRT_LT_MCBY_Q(1.0),25/02/26 23:00:00,Quarterly,EMU convergence criterion bond yields,Netherlands,1998-Q1,5.01000,,
ESTAT:IRT_LT_MCBY_Q(1.0),25/02/26 23:00:00,Quarterly,EMU convergence criterion bond yields,Netherlands,1998-Q2,4.93000,,
ESTAT:IRT_LT_MCBY_Q(1.0),25/02/26 23:00:00,Quarterly,EMU convergence criterion bond yields,Netherlands,1998-Q3,4.50000,,
ESTAT:IRT_LT_MCBY_Q(1.0),25/02/26 23:00:00,Quarterly,EMU convergence criterion bond yields,Netherlands,1998-Q4,4.09000,,
ESTAT:IRT_LT_MCBY_Q(1.0),25/02/26 23:00:00,Quarterly,EMU convergence criterion bond yields,Netherlands,1999-Q1,3.96000,,
ESTAT:IRT_LT_MCBY_Q(1.0),25/02/26 23:00:00,Quarterly,EMU convergence criterion bond yields,Netherlands,1999-Q2,4.23000,,
ESTAT:IRT_LT_MCBY_Q(1.0),25/02/26 23:00:00,Quarterly,EMU convergence criterion bond yields,Netherlands,1999-Q3,5.02000,,
ESTAT:IRT_LT_MCBY_Q(1.0),25/02/26 23:00:00,Quarterly,EMU convergence criterion bond yields,Netherlands,1999-Q4,5.30000,,
ESTAT:IRT_LT_MCBY_Q(1.0),25/02/26 23:00:00,Quarterly,EMU convergence criterion bond yields,Netherlands,2000-Q1,5.60000,,
ESTAT:IRT_LT_MCBY_Q(1.0),25/02/26 23:00:00,Quarterly,EMU convergence criterion bond yields,Netherlands,2000-Q2,5.40000,,
ESTAT:IRT_LT_MCBY_Q(1.0),25/02/26 23:00:00,Quarterly,EMU convergence criterion bond yields,Netherlands,2000-Q3,5.39000,,
ESTAT:IRT_LT_MCBY_Q(1.0),25/02/26 23:00:00,Quarterly,EMU convergence criterion bond yields,Netherlands,2000-Q4,5.22000,,
ESTAT:IRT_LT_MCBY_Q(1.0),25/02/26 23:00:00,Quarterly,EMU convergence criterion bond yields,Netherlands,2001-Q1,4.89000,,
ESTAT:IRT_LT_MCBY_Q(1.0),25/02/26 23:00:00,Quarterly,EMU convergence criterion bond yields,Netherlands,2001-Q2,5.14000,,
ESTAT:IRT_LT_MCBY_Q(1.0),25/02/26 23:00:00,Quarterly,EMU convergence criterion bond yields,Netherlands,2001-Q3,5.04000,,
ESTAT:IRT_LT_MCBY_Q(1.0),25/02/26 23:00:00,Quarterly,EMU convergence criterion bond yields,Netherlands,2001-Q4,4.76000,,
ESTAT:IRT_LT_MCBY_Q(1.0),25/02/26 23:00:00,Quarterly,EMU convergence criterion bond yields,Netherlands,2002-Q1,5.09000,,
ESTAT:IRT_LT_MCBY_Q(1.0),25/02/26 23:00:00,Quarterly,EMU convergence criterion bond yields,Netherlands,2002-Q2,5.24000,,
ESTAT:IRT_LT_MCBY_Q(1.0),25/02/26 23:00:00,Quarterly,EMU convergence criterion bond yields,Netherlands,2002-Q3,4.73000,,
ESTAT:IRT_LT_MCBY_Q(1.0),25/02/26 23:00:00,Quarterly,EMU convergence criterion bond yields,Netherlands,2002-Q4,4.50000,,
ESTAT:IRT_LT_MCBY_Q(1.0),25/02/26 23:00:00,Quarterly,EMU convergence criterion bond yields,Netherlands,2003-Q1,4.06000,,
ESTAT:IRT_LT_MCBY_Q(1.0),25/02/26 23:00:00,Quarterly,EMU convergence criterion bond yields,Netherlands,2003-Q2,3.96000,,
ESTAT:IRT_LT_MCBY_Q(1.0),25/02/26 23:00:00,Quarterly,EMU convergence criterion bond yields,Netherlands,2003-Q3,4.14000,,
ESTAT:IRT_LT_MCBY_Q(1.0),25/02/26 23:00:00,Quarterly,EMU convergence criterion bond yields,Netherlands,2003-Q4,4.34000,,
ESTAT:IRT_LT_MCBY_Q(1.0),25/02/26 23:00:00,Quarterly,EMU convergence criterion bond yields,Netherlands,2004-Q1,4.08000,,
ESTAT:IRT_LT_MCBY_Q(1.0),25/02/26 23:00:00,Quarterly,EMU convergence criterion bond yields,Netherlands,2004-Q2,4.31000,,
ESTAT:IRT_LT_MCBY_Q(1.0),25/02/26 23:00:00,Quarterly,EMU convergence criterion bond yields,Netherlands,2004-Q3,4.18000,,
ESTAT:IRT_LT_MCBY_Q(1.0),25/02/26 23:00:00,Quarterly,EMU convergence criterion bond yields,Netherlands,2004-Q4,3.81000,,
ESTAT:IRT_LT_MCBY_Q(1.0),25/02/26 23:00:00,Quarterly,EMU convergence criterion bond yields,Netherlands,2005-Q1,3.60000,,
ESTAT:IRT_LT_MCBY_Q(1.0),25/02/26 23:00:00,Quarterly,EMU convergence criterion bond yields,Netherlands,2005-Q2,3.30000,,
ESTAT:IRT_LT_MCBY_Q(1.0),25/02/26 23:00:00,Quarterly,EMU convergence criterion bond yields,Netherlands,2005-Q3,3.22000,,
ESTAT:IRT_LT_MCBY_Q(1.0),25/02/26 23:00:00,Quarterly,EMU convergence criterion bond yields,Netherlands,2005-Q4,3.37000,,
ESTAT:IRT_LT_MCBY_Q(1.0),25/02/26 23:00:00,Quarterly,EMU convergence criterion bond yields,Netherlands,2006-Q1,3.49000,,
ESTAT:IRT_LT_MCBY_Q(1.0),25/02/26 23:00:00,Quarterly,EMU convergence criterion bond yields,Netherlands,2006-Q2,3.95000,,
ESTAT:IRT_LT_MCBY_Q(1.0),25/02/26 23:00:00,Quarterly,EMU convergence criterion bond yields,Netherlands,2006-Q3,3.89000,,
ESTAT:IRT_LT_MCBY_Q(1.0),25/02/26 23:00:00,Quarterly,EMU convergence criterion bond yields,Netherlands,2006-Q4,3.80000,,
ESTAT:IRT_LT_MCBY_Q(1.0),25/02/26 23:00:00,Quarterly,EMU convergence criterion bond yields,Netherlands,2007-Q1,4.03000,,
ESTAT:IRT_LT_MCBY_Q(1.0),25/02/26 23:00:00,Quarterly,EMU convergence criterion bond yields,Netherlands,2007-Q2,4.38000,,
ESTAT:IRT_LT_MCBY_Q(1.0),25/02/26 23:00:00,Quarterly,EMU convergence criterion bond yields,Netherlands,2007-Q3,4.43000,,
ESTAT:IRT_LT_MCBY_Q(1.0),25/02/26 23:00:00,Quarterly,EMU convergence criterion bond yields,Netherlands,2007-Q4,4.31000,,
ESTAT:IRT_LT_MCBY_Q(1.0),25/02/26 23:00:00,Quarterly,EMU convergence criterion bond yields,Netherlands,2008-Q1,4.05000,,
ESTAT:IRT_LT_MCBY_Q(1.0),25/02/26 23:00:00,Quarterly,EMU convergence criterion bond yields,Netherlands,2008-Q2,4.44000,,
ESTAT:IRT_LT_MCBY_Q(1.0),25/02/26 23:00:00,Quarterly,EMU convergence criterion bond yields,Netherlands,2008-Q3,4.48000,,
ESTAT:IRT_LT_MCBY_Q(1.0),25/02/26 23:00:00,Quarterly,EMU convergence criterion bond yields,Netherlands,2008-Q4,3.95000,,
ESTAT:IRT_LT_MCBY_Q(1.0),25/02/26 23:00:00,Quarterly,EMU convergence criterion bond yields,Netherlands,2009-Q1,3.74000,,
ESTAT:IRT_LT_MCBY_Q(1.0),25/02/26 23:00:00,Quarterly,EMU convergence criterion bond yields,Netherlands,2009-Q2,3.86000,,
ESTAT:IRT_LT_MCBY_Q(1.0),25/02/26 23:00:00,Quarterly,EMU convergence criterion bond yields,Netherlands,2009-Q3,3.65000,,
ESTAT:IRT_LT_MCBY_Q(1.0),25/02/26 23:00:00,Quarterly,EMU convergence criterion bond yields,Netherlands,2009-Q4,3.50000,,
ESTAT:IRT_LT_MCBY_Q(1.0),25/02/26 23:00:00,Quarterly,EMU convergence criterion bond yields,Netherlands,2010-Q1,3.40000,,
ESTAT:IRT_LT_MCBY_Q(1.0),25/02/26 23:00:00,Quarterly,EMU convergence criterion bond yields,Netherlands,2010-Q2,3.08000,,
ESTAT:IRT_LT_MCBY_Q(1.0),25/02/26 23:00:00,Quarterly,EMU convergence criterion bond yields,Netherlands,2010-Q3,2.65000,,
ESTAT:IRT_LT_MCBY_Q(1.0),25/02/26 23:00:00,Quarterly,EMU convergence criterion bond yields,Netherlands,2010-Q4,2.84000,,
ESTAT:IRT_LT_MCBY_Q(1.0),25/02/26 23:00:00,Quarterly,EMU convergence criterion bond yields,Netherlands,2011-Q1,3.35000,,
ESTAT:IRT_LT_MCBY_Q(1.0),25/02/26 23:00:00,Quarterly,EMU convergence criterion bond yields,Netherlands,2011-Q2,3.44000,,
ESTAT:IRT_LT_MCBY_Q(1.0),25/02/26 23:00:00,Quarterly,EMU convergence criterion bond yields,Netherlands,2011-Q3,2.73000,,
ESTAT:IRT_LT_MCBY_Q(1.0),25/02/26 23:00:00,Quarterly,EMU convergence criterion bond yields,Netherlands,2011-Q4,2.43000,,
ESTAT:IRT_LT_MCBY_Q(1.0),25/02/26 23:00:00,Quarterly,EMU convergence criterion bond yields,Netherlands,2012-Q1,2.23000,,
ESTAT:IRT_LT_MCBY_Q(1.0),25/02/26 23:00:00,Quarterly,EMU convergence criterion bond yields,Netherlands,2012-Q2,2.06000,,
ESTAT:IRT_LT_MCBY_Q(1.0),25/02/26 23:00:00,Quarterly,EMU convergence criterion bond yields,Netherlands,2012-Q3,1.78000,,
ESTAT:IRT_LT_MCBY_Q(1.0),25/02/26 23:00:00,Quarterly,EMU convergence criterion bond yields,Netherlands,2012-Q4,1.66000,,
ESTAT:IRT_LT_MCBY_Q(1.0),25/02/26 23:00:00,Quarterly,EMU convergence criterion bond yields,Netherlands,2013-Q1,1.74000,,
ESTAT:IRT_LT_MCBY_Q(1.0),25/02/26 23:00:00,Quarterly,EMU convergence criterion bond yields,Netherlands,2013-Q2,1.78000,,
ESTAT:IRT_LT_MCBY_Q(1.0),25/02/26 23:00:00,Quarterly,EMU convergence criterion bond yields,Netherlands,2013-Q3,2.18000,,
ESTAT:IRT_LT_MCBY_Q(1.0),25/02/26 23:00:00,Quarterly,EMU convergence criterion bond yields,Netherlands,2013-Q4,2.13000,,
ESTAT:IRT_LT_MCBY_Q(1.0),25/02/26 23:00:00,Quarterly,EMU convergence criterion bond yields,Netherlands,2014-Q1,1.93000,,
ESTAT:IRT_LT_MCBY_Q(1.0),25/02/26 23:00:00,Quarterly,EMU convergence criterion bond yields,Netherlands,2014-Q2,1.72000,,
ESTAT:IRT_LT_MCBY_Q(1.0),25/02/26 23:00:00,Quarterly,EMU convergence criterion bond yields,Netherlands,2014-Q3,1.25000,,
ESTAT:IRT_LT_MCBY_Q(1.0),25/02/26 23:00:00,Quarterly,EMU convergence criterion bond yields,Netherlands,2014-Q4,0.91000,,
ESTAT:IRT_LT_MCBY_Q(1.0),25/02/26 23:00:00,Quarterly,EMU convergence criterion bond yields,Netherlands,2015-Q1,0.42000,,
ESTAT:IRT_LT_MCBY_Q(1.0),25/02/26 23:00:00,Quarterly,EMU convergence criterion bond yields,Netherlands,2015-Q2,0.71000,,
ESTAT:IRT_LT_MCBY_Q(1.0),25/02/26 23:00:00,Quarterly,EMU convergence criterion bond yields,Netherlands,2015-Q3,0.90000,,
ESTAT:IRT_LT_MCBY_Q(1.0),25/02/26 23:00:00,Quarterly,EMU convergence criterion bond yields,Netherlands,2015-Q4,0.73000,,
ESTAT:IRT_LT_MCBY_Q(1.0),25/02/26 23:00:00,Quarterly,EMU convergence criterion bond yields,Netherlands,2016-Q1,0.45000,,
ESTAT:IRT_LT_MCBY_Q(1.0),25/02/26 23:00:00,Quarterly,EMU convergence criterion bond yields,Netherlands,2016-Q2,0.34000,,
ESTAT:IRT_LT_MCBY_Q(1.0),25/02/26 23:00:00,Quarterly,EMU convergence criterion bond yields,Netherlands,2016-Q3,0.05000,,
ESTAT:IRT_LT_MCBY_Q(1.0),25/02/26 23:00:00,Quarterly,EMU convergence criterion bond yields,Netherlands,2016-Q4,0.33000,,
ESTAT:IRT_LT_MCBY_Q(1.0),25/02/26 23:00:00,Quarterly,EMU convergence criterion bond yields,Netherlands,2017-Q1,0.48000,,
ESTAT:IRT_LT_MCBY_Q(1.0),25/02/26 23:00:00,Quarterly,EMU convergence criterion bond yields,Netherlands,2017-Q2,0.53000,,
ESTAT:IRT_LT_MCBY_Q(1.0),25/02/26 23:00:00,Quarterly,EMU convergence criterion bond yields,Netherlands,2017-Q3,0.59000,,
ESTAT:IRT_LT_MCBY_Q(1.0),25/02/26 23:00:00,Quarterly,EMU convergence criterion bond yields,Netherlands,2017-Q4,0.49000,,
ESTAT:IRT_LT_MCBY_Q(1.0),25/02/26 23:00:00,Quarterly,EMU convergence criterion bond yields,Netherlands,2018-Q1,0.67000,,
ESTAT:IRT_LT_MCBY_Q(1.0),25/02/26 23:00:00,Quarterly,EMU convergence criterion bond yields,Netherlands,2018-Q2,0.64000,,
ESTAT:IRT_LT_MCBY_Q(1.0),25/02/26 23:00:00,Quarterly,EMU convergence criterion bond yields,Netherlands,2018-Q3,0.50000,,
ESTAT:IRT_LT_MCBY_Q(1.0),25/02/26 23:00:00,Quarterly,EMU convergence criterion bond yields,Netherlands,2018-Q4,0.50000,,
ESTAT:IRT_LT_MCBY_Q(1.0),25/02/26 23:00:00,Quarterly,EMU convergence criterion bond yields,Netherlands,2019-Q1,0.24000,,
ESTAT:IRT_LT_MCBY_Q(1.0),25/02/26 23:00:00,Quarterly,EMU convergence criterion bond yields,Netherlands,2019-Q2,0.07000,,
ESTAT:IRT_LT_MCBY_Q(1.0),25/02/26 23:00:00,Quarterly,EMU convergence criterion bond yields,Netherlands,2019-Q3,-0.38000,,
ESTAT:IRT_LT_MCBY_Q(1.0),25/02/26 23:00:00,Quarterly,EMU convergence criterion bond yields,Netherlands,2019-Q4,-0.21000,,
ESTAT:IRT_LT_MCBY_Q(1.0),25/02/26 23:00:00,Quarterly,EMU convergence criterion bond yields,Netherlands,2020-Q1,-0.28000,,
ESTAT:IRT_LT_MCBY_Q(1.0),25/02/26 23:00:00,Quarterly,EMU convergence criterion bond yields,Netherlands,2020-Q2,-0.27000,,
ESTAT:IRT_LT_MCBY_Q(1.0),25/02/26 23:00:00,Quarterly,EMU convergence criterion bond yields,Netherlands,2020-Q3,-0.41000,,
ESTAT:IRT_LT_MCBY_Q(1.0),25/02/26 23:00:00,Quarterly,EMU convergence criterion bond yields,Netherlands,2020-Q4,-0.54000,,
ESTAT:IRT_LT_MCBY_Q(1.0),25/02/26 23:00:00,Quarterly,EMU convergence criterion bond yields,Netherlands,2021-Q1,-0.42000,,
ESTAT:IRT_LT_MCBY_Q(1.0),25/02/26 23:00:00,Quarterly,EMU convergence criterion bond yields,Netherlands,2021-Q2,-0.24000,,
ESTAT:IRT_LT_MCBY_Q(1.0),25/02/26 23:00:00,Quarterly,EMU convergence criterion bond yields,Netherlands,2021-Q3,-0.40000,,
ESTAT:IRT_LT_MCBY_Q(1.0),25/02/26 23:00:00,Quarterly,EMU convergence criterion bond yields,Netherlands,2021-Q4,-0.25000,,
ESTAT:IRT_LT_MCBY_Q(1.0),25/02/26 23:00:00,Quarterly,EMU convergence criterion bond yields,Netherlands,2022-Q1,0.16000,,
ESTAT:IRT_LT_MCBY_Q(1.0),25/02/26 23:00:00,Quarterly,EMU convergence criterion bond yields,Netherlands,2022-Q2,1.24000,,
ESTAT:IRT_LT_MCBY_Q(1.0),25/02/26 23:00:00,Quarterly,EMU convergence criterion bond yields,Netherlands,2022-Q3,1.67000,,
ESTAT:IRT_LT_MCBY_Q(1.0),25/02/26 23:00:00,Quarterly,EMU convergence criterion bond yields,Netherlands,2022-Q4,2.43000,,
ESTAT:IRT_LT_MCBY_Q(1.0),25/02/26 23:00:00,Quarterly,EMU convergence criterion bond yields,Netherlands,2023-Q1,2.65000,,
ESTAT:IRT_LT_MCBY_Q(1.0),25/02/26 23:00:00,Quarterly,EMU convergence criterion bond yields,Netherlands,2023-Q2,2.73000,,
ESTAT:IRT_LT_MCBY_Q(1.0),25/02/26 23:00:00,Quarterly,EMU convergence criterion bond yields,Netherlands,2023-Q3,2.93000,,
ESTAT:IRT_LT_MCBY_Q(1.0),25/02/26 23:00:00,Quarterly,EMU convergence criterion bond yields,Netherlands,2023-Q4,2.86000,,
ESTAT:IRT_LT_MCBY_Q(1.0),25/02/26 23:00:00,Quarterly,EMU convergence criterion bond yields,Netherlands,2024-Q1,2.59000,,
ESTAT:IRT_LT_MCBY_Q(1.0),25/02/26 23:00:00,Quarterly,EMU convergence criterion bond yields,Netherlands,2024-Q2,2.79000,,
ESTAT:IRT_LT_MCBY_Q(1.0),25/02/26 23:00:00,Quarterly,EMU convergence criterion bond yields,Netherlands,2024-Q3,2.59000,,
ESTAT:IRT_LT_MCBY_Q(1.0),25/02/26 23:00:00,Quarterly,EMU convergence criterion bond yields,Netherlands,2024-Q4,2.52000,,
ESTAT:IRT_LT_MCBY_Q(1.0),25/02/26 23:00:00,Quarterly,EMU convergence criterion bond yields,Netherlands,2025-Q1,2.77022,,
ESTAT:IRT_LT_MCBY_Q(1.0),25/02/26 23:00:00,Quarterly,EMU convergence criterion bond yields,Netherlands,2025-Q2,2.75578,,
ESTAT:IRT_LT_MCBY_Q(1.0),25/02/26 23:00:00,Quarterly,EMU convergence criterion bond yields,Netherlands,2025-Q3,2.87000,,
ESTAT:IRT_LT_MCBY_Q(1.0),25/02/26 23:00:00,Quarterly,EMU convergence criterion bond yields,Netherlands,2025-Q4,2.81220,,
ESTAT:IRT_LT_MCBY_Q(1.0),25/02/26 23:00:00,Quarterly,EMU convergence criterion bond yields,Poland,2001-Q1,10.43000,,
ESTAT:IRT_LT_MCBY_Q(1.0),25/02/26 23:00:00,Quarterly,EMU convergence criterion bond yields,Poland,2001-Q2,11.18000,,
ESTAT:IRT_LT_MCBY_Q(1.0),25/02/26 23:00:00,Quarterly,EMU convergence criterion bond yields,Poland,2001-Q3,11.71000,,
ESTAT:IRT_LT_MCBY_Q(1.0),25/02/26 23:00:00,Quarterly,EMU convergence criterion bond yields,Poland,2001-Q4,9.41000,,
ESTAT:IRT_LT_MCBY_Q(1.0),25/02/26 23:00:00,Quarterly,EMU convergence criterion bond yields,Poland,2002-Q1,8.31000,,
ESTAT:IRT_LT_MCBY_Q(1.0),25/02/26 23:00:00,Quarterly,EMU convergence criterion bond yields,Poland,2002-Q2,7.93000,,
ESTAT:IRT_LT_MCBY_Q(1.0),25/02/26 23:00:00,Quarterly,EMU convergence criterion bond yields,Poland,2002-Q3,7.21000,,
ESTAT:IRT_LT_MCBY_Q(1.0),25/02/26 23:00:00,Quarterly,EMU convergence criterion bond yields,Poland,2002-Q4,5.98000,,
ESTAT:IRT_LT_MCBY_Q(1.0),25/02/26 23:00:00,Quarterly,EMU convergence criterion bond yields,Poland,2003-Q1,5.61000,,
ESTAT:IRT_LT_MCBY_Q(1.0),25/02/26 23:00:00,Quarterly,EMU convergence criterion bond yields,Poland,2003-Q2,5.19000,,
ESTAT:IRT_LT_MCBY_Q(1.0),25/02/26 23:00:00,Quarterly,EMU convergence criterion bond yields,Poland,2003-Q3,5.64000,,
ESTAT:IRT_LT_MCBY_Q(1.0),25/02/26 23:00:00,Quarterly,EMU convergence criterion bond yields,Poland,2003-Q4,6.67000,,
ESTAT:IRT_LT_MCBY_Q(1.0),25/02/26 23:00:00,Quarterly,EMU convergence criterion bond yields,Poland,2004-Q1,6.71000,,
ESTAT:IRT_LT_MCBY_Q(1.0),25/02/26 23:00:00,Quarterly,EMU convergence criterion bond yields,Poland,2004-Q2,7.20000,,
ESTAT:IRT_LT_MCBY_Q(1.0),25/02/26 23:00:00,Quarterly,EMU convergence criterion bond yields,Poland,2004-Q3,7.25000,,
ESTAT:IRT_LT_MCBY_Q(1.0),25/02/26 23:00:00,Quarterly,EMU convergence criterion bond yields,Poland,2004-Q4,6.42000,,
ESTAT:IRT_LT_MCBY_Q(1.0),25/02/26 23:00:00,Quarterly,EMU convergence criterion bond yields,Poland,2005-Q1,5.75000,,
ESTAT:IRT_LT_MCBY_Q(1.0),25/02/26 23:00:00,Quarterly,EMU convergence criterion bond yields,Poland,2005-Q2,5.25000,,
ESTAT:IRT_LT_MCBY_Q(1.0),25/02/26 23:00:00,Quarterly,EMU convergence criterion bond yields,Poland,2005-Q3,4.72000,,
ESTAT:IRT_LT_MCBY_Q(1.0),25/02/26 23:00:00,Quarterly,EMU convergence criterion bond yields,Poland,2005-Q4,5.15000,,
ESTAT:IRT_LT_MCBY_Q(1.0),25/02/26 23:00:00,Quarterly,EMU convergence criterion bond yields,Poland,2006-Q1,4.84000,,
ESTAT:IRT_LT_MCBY_Q(1.0),25/02/26 23:00:00,Quarterly,EMU convergence criterion bond yields,Poland,2006-Q2,5.28000,,
ESTAT:IRT_LT_MCBY_Q(1.0),25/02/26 23:00:00,Quarterly,EMU convergence criterion bond yields,Poland,2006-Q3,5.55000,,
ESTAT:IRT_LT_MCBY_Q(1.0),25/02/26 23:00:00,Quarterly,EMU convergence criterion bond yields,Poland,2006-Q4,5.25000,,
ESTAT:IRT_LT_MCBY_Q(1.0),25/02/26 23:00:00,Quarterly,EMU convergence criterion bond yields,Poland,2007-Q1,5.18000,,
ESTAT:IRT_LT_MCBY_Q(1.0),25/02/26 23:00:00,Quarterly,EMU convergence criterion bond yields,Poland,2007-Q2,5.36000,,
ESTAT:IRT_LT_MCBY_Q(1.0),25/02/26 23:00:00,Quarterly,EMU convergence criterion bond yields,Poland,2007-Q3,5.66000,,
ESTAT:IRT_LT_MCBY_Q(1.0),25/02/26 23:00:00,Quarterly,EMU convergence criterion bond yields,Poland,2007-Q4,5.73000,,
ESTAT:IRT_LT_MCBY_Q(1.0),25/02/26 23:00:00,Quarterly,EMU convergence criterion bond yields,Poland,2008-Q1,5.87000,,
ESTAT:IRT_LT_MCBY_Q(1.0),25/02/26 23:00:00,Quarterly,EMU convergence criterion bond yields,Poland,2008-Q2,6.17000,,
ESTAT:IRT_LT_MCBY_Q(1.0),25/02/26 23:00:00,Quarterly,EMU convergence criterion bond yields,Poland,2008-Q3,6.15000,,
ESTAT:IRT_LT_MCBY_Q(1.0),25/02/26 23:00:00,Quarterly,EMU convergence criterion bond yields,Poland,2008-Q4,6.09000,,
ESTAT:IRT_LT_MCBY_Q(1.0),25/02/26 23:00:00,Quarterly,EMU convergence criterion bond yields,Poland,2009-Q1,5.88000,,
ESTAT:IRT_LT_MCBY_Q(1.0),25/02/26 23:00:00,Quarterly,EMU convergence criterion bond yields,Poland,2009-Q2,6.28000,,
ESTAT:IRT_LT_MCBY_Q(1.0),25/02/26 23:00:00,Quarterly,EMU convergence criterion bond yields,Poland,2009-Q3,6.15000,,
ESTAT:IRT_LT_MCBY_Q(1.0),25/02/26 23:00:00,Quarterly,EMU convergence criterion bond yields,Poland,2009-Q4,6.17000,,
ESTAT:IRT_LT_MCBY_Q(1.0),25/02/26 23:00:00,Quarterly,EMU convergence criterion bond yields,Poland,2010-Q1,5.98000,,
ESTAT:IRT_LT_MCBY_Q(1.0),25/02/26 23:00:00,Quarterly,EMU convergence criterion bond yields,Poland,2010-Q2,5.72000,,
ESTAT:IRT_LT_MCBY_Q(1.0),25/02/26 23:00:00,Quarterly,EMU convergence criterion bond yields,Poland,2010-Q3,5.65000,,
ESTAT:IRT_LT_MCBY_Q(1.0),25/02/26 23:00:00,Quarterly,EMU convergence criterion bond yields,Poland,2010-Q4,5.78000,,
ESTAT:IRT_LT_MCBY_Q(1.0),25/02/26 23:00:00,Quarterly,EMU convergence criterion bond yields,Poland,2011-Q1,6.26000,,
ESTAT:IRT_LT_MCBY_Q(1.0),25/02/26 23:00:00,Quarterly,EMU convergence criterion bond yields,Poland,2011-Q2,6.03000,,
ESTAT:IRT_LT_MCBY_Q(1.0),25/02/26 23:00:00,Quarterly,EMU convergence criterion bond yields,Poland,2011-Q3,5.75000,,
ESTAT:IRT_LT_MCBY_Q(1.0),25/02/26 23:00:00,Quarterly,EMU convergence criterion bond yields,Poland,2011-Q4,5.78000,,
ESTAT:IRT_LT_MCBY_Q(1.0),25/02/26 23:00:00,Quarterly,EMU convergence criterion bond yields,Poland,2012-Q1,5.50000,,
ESTAT:IRT_LT_MCBY_Q(1.0),25/02/26 23:00:00,Quarterly,EMU convergence criterion bond yields,Poland,2012-Q2,5.38000,,
ESTAT:IRT_LT_MCBY_Q(1.0),25/02/26 23:00:00,Quarterly,EMU convergence criterion bond yields,Poland,2012-Q3,4.91000,,
ESTAT:IRT_LT_MCBY_Q(1.0),25/02/26 23:00:00,Quarterly,EMU convergence criterion bond yields,Poland,2012-Q4,4.21000,,
ESTAT:IRT_LT_MCBY_Q(1.0),25/02/26 23:00:00,Quarterly,EMU convergence criterion bond yields,Poland,2013-Q1,3.94000,,
ESTAT:IRT_LT_MCBY_Q(1.0),25/02/26 23:00:00,Quarterly,EMU convergence criterion bond yields,Poland,2013-Q2,3.58000,,
ESTAT:IRT_LT_MCBY_Q(1.0),25/02/26 23:00:00,Quarterly,EMU convergence criterion bond yields,Poland,2013-Q3,4.25000,,
ESTAT:IRT_LT_MCBY_Q(1.0),25/02/26 23:00:00,Quarterly,EMU convergence criterion bond yields,Poland,2013-Q4,4.36000,,
ESTAT:IRT_LT_MCBY_Q(1.0),25/02/26 23:00:00,Quarterly,EMU convergence criterion bond yields,Poland,2014-Q1,4.38000,,
ESTAT:IRT_LT_MCBY_Q(1.0),25/02/26 23:00:00,Quarterly,EMU convergence criterion bond yields,Poland,2014-Q2,3.81000,,
ESTAT:IRT_LT_MCBY_Q(1.0),25/02/26 23:00:00,Quarterly,EMU convergence criterion bond yields,Poland,2014-Q3,3.27000,,
ESTAT:IRT_LT_MCBY_Q(1.0),25/02/26 23:00:00,Quarterly,EMU convergence criterion bond yields,Poland,2014-Q4,2.60000,,
ESTAT:IRT_LT_MCBY_Q(1.0),25/02/26 23:00:00,Quarterly,EMU convergence criterion bond yields,Poland,2015-Q1,2.25000,,
ESTAT:IRT_LT_MCBY_Q(1.0),25/02/26 23:00:00,Quarterly,EMU convergence criterion bond yields,Poland,2015-Q2,2.79000,,
ESTAT:IRT_LT_MCBY_Q(1.0),25/02/26 23:00:00,Quarterly,EMU convergence criterion bond yields,Poland,2015-Q3,2.98000,,
ESTAT:IRT_LT_MCBY_Q(1.0),25/02/26 23:00:00,Quarterly,EMU convergence criterion bond yields,Poland,2015-Q4,2.78000,,
ESTAT:IRT_LT_MCBY_Q(1.0),25/02/26 23:00:00,Quarterly,EMU convergence criterion bond yields,Poland,2016-Q1,2.97000,,
ESTAT:IRT_LT_MCBY_Q(1.0),25/02/26 23:00:00,Quarterly,EMU convergence criterion bond yields,Poland,2016-Q2,3.03000,,
ESTAT:IRT_LT_MCBY_Q(1.0),25/02/26 23:00:00,Quarterly,EMU convergence criterion bond yields,Poland,2016-Q3,2.82000,,
ESTAT:IRT_LT_MCBY_Q(1.0),25/02/26 23:00:00,Quarterly,EMU convergence criterion bond yields,Poland,2016-Q4,3.32000,,
ESTAT:IRT_LT_MCBY_Q(1.0),25/02/26 23:00:00,Quarterly,EMU convergence criterion bond yields,Poland,2017-Q1,3.72000,,
ESTAT:IRT_LT_MCBY_Q(1.0),25/02/26 23:00:00,Quarterly,EMU convergence criterion bond yields,Poland,2017-Q2,3.32000,,
ESTAT:IRT_LT_MCBY_Q(1.0),25/02/26 23:00:00,Quarterly,EMU convergence criterion bond yields,Poland,2017-Q3,3.30000,,
ESTAT:IRT_LT_MCBY_Q(1.0),25/02/26 23:00:00,Quarterly,EMU convergence criterion bond yields,Poland,2017-Q4,3.35000,,
ESTAT:IRT_LT_MCBY_Q(1.0),25/02/26 23:00:00,Quarterly,EMU convergence criterion bond yields,Poland,2018-Q1,3.33000,,
ESTAT:IRT_LT_MCBY_Q(1.0),25/02/26 23:00:00,Quarterly,EMU convergence criterion bond yields,Poland,2018-Q2,3.17000,,
ESTAT:IRT_LT_MCBY_Q(1.0),25/02/26 23:00:00,Quarterly,EMU convergence criterion bond yields,Poland,2018-Q3,3.18000,,
ESTAT:IRT_LT_MCBY_Q(1.0),25/02/26 23:00:00,Quarterly,EMU convergence criterion bond yields,Poland,2018-Q4,3.12000,,
ESTAT:IRT_LT_MCBY_Q(1.0),25/02/26 23:00:00,Quarterly,EMU convergence criterion bond yields,Poland,2019-Q1,2.74000,,
ESTAT:IRT_LT_MCBY_Q(1.0),25/02/26 23:00:00,Quarterly,EMU convergence criterion bond yields,Poland,2019-Q2,2.61000,,
ESTAT:IRT_LT_MCBY_Q(1.0),25/02/26 23:00:00,Quarterly,EMU convergence criterion bond yields,Poland,2019-Q3,2.03000,,
ESTAT:IRT_LT_MCBY_Q(1.0),25/02/26 23:00:00,Quarterly,EMU convergence criterion bond yields,Poland,2019-Q4,2.01000,,
ESTAT:IRT_LT_MCBY_Q(1.0),25/02/26 23:00:00,Quarterly,EMU convergence criterion bond yields,Poland,2020-Q1,2.03000,,
ESTAT:IRT_LT_MCBY_Q(1.0),25/02/26 23:00:00,Quarterly,EMU convergence criterion bond yields,Poland,2020-Q2,1.37000,,
ESTAT:IRT_LT_MCBY_Q(1.0),25/02/26 23:00:00,Quarterly,EMU convergence criterion bond yields,Poland,2020-Q3,1.33000,,
ESTAT:IRT_LT_MCBY_Q(1.0),25/02/26 23:00:00,Quarterly,EMU convergence criterion bond yields,Poland,2020-Q4,1.25000,,
ESTAT:IRT_LT_MCBY_Q(1.0),25/02/26 23:00:00,Quarterly,EMU convergence criterion bond yields,Poland,2021-Q1,1.34000,,
ESTAT:IRT_LT_MCBY_Q(1.0),25/02/26 23:00:00,Quarterly,EMU convergence criterion bond yields,Poland,2021-Q2,1.72000,,
ESTAT:IRT_LT_MCBY_Q(1.0),25/02/26 23:00:00,Quarterly,EMU convergence criterion bond yields,Poland,2021-Q3,1.69000,,
ESTAT:IRT_LT_MCBY_Q(1.0),25/02/26 23:00:00,Quarterly,EMU convergence criterion bond yields,Poland,2021-Q4,3.03000,,
ESTAT:IRT_LT_MCBY_Q(1.0),25/02/26 23:00:00,Quarterly,EMU convergence criterion bond yields,Poland,2022-Q1,4.26000,,
ESTAT:IRT_LT_MCBY_Q(1.0),25/02/26 23:00:00,Quarterly,EMU convergence criterion bond yields,Poland,2022-Q2,6.58000,,
ESTAT:IRT_LT_MCBY_Q(1.0),25/02/26 23:00:00,Quarterly,EMU convergence criterion bond yields,Poland,2022-Q3,6.15000,,
ESTAT:IRT_LT_MCBY_Q(1.0),25/02/26 23:00:00,Quarterly,EMU convergence criterion bond yields,Poland,2022-Q4,7.22000,,
ESTAT:IRT_LT_MCBY_Q(1.0),25/02/26 23:00:00,Quarterly,EMU convergence criterion bond yields,Poland,2023-Q1,6.11000,,
ESTAT:IRT_LT_MCBY_Q(1.0),25/02/26 23:00:00,Quarterly,EMU convergence criterion bond yields,Poland,2023-Q2,5.97000,,
ESTAT:IRT_LT_MCBY_Q(1.0),25/02/26 23:00:00,Quarterly,EMU convergence criterion bond yields,Poland,2023-Q3,5.60000,,
ESTAT:IRT_LT_MCBY_Q(1.0),25/02/26 23:00:00,Quarterly,EMU convergence criterion bond yields,Poland,2023-Q4,5.53000,,
ESTAT:IRT_LT_MCBY_Q(1.0),25/02/26 23:00:00,Quarterly,EMU convergence criterion bond yields,Poland,2024-Q1,5.33000,,
ESTAT:IRT_LT_MCBY_Q(1.0),25/02/26 23:00:00,Quarterly,EMU convergence criterion bond yields,Poland,2024-Q2,5.69000,,
ESTAT:IRT_LT_MCBY_Q(1.0),25/02/26 23:00:00,Quarterly,EMU convergence criterion bond yields,Poland,2024-Q3,5.41000,,
ESTAT:IRT_LT_MCBY_Q(1.0),25/02/26 23:00:00,Quarterly,EMU convergence criterion bond yields,Poland,2024-Q4,5.66000,,
ESTAT:IRT_LT_MCBY_Q(1.0),25/02/26 23:00:00,Quarterly,EMU convergence criterion bond yields,Poland,2025-Q1,5.87822,,
ESTAT:IRT_LT_MCBY_Q(1.0),25/02/26 23:00:00,Quarterly,EMU convergence criterion bond yields,Poland,2025-Q2,5.41330,,
ESTAT:IRT_LT_MCBY_Q(1.0),25/02/26 23:00:00,Quarterly,EMU convergence criterion bond yields,Poland,2025-Q3,5.40000,,
ESTAT:IRT_LT_MCBY_Q(1.0),25/02/26 23:00:00,Quarterly,EMU convergence criterion bond yields,Poland,2025-Q4,5.34607,,
ESTAT:IRT_LT_MCBY_Q(1.0),25/02/26 23:00:00,Quarterly,EMU convergence criterion bond yields,Portugal,1986-Q1,16.69000,,
ESTAT:IRT_LT_MCBY_Q(1.0),25/02/26 23:00:00,Quarterly,EMU convergence criterion bond yields,Portugal,1986-Q2,16.49667,,
ESTAT:IRT_LT_MCBY_Q(1.0),25/02/26 23:00:00,Quarterly,EMU convergence criterion bond yields,Portugal,1986-Q3,15.34000,,
ESTAT:IRT_LT_MCBY_Q(1.0),25/02/26 23:00:00,Quarterly,EMU convergence criterion bond yields,Portugal,1986-Q4,14.49667,,
ESTAT:IRT_LT_MCBY_Q(1.0),25/02/26 23:00:00,Quarterly,EMU convergence criterion bond yields,Portugal,1987-Q1,14.50333,,
ESTAT:IRT_LT_MCBY_Q(1.0),25/02/26 23:00:00,Quarterly,EMU convergence criterion bond yields,Portugal,1987-Q2,15.26333,,
ESTAT:IRT_LT_MCBY_Q(1.0),25/02/26 23:00:00,Quarterly,EMU convergence criterion bond yields,Portugal,1987-Q3,15.42333,,
ESTAT:IRT_LT_MCBY_Q(1.0),25/02/26 23:00:00,Quarterly,EMU convergence criterion bond yields,Portugal,1987-Q4,15.28000,,
ESTAT:IRT_LT_MCBY_Q(1.0),25/02/26 23:00:00,Quarterly,EMU convergence criterion bond yields,Portugal,1988-Q1,14.42333,,
ESTAT:IRT_LT_MCBY_Q(1.0),25/02/26 23:00:00,Quarterly,EMU convergence criterion bond yields,Portugal,1988-Q2,14.05333,,
ESTAT:IRT_LT_MCBY_Q(1.0),25/02/26 23:00:00,Quarterly,EMU convergence criterion bond yields,Portugal,1988-Q3,14.02667,,
ESTAT:IRT_LT_MCBY_Q(1.0),25/02/26 23:00:00,Quarterly,EMU convergence criterion bond yields,Portugal,1988-Q4,14.08667,,
ESTAT:IRT_LT_MCBY_Q(1.0),25/02/26 23:00:00,Quarterly,EMU convergence criterion bond yields,Portugal,1989-Q1,13.95000,,
ESTAT:IRT_LT_MCBY_Q(1.0),25/02/26 23:00:00,Quarterly,EMU convergence criterion bond yields,Portugal,1989-Q2,14.84667,,
ESTAT:IRT_LT_MCBY_Q(1.0),25/02/26 23:00:00,Quarterly,EMU convergence criterion bond yields,Portugal,1989-Q3,15.59667,,
ESTAT:IRT_LT_MCBY_Q(1.0),25/02/26 23:00:00,Quarterly,EMU convergence criterion bond yields,Portugal,1989-Q4,15.38000,,
ESTAT:IRT_LT_MCBY_Q(1.0),25/02/26 23:00:00,Quarterly,EMU convergence criterion bond yields,Portugal,1990-Q1,15.31000,,
ESTAT:IRT_LT_MCBY_Q(1.0),25/02/26 23:00:00,Quarterly,EMU convergence criterion bond yields,Portugal,1990-Q2,15.36667,,
ESTAT:IRT_LT_MCBY_Q(1.0),25/02/26 23:00:00,Quarterly,EMU convergence criterion bond yields,Portugal,1990-Q3,15.41667,,
ESTAT:IRT_LT_MCBY_Q(1.0),25/02/26 23:00:00,Quarterly,EMU convergence criterion bond yields,Portugal,1990-Q4,15.51667,,
ESTAT:IRT_LT_MCBY_Q(1.0),25/02/26 23:00:00,Quarterly,EMU convergence criterion bond yields,Portugal,1991-Q1,15.51000,,
ESTAT:IRT_LT_MCBY_Q(1.0),25/02/26 23:00:00,Quarterly,EMU convergence criterion bond yields,Portugal,1991-Q2,14.79667,,
ESTAT:IRT_LT_MCBY_Q(1.0),25/02/26 23:00:00,Quarterly,EMU convergence criterion bond yields,Portugal,1991-Q3,14.23333,,
ESTAT:IRT_LT_MCBY_Q(1.0),25/02/26 23:00:00,Quarterly,EMU convergence criterion bond yields,Portugal,1991-Q4,13.60667,,
ESTAT:IRT_LT_MCBY_Q(1.0),25/02/26 23:00:00,Quarterly,EMU convergence criterion bond yields,Portugal,1992-Q1,14.87667,,
ESTAT:IRT_LT_MCBY_Q(1.0),25/02/26 23:00:00,Quarterly,EMU convergence criterion bond yields,Portugal,1992-Q2,13.61333,,
ESTAT:IRT_LT_MCBY_Q(1.0),25/02/26 23:00:00,Quarterly,EMU convergence criterion bond yields,Portugal,1992-Q3,13.59000,,
ESTAT:IRT_LT_MCBY_Q(1.0),25/02/26 23:00:00,Quarterly,EMU convergence criterion bond yields,Portugal,1992-Q4,13.24667,,
ESTAT:IRT_LT_MCBY_Q(1.0),25/02/26 23:00:00,Quarterly,EMU convergence criterion bond yields,Portugal,1993-Q1,12.55000,,
ESTAT:IRT_LT_MCBY_Q(1.0),25/02/26 23:00:00,Quarterly,EMU convergence criterion bond yields,Portugal,1993-Q2,12.63333,,
ESTAT:IRT_LT_MCBY_Q(1.0),25/02/26 23:00:00,Quarterly,EMU convergence criterion bond yields,Portugal,1993-Q3,10.26000,,
ESTAT:IRT_LT_MCBY_Q(1.0),25/02/26 23:00:00,Quarterly,EMU convergence criterion bond yields,Portugal,1993-Q4,9.28000,,
ESTAT:IRT_LT_MCBY_Q(1.0),25/02/26 23:00:00,Quarterly,EMU convergence criterion bond yields,Portugal,1994-Q1,8.83000,,
ESTAT:IRT_LT_MCBY_Q(1.0),25/02/26 23:00:00,Quarterly,EMU convergence criterion bond yields,Portugal,1994-Q2,10.02000,,
ESTAT:IRT_LT_MCBY_Q(1.0),25/02/26 23:00:00,Quarterly,EMU convergence criterion bond yields,Portugal,1994-Q3,11.50000,,
ESTAT:IRT_LT_MCBY_Q(1.0),25/02/26 23:00:00,Quarterly,EMU convergence criterion bond yields,Portugal,1994-Q4,11.57000,,
ESTAT:IRT_LT_MCBY_Q(1.0),25/02/26 23:00:00,Quarterly,EMU convergence criterion bond yields,Portugal,1995-Q1,11.82000,,
ESTAT:IRT_LT_MCBY_Q(1.0),25/02/26 23:00:00,Quarterly,EMU convergence criterion bond yields,Portugal,1995-Q2,11.99000,,
ESTAT:IRT_LT_MCBY_Q(1.0),25/02/26 23:00:00,Quarterly,EMU convergence criterion bond yields,Portugal,1995-Q3,11.38000,,
ESTAT:IRT_LT_MCBY_Q(1.0),25/02/26 23:00:00,Quarterly,EMU convergence criterion bond yields,Portugal,1995-Q4,10.66000,,
ESTAT:IRT_LT_MCBY_Q(1.0),25/02/26 23:00:00,Quarterly,EMU convergence criterion bond yields,Portugal,1996-Q1,9.45000,,
ESTAT:IRT_LT_MCBY_Q(1.0),25/02/26 23:00:00,Quarterly,EMU convergence criterion bond yields,Portugal,1996-Q2,8.97000,,
ESTAT:IRT_LT_MCBY_Q(1.0),25/02/26 23:00:00,Quarterly,EMU convergence criterion bond yields,Portugal,1996-Q3,8.58000,,
ESTAT:IRT_LT_MCBY_Q(1.0),25/02/26 23:00:00,Quarterly,EMU convergence criterion bond yields,Portugal,1996-Q4,7.24000,,
ESTAT:IRT_LT_MCBY_Q(1.0),25/02/26 23:00:00,Quarterly,EMU convergence criterion bond yields,Portugal,1997-Q1,6.75000,,
ESTAT:IRT_LT_MCBY_Q(1.0),25/02/26 23:00:00,Quarterly,EMU convergence criterion bond yields,Portugal,1997-Q2,6.56000,,
ESTAT:IRT_LT_MCBY_Q(1.0),25/02/26 23:00:00,Quarterly,EMU convergence criterion bond yields,Portugal,1997-Q3,6.25000,,
ESTAT:IRT_LT_MCBY_Q(1.0),25/02/26 23:00:00,Quarterly,EMU convergence criterion bond yields,Portugal,1997-Q4,5.87000,,
ESTAT:IRT_LT_MCBY_Q(1.0),25/02/26 23:00:00,Quarterly,EMU convergence criterion bond yields,Portugal,1998-Q1,5.33000,,
ESTAT:IRT_LT_MCBY_Q(1.0),25/02/26 23:00:00,Quarterly,EMU convergence criterion bond yields,Portugal,1998-Q2,5.14000,,
ESTAT:IRT_LT_MCBY_Q(1.0),25/02/26 23:00:00,Quarterly,EMU convergence criterion bond yields,Portugal,1998-Q3,4.72000,,
ESTAT:IRT_LT_MCBY_Q(1.0),25/02/26 23:00:00,Quarterly,EMU convergence criterion bond yields,Portugal,1998-Q4,4.33000,,
ESTAT:IRT_LT_MCBY_Q(1.0),25/02/26 23:00:00,Quarterly,EMU convergence criterion bond yields,Portugal,1999-Q1,4.05000,,
ESTAT:IRT_LT_MCBY_Q(1.0),25/02/26 23:00:00,Quarterly,EMU convergence criterion bond yields,Portugal,1999-Q2,4.37000,,
ESTAT:IRT_LT_MCBY_Q(1.0),25/02/26 23:00:00,Quarterly,EMU convergence criterion bond yields,Portugal,1999-Q3,5.21000,,
ESTAT:IRT_LT_MCBY_Q(1.0),25/02/26 23:00:00,Quarterly,EMU convergence criterion bond yields,Portugal,1999-Q4,5.48000,,
ESTAT:IRT_LT_MCBY_Q(1.0),25/02/26 23:00:00,Quarterly,EMU convergence criterion bond yields,Portugal,2000-Q1,5.73000,,
ESTAT:IRT_LT_MCBY_Q(1.0),25/02/26 23:00:00,Quarterly,EMU convergence criterion bond yields,Portugal,2000-Q2,5.58000,,
ESTAT:IRT_LT_MCBY_Q(1.0),25/02/26 23:00:00,Quarterly,EMU convergence criterion bond yields,Portugal,2000-Q3,5.60000,,
ESTAT:IRT_LT_MCBY_Q(1.0),25/02/26 23:00:00,Quarterly,EMU convergence criterion bond yields,Portugal,2000-Q4,5.46000,,
ESTAT:IRT_LT_MCBY_Q(1.0),25/02/26 23:00:00,Quarterly,EMU convergence criterion bond yields,Portugal,2001-Q1,5.13000,,
ESTAT:IRT_LT_MCBY_Q(1.0),25/02/26 23:00:00,Quarterly,EMU convergence criterion bond yields,Portugal,2001-Q2,5.36000,,
ESTAT:IRT_LT_MCBY_Q(1.0),25/02/26 23:00:00,Quarterly,EMU convergence criterion bond yields,Portugal,2001-Q3,5.25000,,
ESTAT:IRT_LT_MCBY_Q(1.0),25/02/26 23:00:00,Quarterly,EMU convergence criterion bond yields,Portugal,2001-Q4,4.89000,,
ESTAT:IRT_LT_MCBY_Q(1.0),25/02/26 23:00:00,Quarterly,EMU convergence criterion bond yields,Portugal,2002-Q1,5.20000,,
ESTAT:IRT_LT_MCBY_Q(1.0),25/02/26 23:00:00,Quarterly,EMU convergence criterion bond yields,Portugal,2002-Q2,5.35000,,
ESTAT:IRT_LT_MCBY_Q(1.0),25/02/26 23:00:00,Quarterly,EMU convergence criterion bond yields,Portugal,2002-Q3,4.87000,,
ESTAT:IRT_LT_MCBY_Q(1.0),25/02/26 23:00:00,Quarterly,EMU convergence criterion bond yields,Portugal,2002-Q4,4.60000,,
ESTAT:IRT_LT_MCBY_Q(1.0),25/02/26 23:00:00,Quarterly,EMU convergence criterion bond yields,Portugal,2003-Q1,4.13000,,
ESTAT:IRT_LT_MCBY_Q(1.0),25/02/26 23:00:00,Quarterly,EMU convergence criterion bond yields,Portugal,2003-Q2,3.96000,,
ESTAT:IRT_LT_MCBY_Q(1.0),25/02/26 23:00:00,Quarterly,EMU convergence criterion bond yields,Portugal,2003-Q3,4.22000,,
ESTAT:IRT_LT_MCBY_Q(1.0),25/02/26 23:00:00,Quarterly,EMU convergence criterion bond yields,Portugal,2003-Q4,4.41000,,
ESTAT:IRT_LT_MCBY_Q(1.0),25/02/26 23:00:00,Quarterly,EMU convergence criterion bond yields,Portugal,2004-Q1,4.15000,,
ESTAT:IRT_LT_MCBY_Q(1.0),25/02/26 23:00:00,Quarterly,EMU convergence criterion bond yields,Portugal,2004-Q2,4.38000,,
ESTAT:IRT_LT_MCBY_Q(1.0),25/02/26 23:00:00,Quarterly,EMU convergence criterion bond yields,Portugal,2004-Q3,4.22000,,
ESTAT:IRT_LT_MCBY_Q(1.0),25/02/26 23:00:00,Quarterly,EMU convergence criterion bond yields,Portugal,2004-Q4,3.83000,,
ESTAT:IRT_LT_MCBY_Q(1.0),25/02/26 23:00:00,Quarterly,EMU convergence criterion bond yields,Portugal,2005-Q1,3.60000,,
ESTAT:IRT_LT_MCBY_Q(1.0),25/02/26 23:00:00,Quarterly,EMU convergence criterion bond yields,Portugal,2005-Q2,3.35000,,
ESTAT:IRT_LT_MCBY_Q(1.0),25/02/26 23:00:00,Quarterly,EMU convergence criterion bond yields,Portugal,2005-Q3,3.32000,,
ESTAT:IRT_LT_MCBY_Q(1.0),25/02/26 23:00:00,Quarterly,EMU convergence criterion bond yields,Portugal,2005-Q4,3.48000,,
ESTAT:IRT_LT_MCBY_Q(1.0),25/02/26 23:00:00,Quarterly,EMU convergence criterion bond yields,Portugal,2006-Q1,3.61000,,
ESTAT:IRT_LT_MCBY_Q(1.0),25/02/26 23:00:00,Quarterly,EMU convergence criterion bond yields,Portugal,2006-Q2,4.07000,,
ESTAT:IRT_LT_MCBY_Q(1.0),25/02/26 23:00:00,Quarterly,EMU convergence criterion bond yields,Portugal,2006-Q3,4.04000,,
ESTAT:IRT_LT_MCBY_Q(1.0),25/02/26 23:00:00,Quarterly,EMU convergence criterion bond yields,Portugal,2006-Q4,3.94000,,
ESTAT:IRT_LT_MCBY_Q(1.0),25/02/26 23:00:00,Quarterly,EMU convergence criterion bond yields,Portugal,2007-Q1,4.16000,,
ESTAT:IRT_LT_MCBY_Q(1.0),25/02/26 23:00:00,Quarterly,EMU convergence criterion bond yields,Portugal,2007-Q2,4.50000,,
ESTAT:IRT_LT_MCBY_Q(1.0),25/02/26 23:00:00,Quarterly,EMU convergence criterion bond yields,Portugal,2007-Q3,4.60000,,
ESTAT:IRT_LT_MCBY_Q(1.0),25/02/26 23:00:00,Quarterly,EMU convergence criterion bond yields,Portugal,2007-Q4,4.45000,,
ESTAT:IRT_LT_MCBY_Q(1.0),25/02/26 23:00:00,Quarterly,EMU convergence criterion bond yields,Portugal,2008-Q1,4.31000,,
ESTAT:IRT_LT_MCBY_Q(1.0),25/02/26 23:00:00,Quarterly,EMU convergence criterion bond yields,Portugal,2008-Q2,4.69000,,
ESTAT:IRT_LT_MCBY_Q(1.0),25/02/26 23:00:00,Quarterly,EMU convergence criterion bond yields,Portugal,2008-Q3,4.77000,,
ESTAT:IRT_LT_MCBY_Q(1.0),25/02/26 23:00:00,Quarterly,EMU convergence criterion bond yields,Portugal,2008-Q4,4.30000,,
ESTAT:IRT_LT_MCBY_Q(1.0),25/02/26 23:00:00,Quarterly,EMU convergence criterion bond yields,Portugal,2009-Q1,4.50000,,
ESTAT:IRT_LT_MCBY_Q(1.0),25/02/26 23:00:00,Quarterly,EMU convergence criterion bond yields,Portugal,2009-Q2,4.44000,,
ESTAT:IRT_LT_MCBY_Q(1.0),25/02/26 23:00:00,Quarterly,EMU convergence criterion bond yields,Portugal,2009-Q3,4.05000,,
ESTAT:IRT_LT_MCBY_Q(1.0),25/02/26 23:00:00,Quarterly,EMU convergence criterion bond yields,Portugal,2009-Q4,3.85000,,
ESTAT:IRT_LT_MCBY_Q(1.0),25/02/26 23:00:00,Quarterly,EMU convergence criterion bond yields,Portugal,2010-Q1,4.35000,,
ESTAT:IRT_LT_MCBY_Q(1.0),25/02/26 23:00:00,Quarterly,EMU convergence criterion bond yields,Portugal,2010-Q2,5.11000,,
ESTAT:IRT_LT_MCBY_Q(1.0),25/02/26 23:00:00,Quarterly,EMU convergence criterion bond yields,Portugal,2010-Q3,5.63000,,
ESTAT:IRT_LT_MCBY_Q(1.0),25/02/26 23:00:00,Quarterly,EMU convergence criterion bond yields,Portugal,2010-Q4,6.50000,,
ESTAT:IRT_LT_MCBY_Q(1.0),25/02/26 23:00:00,Quarterly,EMU convergence criterion bond yields,Portugal,2011-Q1,7.36000,,
ESTAT:IRT_LT_MCBY_Q(1.0),25/02/26 23:00:00,Quarterly,EMU convergence criterion bond yields,Portugal,2011-Q2,9.89000,,
ESTAT:IRT_LT_MCBY_Q(1.0),25/02/26 23:00:00,Quarterly,EMU convergence criterion bond yields,Portugal,2011-Q3,11.47000,,
ESTAT:IRT_LT_MCBY_Q(1.0),25/02/26 23:00:00,Quarterly,EMU convergence criterion bond yields,Portugal,2011-Q4,12.23000,,
ESTAT:IRT_LT_MCBY_Q(1.0),25/02/26 23:00:00,Quarterly,EMU convergence criterion bond yields,Portugal,2012-Q1,13.22000,,
ESTAT:IRT_LT_MCBY_Q(1.0),25/02/26 23:00:00,Quarterly,EMU convergence criterion bond yields,Portugal,2012-Q2,11.38000,,
ESTAT:IRT_LT_MCBY_Q(1.0),25/02/26 23:00:00,Quarterly,EMU convergence criterion bond yields,Portugal,2012-Q3,9.67000,,
ESTAT:IRT_LT_MCBY_Q(1.0),25/02/26 23:00:00,Quarterly,EMU convergence criterion bond yields,Portugal,2012-Q4,7.92000,,
ESTAT:IRT_LT_MCBY_Q(1.0),25/02/26 23:00:00,Quarterly,EMU convergence criterion bond yields,Portugal,2013-Q1,6.25000,,
ESTAT:IRT_LT_MCBY_Q(1.0),25/02/26 23:00:00,Quarterly,EMU convergence criterion bond yields,Portugal,2013-Q2,5.97000,,
ESTAT:IRT_LT_MCBY_Q(1.0),25/02/26 23:00:00,Quarterly,EMU convergence criterion bond yields,Portugal,2013-Q3,6.84000,,
ESTAT:IRT_LT_MCBY_Q(1.0),25/02/26 23:00:00,Quarterly,EMU convergence criterion bond yields,Portugal,2013-Q4,6.12000,,
ESTAT:IRT_LT_MCBY_Q(1.0),25/02/26 23:00:00,Quarterly,EMU convergence criterion bond yields,Portugal,2014-Q1,4.86000,,
ESTAT:IRT_LT_MCBY_Q(1.0),25/02/26 23:00:00,Quarterly,EMU convergence criterion bond yields,Portugal,2014-Q2,3.66000,,
ESTAT:IRT_LT_MCBY_Q(1.0),25/02/26 23:00:00,Quarterly,EMU convergence criterion bond yields,Portugal,2014-Q3,3.45000,,
ESTAT:IRT_LT_MCBY_Q(1.0),25/02/26 23:00:00,Quarterly,EMU convergence criterion bond yields,Portugal,2014-Q4,3.05000,,
ESTAT:IRT_LT_MCBY_Q(1.0),25/02/26 23:00:00,Quarterly,EMU convergence criterion bond yields,Portugal,2015-Q1,2.18000,,
ESTAT:IRT_LT_MCBY_Q(1.0),25/02/26 23:00:00,Quarterly,EMU convergence criterion bond yields,Portugal,2015-Q2,2.40000,,
ESTAT:IRT_LT_MCBY_Q(1.0),25/02/26 23:00:00,Quarterly,EMU convergence criterion bond yields,Portugal,2015-Q3,2.61000,,
ESTAT:IRT_LT_MCBY_Q(1.0),25/02/26 23:00:00,Quarterly,EMU convergence criterion bond yields,Portugal,2015-Q4,2.49000,,
ESTAT:IRT_LT_MCBY_Q(1.0),25/02/26 23:00:00,Quarterly,EMU convergence criterion bond yields,Portugal,2016-Q1,2.93000,,
ESTAT:IRT_LT_MCBY_Q(1.0),25/02/26 23:00:00,Quarterly,EMU convergence criterion bond yields,Portugal,2016-Q2,3.16000,,
ESTAT:IRT_LT_MCBY_Q(1.0),25/02/26 23:00:00,Quarterly,EMU convergence criterion bond yields,Portugal,2016-Q3,3.07000,,
ESTAT:IRT_LT_MCBY_Q(1.0),25/02/26 23:00:00,Quarterly,EMU convergence criterion bond yields,Portugal,2016-Q4,3.53000,,
ESTAT:IRT_LT_MCBY_Q(1.0),25/02/26 23:00:00,Quarterly,EMU convergence criterion bond yields,Portugal,2017-Q1,3.99000,,
ESTAT:IRT_LT_MCBY_Q(1.0),25/02/26 23:00:00,Quarterly,EMU convergence criterion bond yields,Portugal,2017-Q2,3.34000,,
ESTAT:IRT_LT_MCBY_Q(1.0),25/02/26 23:00:00,Quarterly,EMU convergence criterion bond yields,Portugal,2017-Q3,2.83000,,
ESTAT:IRT_LT_MCBY_Q(1.0),25/02/26 23:00:00,Quarterly,EMU convergence criterion bond yields,Portugal,2017-Q4,2.04000,,
ESTAT:IRT_LT_MCBY_Q(1.0),25/02/26 23:00:00,Quarterly,EMU convergence criterion bond yields,Portugal,2018-Q1,1.89000,,
ESTAT:IRT_LT_MCBY_Q(1.0),25/02/26 23:00:00,Quarterly,EMU convergence criterion bond yields,Portugal,2018-Q2,1.79000,,
ESTAT:IRT_LT_MCBY_Q(1.0),25/02/26 23:00:00,Quarterly,EMU convergence criterion bond yields,Portugal,2018-Q3,1.82000,,
ESTAT:IRT_LT_MCBY_Q(1.0),25/02/26 23:00:00,Quarterly,EMU convergence criterion bond yields,Portugal,2018-Q4,1.86000,,
ESTAT:IRT_LT_MCBY_Q(1.0),25/02/26 23:00:00,Quarterly,EMU convergence criterion bond yields,Portugal,2019-Q1,1.51000,,
ESTAT:IRT_LT_MCBY_Q(1.0),25/02/26 23:00:00,Quarterly,EMU convergence criterion bond yields,Portugal,2019-Q2,0.93000,,
ESTAT:IRT_LT_MCBY_Q(1.0),25/02/26 23:00:00,Quarterly,EMU convergence criterion bond yields,Portugal,2019-Q3,0.27000,,
ESTAT:IRT_LT_MCBY_Q(1.0),25/02/26 23:00:00,Quarterly,EMU convergence criterion bond yields,Portugal,2019-Q4,0.31000,,
ESTAT:IRT_LT_MCBY_Q(1.0),25/02/26 23:00:00,Quarterly,EMU convergence criterion bond yields,Portugal,2020-Q1,0.44000,,
ESTAT:IRT_LT_MCBY_Q(1.0),25/02/26 23:00:00,Quarterly,EMU convergence criterion bond yields,Portugal,2020-Q2,0.77000,,
ESTAT:IRT_LT_MCBY_Q(1.0),25/02/26 23:00:00,Quarterly,EMU convergence criterion bond yields,Portugal,2020-Q3,0.36000,,
ESTAT:IRT_LT_MCBY_Q(1.0),25/02/26 23:00:00,Quarterly,EMU convergence criterion bond yields,Portugal,2020-Q4,0.09000,,
ESTAT:IRT_LT_MCBY_Q(1.0),25/02/26 23:00:00,Quarterly,EMU convergence criterion bond yields,Portugal,2021-Q1,0.14000,,
ESTAT:IRT_LT_MCBY_Q(1.0),25/02/26 23:00:00,Quarterly,EMU convergence criterion bond yields,Portugal,2021-Q2,0.44000,,
ESTAT:IRT_LT_MCBY_Q(1.0),25/02/26 23:00:00,Quarterly,EMU convergence criterion bond yields,Portugal,2021-Q3,0.23000,,
ESTAT:IRT_LT_MCBY_Q(1.0),25/02/26 23:00:00,Quarterly,EMU convergence criterion bond yields,Portugal,2021-Q4,0.38000,,
ESTAT:IRT_LT_MCBY_Q(1.0),25/02/26 23:00:00,Quarterly,EMU convergence criterion bond yields,Portugal,2022-Q1,0.93000,,
ESTAT:IRT_LT_MCBY_Q(1.0),25/02/26 23:00:00,Quarterly,EMU convergence criterion bond yields,Portugal,2022-Q2,2.18000,,
ESTAT:IRT_LT_MCBY_Q(1.0),25/02/26 23:00:00,Quarterly,EMU convergence criterion bond yields,Portugal,2022-Q3,2.44000,,
ESTAT:IRT_LT_MCBY_Q(1.0),25/02/26 23:00:00,Quarterly,EMU convergence criterion bond yields,Portugal,2022-Q4,3.13000,,
ESTAT:IRT_LT_MCBY_Q(1.0),25/02/26 23:00:00,Quarterly,EMU convergence criterion bond yields,Portugal,2023-Q1,3.23000,,
ESTAT:IRT_LT_MCBY_Q(1.0),25/02/26 23:00:00,Quarterly,EMU convergence criterion bond yields,Portugal,2023-Q2,3.15000,,
ESTAT:IRT_LT_MCBY_Q(1.0),25/02/26 23:00:00,Quarterly,EMU convergence criterion bond yields,Portugal,2023-Q3,3.33000,,
ESTAT:IRT_LT_MCBY_Q(1.0),25/02/26 23:00:00,Quarterly,EMU convergence criterion bond yields,Portugal,2023-Q4,3.25000,,
ESTAT:IRT_LT_MCBY_Q(1.0),25/02/26 23:00:00,Quarterly,EMU convergence criterion bond yields,Portugal,2024-Q1,3.01000,,
ESTAT:IRT_LT_MCBY_Q(1.0),25/02/26 23:00:00,Quarterly,EMU convergence criterion bond yields,Portugal,2024-Q2,3.16000,,
ESTAT:IRT_LT_MCBY_Q(1.0),25/02/26 23:00:00,Quarterly,EMU convergence criterion bond yields,Portugal,2024-Q3,2.92000,,
ESTAT:IRT_LT_MCBY_Q(1.0),25/02/26 23:00:00,Quarterly,EMU convergence criterion bond yields,Portugal,2024-Q4,2.74000,,
ESTAT:IRT_LT_MCBY_Q(1.0),25/02/26 23:00:00,Quarterly,EMU convergence criterion bond yields,Portugal,2025-Q1,3.07183,,
ESTAT:IRT_LT_MCBY_Q(1.0),25/02/26 23:00:00,Quarterly,EMU convergence criterion bond yields,Portugal,2025-Q2,3.07140,,
ESTAT:IRT_LT_MCBY_Q(1.0),25/02/26 23:00:00,Quarterly,EMU convergence criterion bond yields,Portugal,2025-Q3,3.12000,,
ESTAT:IRT_LT_MCBY_Q(1.0),25/02/26 23:00:00,Quarterly,EMU convergence criterion bond yields,Portugal,2025-Q4,3.02297,,
ESTAT:IRT_LT_MCBY_Q(1.0),25/02/26 23:00:00,Quarterly,EMU convergence criterion bond yields,Romania,2005-Q2,6.86000,,
ESTAT:IRT_LT_MCBY_Q(1.0),25/02/26 23:00:00,Quarterly,EMU convergence criterion bond yields,Romania,2005-Q3,7.13000,,
ESTAT:IRT_LT_MCBY_Q(1.0),25/02/26 23:00:00,Quarterly,EMU convergence criterion bond yields,Romania,2005-Q4,6.99000,,
ESTAT:IRT_LT_MCBY_Q(1.0),25/02/26 23:00:00,Quarterly,EMU convergence criterion bond yields,Romania,2006-Q1,7.04000,,
ESTAT:IRT_LT_MCBY_Q(1.0),25/02/26 23:00:00,Quarterly,EMU convergence criterion bond yields,Romania,2006-Q2,7.03000,,
ESTAT:IRT_LT_MCBY_Q(1.0),25/02/26 23:00:00,Quarterly,EMU convergence criterion bond yields,Romania,2006-Q3,7.33000,,
ESTAT:IRT_LT_MCBY_Q(1.0),25/02/26 23:00:00,Quarterly,EMU convergence criterion bond yields,Romania,2006-Q4,7.51000,,
ESTAT:IRT_LT_MCBY_Q(1.0),25/02/26 23:00:00,Quarterly,EMU convergence criterion bond yields,Romania,2007-Q1,7.48000,,
ESTAT:IRT_LT_MCBY_Q(1.0),25/02/26 23:00:00,Quarterly,EMU convergence criterion bond yields,Romania,2007-Q2,7.26000,,
ESTAT:IRT_LT_MCBY_Q(1.0),25/02/26 23:00:00,Quarterly,EMU convergence criterion bond yields,Romania,2007-Q3,6.85000,,
ESTAT:IRT_LT_MCBY_Q(1.0),25/02/26 23:00:00,Quarterly,EMU convergence criterion bond yields,Romania,2007-Q4,6.95000,,
ESTAT:IRT_LT_MCBY_Q(1.0),25/02/26 23:00:00,Quarterly,EMU convergence criterion bond yields,Romania,2008-Q1,7.26000,,
ESTAT:IRT_LT_MCBY_Q(1.0),25/02/26 23:00:00,Quarterly,EMU convergence criterion bond yields,Romania,2008-Q2,7.25000,,
ESTAT:IRT_LT_MCBY_Q(1.0),25/02/26 23:00:00,Quarterly,EMU convergence criterion bond yields,Romania,2008-Q3,7.93000,,
ESTAT:IRT_LT_MCBY_Q(1.0),25/02/26 23:00:00,Quarterly,EMU convergence criterion bond yields,Romania,2008-Q4,8.34000,,
ESTAT:IRT_LT_MCBY_Q(1.0),25/02/26 23:00:00,Quarterly,EMU convergence criterion bond yields,Romania,2009-Q1,9.01000,,
ESTAT:IRT_LT_MCBY_Q(1.0),25/02/26 23:00:00,Quarterly,EMU convergence criterion bond yields,Romania,2009-Q2,9.78000,,
ESTAT:IRT_LT_MCBY_Q(1.0),25/02/26 23:00:00,Quarterly,EMU convergence criterion bond yields,Romania,2009-Q3,11.31000,,
ESTAT:IRT_LT_MCBY_Q(1.0),25/02/26 23:00:00,Quarterly,EMU convergence criterion bond yields,Romania,2009-Q4,8.68000,,
ESTAT:IRT_LT_MCBY_Q(1.0),25/02/26 23:00:00,Quarterly,EMU convergence criterion bond yields,Romania,2010-Q1,8.03000,,
ESTAT:IRT_LT_MCBY_Q(1.0),25/02/26 23:00:00,Quarterly,EMU convergence criterion bond yields,Romania,2010-Q2,7.11000,,
ESTAT:IRT_LT_MCBY_Q(1.0),25/02/26 23:00:00,Quarterly,EMU convergence criterion bond yields,Romania,2010-Q3,7.16000,,
ESTAT:IRT_LT_MCBY_Q(1.0),25/02/26 23:00:00,Quarterly,EMU convergence criterion bond yields,Romania,2010-Q4,7.05000,,
ESTAT:IRT_LT_MCBY_Q(1.0),25/02/26 23:00:00,Quarterly,EMU convergence criterion bond yields,Romania,2011-Q1,7.00000,,
ESTAT:IRT_LT_MCBY_Q(1.0),25/02/26 23:00:00,Quarterly,EMU convergence criterion bond yields,Romania,2011-Q2,7.33000,,
ESTAT:IRT_LT_MCBY_Q(1.0),25/02/26 23:00:00,Quarterly,EMU convergence criterion bond yields,Romania,2011-Q3,7.33000,,
ESTAT:IRT_LT_MCBY_Q(1.0),25/02/26 23:00:00,Quarterly,EMU convergence criterion bond yields,Romania,2011-Q4,7.51000,,
ESTAT:IRT_LT_MCBY_Q(1.0),25/02/26 23:00:00,Quarterly,EMU convergence criterion bond yields,Romania,2012-Q1,6.83000,,
ESTAT:IRT_LT_MCBY_Q(1.0),25/02/26 23:00:00,Quarterly,EMU convergence criterion bond yields,Romania,2012-Q2,6.47000,,
ESTAT:IRT_LT_MCBY_Q(1.0),25/02/26 23:00:00,Quarterly,EMU convergence criterion bond yields,Romania,2012-Q3,6.63000,,
ESTAT:IRT_LT_MCBY_Q(1.0),25/02/26 23:00:00,Quarterly,EMU convergence criterion bond yields,Romania,2012-Q4,6.78000,,
ESTAT:IRT_LT_MCBY_Q(1.0),25/02/26 23:00:00,Quarterly,EMU convergence criterion bond yields,Romania,2013-Q1,5.83000,,
ESTAT:IRT_LT_MCBY_Q(1.0),25/02/26 23:00:00,Quarterly,EMU convergence criterion bond yields,Romania,2013-Q2,5.37000,,
ESTAT:IRT_LT_MCBY_Q(1.0),25/02/26 23:00:00,Quarterly,EMU convergence criterion bond yields,Romania,2013-Q3,5.19000,,
ESTAT:IRT_LT_MCBY_Q(1.0),25/02/26 23:00:00,Quarterly,EMU convergence criterion bond yields,Romania,2013-Q4,5.27000,,
ESTAT:IRT_LT_MCBY_Q(1.0),25/02/26 23:00:00,Quarterly,EMU convergence criterion bond yields,Romania,2014-Q1,5.29000,,
ESTAT:IRT_LT_MCBY_Q(1.0),25/02/26 23:00:00,Quarterly,EMU convergence criterion bond yields,Romania,2014-Q2,4.78000,,
ESTAT:IRT_LT_MCBY_Q(1.0),25/02/26 23:00:00,Quarterly,EMU convergence criterion bond yields,Romania,2014-Q3,4.15000,,
ESTAT:IRT_LT_MCBY_Q(1.0),25/02/26 23:00:00,Quarterly,EMU convergence criterion bond yields,Romania,2014-Q4,3.75000,,
ESTAT:IRT_LT_MCBY_Q(1.0),25/02/26 23:00:00,Quarterly,EMU convergence criterion bond yields,Romania,2015-Q1,2.99000,,
ESTAT:IRT_LT_MCBY_Q(1.0),25/02/26 23:00:00,Quarterly,EMU convergence criterion bond yields,Romania,2015-Q2,3.51000,,
ESTAT:IRT_LT_MCBY_Q(1.0),25/02/26 23:00:00,Quarterly,EMU convergence criterion bond yields,Romania,2015-Q3,3.86000,,
ESTAT:IRT_LT_MCBY_Q(1.0),25/02/26 23:00:00,Quarterly,EMU convergence criterion bond yields,Romania,2015-Q4,3.53000,,
ESTAT:IRT_LT_MCBY_Q(1.0),25/02/26 23:00:00,Quarterly,EMU convergence criterion bond yields,Romania,2016-Q1,3.42000,,
ESTAT:IRT_LT_MCBY_Q(1.0),25/02/26 23:00:00,Quarterly,EMU convergence criterion bond yields,Romania,2016-Q2,3.45000,,
ESTAT:IRT_LT_MCBY_Q(1.0),25/02/26 23:00:00,Quarterly,EMU convergence criterion bond yields,Romania,2016-Q3,3.00000,,
ESTAT:IRT_LT_MCBY_Q(1.0),25/02/26 23:00:00,Quarterly,EMU convergence criterion bond yields,Romania,2016-Q4,3.41000,,
ESTAT:IRT_LT_MCBY_Q(1.0),25/02/26 23:00:00,Quarterly,EMU convergence criterion bond yields,Romania,2017-Q1,3.90000,,
ESTAT:IRT_LT_MCBY_Q(1.0),25/02/26 23:00:00,Quarterly,EMU convergence criterion bond yields,Romania,2017-Q2,3.74000,,
ESTAT:IRT_LT_MCBY_Q(1.0),25/02/26 23:00:00,Quarterly,EMU convergence criterion bond yields,Romania,2017-Q3,3.86000,,
ESTAT:IRT_LT_MCBY_Q(1.0),25/02/26 23:00:00,Quarterly,EMU convergence criterion bond yields,Romania,2017-Q4,4.33000,,
ESTAT:IRT_LT_MCBY_Q(1.0),25/02/26 23:00:00,Quarterly,EMU convergence criterion bond yields,Romania,2018-Q1,4.42000,,
ESTAT:IRT_LT_MCBY_Q(1.0),25/02/26 23:00:00,Quarterly,EMU convergence criterion bond yields,Romania,2018-Q2,4.70000,,
ESTAT:IRT_LT_MCBY_Q(1.0),25/02/26 23:00:00,Quarterly,EMU convergence criterion bond yields,Romania,2018-Q3,4.87000,,
ESTAT:IRT_LT_MCBY_Q(1.0),25/02/26 23:00:00,Quarterly,EMU convergence criterion bond yields,Romania,2018-Q4,4.76000,,
ESTAT:IRT_LT_MCBY_Q(1.0),25/02/26 23:00:00,Quarterly,EMU convergence criterion bond yields,Romania,2019-Q1,4.76000,,
ESTAT:IRT_LT_MCBY_Q(1.0),25/02/26 23:00:00,Quarterly,EMU convergence criterion bond yields,Romania,2019-Q2,4.81000,,
ESTAT:IRT_LT_MCBY_Q(1.0),25/02/26 23:00:00,Quarterly,EMU convergence criterion bond yields,Romania,2019-Q3,4.25000,,
ESTAT:IRT_LT_MCBY_Q(1.0),25/02/26 23:00:00,Quarterly,EMU convergence criterion bond yields,Romania,2019-Q4,4.34000,,
ESTAT:IRT_LT_MCBY_Q(1.0),25/02/26 23:00:00,Quarterly,EMU convergence criterion bond yields,Romania,2020-Q1,4.29000,,
ESTAT:IRT_LT_MCBY_Q(1.0),25/02/26 23:00:00,Quarterly,EMU convergence criterion bond yields,Romania,2020-Q2,4.42000,,
ESTAT:IRT_LT_MCBY_Q(1.0),25/02/26 23:00:00,Quarterly,EMU convergence criterion bond yields,Romania,2020-Q3,3.77000,,
ESTAT:IRT_LT_MCBY_Q(1.0),25/02/26 23:00:00,Quarterly,EMU convergence criterion bond yields,Romania,2020-Q4,3.09000,,
ESTAT:IRT_LT_MCBY_Q(1.0),25/02/26 23:00:00,Quarterly,EMU convergence criterion bond yields,Romania,2021-Q1,2.78000,,
ESTAT:IRT_LT_MCBY_Q(1.0),25/02/26 23:00:00,Quarterly,EMU convergence criterion bond yields,Romania,2021-Q2,2.99000,,
ESTAT:IRT_LT_MCBY_Q(1.0),25/02/26 23:00:00,Quarterly,EMU convergence criterion bond yields,Romania,2021-Q3,3.65000,,
ESTAT:IRT_LT_MCBY_Q(1.0),25/02/26 23:00:00,Quarterly,EMU convergence criterion bond yields,Romania,2021-Q4,5.08000,,
ESTAT:IRT_LT_MCBY_Q(1.0),25/02/26 23:00:00,Quarterly,EMU convergence criterion bond yields,Romania,2022-Q1,5.72000,,
ESTAT:IRT_LT_MCBY_Q(1.0),25/02/26 23:00:00,Quarterly,EMU convergence criterion bond yields,Romania,2022-Q2,7.73000,,
ESTAT:IRT_LT_MCBY_Q(1.0),25/02/26 23:00:00,Quarterly,EMU convergence criterion bond yields,Romania,2022-Q3,8.49000,,
ESTAT:IRT_LT_MCBY_Q(1.0),25/02/26 23:00:00,Quarterly,EMU convergence criterion bond yields,Romania,2022-Q4,7.98000,,
ESTAT:IRT_LT_MCBY_Q(1.0),25/02/26 23:00:00,Quarterly,EMU convergence criterion bond yields,Romania,2023-Q1,7.11000,,
ESTAT:IRT_LT_MCBY_Q(1.0),25/02/26 23:00:00,Quarterly,EMU convergence criterion bond yields,Romania,2023-Q2,6.47000,,
ESTAT:IRT_LT_MCBY_Q(1.0),25/02/26 23:00:00,Quarterly,EMU convergence criterion bond yields,Romania,2023-Q3,6.67000,,
ESTAT:IRT_LT_MCBY_Q(1.0),25/02/26 23:00:00,Quarterly,EMU convergence criterion bond yields,Romania,2023-Q4,6.58000,,
ESTAT:IRT_LT_MCBY_Q(1.0),25/02/26 23:00:00,Quarterly,EMU convergence criterion bond yields,Romania,2024-Q1,6.05000,,
ESTAT:IRT_LT_MCBY_Q(1.0),25/02/26 23:00:00,Quarterly,EMU convergence criterion bond yields,Romania,2024-Q2,6.18000,,
ESTAT:IRT_LT_MCBY_Q(1.0),25/02/26 23:00:00,Quarterly,EMU convergence criterion bond yields,Romania,2024-Q3,6.45000,,
ESTAT:IRT_LT_MCBY_Q(1.0),25/02/26 23:00:00,Quarterly,EMU convergence criterion bond yields,Romania,2024-Q4,6.59000,,
ESTAT:IRT_LT_MCBY_Q(1.0),25/02/26 23:00:00,Quarterly,EMU convergence criterion bond yields,Romania,2025-Q1,6.74044,,
ESTAT:IRT_LT_MCBY_Q(1.0),25/02/26 23:00:00,Quarterly,EMU convergence criterion bond yields,Romania,2025-Q2,6.94209,,
ESTAT:IRT_LT_MCBY_Q(1.0),25/02/26 23:00:00,Quarterly,EMU convergence criterion bond yields,Romania,2025-Q3,7.20000,,
ESTAT:IRT_LT_MCBY_Q(1.0),25/02/26 23:00:00,Quarterly,EMU convergence criterion bond yields,Romania,2025-Q4,6.94705,,
ESTAT:IRT_LT_MCBY_Q(1.0),25/02/26 23:00:00,Quarterly,EMU convergence criterion bond yields,Sweden,1987-Q1,11.46000,,
ESTAT:IRT_LT_MCBY_Q(1.0),25/02/26 23:00:00,Quarterly,EMU convergence criterion bond yields,Sweden,1987-Q2,11.59000,,
ESTAT:IRT_LT_MCBY_Q(1.0),25/02/26 23:00:00,Quarterly,EMU convergence criterion bond yields,Sweden,1987-Q3,11.92000,,
ESTAT:IRT_LT_MCBY_Q(1.0),25/02/26 23:00:00,Quarterly,EMU convergence criterion bond yields,Sweden,1987-Q4,11.76667,,
ESTAT:IRT_LT_MCBY_Q(1.0),25/02/26 23:00:00,Quarterly,EMU convergence criterion bond yields,Sweden,1988-Q1,11.42667,,
ESTAT:IRT_LT_MCBY_Q(1.0),25/02/26 23:00:00,Quarterly,EMU convergence criterion bond yields,Sweden,1988-Q2,11.39000,,
ESTAT:IRT_LT_MCBY_Q(1.0),25/02/26 23:00:00,Quarterly,EMU convergence criterion bond yields,Sweden,1988-Q3,11.46333,,
ESTAT:IRT_LT_MCBY_Q(1.0),25/02/26 23:00:00,Quarterly,EMU convergence criterion bond yields,Sweden,1988-Q4,11.11333,,
ESTAT:IRT_LT_MCBY_Q(1.0),25/02/26 23:00:00,Quarterly,EMU convergence criterion bond yields,Sweden,1989-Q1,10.63667,,
ESTAT:IRT_LT_MCBY_Q(1.0),25/02/26 23:00:00,Quarterly,EMU convergence criterion bond yields,Sweden,1989-Q2,11.07333,,
ESTAT:IRT_LT_MCBY_Q(1.0),25/02/26 23:00:00,Quarterly,EMU convergence criterion bond yields,Sweden,1989-Q3,11.06333,,
ESTAT:IRT_LT_MCBY_Q(1.0),25/02/26 23:00:00,Quarterly,EMU convergence criterion bond yields,Sweden,1989-Q4,11.94667,,
ESTAT:IRT_LT_MCBY_Q(1.0),25/02/26 23:00:00,Quarterly,EMU convergence criterion bond yields,Sweden,1990-Q1,13.44000,,
ESTAT:IRT_LT_MCBY_Q(1.0),25/02/26 23:00:00,Quarterly,EMU convergence criterion bond yields,Sweden,1990-Q2,13.27000,,
ESTAT:IRT_LT_MCBY_Q(1.0),25/02/26 23:00:00,Quarterly,EMU convergence criterion bond yields,Sweden,1990-Q3,13.14333,,
ESTAT:IRT_LT_MCBY_Q(1.0),25/02/26 23:00:00,Quarterly,EMU convergence criterion bond yields,Sweden,1990-Q4,12.78333,,
ESTAT:IRT_LT_MCBY_Q(1.0),25/02/26 23:00:00,Quarterly,EMU convergence criterion bond yields,Sweden,1991-Q1,11.44333,,
ESTAT:IRT_LT_MCBY_Q(1.0),25/02/26 23:00:00,Quarterly,EMU convergence criterion bond yields,Sweden,1991-Q2,10.91000,,
ESTAT:IRT_LT_MCBY_Q(1.0),25/02/26 23:00:00,Quarterly,EMU convergence criterion bond yields,Sweden,1991-Q3,10.47000,,
ESTAT:IRT_LT_MCBY_Q(1.0),25/02/26 23:00:00,Quarterly,EMU convergence criterion bond yields,Sweden,1991-Q4,9.94667,,
ESTAT:IRT_LT_MCBY_Q(1.0),25/02/26 23:00:00,Quarterly,EMU convergence criterion bond yields,Sweden,1992-Q1,9.47000,,
ESTAT:IRT_LT_MCBY_Q(1.0),25/02/26 23:00:00,Quarterly,EMU convergence criterion bond yields,Sweden,1992-Q2,9.58000,,
ESTAT:IRT_LT_MCBY_Q(1.0),25/02/26 23:00:00,Quarterly,EMU convergence criterion bond yields,Sweden,1992-Q3,10.56000,,
ESTAT:IRT_LT_MCBY_Q(1.0),25/02/26 23:00:00,Quarterly,EMU convergence criterion bond yields,Sweden,1992-Q4,10.46667,,
ESTAT:IRT_LT_MCBY_Q(1.0),25/02/26 23:00:00,Quarterly,EMU convergence criterion bond yields,Sweden,1993-Q1,9.80000,,
ESTAT:IRT_LT_MCBY_Q(1.0),25/02/26 23:00:00,Quarterly,EMU convergence criterion bond yields,Sweden,1993-Q2,9.09000,,
ESTAT:IRT_LT_MCBY_Q(1.0),25/02/26 23:00:00,Quarterly,EMU convergence criterion bond yields,Sweden,1993-Q3,7.92000,,
ESTAT:IRT_LT_MCBY_Q(1.0),25/02/26 23:00:00,Quarterly,EMU convergence criterion bond yields,Sweden,1993-Q4,7.47000,,
ESTAT:IRT_LT_MCBY_Q(1.0),25/02/26 23:00:00,Quarterly,EMU convergence criterion bond yields,Sweden,1994-Q1,7.36000,,
ESTAT:IRT_LT_MCBY_Q(1.0),25/02/26 23:00:00,Quarterly,EMU convergence criterion bond yields,Sweden,1994-Q2,9.19000,,
ESTAT:IRT_LT_MCBY_Q(1.0),25/02/26 23:00:00,Quarterly,EMU convergence criterion bond yields,Sweden,1994-Q3,11.25000,,
ESTAT:IRT_LT_MCBY_Q(1.0),25/02/26 23:00:00,Quarterly,EMU convergence criterion bond yields,Sweden,1994-Q4,11.01000,,
ESTAT:IRT_LT_MCBY_Q(1.0),25/02/26 23:00:00,Quarterly,EMU convergence criterion bond yields,Sweden,1995-Q1,10.96000,,
ESTAT:IRT_LT_MCBY_Q(1.0),25/02/26 23:00:00,Quarterly,EMU convergence criterion bond yields,Sweden,1995-Q2,10.91000,,
ESTAT:IRT_LT_MCBY_Q(1.0),25/02/26 23:00:00,Quarterly,EMU convergence criterion bond yields,Sweden,1995-Q3,10.13000,,
ESTAT:IRT_LT_MCBY_Q(1.0),25/02/26 23:00:00,Quarterly,EMU convergence criterion bond yields,Sweden,1995-Q4,8.97000,,
ESTAT:IRT_LT_MCBY_Q(1.0),25/02/26 23:00:00,Quarterly,EMU convergence criterion bond yields,Sweden,1996-Q1,8.59000,,
ESTAT:IRT_LT_MCBY_Q(1.0),25/02/26 23:00:00,Quarterly,EMU convergence criterion bond yields,Sweden,1996-Q2,8.37000,,
ESTAT:IRT_LT_MCBY_Q(1.0),25/02/26 23:00:00,Quarterly,EMU convergence criterion bond yields,Sweden,1996-Q3,8.05000,,
ESTAT:IRT_LT_MCBY_Q(1.0),25/02/26 23:00:00,Quarterly,EMU convergence criterion bond yields,Sweden,1996-Q4,7.10000,,
ESTAT:IRT_LT_MCBY_Q(1.0),25/02/26 23:00:00,Quarterly,EMU convergence criterion bond yields,Sweden,1997-Q1,6.84000,,
ESTAT:IRT_LT_MCBY_Q(1.0),25/02/26 23:00:00,Quarterly,EMU convergence criterion bond yields,Sweden,1997-Q2,7.02000,,
ESTAT:IRT_LT_MCBY_Q(1.0),25/02/26 23:00:00,Quarterly,EMU convergence criterion bond yields,Sweden,1997-Q3,6.45000,,
ESTAT:IRT_LT_MCBY_Q(1.0),25/02/26 23:00:00,Quarterly,EMU convergence criterion bond yields,Sweden,1997-Q4,6.18000,,
ESTAT:IRT_LT_MCBY_Q(1.0),25/02/26 23:00:00,Quarterly,EMU convergence criterion bond yields,Sweden,1998-Q1,5.51000,,
ESTAT:IRT_LT_MCBY_Q(1.0),25/02/26 23:00:00,Quarterly,EMU convergence criterion bond yields,Sweden,1998-Q2,5.13000,,
ESTAT:IRT_LT_MCBY_Q(1.0),25/02/26 23:00:00,Quarterly,EMU convergence criterion bond yields,Sweden,1998-Q3,4.82000,,
ESTAT:IRT_LT_MCBY_Q(1.0),25/02/26 23:00:00,Quarterly,EMU convergence criterion bond yields,Sweden,1998-Q4,4.50000,,
ESTAT:IRT_LT_MCBY_Q(1.0),25/02/26 23:00:00,Quarterly,EMU convergence criterion bond yields,Sweden,1999-Q1,4.21000,,
ESTAT:IRT_LT_MCBY_Q(1.0),25/02/26 23:00:00,Quarterly,EMU convergence criterion bond yields,Sweden,1999-Q2,4.54000,,
ESTAT:IRT_LT_MCBY_Q(1.0),25/02/26 23:00:00,Quarterly,EMU convergence criterion bond yields,Sweden,1999-Q3,5.48000,,
ESTAT:IRT_LT_MCBY_Q(1.0),25/02/26 23:00:00,Quarterly,EMU convergence criterion bond yields,Sweden,1999-Q4,5.69000,,
ESTAT:IRT_LT_MCBY_Q(1.0),25/02/26 23:00:00,Quarterly,EMU convergence criterion bond yields,Sweden,2000-Q1,5.79000,,
ESTAT:IRT_LT_MCBY_Q(1.0),25/02/26 23:00:00,Quarterly,EMU convergence criterion bond yields,Sweden,2000-Q2,5.30000,,
ESTAT:IRT_LT_MCBY_Q(1.0),25/02/26 23:00:00,Quarterly,EMU convergence criterion bond yields,Sweden,2000-Q3,5.29000,,
ESTAT:IRT_LT_MCBY_Q(1.0),25/02/26 23:00:00,Quarterly,EMU convergence criterion bond yields,Sweden,2000-Q4,5.09000,,
ESTAT:IRT_LT_MCBY_Q(1.0),25/02/26 23:00:00,Quarterly,EMU convergence criterion bond yields,Sweden,2001-Q1,4.83000,,
ESTAT:IRT_LT_MCBY_Q(1.0),25/02/26 23:00:00,Quarterly,EMU convergence criterion bond yields,Sweden,2001-Q2,5.19000,,
ESTAT:IRT_LT_MCBY_Q(1.0),25/02/26 23:00:00,Quarterly,EMU convergence criterion bond yields,Sweden,2001-Q3,5.28000,,
ESTAT:IRT_LT_MCBY_Q(1.0),25/02/26 23:00:00,Quarterly,EMU convergence criterion bond yields,Sweden,2001-Q4,5.12000,,
ESTAT:IRT_LT_MCBY_Q(1.0),25/02/26 23:00:00,Quarterly,EMU convergence criterion bond yields,Sweden,2002-Q1,5.42000,,
ESTAT:IRT_LT_MCBY_Q(1.0),25/02/26 23:00:00,Quarterly,EMU convergence criterion bond yields,Sweden,2002-Q2,5.63000,,
ESTAT:IRT_LT_MCBY_Q(1.0),25/02/26 23:00:00,Quarterly,EMU convergence criterion bond yields,Sweden,2002-Q3,5.16000,,
ESTAT:IRT_LT_MCBY_Q(1.0),25/02/26 23:00:00,Quarterly,EMU convergence criterion bond yields,Sweden,2002-Q4,5.00000,,
ESTAT:IRT_LT_MCBY_Q(1.0),25/02/26 23:00:00,Quarterly,EMU convergence criterion bond yields,Sweden,2003-Q1,4.58000,,
ESTAT:IRT_LT_MCBY_Q(1.0),25/02/26 23:00:00,Quarterly,EMU convergence criterion bond yields,Sweden,2003-Q2,4.43000,,
ESTAT:IRT_LT_MCBY_Q(1.0),25/02/26 23:00:00,Quarterly,EMU convergence criterion bond yields,Sweden,2003-Q3,4.65000,,
ESTAT:IRT_LT_MCBY_Q(1.0),25/02/26 23:00:00,Quarterly,EMU convergence criterion bond yields,Sweden,2003-Q4,4.90000,,
ESTAT:IRT_LT_MCBY_Q(1.0),25/02/26 23:00:00,Quarterly,EMU convergence criterion bond yields,Sweden,2004-Q1,4.50000,,
ESTAT:IRT_LT_MCBY_Q(1.0),25/02/26 23:00:00,Quarterly,EMU convergence criterion bond yields,Sweden,2004-Q2,4.65000,,
ESTAT:IRT_LT_MCBY_Q(1.0),25/02/26 23:00:00,Quarterly,EMU convergence criterion bond yields,Sweden,2004-Q3,4.45000,,
ESTAT:IRT_LT_MCBY_Q(1.0),25/02/26 23:00:00,Quarterly,EMU convergence criterion bond yields,Sweden,2004-Q4,4.09000,,
ESTAT:IRT_LT_MCBY_Q(1.0),25/02/26 23:00:00,Quarterly,EMU convergence criterion bond yields,Sweden,2005-Q1,3.82000,,
ESTAT:IRT_LT_MCBY_Q(1.0),25/02/26 23:00:00,Quarterly,EMU convergence criterion bond yields,Sweden,2005-Q2,3.34000,,
ESTAT:IRT_LT_MCBY_Q(1.0),25/02/26 23:00:00,Quarterly,EMU convergence criterion bond yields,Sweden,2005-Q3,3.06000,,
ESTAT:IRT_LT_MCBY_Q(1.0),25/02/26 23:00:00,Quarterly,EMU convergence criterion bond yields,Sweden,2005-Q4,3.31000,,
ESTAT:IRT_LT_MCBY_Q(1.0),25/02/26 23:00:00,Quarterly,EMU convergence criterion bond yields,Sweden,2006-Q1,3.43000,,
ESTAT:IRT_LT_MCBY_Q(1.0),25/02/26 23:00:00,Quarterly,EMU convergence criterion bond yields,Sweden,2006-Q2,3.89000,,
ESTAT:IRT_LT_MCBY_Q(1.0),25/02/26 23:00:00,Quarterly,EMU convergence criterion bond yields,Sweden,2006-Q3,3.83000,,
ESTAT:IRT_LT_MCBY_Q(1.0),25/02/26 23:00:00,Quarterly,EMU convergence criterion bond yields,Sweden,2006-Q4,3.67000,,
ESTAT:IRT_LT_MCBY_Q(1.0),25/02/26 23:00:00,Quarterly,EMU convergence criterion bond yields,Sweden,2007-Q1,3.87000,,
ESTAT:IRT_LT_MCBY_Q(1.0),25/02/26 23:00:00,Quarterly,EMU convergence criterion bond yields,Sweden,2007-Q2,4.21000,,
ESTAT:IRT_LT_MCBY_Q(1.0),25/02/26 23:00:00,Quarterly,EMU convergence criterion bond yields,Sweden,2007-Q3,4.31000,,
ESTAT:IRT_LT_MCBY_Q(1.0),25/02/26 23:00:00,Quarterly,EMU convergence criterion bond yields,Sweden,2007-Q4,4.28000,,
ESTAT:IRT_LT_MCBY_Q(1.0),25/02/26 23:00:00,Quarterly,EMU convergence criterion bond yields,Sweden,2008-Q1,4.01000,,
ESTAT:IRT_LT_MCBY_Q(1.0),25/02/26 23:00:00,Quarterly,EMU convergence criterion bond yields,Sweden,2008-Q2,4.22000,,
ESTAT:IRT_LT_MCBY_Q(1.0),25/02/26 23:00:00,Quarterly,EMU convergence criterion bond yields,Sweden,2008-Q3,4.13000,,
ESTAT:IRT_LT_MCBY_Q(1.0),25/02/26 23:00:00,Quarterly,EMU convergence criterion bond yields,Sweden,2008-Q4,3.19000,,
ESTAT:IRT_LT_MCBY_Q(1.0),25/02/26 23:00:00,Quarterly,EMU convergence criterion bond yields,Sweden,2009-Q1,2.89000,,
ESTAT:IRT_LT_MCBY_Q(1.0),25/02/26 23:00:00,Quarterly,EMU convergence criterion bond yields,Sweden,2009-Q2,3.46000,,
ESTAT:IRT_LT_MCBY_Q(1.0),25/02/26 23:00:00,Quarterly,EMU convergence criterion bond yields,Sweden,2009-Q3,3.40000,,
ESTAT:IRT_LT_MCBY_Q(1.0),25/02/26 23:00:00,Quarterly,EMU convergence criterion bond yields,Sweden,2009-Q4,3.25000,,
ESTAT:IRT_LT_MCBY_Q(1.0),25/02/26 23:00:00,Quarterly,EMU convergence criterion bond yields,Sweden,2010-Q1,3.28000,,
ESTAT:IRT_LT_MCBY_Q(1.0),25/02/26 23:00:00,Quarterly,EMU convergence criterion bond yields,Sweden,2010-Q2,2.83000,,
ESTAT:IRT_LT_MCBY_Q(1.0),25/02/26 23:00:00,Quarterly,EMU convergence criterion bond yields,Sweden,2010-Q3,2.56000,,
ESTAT:IRT_LT_MCBY_Q(1.0),25/02/26 23:00:00,Quarterly,EMU convergence criterion bond yields,Sweden,2010-Q4,2.90000,,
ESTAT:IRT_LT_MCBY_Q(1.0),25/02/26 23:00:00,Quarterly,EMU convergence criterion bond yields,Sweden,2011-Q1,3.35000,,
ESTAT:IRT_LT_MCBY_Q(1.0),25/02/26 23:00:00,Quarterly,EMU convergence criterion bond yields,Sweden,2011-Q2,3.07000,,
ESTAT:IRT_LT_MCBY_Q(1.0),25/02/26 23:00:00,Quarterly,EMU convergence criterion bond yields,Sweden,2011-Q3,2.25000,,
ESTAT:IRT_LT_MCBY_Q(1.0),25/02/26 23:00:00,Quarterly,EMU convergence criterion bond yields,Sweden,2011-Q4,1.76000,,
ESTAT:IRT_LT_MCBY_Q(1.0),25/02/26 23:00:00,Quarterly,EMU convergence criterion bond yields,Sweden,2012-Q1,1.85000,,
ESTAT:IRT_LT_MCBY_Q(1.0),25/02/26 23:00:00,Quarterly,EMU convergence criterion bond yields,Sweden,2012-Q2,1.59000,,
ESTAT:IRT_LT_MCBY_Q(1.0),25/02/26 23:00:00,Quarterly,EMU convergence criterion bond yields,Sweden,2012-Q3,1.43000,,
ESTAT:IRT_LT_MCBY_Q(1.0),25/02/26 23:00:00,Quarterly,EMU convergence criterion bond yields,Sweden,2012-Q4,1.50000,,
ESTAT:IRT_LT_MCBY_Q(1.0),25/02/26 23:00:00,Quarterly,EMU convergence criterion bond yields,Sweden,2013-Q1,1.91000,,
ESTAT:IRT_LT_MCBY_Q(1.0),25/02/26 23:00:00,Quarterly,EMU convergence criterion bond yields,Sweden,2013-Q2,1.83000,,
ESTAT:IRT_LT_MCBY_Q(1.0),25/02/26 23:00:00,Quarterly,EMU convergence criterion bond yields,Sweden,2013-Q3,2.37000,,
ESTAT:IRT_LT_MCBY_Q(1.0),25/02/26 23:00:00,Quarterly,EMU convergence criterion bond yields,Sweden,2013-Q4,2.38000,,
ESTAT:IRT_LT_MCBY_Q(1.0),25/02/26 23:00:00,Quarterly,EMU convergence criterion bond yields,Sweden,2014-Q1,2.25000,,
ESTAT:IRT_LT_MCBY_Q(1.0),25/02/26 23:00:00,Quarterly,EMU convergence criterion bond yields,Sweden,2014-Q2,1.91000,,
ESTAT:IRT_LT_MCBY_Q(1.0),25/02/26 23:00:00,Quarterly,EMU convergence criterion bond yields,Sweden,2014-Q3,1.55000,,
ESTAT:IRT_LT_MCBY_Q(1.0),25/02/26 23:00:00,Quarterly,EMU convergence criterion bond yields,Sweden,2014-Q4,1.15000,,
ESTAT:IRT_LT_MCBY_Q(1.0),25/02/26 23:00:00,Quarterly,EMU convergence criterion bond yields,Sweden,2015-Q1,0.66000,,
ESTAT:IRT_LT_MCBY_Q(1.0),25/02/26 23:00:00,Quarterly,EMU convergence criterion bond yields,Sweden,2015-Q2,0.69000,,
ESTAT:IRT_LT_MCBY_Q(1.0),25/02/26 23:00:00,Quarterly,EMU convergence criterion bond yields,Sweden,2015-Q3,0.73000,,
ESTAT:IRT_LT_MCBY_Q(1.0),25/02/26 23:00:00,Quarterly,EMU convergence criterion bond yields,Sweden,2015-Q4,0.80000,,
ESTAT:IRT_LT_MCBY_Q(1.0),25/02/26 23:00:00,Quarterly,EMU convergence criterion bond yields,Sweden,2016-Q1,0.87000,,
ESTAT:IRT_LT_MCBY_Q(1.0),25/02/26 23:00:00,Quarterly,EMU convergence criterion bond yields,Sweden,2016-Q2,0.70000,,
ESTAT:IRT_LT_MCBY_Q(1.0),25/02/26 23:00:00,Quarterly,EMU convergence criterion bond yields,Sweden,2016-Q3,0.16000,,
ESTAT:IRT_LT_MCBY_Q(1.0),25/02/26 23:00:00,Quarterly,EMU convergence criterion bond yields,Sweden,2016-Q4,0.43000,,
ESTAT:IRT_LT_MCBY_Q(1.0),25/02/26 23:00:00,Quarterly,EMU convergence criterion bond yields,Sweden,2017-Q1,0.67000,,
ESTAT:IRT_LT_MCBY_Q(1.0),25/02/26 23:00:00,Quarterly,EMU convergence criterion bond yields,Sweden,2017-Q2,0.53000,,
ESTAT:IRT_LT_MCBY_Q(1.0),25/02/26 23:00:00,Quarterly,EMU convergence criterion bond yields,Sweden,2017-Q3,0.64000,,
ESTAT:IRT_LT_MCBY_Q(1.0),25/02/26 23:00:00,Quarterly,EMU convergence criterion bond yields,Sweden,2017-Q4,0.77000,,
ESTAT:IRT_LT_MCBY_Q(1.0),25/02/26 23:00:00,Quarterly,EMU convergence criterion bond yields,Sweden,2018-Q1,0.84000,,
ESTAT:IRT_LT_MCBY_Q(1.0),25/02/26 23:00:00,Quarterly,EMU convergence criterion bond yields,Sweden,2018-Q2,0.64000,,
ESTAT:IRT_LT_MCBY_Q(1.0),25/02/26 23:00:00,Quarterly,EMU convergence criterion bond yields,Sweden,2018-Q3,0.54000,,
ESTAT:IRT_LT_MCBY_Q(1.0),25/02/26 23:00:00,Quarterly,EMU convergence criterion bond yields,Sweden,2018-Q4,0.58000,,
ESTAT:IRT_LT_MCBY_Q(1.0),25/02/26 23:00:00,Quarterly,EMU convergence criterion bond yields,Sweden,2019-Q1,0.36000,,
ESTAT:IRT_LT_MCBY_Q(1.0),25/02/26 23:00:00,Quarterly,EMU convergence criterion bond yields,Sweden,2019-Q2,0.07000,,
ESTAT:IRT_LT_MCBY_Q(1.0),25/02/26 23:00:00,Quarterly,EMU convergence criterion bond yields,Sweden,2019-Q3,-0.24000,,
ESTAT:IRT_LT_MCBY_Q(1.0),25/02/26 23:00:00,Quarterly,EMU convergence criterion bond yields,Sweden,2019-Q4,-0.03000,,
ESTAT:IRT_LT_MCBY_Q(1.0),25/02/26 23:00:00,Quarterly,EMU convergence criterion bond yields,Sweden,2020-Q1,-0.04000,,
ESTAT:IRT_LT_MCBY_Q(1.0),25/02/26 23:00:00,Quarterly,EMU convergence criterion bond yields,Sweden,2020-Q2,-0.04000,,
ESTAT:IRT_LT_MCBY_Q(1.0),25/02/26 23:00:00,Quarterly,EMU convergence criterion bond yields,Sweden,2020-Q3,-0.06000,,
ESTAT:IRT_LT_MCBY_Q(1.0),25/02/26 23:00:00,Quarterly,EMU convergence criterion bond yields,Sweden,2020-Q4,-0.01000,,
ESTAT:IRT_LT_MCBY_Q(1.0),25/02/26 23:00:00,Quarterly,EMU convergence criterion bond yields,Sweden,2021-Q1,0.24000,,
ESTAT:IRT_LT_MCBY_Q(1.0),25/02/26 23:00:00,Quarterly,EMU convergence criterion bond yields,Sweden,2021-Q2,0.38000,,
ESTAT:IRT_LT_MCBY_Q(1.0),25/02/26 23:00:00,Quarterly,EMU convergence criterion bond yields,Sweden,2021-Q3,0.19000,,
ESTAT:IRT_LT_MCBY_Q(1.0),25/02/26 23:00:00,Quarterly,EMU convergence criterion bond yields,Sweden,2021-Q4,0.26000,,
ESTAT:IRT_LT_MCBY_Q(1.0),25/02/26 23:00:00,Quarterly,EMU convergence criterion bond yields,Sweden,2022-Q1,0.60000,,
ESTAT:IRT_LT_MCBY_Q(1.0),25/02/26 23:00:00,Quarterly,EMU convergence criterion bond yields,Sweden,2022-Q2,1.70000,,
ESTAT:IRT_LT_MCBY_Q(1.0),25/02/26 23:00:00,Quarterly,EMU convergence criterion bond yields,Sweden,2022-Q3,1.74000,,
ESTAT:IRT_LT_MCBY_Q(1.0),25/02/26 23:00:00,Quarterly,EMU convergence criterion bond yields,Sweden,2022-Q4,2.10000,,
ESTAT:IRT_LT_MCBY_Q(1.0),25/02/26 23:00:00,Quarterly,EMU convergence criterion bond yields,Sweden,2023-Q1,2.27000,,
ESTAT:IRT_LT_MCBY_Q(1.0),25/02/26 23:00:00,Quarterly,EMU convergence criterion bond yields,Sweden,2023-Q2,2.38000,,
ESTAT:IRT_LT_MCBY_Q(1.0),25/02/26 23:00:00,Quarterly,EMU convergence criterion bond yields,Sweden,2023-Q3,2.71000,,
ESTAT:IRT_LT_MCBY_Q(1.0),25/02/26 23:00:00,Quarterly,EMU convergence criterion bond yields,Sweden,2023-Q4,2.66000,,
ESTAT:IRT_LT_MCBY_Q(1.0),25/02/26 23:00:00,Quarterly,EMU convergence criterion bond yields,Sweden,2024-Q1,2.35000,,
ESTAT:IRT_LT_MCBY_Q(1.0),25/02/26 23:00:00,Quarterly,EMU convergence criterion bond yields,Sweden,2024-Q2,2.38000,,
ESTAT:IRT_LT_MCBY_Q(1.0),25/02/26 23:00:00,Quarterly,EMU convergence criterion bond yields,Sweden,2024-Q3,1.99000,,
ESTAT:IRT_LT_MCBY_Q(1.0),25/02/26 23:00:00,Quarterly,EMU convergence criterion bond yields,Sweden,2024-Q4,2.07000,,
ESTAT:IRT_LT_MCBY_Q(1.0),25/02/26 23:00:00,Quarterly,EMU convergence criterion bond yields,Sweden,2025-Q1,2.39778,,
ESTAT:IRT_LT_MCBY_Q(1.0),25/02/26 23:00:00,Quarterly,EMU convergence criterion bond yields,Sweden,2025-Q2,2.37692,,
ESTAT:IRT_LT_MCBY_Q(1.0),25/02/26 23:00:00,Quarterly,EMU convergence criterion bond yields,Sweden,2025-Q3,2.45000,,
ESTAT:IRT_LT_MCBY_Q(1.0),25/02/26 23:00:00,Quarterly,EMU convergence criterion bond yields,Sweden,2025-Q4,2.61934,,
ESTAT:IRT_LT_MCBY_Q(1.0),25/02/26 23:00:00,Quarterly,EMU convergence criterion bond yields,Slovenia,2002-Q1,9.62000,,
ESTAT:IRT_LT_MCBY_Q(1.0),25/02/26 23:00:00,Quarterly,EMU convergence criterion bond yields,Slovenia,2002-Q2,9.31000,,
ESTAT:IRT_LT_MCBY_Q(1.0),25/02/26 23:00:00,Quarterly,EMU convergence criterion bond yields,Slovenia,2002-Q3,8.98000,,
ESTAT:IRT_LT_MCBY_Q(1.0),25/02/26 23:00:00,Quarterly,EMU convergence criterion bond yields,Slovenia,2002-Q4,7.55000,,
ESTAT:IRT_LT_MCBY_Q(1.0),25/02/26 23:00:00,Quarterly,EMU convergence criterion bond yields,Slovenia,2003-Q1,6.65000,,
ESTAT:IRT_LT_MCBY_Q(1.0),25/02/26 23:00:00,Quarterly,EMU convergence criterion bond yields,Slovenia,2003-Q2,6.65000,,
ESTAT:IRT_LT_MCBY_Q(1.0),25/02/26 23:00:00,Quarterly,EMU convergence criterion bond yields,Slovenia,2003-Q3,6.65000,,
ESTAT:IRT_LT_MCBY_Q(1.0),25/02/26 23:00:00,Quarterly,EMU convergence criterion bond yields,Slovenia,2003-Q4,5.66000,,
ESTAT:IRT_LT_MCBY_Q(1.0),25/02/26 23:00:00,Quarterly,EMU convergence criterion bond yields,Slovenia,2004-Q1,5.05000,,
ESTAT:IRT_LT_MCBY_Q(1.0),25/02/26 23:00:00,Quarterly,EMU convergence criterion bond yields,Slovenia,2004-Q2,4.76000,,
ESTAT:IRT_LT_MCBY_Q(1.0),25/02/26 23:00:00,Quarterly,EMU convergence criterion bond yields,Slovenia,2004-Q3,4.64000,,
ESTAT:IRT_LT_MCBY_Q(1.0),25/02/26 23:00:00,Quarterly,EMU convergence criterion bond yields,Slovenia,2004-Q4,4.28000,,
ESTAT:IRT_LT_MCBY_Q(1.0),25/02/26 23:00:00,Quarterly,EMU convergence criterion bond yields,Slovenia,2005-Q1,3.89000,,
ESTAT:IRT_LT_MCBY_Q(1.0),25/02/26 23:00:00,Quarterly,EMU convergence criterion bond yields,Slovenia,2005-Q2,3.92000,,
ESTAT:IRT_LT_MCBY_Q(1.0),25/02/26 23:00:00,Quarterly,EMU convergence criterion bond yields,Slovenia,2005-Q3,3.77000,,
ESTAT:IRT_LT_MCBY_Q(1.0),25/02/26 23:00:00,Quarterly,EMU convergence criterion bond yields,Slovenia,2005-Q4,3.64000,,
ESTAT:IRT_LT_MCBY_Q(1.0),25/02/26 23:00:00,Quarterly,EMU convergence criterion bond yields,Slovenia,2006-Q1,3.75000,,
ESTAT:IRT_LT_MCBY_Q(1.0),25/02/26 23:00:00,Quarterly,EMU convergence criterion bond yields,Slovenia,2006-Q2,3.77000,,
ESTAT:IRT_LT_MCBY_Q(1.0),25/02/26 23:00:00,Quarterly,EMU convergence criterion bond yields,Slovenia,2006-Q3,3.92000,,
ESTAT:IRT_LT_MCBY_Q(1.0),25/02/26 23:00:00,Quarterly,EMU convergence criterion bond yields,Slovenia,2006-Q4,3.97000,,
ESTAT:IRT_LT_MCBY_Q(1.0),25/02/26 23:00:00,Quarterly,EMU convergence criterion bond yields,Slovenia,2007-Q1,4.30000,,
ESTAT:IRT_LT_MCBY_Q(1.0),25/02/26 23:00:00,Quarterly,EMU convergence criterion bond yields,Slovenia,2007-Q2,4.56000,,
ESTAT:IRT_LT_MCBY_Q(1.0),25/02/26 23:00:00,Quarterly,EMU convergence criterion bond yields,Slovenia,2007-Q3,4.74000,,
ESTAT:IRT_LT_MCBY_Q(1.0),25/02/26 23:00:00,Quarterly,EMU convergence criterion bond yields,Slovenia,2007-Q4,4.51000,,
ESTAT:IRT_LT_MCBY_Q(1.0),25/02/26 23:00:00,Quarterly,EMU convergence criterion bond yields,Slovenia,2008-Q1,4.35000,,
ESTAT:IRT_LT_MCBY_Q(1.0),25/02/26 23:00:00,Quarterly,EMU convergence criterion bond yields,Slovenia,2008-Q2,4.68000,,
ESTAT:IRT_LT_MCBY_Q(1.0),25/02/26 23:00:00,Quarterly,EMU convergence criterion bond yields,Slovenia,2008-Q3,4.79000,,
ESTAT:IRT_LT_MCBY_Q(1.0),25/02/26 23:00:00,Quarterly,EMU convergence criterion bond yields,Slovenia,2008-Q4,4.61000,,
ESTAT:IRT_LT_MCBY_Q(1.0),25/02/26 23:00:00,Quarterly,EMU convergence criterion bond yields,Slovenia,2009-Q1,4.76000,,
ESTAT:IRT_LT_MCBY_Q(1.0),25/02/26 23:00:00,Quarterly,EMU convergence criterion bond yields,Slovenia,2009-Q2,4.74000,,
ESTAT:IRT_LT_MCBY_Q(1.0),25/02/26 23:00:00,Quarterly,EMU convergence criterion bond yields,Slovenia,2009-Q3,4.12000,,
ESTAT:IRT_LT_MCBY_Q(1.0),25/02/26 23:00:00,Quarterly,EMU convergence criterion bond yields,Slovenia,2009-Q4,3.88000,,
ESTAT:IRT_LT_MCBY_Q(1.0),25/02/26 23:00:00,Quarterly,EMU convergence criterion bond yields,Slovenia,2010-Q1,3.93000,,
ESTAT:IRT_LT_MCBY_Q(1.0),25/02/26 23:00:00,Quarterly,EMU convergence criterion bond yields,Slovenia,2010-Q2,3.86000,,
ESTAT:IRT_LT_MCBY_Q(1.0),25/02/26 23:00:00,Quarterly,EMU convergence criterion bond yields,Slovenia,2010-Q3,3.73000,,
ESTAT:IRT_LT_MCBY_Q(1.0),25/02/26 23:00:00,Quarterly,EMU convergence criterion bond yields,Slovenia,2010-Q4,3.81000,,
ESTAT:IRT_LT_MCBY_Q(1.0),25/02/26 23:00:00,Quarterly,EMU convergence criterion bond yields,Slovenia,2011-Q1,4.28000,,
ESTAT:IRT_LT_MCBY_Q(1.0),25/02/26 23:00:00,Quarterly,EMU convergence criterion bond yields,Slovenia,2011-Q2,4.51000,,
ESTAT:IRT_LT_MCBY_Q(1.0),25/02/26 23:00:00,Quarterly,EMU convergence criterion bond yields,Slovenia,2011-Q3,4.91000,,
ESTAT:IRT_LT_MCBY_Q(1.0),25/02/26 23:00:00,Quarterly,EMU convergence criterion bond yields,Slovenia,2011-Q4,6.17000,,
ESTAT:IRT_LT_MCBY_Q(1.0),25/02/26 23:00:00,Quarterly,EMU convergence criterion bond yields,Slovenia,2012-Q1,5.85000,,
ESTAT:IRT_LT_MCBY_Q(1.0),25/02/26 23:00:00,Quarterly,EMU convergence criterion bond yields,Slovenia,2012-Q2,5.39000,,
ESTAT:IRT_LT_MCBY_Q(1.0),25/02/26 23:00:00,Quarterly,EMU convergence criterion bond yields,Slovenia,2012-Q3,6.49000,,
ESTAT:IRT_LT_MCBY_Q(1.0),25/02/26 23:00:00,Quarterly,EMU convergence criterion bond yields,Slovenia,2012-Q4,5.50000,,
ESTAT:IRT_LT_MCBY_Q(1.0),25/02/26 23:00:00,Quarterly,EMU convergence criterion bond yields,Slovenia,2013-Q1,4.93000,,
ESTAT:IRT_LT_MCBY_Q(1.0),25/02/26 23:00:00,Quarterly,EMU convergence criterion bond yields,Slovenia,2013-Q2,5.89000,,
ESTAT:IRT_LT_MCBY_Q(1.0),25/02/26 23:00:00,Quarterly,EMU convergence criterion bond yields,Slovenia,2013-Q3,6.55000,,
ESTAT:IRT_LT_MCBY_Q(1.0),25/02/26 23:00:00,Quarterly,EMU convergence criterion bond yields,Slovenia,2013-Q4,5.88000,,
ESTAT:IRT_LT_MCBY_Q(1.0),25/02/26 23:00:00,Quarterly,EMU convergence criterion bond yields,Slovenia,2014-Q1,4.34000,,
ESTAT:IRT_LT_MCBY_Q(1.0),25/02/26 23:00:00,Quarterly,EMU convergence criterion bond yields,Slovenia,2014-Q2,3.35000,,
ESTAT:IRT_LT_MCBY_Q(1.0),25/02/26 23:00:00,Quarterly,EMU convergence criterion bond yields,Slovenia,2014-Q3,2.97000,,
ESTAT:IRT_LT_MCBY_Q(1.0),25/02/26 23:00:00,Quarterly,EMU convergence criterion bond yields,Slovenia,2014-Q4,2.43000,,
ESTAT:IRT_LT_MCBY_Q(1.0),25/02/26 23:00:00,Quarterly,EMU convergence criterion bond yields,Slovenia,2015-Q1,1.35000,,
ESTAT:IRT_LT_MCBY_Q(1.0),25/02/26 23:00:00,Quarterly,EMU convergence criterion bond yields,Slovenia,2015-Q2,1.59000,,
ESTAT:IRT_LT_MCBY_Q(1.0),25/02/26 23:00:00,Quarterly,EMU convergence criterion bond yields,Slovenia,2015-Q3,2.18000,,
ESTAT:IRT_LT_MCBY_Q(1.0),25/02/26 23:00:00,Quarterly,EMU convergence criterion bond yields,Slovenia,2015-Q4,1.69000,,
ESTAT:IRT_LT_MCBY_Q(1.0),25/02/26 23:00:00,Quarterly,EMU convergence criterion bond yields,Slovenia,2016-Q1,1.56000,,
ESTAT:IRT_LT_MCBY_Q(1.0),25/02/26 23:00:00,Quarterly,EMU convergence criterion bond yields,Slovenia,2016-Q2,1.38000,,
ESTAT:IRT_LT_MCBY_Q(1.0),25/02/26 23:00:00,Quarterly,EMU convergence criterion bond yields,Slovenia,2016-Q3,0.83000,,
ESTAT:IRT_LT_MCBY_Q(1.0),25/02/26 23:00:00,Quarterly,EMU convergence criterion bond yields,Slovenia,2016-Q4,0.82000,,
ESTAT:IRT_LT_MCBY_Q(1.0),25/02/26 23:00:00,Quarterly,EMU convergence criterion bond yields,Slovenia,2017-Q1,1.00000,,
ESTAT:IRT_LT_MCBY_Q(1.0),25/02/26 23:00:00,Quarterly,EMU convergence criterion bond yields,Slovenia,2017-Q2,0.95000,,
ESTAT:IRT_LT_MCBY_Q(1.0),25/02/26 23:00:00,Quarterly,EMU convergence criterion bond yields,Slovenia,2017-Q3,1.07000,,
ESTAT:IRT_LT_MCBY_Q(1.0),25/02/26 23:00:00,Quarterly,EMU convergence criterion bond yields,Slovenia,2017-Q4,0.82000,,
ESTAT:IRT_LT_MCBY_Q(1.0),25/02/26 23:00:00,Quarterly,EMU convergence criterion bond yields,Slovenia,2018-Q1,1.04000,,
ESTAT:IRT_LT_MCBY_Q(1.0),25/02/26 23:00:00,Quarterly,EMU convergence criterion bond yields,Slovenia,2018-Q2,0.95000,,
ESTAT:IRT_LT_MCBY_Q(1.0),25/02/26 23:00:00,Quarterly,EMU convergence criterion bond yields,Slovenia,2018-Q3,0.77000,,
ESTAT:IRT_LT_MCBY_Q(1.0),25/02/26 23:00:00,Quarterly,EMU convergence criterion bond yields,Slovenia,2018-Q4,0.96000,,
ESTAT:IRT_LT_MCBY_Q(1.0),25/02/26 23:00:00,Quarterly,EMU convergence criterion bond yields,Slovenia,2019-Q1,0.84000,,
ESTAT:IRT_LT_MCBY_Q(1.0),25/02/26 23:00:00,Quarterly,EMU convergence criterion bond yields,Slovenia,2019-Q2,0.36000,,
ESTAT:IRT_LT_MCBY_Q(1.0),25/02/26 23:00:00,Quarterly,EMU convergence criterion bond yields,Slovenia,2019-Q3,-0.08000,,
ESTAT:IRT_LT_MCBY_Q(1.0),25/02/26 23:00:00,Quarterly,EMU convergence criterion bond yields,Slovenia,2019-Q4,-0.03000,,
ESTAT:IRT_LT_MCBY_Q(1.0),25/02/26 23:00:00,Quarterly,EMU convergence criterion bond yields,Slovenia,2020-Q1,0.05000,,
ESTAT:IRT_LT_MCBY_Q(1.0),25/02/26 23:00:00,Quarterly,EMU convergence criterion bond yields,Slovenia,2020-Q2,0.48000,,
ESTAT:IRT_LT_MCBY_Q(1.0),25/02/26 23:00:00,Quarterly,EMU convergence criterion bond yields,Slovenia,2020-Q3,-0.03000,,
ESTAT:IRT_LT_MCBY_Q(1.0),25/02/26 23:00:00,Quarterly,EMU convergence criterion bond yields,Slovenia,2020-Q4,-0.18000,,
ESTAT:IRT_LT_MCBY_Q(1.0),25/02/26 23:00:00,Quarterly,EMU convergence criterion bond yields,Slovenia,2021-Q1,-0.04000,,
ESTAT:IRT_LT_MCBY_Q(1.0),25/02/26 23:00:00,Quarterly,EMU convergence criterion bond yields,Slovenia,2021-Q2,0.13000,,
ESTAT:IRT_LT_MCBY_Q(1.0),25/02/26 23:00:00,Quarterly,EMU convergence criterion bond yields,Slovenia,2021-Q3,0.03000,,
ESTAT:IRT_LT_MCBY_Q(1.0),25/02/26 23:00:00,Quarterly,EMU convergence criterion bond yields,Slovenia,2021-Q4,0.16000,,
ESTAT:IRT_LT_MCBY_Q(1.0),25/02/26 23:00:00,Quarterly,EMU convergence criterion bond yields,Slovenia,2022-Q1,0.71000,,
ESTAT:IRT_LT_MCBY_Q(1.0),25/02/26 23:00:00,Quarterly,EMU convergence criterion bond yields,Slovenia,2022-Q2,1.82000,,
ESTAT:IRT_LT_MCBY_Q(1.0),25/02/26 23:00:00,Quarterly,EMU convergence criterion bond yields,Slovenia,2022-Q3,1.84000,,
ESTAT:IRT_LT_MCBY_Q(1.0),25/02/26 23:00:00,Quarterly,EMU convergence criterion bond yields,Slovenia,2022-Q4,3.20000,,
ESTAT:IRT_LT_MCBY_Q(1.0),25/02/26 23:00:00,Quarterly,EMU convergence criterion bond yields,Slovenia,2023-Q1,3.39000,,
ESTAT:IRT_LT_MCBY_Q(1.0),25/02/26 23:00:00,Quarterly,EMU convergence criterion bond yields,Slovenia,2023-Q2,3.29000,,
ESTAT:IRT_LT_MCBY_Q(1.0),25/02/26 23:00:00,Quarterly,EMU convergence criterion bond yields,Slovenia,2023-Q3,3.45000,,
ESTAT:IRT_LT_MCBY_Q(1.0),25/02/26 23:00:00,Quarterly,EMU convergence criterion bond yields,Slovenia,2023-Q4,3.49000,,
ESTAT:IRT_LT_MCBY_Q(1.0),25/02/26 23:00:00,Quarterly,EMU convergence criterion bond yields,Slovenia,2024-Q1,3.16000,,
ESTAT:IRT_LT_MCBY_Q(1.0),25/02/26 23:00:00,Quarterly,EMU convergence criterion bond yields,Slovenia,2024-Q2,3.26000,,
ESTAT:IRT_LT_MCBY_Q(1.0),25/02/26 23:00:00,Quarterly,EMU convergence criterion bond yields,Slovenia,2024-Q3,3.05000,,
ESTAT:IRT_LT_MCBY_Q(1.0),25/02/26 23:00:00,Quarterly,EMU convergence criterion bond yields,Slovenia,2024-Q4,2.97000,,
ESTAT:IRT_LT_MCBY_Q(1.0),25/02/26 23:00:00,Quarterly,EMU convergence criterion bond yields,Slovenia,2025-Q1,3.10911,,
ESTAT:IRT_LT_MCBY_Q(1.0),25/02/26 23:00:00,Quarterly,EMU convergence criterion bond yields,Slovenia,2025-Q2,3.06000,,
ESTAT:IRT_LT_MCBY_Q(1.0),25/02/26 23:00:00,Quarterly,EMU convergence criterion bond yields,Slovenia,2025-Q3,3.13000,,
ESTAT:IRT_LT_MCBY_Q(1.0),25/02/26 23:00:00,Quarterly,EMU convergence criterion bond yields,Slovenia,2025-Q4,3.11000,,
ESTAT:IRT_LT_MCBY_Q(1.0),25/02/26 23:00:00,Quarterly,EMU convergence criterion bond yields,Slovakia,2001-Q1,8.17000,,
ESTAT:IRT_LT_MCBY_Q(1.0),25/02/26 23:00:00,Quarterly,EMU convergence criterion bond yields,Slovakia,2001-Q2,8.02000,,
ESTAT:IRT_LT_MCBY_Q(1.0),25/02/26 23:00:00,Quarterly,EMU convergence criterion bond yields,Slovakia,2001-Q3,8.05000,,
ESTAT:IRT_LT_MCBY_Q(1.0),25/02/26 23:00:00,Quarterly,EMU convergence criterion bond yields,Slovakia,2001-Q4,7.93000,,
ESTAT:IRT_LT_MCBY_Q(1.0),25/02/26 23:00:00,Quarterly,EMU convergence criterion bond yields,Slovakia,2002-Q1,7.36000,,
ESTAT:IRT_LT_MCBY_Q(1.0),25/02/26 23:00:00,Quarterly,EMU convergence criterion bond yields,Slovakia,2002-Q2,7.66000,,
ESTAT:IRT_LT_MCBY_Q(1.0),25/02/26 23:00:00,Quarterly,EMU convergence criterion bond yields,Slovakia,2002-Q3,7.16000,,
ESTAT:IRT_LT_MCBY_Q(1.0),25/02/26 23:00:00,Quarterly,EMU convergence criterion bond yields,Slovakia,2002-Q4,5.55000,,
ESTAT:IRT_LT_MCBY_Q(1.0),25/02/26 23:00:00,Quarterly,EMU convergence criterion bond yields,Slovakia,2003-Q1,4.97000,,
ESTAT:IRT_LT_MCBY_Q(1.0),25/02/26 23:00:00,Quarterly,EMU convergence criterion bond yields,Slovakia,2003-Q2,4.77000,,
ESTAT:IRT_LT_MCBY_Q(1.0),25/02/26 23:00:00,Quarterly,EMU convergence criterion bond yields,Slovakia,2003-Q3,4.91000,,
ESTAT:IRT_LT_MCBY_Q(1.0),25/02/26 23:00:00,Quarterly,EMU convergence criterion bond yields,Slovakia,2003-Q4,5.29000,,
ESTAT:IRT_LT_MCBY_Q(1.0),25/02/26 23:00:00,Quarterly,EMU convergence criterion bond yields,Slovakia,2004-Q1,5.12000,,
ESTAT:IRT_LT_MCBY_Q(1.0),25/02/26 23:00:00,Quarterly,EMU convergence criterion bond yields,Slovakia,2004-Q2,5.09000,,
ESTAT:IRT_LT_MCBY_Q(1.0),25/02/26 23:00:00,Quarterly,EMU convergence criterion bond yields,Slovakia,2004-Q3,5.03000,,
ESTAT:IRT_LT_MCBY_Q(1.0),25/02/26 23:00:00,Quarterly,EMU convergence criterion bond yields,Slovakia,2004-Q4,4.86000,,
ESTAT:IRT_LT_MCBY_Q(1.0),25/02/26 23:00:00,Quarterly,EMU convergence criterion bond yields,Slovakia,2005-Q1,3.81000,,
ESTAT:IRT_LT_MCBY_Q(1.0),25/02/26 23:00:00,Quarterly,EMU convergence criterion bond yields,Slovakia,2005-Q2,3.55000,,
ESTAT:IRT_LT_MCBY_Q(1.0),25/02/26 23:00:00,Quarterly,EMU convergence criterion bond yields,Slovakia,2005-Q3,3.20000,,
ESTAT:IRT_LT_MCBY_Q(1.0),25/02/26 23:00:00,Quarterly,EMU convergence criterion bond yields,Slovakia,2005-Q4,3.52000,,
ESTAT:IRT_LT_MCBY_Q(1.0),25/02/26 23:00:00,Quarterly,EMU convergence criterion bond yields,Slovakia,2006-Q1,3.78000,,
ESTAT:IRT_LT_MCBY_Q(1.0),25/02/26 23:00:00,Quarterly,EMU convergence criterion bond yields,Slovakia,2006-Q2,4.48000,,
ESTAT:IRT_LT_MCBY_Q(1.0),25/02/26 23:00:00,Quarterly,EMU convergence criterion bond yields,Slovakia,2006-Q3,5.11000,,
ESTAT:IRT_LT_MCBY_Q(1.0),25/02/26 23:00:00,Quarterly,EMU convergence criterion bond yields,Slovakia,2006-Q4,4.27000,,
ESTAT:IRT_LT_MCBY_Q(1.0),25/02/26 23:00:00,Quarterly,EMU convergence criterion bond yields,Slovakia,2007-Q1,4.26000,,
ESTAT:IRT_LT_MCBY_Q(1.0),25/02/26 23:00:00,Quarterly,EMU convergence criterion bond yields,Slovakia,2007-Q2,4.44000,,
ESTAT:IRT_LT_MCBY_Q(1.0),25/02/26 23:00:00,Quarterly,EMU convergence criterion bond yields,Slovakia,2007-Q3,4.65000,,
ESTAT:IRT_LT_MCBY_Q(1.0),25/02/26 23:00:00,Quarterly,EMU convergence criterion bond yields,Slovakia,2007-Q4,4.61000,,
ESTAT:IRT_LT_MCBY_Q(1.0),25/02/26 23:00:00,Quarterly,EMU convergence criterion bond yields,Slovakia,2008-Q1,4.39000,,
ESTAT:IRT_LT_MCBY_Q(1.0),25/02/26 23:00:00,Quarterly,EMU convergence criterion bond yields,Slovakia,2008-Q2,4.64000,,
ESTAT:IRT_LT_MCBY_Q(1.0),25/02/26 23:00:00,Quarterly,EMU convergence criterion bond yields,Slovakia,2008-Q3,5.00000,,
ESTAT:IRT_LT_MCBY_Q(1.0),25/02/26 23:00:00,Quarterly,EMU convergence criterion bond yields,Slovakia,2008-Q4,4.86000,,
ESTAT:IRT_LT_MCBY_Q(1.0),25/02/26 23:00:00,Quarterly,EMU convergence criterion bond yields,Slovakia,2009-Q1,4.72000,,
ESTAT:IRT_LT_MCBY_Q(1.0),25/02/26 23:00:00,Quarterly,EMU convergence criterion bond yields,Slovakia,2009-Q2,5.01000,,
ESTAT:IRT_LT_MCBY_Q(1.0),25/02/26 23:00:00,Quarterly,EMU convergence criterion bond yields,Slovakia,2009-Q3,4.87000,,
ESTAT:IRT_LT_MCBY_Q(1.0),25/02/26 23:00:00,Quarterly,EMU convergence criterion bond yields,Slovakia,2009-Q4,4.23000,,
ESTAT:IRT_LT_MCBY_Q(1.0),25/02/26 23:00:00,Quarterly,EMU convergence criterion bond yields,Slovakia,2010-Q1,4.06000,,
ESTAT:IRT_LT_MCBY_Q(1.0),25/02/26 23:00:00,Quarterly,EMU convergence criterion bond yields,Slovakia,2010-Q2,3.83000,,
ESTAT:IRT_LT_MCBY_Q(1.0),25/02/26 23:00:00,Quarterly,EMU convergence criterion bond yields,Slovakia,2010-Q3,3.75000,,
ESTAT:IRT_LT_MCBY_Q(1.0),25/02/26 23:00:00,Quarterly,EMU convergence criterion bond yields,Slovakia,2010-Q4,3.84000,,
ESTAT:IRT_LT_MCBY_Q(1.0),25/02/26 23:00:00,Quarterly,EMU convergence criterion bond yields,Slovakia,2011-Q1,4.24000,,
ESTAT:IRT_LT_MCBY_Q(1.0),25/02/26 23:00:00,Quarterly,EMU convergence criterion bond yields,Slovakia,2011-Q2,4.35000,,
ESTAT:IRT_LT_MCBY_Q(1.0),25/02/26 23:00:00,Quarterly,EMU convergence criterion bond yields,Slovakia,2011-Q3,4.45000,,
ESTAT:IRT_LT_MCBY_Q(1.0),25/02/26 23:00:00,Quarterly,EMU convergence criterion bond yields,Slovakia,2011-Q4,4.75000,,
ESTAT:IRT_LT_MCBY_Q(1.0),25/02/26 23:00:00,Quarterly,EMU convergence criterion bond yields,Slovakia,2012-Q1,5.04000,,
ESTAT:IRT_LT_MCBY_Q(1.0),25/02/26 23:00:00,Quarterly,EMU convergence criterion bond yields,Slovakia,2012-Q2,4.80000,,
ESTAT:IRT_LT_MCBY_Q(1.0),25/02/26 23:00:00,Quarterly,EMU convergence criterion bond yields,Slovakia,2012-Q3,4.28000,,
ESTAT:IRT_LT_MCBY_Q(1.0),25/02/26 23:00:00,Quarterly,EMU convergence criterion bond yields,Slovakia,2012-Q4,4.09000,,
ESTAT:IRT_LT_MCBY_Q(1.0),25/02/26 23:00:00,Quarterly,EMU convergence criterion bond yields,Slovakia,2013-Q1,3.94000,,
ESTAT:IRT_LT_MCBY_Q(1.0),25/02/26 23:00:00,Quarterly,EMU convergence criterion bond yields,Slovakia,2013-Q2,2.66000,,
ESTAT:IRT_LT_MCBY_Q(1.0),25/02/26 23:00:00,Quarterly,EMU convergence criterion bond yields,Slovakia,2013-Q3,3.15000,,
ESTAT:IRT_LT_MCBY_Q(1.0),25/02/26 23:00:00,Quarterly,EMU convergence criterion bond yields,Slovakia,2013-Q4,3.00000,,
ESTAT:IRT_LT_MCBY_Q(1.0),25/02/26 23:00:00,Quarterly,EMU convergence criterion bond yields,Slovakia,2014-Q1,2.50000,,
ESTAT:IRT_LT_MCBY_Q(1.0),25/02/26 23:00:00,Quarterly,EMU convergence criterion bond yields,Slovakia,2014-Q2,2.64000,,
ESTAT:IRT_LT_MCBY_Q(1.0),25/02/26 23:00:00,Quarterly,EMU convergence criterion bond yields,Slovakia,2014-Q3,1.82000,,
ESTAT:IRT_LT_MCBY_Q(1.0),25/02/26 23:00:00,Quarterly,EMU convergence criterion bond yields,Slovakia,2014-Q4,1.33000,,
ESTAT:IRT_LT_MCBY_Q(1.0),25/02/26 23:00:00,Quarterly,EMU convergence criterion bond yields,Slovakia,2015-Q1,0.76000,,
ESTAT:IRT_LT_MCBY_Q(1.0),25/02/26 23:00:00,Quarterly,EMU convergence criterion bond yields,Slovakia,2015-Q2,1.01000,,
ESTAT:IRT_LT_MCBY_Q(1.0),25/02/26 23:00:00,Quarterly,EMU convergence criterion bond yields,Slovakia,2015-Q3,1.04000,,
ESTAT:IRT_LT_MCBY_Q(1.0),25/02/26 23:00:00,Quarterly,EMU convergence criterion bond yields,Slovakia,2015-Q4,0.73000,,
ESTAT:IRT_LT_MCBY_Q(1.0),25/02/26 23:00:00,Quarterly,EMU convergence criterion bond yields,Slovakia,2016-Q1,0.57000,,
ESTAT:IRT_LT_MCBY_Q(1.0),25/02/26 23:00:00,Quarterly,EMU convergence criterion bond yields,Slovakia,2016-Q2,0.52000,,
ESTAT:IRT_LT_MCBY_Q(1.0),25/02/26 23:00:00,Quarterly,EMU convergence criterion bond yields,Slovakia,2016-Q3,0.37000,,
ESTAT:IRT_LT_MCBY_Q(1.0),25/02/26 23:00:00,Quarterly,EMU convergence criterion bond yields,Slovakia,2016-Q4,0.72000,,
ESTAT:IRT_LT_MCBY_Q(1.0),25/02/26 23:00:00,Quarterly,EMU convergence criterion bond yields,Slovakia,2017-Q1,1.07000,,
ESTAT:IRT_LT_MCBY_Q(1.0),25/02/26 23:00:00,Quarterly,EMU convergence criterion bond yields,Slovakia,2017-Q2,0.98000,,
ESTAT:IRT_LT_MCBY_Q(1.0),25/02/26 23:00:00,Quarterly,EMU convergence criterion bond yields,Slovakia,2017-Q3,0.86000,,
ESTAT:IRT_LT_MCBY_Q(1.0),25/02/26 23:00:00,Quarterly,EMU convergence criterion bond yields,Slovakia,2017-Q4,0.75000,,
ESTAT:IRT_LT_MCBY_Q(1.0),25/02/26 23:00:00,Quarterly,EMU convergence criterion bond yields,Slovakia,2018-Q1,0.75000,,
ESTAT:IRT_LT_MCBY_Q(1.0),25/02/26 23:00:00,Quarterly,EMU convergence criterion bond yields,Slovakia,2018-Q2,0.84000,,
ESTAT:IRT_LT_MCBY_Q(1.0),25/02/26 23:00:00,Quarterly,EMU convergence criterion bond yields,Slovakia,2018-Q3,0.95000,,
ESTAT:IRT_LT_MCBY_Q(1.0),25/02/26 23:00:00,Quarterly,EMU convergence criterion bond yields,Slovakia,2018-Q4,1.00000,,
ESTAT:IRT_LT_MCBY_Q(1.0),25/02/26 23:00:00,Quarterly,EMU convergence criterion bond yields,Slovakia,2019-Q1,0.78000,,
ESTAT:IRT_LT_MCBY_Q(1.0),25/02/26 23:00:00,Quarterly,EMU convergence criterion bond yields,Slovakia,2019-Q2,0.42000,,
ESTAT:IRT_LT_MCBY_Q(1.0),25/02/26 23:00:00,Quarterly,EMU convergence criterion bond yields,Slovakia,2019-Q3,-0.22000,,
ESTAT:IRT_LT_MCBY_Q(1.0),25/02/26 23:00:00,Quarterly,EMU convergence criterion bond yields,Slovakia,2019-Q4,0.01000,,
ESTAT:IRT_LT_MCBY_Q(1.0),25/02/26 23:00:00,Quarterly,EMU convergence criterion bond yields,Slovakia,2020-Q1,0.06000,,
ESTAT:IRT_LT_MCBY_Q(1.0),25/02/26 23:00:00,Quarterly,EMU convergence criterion bond yields,Slovakia,2020-Q2,0.43000,,
ESTAT:IRT_LT_MCBY_Q(1.0),25/02/26 23:00:00,Quarterly,EMU convergence criterion bond yields,Slovakia,2020-Q3,-0.22000,,
ESTAT:IRT_LT_MCBY_Q(1.0),25/02/26 23:00:00,Quarterly,EMU convergence criterion bond yields,Slovakia,2020-Q4,-0.42000,,
ESTAT:IRT_LT_MCBY_Q(1.0),25/02/26 23:00:00,Quarterly,EMU convergence criterion bond yields,Slovakia,2021-Q1,-0.22000,,
ESTAT:IRT_LT_MCBY_Q(1.0),25/02/26 23:00:00,Quarterly,EMU convergence criterion bond yields,Slovakia,2021-Q2,0.01000,,
ESTAT:IRT_LT_MCBY_Q(1.0),25/02/26 23:00:00,Quarterly,EMU convergence criterion bond yields,Slovakia,2021-Q3,-0.15000,,
ESTAT:IRT_LT_MCBY_Q(1.0),25/02/26 23:00:00,Quarterly,EMU convergence criterion bond yields,Slovakia,2021-Q4,0.04000,,
ESTAT:IRT_LT_MCBY_Q(1.0),25/02/26 23:00:00,Quarterly,EMU convergence criterion bond yields,Slovakia,2022-Q1,0.65000,,
ESTAT:IRT_LT_MCBY_Q(1.0),25/02/26 23:00:00,Quarterly,EMU convergence criterion bond yields,Slovakia,2022-Q2,1.93000,,
ESTAT:IRT_LT_MCBY_Q(1.0),25/02/26 23:00:00,Quarterly,EMU convergence criterion bond yields,Slovakia,2022-Q3,2.35000,,
ESTAT:IRT_LT_MCBY_Q(1.0),25/02/26 23:00:00,Quarterly,EMU convergence criterion bond yields,Slovakia,2022-Q4,3.37000,,
ESTAT:IRT_LT_MCBY_Q(1.0),25/02/26 23:00:00,Quarterly,EMU convergence criterion bond yields,Slovakia,2023-Q1,3.41000,,
ESTAT:IRT_LT_MCBY_Q(1.0),25/02/26 23:00:00,Quarterly,EMU convergence criterion bond yields,Slovakia,2023-Q2,3.62000,,
ESTAT:IRT_LT_MCBY_Q(1.0),25/02/26 23:00:00,Quarterly,EMU convergence criterion bond yields,Slovakia,2023-Q3,3.80000,,
ESTAT:IRT_LT_MCBY_Q(1.0),25/02/26 23:00:00,Quarterly,EMU convergence criterion bond yields,Slovakia,2023-Q4,3.77000,,
ESTAT:IRT_LT_MCBY_Q(1.0),25/02/26 23:00:00,Quarterly,EMU convergence criterion bond yields,Slovakia,2024-Q1,3.47000,,
ESTAT:IRT_LT_MCBY_Q(1.0),25/02/26 23:00:00,Quarterly,EMU convergence criterion bond yields,Slovakia,2024-Q2,3.69000,,
ESTAT:IRT_LT_MCBY_Q(1.0),25/02/26 23:00:00,Quarterly,EMU convergence criterion bond yields,Slovakia,2024-Q3,3.44000,,
ESTAT:IRT_LT_MCBY_Q(1.0),25/02/26 23:00:00,Quarterly,EMU convergence criterion bond yields,Slovakia,2024-Q4,3.29000,,
ESTAT:IRT_LT_MCBY_Q(1.0),25/02/26 23:00:00,Quarterly,EMU convergence criterion bond yields,Slovakia,2025-Q1,3.39534,,
ESTAT:IRT_LT_MCBY_Q(1.0),25/02/26 23:00:00,Quarterly,EMU convergence criterion bond yields,Slovakia,2025-Q2,3.47002,,
ESTAT:IRT_LT_MCBY_Q(1.0),25/02/26 23:00:00,Quarterly,EMU convergence criterion bond yields,Slovakia,2025-Q3,3.45000,,
ESTAT:IRT_LT_MCBY_Q(1.0),25/02/26 23:00:00,Quarterly,EMU convergence criterion bond yields,Slovakia,2025-Q4,3.38371,,
ESTAT:IRT_LT_MCBY_Q(1.0),25/02/26 23:00:00,Quarterly,EMU convergence criterion bond yields,United Kingdom,1984-Q1,10.76667,,
ESTAT:IRT_LT_MCBY_Q(1.0),25/02/26 23:00:00,Quarterly,EMU convergence criterion bond yields,United Kingdom,1984-Q2,11.27333,,
ESTAT:IRT_LT_MCBY_Q(1.0),25/02/26 23:00:00,Quarterly,EMU convergence criterion bond yields,United Kingdom,1984-Q3,11.57000,,
ESTAT:IRT_LT_MCBY_Q(1.0),25/02/26 23:00:00,Quarterly,EMU convergence criterion bond yields,United Kingdom,1984-Q4,10.90000,,
ESTAT:IRT_LT_MCBY_Q(1.0),25/02/26 23:00:00,Quarterly,EMU convergence criterion bond yields,United Kingdom,1985-Q1,11.39333,,
ESTAT:IRT_LT_MCBY_Q(1.0),25/02/26 23:00:00,Quarterly,EMU convergence criterion bond yields,United Kingdom,1985-Q2,11.11000,,
ESTAT:IRT_LT_MCBY_Q(1.0),25/02/26 23:00:00,Quarterly,EMU convergence criterion bond yields,United Kingdom,1985-Q3,10.71333,,
ESTAT:IRT_LT_MCBY_Q(1.0),25/02/26 23:00:00,Quarterly,EMU convergence criterion bond yields,United Kingdom,1985-Q4,10.66333,,
ESTAT:IRT_LT_MCBY_Q(1.0),25/02/26 23:00:00,Quarterly,EMU convergence criterion bond yields,United Kingdom,1986-Q1,10.51667,,
ESTAT:IRT_LT_MCBY_Q(1.0),25/02/26 23:00:00,Quarterly,EMU convergence criterion bond yields,United Kingdom,1986-Q2,9.18000,,
ESTAT:IRT_LT_MCBY_Q(1.0),25/02/26 23:00:00,Quarterly,EMU convergence criterion bond yields,United Kingdom,1986-Q3,9.85000,,
ESTAT:IRT_LT_MCBY_Q(1.0),25/02/26 23:00:00,Quarterly,EMU convergence criterion bond yields,United Kingdom,1986-Q4,10.99333,,
ESTAT:IRT_LT_MCBY_Q(1.0),25/02/26 23:00:00,Quarterly,EMU convergence criterion bond yields,United Kingdom,1987-Q1,9.78333,,
ESTAT:IRT_LT_MCBY_Q(1.0),25/02/26 23:00:00,Quarterly,EMU convergence criterion bond yields,United Kingdom,1987-Q2,8.95667,,
ESTAT:IRT_LT_MCBY_Q(1.0),25/02/26 23:00:00,Quarterly,EMU convergence criterion bond yields,United Kingdom,1987-Q3,9.87667,,
ESTAT:IRT_LT_MCBY_Q(1.0),25/02/26 23:00:00,Quarterly,EMU convergence criterion bond yields,United Kingdom,1987-Q4,9.66667,,
ESTAT:IRT_LT_MCBY_Q(1.0),25/02/26 23:00:00,Quarterly,EMU convergence criterion bond yields,United Kingdom,1988-Q1,9.48333,,
ESTAT:IRT_LT_MCBY_Q(1.0),25/02/26 23:00:00,Quarterly,EMU convergence criterion bond yields,United Kingdom,1988-Q2,9.37333,,
ESTAT:IRT_LT_MCBY_Q(1.0),25/02/26 23:00:00,Quarterly,EMU convergence criterion bond yields,United Kingdom,1988-Q3,9.95000,,
ESTAT:IRT_LT_MCBY_Q(1.0),25/02/26 23:00:00,Quarterly,EMU convergence criterion bond yields,United Kingdom,1988-Q4,9.89667,,
ESTAT:IRT_LT_MCBY_Q(1.0),25/02/26 23:00:00,Quarterly,EMU convergence criterion bond yields,United Kingdom,1989-Q1,9.85333,,
ESTAT:IRT_LT_MCBY_Q(1.0),25/02/26 23:00:00,Quarterly,EMU convergence criterion bond yields,United Kingdom,1989-Q2,10.30000,,
ESTAT:IRT_LT_MCBY_Q(1.0),25/02/26 23:00:00,Quarterly,EMU convergence criterion bond yields,United Kingdom,1989-Q3,10.09000,,
ESTAT:IRT_LT_MCBY_Q(1.0),25/02/26 23:00:00,Quarterly,EMU convergence criterion bond yields,United Kingdom,1989-Q4,10.52000,,
ESTAT:IRT_LT_MCBY_Q(1.0),25/02/26 23:00:00,Quarterly,EMU convergence criterion bond yields,United Kingdom,1990-Q1,11.54667,,
ESTAT:IRT_LT_MCBY_Q(1.0),25/02/26 23:00:00,Quarterly,EMU convergence criterion bond yields,United Kingdom,1990-Q2,12.31667,,
ESTAT:IRT_LT_MCBY_Q(1.0),25/02/26 23:00:00,Quarterly,EMU convergence criterion bond yields,United Kingdom,1990-Q3,12.03000,,
ESTAT:IRT_LT_MCBY_Q(1.0),25/02/26 23:00:00,Quarterly,EMU convergence criterion bond yields,United Kingdom,1990-Q4,11.31667,,
ESTAT:IRT_LT_MCBY_Q(1.0),25/02/26 23:00:00,Quarterly,EMU convergence criterion bond yields,United Kingdom,1991-Q1,10.33667,,
ESTAT:IRT_LT_MCBY_Q(1.0),25/02/26 23:00:00,Quarterly,EMU convergence criterion bond yields,United Kingdom,1991-Q2,10.38333,,
ESTAT:IRT_LT_MCBY_Q(1.0),25/02/26 23:00:00,Quarterly,EMU convergence criterion bond yields,United Kingdom,1991-Q3,9.98333,,
ESTAT:IRT_LT_MCBY_Q(1.0),25/02/26 23:00:00,Quarterly,EMU convergence criterion bond yields,United Kingdom,1991-Q4,9.71667,,
ESTAT:IRT_LT_MCBY_Q(1.0),25/02/26 23:00:00,Quarterly,EMU convergence criterion bond yields,United Kingdom,1992-Q1,9.48000,,
ESTAT:IRT_LT_MCBY_Q(1.0),25/02/26 23:00:00,Quarterly,EMU convergence criterion bond yields,United Kingdom,1992-Q2,9.19000,,
ESTAT:IRT_LT_MCBY_Q(1.0),25/02/26 23:00:00,Quarterly,EMU convergence criterion bond yields,United Kingdom,1992-Q3,9.19667,,
ESTAT:IRT_LT_MCBY_Q(1.0),25/02/26 23:00:00,Quarterly,EMU convergence criterion bond yields,United Kingdom,1992-Q4,8.38667,,
ESTAT:IRT_LT_MCBY_Q(1.0),25/02/26 23:00:00,Quarterly,EMU convergence criterion bond yields,United Kingdom,1993-Q1,8.15000,,
ESTAT:IRT_LT_MCBY_Q(1.0),25/02/26 23:00:00,Quarterly,EMU convergence criterion bond yields,United Kingdom,1993-Q2,8.07000,,
ESTAT:IRT_LT_MCBY_Q(1.0),25/02/26 23:00:00,Quarterly,EMU convergence criterion bond yields,United Kingdom,1993-Q3,7.24000,,
ESTAT:IRT_LT_MCBY_Q(1.0),25/02/26 23:00:00,Quarterly,EMU convergence criterion bond yields,United Kingdom,1993-Q4,6.73000,,
ESTAT:IRT_LT_MCBY_Q(1.0),25/02/26 23:00:00,Quarterly,EMU convergence criterion bond yields,United Kingdom,1994-Q1,6.82000,,
ESTAT:IRT_LT_MCBY_Q(1.0),25/02/26 23:00:00,Quarterly,EMU convergence criterion bond yields,United Kingdom,1994-Q2,8.27000,,
ESTAT:IRT_LT_MCBY_Q(1.0),25/02/26 23:00:00,Quarterly,EMU convergence criterion bond yields,United Kingdom,1994-Q3,8.74000,,
ESTAT:IRT_LT_MCBY_Q(1.0),25/02/26 23:00:00,Quarterly,EMU convergence criterion bond yields,United Kingdom,1994-Q4,8.78000,,
ESTAT:IRT_LT_MCBY_Q(1.0),25/02/26 23:00:00,Quarterly,EMU convergence criterion bond yields,United Kingdom,1995-Q1,8.77000,,
ESTAT:IRT_LT_MCBY_Q(1.0),25/02/26 23:00:00,Quarterly,EMU convergence criterion bond yields,United Kingdom,1995-Q2,8.36000,,
ESTAT:IRT_LT_MCBY_Q(1.0),25/02/26 23:00:00,Quarterly,EMU convergence criterion bond yields,United Kingdom,1995-Q3,8.24000,,
ESTAT:IRT_LT_MCBY_Q(1.0),25/02/26 23:00:00,Quarterly,EMU convergence criterion bond yields,United Kingdom,1995-Q4,7.93000,,
ESTAT:IRT_LT_MCBY_Q(1.0),25/02/26 23:00:00,Quarterly,EMU convergence criterion bond yields,United Kingdom,1996-Q1,7.88000,,
ESTAT:IRT_LT_MCBY_Q(1.0),25/02/26 23:00:00,Quarterly,EMU convergence criterion bond yields,United Kingdom,1996-Q2,8.21000,,
ESTAT:IRT_LT_MCBY_Q(1.0),25/02/26 23:00:00,Quarterly,EMU convergence criterion bond yields,United Kingdom,1996-Q3,7.99000,,
ESTAT:IRT_LT_MCBY_Q(1.0),25/02/26 23:00:00,Quarterly,EMU convergence criterion bond yields,United Kingdom,1996-Q4,7.67000,,
ESTAT:IRT_LT_MCBY_Q(1.0),25/02/26 23:00:00,Quarterly,EMU convergence criterion bond yields,United Kingdom,1997-Q1,7.50000,,
ESTAT:IRT_LT_MCBY_Q(1.0),25/02/26 23:00:00,Quarterly,EMU convergence criterion bond yields,United Kingdom,1997-Q2,7.41000,,
ESTAT:IRT_LT_MCBY_Q(1.0),25/02/26 23:00:00,Quarterly,EMU convergence criterion bond yields,United Kingdom,1997-Q3,7.06000,,
ESTAT:IRT_LT_MCBY_Q(1.0),25/02/26 23:00:00,Quarterly,EMU convergence criterion bond yields,United Kingdom,1997-Q4,6.57000,,
ESTAT:IRT_LT_MCBY_Q(1.0),25/02/26 23:00:00,Quarterly,EMU convergence criterion bond yields,United Kingdom,1998-Q1,6.10000,,
ESTAT:IRT_LT_MCBY_Q(1.0),25/02/26 23:00:00,Quarterly,EMU convergence criterion bond yields,United Kingdom,1998-Q2,5.89000,,
ESTAT:IRT_LT_MCBY_Q(1.0),25/02/26 23:00:00,Quarterly,EMU convergence criterion bond yields,United Kingdom,1998-Q3,5.57000,,
ESTAT:IRT_LT_MCBY_Q(1.0),25/02/26 23:00:00,Quarterly,EMU convergence criterion bond yields,United Kingdom,1998-Q4,4.82000,,
ESTAT:IRT_LT_MCBY_Q(1.0),25/02/26 23:00:00,Quarterly,EMU convergence criterion bond yields,United Kingdom,1999-Q1,4.39000,,
ESTAT:IRT_LT_MCBY_Q(1.0),25/02/26 23:00:00,Quarterly,EMU convergence criterion bond yields,United Kingdom,1999-Q2,4.82000,,
ESTAT:IRT_LT_MCBY_Q(1.0),25/02/26 23:00:00,Quarterly,EMU convergence criterion bond yields,United Kingdom,1999-Q3,5.39000,,
ESTAT:IRT_LT_MCBY_Q(1.0),25/02/26 23:00:00,Quarterly,EMU convergence criterion bond yields,United Kingdom,1999-Q4,5.46000,,
ESTAT:IRT_LT_MCBY_Q(1.0),25/02/26 23:00:00,Quarterly,EMU convergence criterion bond yields,United Kingdom,2000-Q1,5.60000,,
ESTAT:IRT_LT_MCBY_Q(1.0),25/02/26 23:00:00,Quarterly,EMU convergence criterion bond yields,United Kingdom,2000-Q2,5.31000,,
ESTAT:IRT_LT_MCBY_Q(1.0),25/02/26 23:00:00,Quarterly,EMU convergence criterion bond yields,United Kingdom,2000-Q3,5.31000,,
ESTAT:IRT_LT_MCBY_Q(1.0),25/02/26 23:00:00,Quarterly,EMU convergence criterion bond yields,United Kingdom,2000-Q4,5.09000,,
ESTAT:IRT_LT_MCBY_Q(1.0),25/02/26 23:00:00,Quarterly,EMU convergence criterion bond yields,United Kingdom,2001-Q1,4.90000,,
ESTAT:IRT_LT_MCBY_Q(1.0),25/02/26 23:00:00,Quarterly,EMU convergence criterion bond yields,United Kingdom,2001-Q2,5.18000,,
ESTAT:IRT_LT_MCBY_Q(1.0),25/02/26 23:00:00,Quarterly,EMU convergence criterion bond yields,United Kingdom,2001-Q3,5.13000,,
ESTAT:IRT_LT_MCBY_Q(1.0),25/02/26 23:00:00,Quarterly,EMU convergence criterion bond yields,United Kingdom,2001-Q4,4.82000,,
ESTAT:IRT_LT_MCBY_Q(1.0),25/02/26 23:00:00,Quarterly,EMU convergence criterion bond yields,United Kingdom,2002-Q1,5.13000,,
ESTAT:IRT_LT_MCBY_Q(1.0),25/02/26 23:00:00,Quarterly,EMU convergence criterion bond yields,United Kingdom,2002-Q2,5.29000,,
ESTAT:IRT_LT_MCBY_Q(1.0),25/02/26 23:00:00,Quarterly,EMU convergence criterion bond yields,United Kingdom,2002-Q3,4.71000,,
ESTAT:IRT_LT_MCBY_Q(1.0),25/02/26 23:00:00,Quarterly,EMU convergence criterion bond yields,United Kingdom,2002-Q4,4.52000,,
ESTAT:IRT_LT_MCBY_Q(1.0),25/02/26 23:00:00,Quarterly,EMU convergence criterion bond yields,United Kingdom,2003-Q1,4.34000,,
ESTAT:IRT_LT_MCBY_Q(1.0),25/02/26 23:00:00,Quarterly,EMU convergence criterion bond yields,United Kingdom,2003-Q2,4.35000,,
ESTAT:IRT_LT_MCBY_Q(1.0),25/02/26 23:00:00,Quarterly,EMU convergence criterion bond yields,United Kingdom,2003-Q3,4.62000,,
ESTAT:IRT_LT_MCBY_Q(1.0),25/02/26 23:00:00,Quarterly,EMU convergence criterion bond yields,United Kingdom,2003-Q4,5.00000,,
ESTAT:IRT_LT_MCBY_Q(1.0),25/02/26 23:00:00,Quarterly,EMU convergence criterion bond yields,United Kingdom,2004-Q1,4.83000,,
ESTAT:IRT_LT_MCBY_Q(1.0),25/02/26 23:00:00,Quarterly,EMU convergence criterion bond yields,United Kingdom,2004-Q2,5.13000,,
ESTAT:IRT_LT_MCBY_Q(1.0),25/02/26 23:00:00,Quarterly,EMU convergence criterion bond yields,United Kingdom,2004-Q3,5.04000,,
ESTAT:IRT_LT_MCBY_Q(1.0),25/02/26 23:00:00,Quarterly,EMU convergence criterion bond yields,United Kingdom,2004-Q4,4.71000,,
ESTAT:IRT_LT_MCBY_Q(1.0),25/02/26 23:00:00,Quarterly,EMU convergence criterion bond yields,United Kingdom,2005-Q1,4.71000,,
ESTAT:IRT_LT_MCBY_Q(1.0),25/02/26 23:00:00,Quarterly,EMU convergence criterion bond yields,United Kingdom,2005-Q2,4.48000,,
ESTAT:IRT_LT_MCBY_Q(1.0),25/02/26 23:00:00,Quarterly,EMU convergence criterion bond yields,United Kingdom,2005-Q3,4.30000,,
ESTAT:IRT_LT_MCBY_Q(1.0),25/02/26 23:00:00,Quarterly,EMU convergence criterion bond yields,United Kingdom,2005-Q4,4.35000,,
ESTAT:IRT_LT_MCBY_Q(1.0),25/02/26 23:00:00,Quarterly,EMU convergence criterion bond yields,United Kingdom,2006-Q1,4.07000,,
ESTAT:IRT_LT_MCBY_Q(1.0),25/02/26 23:00:00,Quarterly,EMU convergence criterion bond yields,United Kingdom,2006-Q2,4.46000,,
ESTAT:IRT_LT_MCBY_Q(1.0),25/02/26 23:00:00,Quarterly,EMU convergence criterion bond yields,United Kingdom,2006-Q3,4.47000,,
ESTAT:IRT_LT_MCBY_Q(1.0),25/02/26 23:00:00,Quarterly,EMU convergence criterion bond yields,United Kingdom,2006-Q4,4.50000,,
ESTAT:IRT_LT_MCBY_Q(1.0),25/02/26 23:00:00,Quarterly,EMU convergence criterion bond yields,United Kingdom,2007-Q1,4.93000,,
ESTAT:IRT_LT_MCBY_Q(1.0),25/02/26 23:00:00,Quarterly,EMU convergence criterion bond yields,United Kingdom,2007-Q2,5.27000,,
ESTAT:IRT_LT_MCBY_Q(1.0),25/02/26 23:00:00,Quarterly,EMU convergence criterion bond yields,United Kingdom,2007-Q3,5.23000,,
ESTAT:IRT_LT_MCBY_Q(1.0),25/02/26 23:00:00,Quarterly,EMU convergence criterion bond yields,United Kingdom,2007-Q4,4.81000,,
ESTAT:IRT_LT_MCBY_Q(1.0),25/02/26 23:00:00,Quarterly,EMU convergence criterion bond yields,United Kingdom,2008-Q1,4.38000,,
ESTAT:IRT_LT_MCBY_Q(1.0),25/02/26 23:00:00,Quarterly,EMU convergence criterion bond yields,United Kingdom,2008-Q2,4.88000,,
ESTAT:IRT_LT_MCBY_Q(1.0),25/02/26 23:00:00,Quarterly,EMU convergence criterion bond yields,United Kingdom,2008-Q3,4.75000,,
ESTAT:IRT_LT_MCBY_Q(1.0),25/02/26 23:00:00,Quarterly,EMU convergence criterion bond yields,United Kingdom,2008-Q4,4.00000,,
ESTAT:IRT_LT_MCBY_Q(1.0),25/02/26 23:00:00,Quarterly,EMU convergence criterion bond yields,United Kingdom,2009-Q1,3.13000,,
ESTAT:IRT_LT_MCBY_Q(1.0),25/02/26 23:00:00,Quarterly,EMU convergence criterion bond yields,United Kingdom,2009-Q2,3.36000,,
ESTAT:IRT_LT_MCBY_Q(1.0),25/02/26 23:00:00,Quarterly,EMU convergence criterion bond yields,United Kingdom,2009-Q3,3.47000,,
ESTAT:IRT_LT_MCBY_Q(1.0),25/02/26 23:00:00,Quarterly,EMU convergence criterion bond yields,United Kingdom,2009-Q4,3.47000,,
ESTAT:IRT_LT_MCBY_Q(1.0),25/02/26 23:00:00,Quarterly,EMU convergence criterion bond yields,United Kingdom,2010-Q1,4.00000,,
ESTAT:IRT_LT_MCBY_Q(1.0),25/02/26 23:00:00,Quarterly,EMU convergence criterion bond yields,United Kingdom,2010-Q2,3.57000,,
ESTAT:IRT_LT_MCBY_Q(1.0),25/02/26 23:00:00,Quarterly,EMU convergence criterion bond yields,United Kingdom,2010-Q3,2.83000,,
ESTAT:IRT_LT_MCBY_Q(1.0),25/02/26 23:00:00,Quarterly,EMU convergence criterion bond yields,United Kingdom,2010-Q4,3.06000,,
ESTAT:IRT_LT_MCBY_Q(1.0),25/02/26 23:00:00,Quarterly,EMU convergence criterion bond yields,United Kingdom,2011-Q1,3.64000,,
ESTAT:IRT_LT_MCBY_Q(1.0),25/02/26 23:00:00,Quarterly,EMU convergence criterion bond yields,United Kingdom,2011-Q2,3.31000,,
ESTAT:IRT_LT_MCBY_Q(1.0),25/02/26 23:00:00,Quarterly,EMU convergence criterion bond yields,United Kingdom,2011-Q3,2.52000,,
ESTAT:IRT_LT_MCBY_Q(1.0),25/02/26 23:00:00,Quarterly,EMU convergence criterion bond yields,United Kingdom,2011-Q4,2.00000,,
ESTAT:IRT_LT_MCBY_Q(1.0),25/02/26 23:00:00,Quarterly,EMU convergence criterion bond yields,United Kingdom,2012-Q1,2.11000,,
ESTAT:IRT_LT_MCBY_Q(1.0),25/02/26 23:00:00,Quarterly,EMU convergence criterion bond yields,United Kingdom,2012-Q2,1.80000,,
ESTAT:IRT_LT_MCBY_Q(1.0),25/02/26 23:00:00,Quarterly,EMU convergence criterion bond yields,United Kingdom,2012-Q3,1.50000,,
ESTAT:IRT_LT_MCBY_Q(1.0),25/02/26 23:00:00,Quarterly,EMU convergence criterion bond yields,United Kingdom,2012-Q4,1.56000,,
ESTAT:IRT_LT_MCBY_Q(1.0),25/02/26 23:00:00,Quarterly,EMU convergence criterion bond yields,United Kingdom,2013-Q1,1.80000,,
ESTAT:IRT_LT_MCBY_Q(1.0),25/02/26 23:00:00,Quarterly,EMU convergence criterion bond yields,United Kingdom,2013-Q2,1.68000,,
ESTAT:IRT_LT_MCBY_Q(1.0),25/02/26 23:00:00,Quarterly,EMU convergence criterion bond yields,United Kingdom,2013-Q3,2.28000,,
ESTAT:IRT_LT_MCBY_Q(1.0),25/02/26 23:00:00,Quarterly,EMU convergence criterion bond yields,United Kingdom,2013-Q4,2.36000,,
ESTAT:IRT_LT_MCBY_Q(1.0),25/02/26 23:00:00,Quarterly,EMU convergence criterion bond yields,United Kingdom,2014-Q1,2.40000,,
ESTAT:IRT_LT_MCBY_Q(1.0),25/02/26 23:00:00,Quarterly,EMU convergence criterion bond yields,United Kingdom,2014-Q2,2.30000,,
ESTAT:IRT_LT_MCBY_Q(1.0),25/02/26 23:00:00,Quarterly,EMU convergence criterion bond yields,United Kingdom,2014-Q3,2.17000,,
ESTAT:IRT_LT_MCBY_Q(1.0),25/02/26 23:00:00,Quarterly,EMU convergence criterion bond yields,United Kingdom,2014-Q4,1.68000,,
ESTAT:IRT_LT_MCBY_Q(1.0),25/02/26 23:00:00,Quarterly,EMU convergence criterion bond yields,United Kingdom,2015-Q1,1.50000,,
ESTAT:IRT_LT_MCBY_Q(1.0),25/02/26 23:00:00,Quarterly,EMU convergence criterion bond yields,United Kingdom,2015-Q2,1.89000,,
ESTAT:IRT_LT_MCBY_Q(1.0),25/02/26 23:00:00,Quarterly,EMU convergence criterion bond yields,United Kingdom,2015-Q3,1.91000,,
ESTAT:IRT_LT_MCBY_Q(1.0),25/02/26 23:00:00,Quarterly,EMU convergence criterion bond yields,United Kingdom,2015-Q4,1.88000,,
ESTAT:IRT_LT_MCBY_Q(1.0),25/02/26 23:00:00,Quarterly,EMU convergence criterion bond yields,United Kingdom,2016-Q1,1.54000,,
ESTAT:IRT_LT_MCBY_Q(1.0),25/02/26 23:00:00,Quarterly,EMU convergence criterion bond yields,United Kingdom,2016-Q2,1.37000,,
ESTAT:IRT_LT_MCBY_Q(1.0),25/02/26 23:00:00,Quarterly,EMU convergence criterion bond yields,United Kingdom,2016-Q3,0.72000,,
ESTAT:IRT_LT_MCBY_Q(1.0),25/02/26 23:00:00,Quarterly,EMU convergence criterion bond yields,United Kingdom,2016-Q4,1.26000,,
ESTAT:IRT_LT_MCBY_Q(1.0),25/02/26 23:00:00,Quarterly,EMU convergence criterion bond yields,United Kingdom,2017-Q1,1.25000,,
ESTAT:IRT_LT_MCBY_Q(1.0),25/02/26 23:00:00,Quarterly,EMU convergence criterion bond yields,United Kingdom,2017-Q2,1.00000,,
ESTAT:IRT_LT_MCBY_Q(1.0),25/02/26 23:00:00,Quarterly,EMU convergence criterion bond yields,United Kingdom,2017-Q3,1.18000,,
ESTAT:IRT_LT_MCBY_Q(1.0),25/02/26 23:00:00,Quarterly,EMU convergence criterion bond yields,United Kingdom,2017-Q4,1.28000,,
ESTAT:IRT_LT_MCBY_Q(1.0),25/02/26 23:00:00,Quarterly,EMU convergence criterion bond yields,United Kingdom,2018-Q1,1.45000,,
ESTAT:IRT_LT_MCBY_Q(1.0),25/02/26 23:00:00,Quarterly,EMU convergence criterion bond yields,United Kingdom,2018-Q2,1.39000,,
ESTAT:IRT_LT_MCBY_Q(1.0),25/02/26 23:00:00,Quarterly,EMU convergence criterion bond yields,United Kingdom,2018-Q3,1.37000,,
ESTAT:IRT_LT_MCBY_Q(1.0),25/02/26 23:00:00,Quarterly,EMU convergence criterion bond yields,United Kingdom,2018-Q4,1.42000,,
ESTAT:IRT_LT_MCBY_Q(1.0),25/02/26 23:00:00,Quarterly,EMU convergence criterion bond yields,United Kingdom,2019-Q1,1.21000,,
ESTAT:IRT_LT_MCBY_Q(1.0),25/02/26 23:00:00,Quarterly,EMU convergence criterion bond yields,United Kingdom,2019-Q2,1.02000,,
ESTAT:IRT_LT_MCBY_Q(1.0),25/02/26 23:00:00,Quarterly,EMU convergence criterion bond yields,United Kingdom,2019-Q3,0.60000,,
ESTAT:IRT_LT_MCBY_Q(1.0),25/02/26 23:00:00,Quarterly,EMU convergence criterion bond yields,United Kingdom,2019-Q4,0.71000,,
ESTAT:IRT_LT_MCBY_Q(1.0),25/02/26 23:00:00,Quarterly,EMU convergence criterion bond yields,United Kingdom,2020-Q1,0.55000,,
ESTAT:IRT_LT_MCBY_Q(1.0),25/02/26 23:00:00,Quarterly,EMU convergence criterion bond yields,United Kingdom,2020-Q2,0.25000,,
ESTAT:IRT_LT_MCBY_Q(1.0),25/02/26 23:00:00,Quarterly,EMU convergence criterion bond yields,United Kingdom,2020-Q3,0.19000,,
ESTAT:IRT_LT_MCBY_Q(1.0),25/02/26 23:00:00,Quarterly,EMU convergence criterion bond yields,United Kingdom,2020-Q4,0.27000,,
ESTAT:IRT_LT_MCBY_Q(1.0),25/02/26 23:00:00,Quarterly,EMU convergence criterion bond yields,United Kingdom,2021-Q1,0.54000,,
ESTAT:IRT_LT_MCBY_Q(1.0),25/02/26 23:00:00,Quarterly,EMU convergence criterion bond yields,United Kingdom,2021-Q2,0.79000,,
ESTAT:IRT_LT_MCBY_Q(1.0),25/02/26 23:00:00,Quarterly,EMU convergence criterion bond yields,United Kingdom,2021-Q3,0.67000,,
ESTAT:IRT_LT_MCBY_Q(1.0),25/02/26 23:00:00,Quarterly,EMU convergence criterion bond yields,United Kingdom,2021-Q4,0.95000,,
ESTAT:IRT_LT_MCBY_Q(1.0),25/02/26 23:00:00,Quarterly,EMU convergence criterion bond yields,United Kingdom,2022-Q1,1.38000,,
ESTAT:IRT_LT_MCBY_Q(1.0),25/02/26 23:00:00,Quarterly,EMU convergence criterion bond yields,United Kingdom,2022-Q2,2.03000,,
ESTAT:IRT_LT_MCBY_Q(1.0),25/02/26 23:00:00,Quarterly,EMU convergence criterion bond yields,United Kingdom,2022-Q3,2.57000,,
ESTAT:IRT_LT_MCBY_Q(1.0),25/02/26 23:00:00,Quarterly,EMU convergence criterion bond yields,United Kingdom,2022-Q4,3.54000,,
ESTAT:IRT_LT_MCBY_Q(1.0),25/02/26 23:00:00,Quarterly,EMU convergence criterion bond yields,United Kingdom,2023-Q1,3.46000,,
ESTAT:IRT_LT_MCBY_Q(1.0),25/02/26 23:00:00,Quarterly,EMU convergence criterion bond yields,United Kingdom,2023-Q2,3.96000,,
ESTAT:IRT_LT_MCBY_Q(1.0),25/02/26 23:00:00,Quarterly,EMU convergence criterion bond yields,United Kingdom,2023-Q3,4.43000,,
ESTAT:IRT_LT_MCBY_Q(1.0),25/02/26 23:00:00,Quarterly,EMU convergence criterion bond yields,United Kingdom,2023-Q4,4.18000,,
ESTAT:IRT_LT_MCBY_Q(1.0),25/02/26 23:00:00,Quarterly,EMU convergence criterion bond yields,United Kingdom,2024-Q1,3.97000,,
ESTAT:IRT_LT_MCBY_Q(1.0),25/02/26 23:00:00,Quarterly,EMU convergence criterion bond yields,United Kingdom,2024-Q2,4.18000,,
ESTAT:IRT_LT_MCBY_Q(1.0),25/02/26 23:00:00,Quarterly,EMU convergence criterion bond yields,United Kingdom,2024-Q3,3.98000,,
ESTAT:IRT_LT_MCBY_Q(1.0),25/02/26 23:00:00,Quarterly,EMU convergence criterion bond yields,United Kingdom,2024-Q4,4.35000,,
ESTAT:IRT_LT_MCBY_Q(1.0),25/02/26 23:00:00,Quarterly,EMU convergence criterion bond yields,United Kingdom,2025-Q1,4.62000,,
