country_code,country,quarter,hpi,hicp_q,unemployment_rate,gdp_index,building_permits_index,old_age_dependency_ratio,population_density,year,quarter_num,eurozone_member_current,eurozone_member_timevarying,hpi_qoq_pct,hicp_qoq_pct,gdp_qoq_pct,permits_qoq_pct,target_hpi_next_q,hpi_qoq_pct_lag1,hpi_qoq_pct_lag2,hicp_qoq_pct_lag1,hicp_qoq_pct_lag2,gdp_qoq_pct_lag1,gdp_qoq_pct_lag2,permits_qoq_pct_lag1,permits_qoq_pct_lag2,unemployment_rate_lag1,unemployment_rate_lag2,unemployment_qoq_change
AT,Austria,2014-Q1,92.89,98.50999999999999,6.1,110.708,65.9,27.2,103.7,2014,1,1,1,1.3198080279231972,-0.06087044739778724,0.005419956279029137,-5.451936872309893,1.571751534072563,-0.1198387623924213,-0.4986449864498588,0.9835057883413434,-0.23847647599901656,0.0858896814848853,0.28469621825499836,-14.056720098643638,8.133333333333326,5.9,5.7,
AT,Austria,2014-Q2,94.35,99.40666666666668,6.0,111.257,78.2,27.2,103.7,2014,2,1,1,1.571751534072563,0.9102290799580581,0.4958991220146647,18.66464339908953,1.0280869104398516,1.3198080279231972,-0.1198387623924213,-0.06087044739778724,0.9835057883413434,0.005419956279029137,0.0858896814848853,-5.451936872309893,-14.056720098643638,6.1,5.9,-0.09999999999999964
AT,Austria,2014-Q3,95.32,99.08333333333333,6.0,111.437,80.4,27.2,103.7,2014,3,1,1,1.0280869104398516,-0.32526322848905886,0.1617875729167606,2.813299232736566,0.8602601762484285,1.571751534072563,1.3198080279231972,0.9102290799580581,-0.06087044739778724,0.4958991220146647,0.005419956279029137,18.66464339908953,-5.451936872309893,6.0,6.1,0.0
AT,Austria,2014-Q4,96.14,99.80666666666667,6.1,111.895,86.4,27.2,103.7,2014,4,1,1,0.8602601762484285,0.7300252312868016,0.4109945529761294,7.462686567164178,2.1323070522155207,1.0280869104398516,1.571751534072563,-0.32526322848905886,0.9102290799580581,0.1617875729167606,0.4958991220146647,2.813299232736566,18.66464339908953,6.0,6.0,0.09999999999999964
AT,Austria,2015-Q1,98.19,99.12666666666667,6.0,111.934,67.2,27.4,104.9,2015,1,1,1,2.1323070522155207,-0.6813172132790091,0.03485410429420188,-22.22222222222222,1.812811895305022,0.8602601762484285,1.0280869104398516,0.7300252312868016,-0.32526322848905886,0.4109945529761294,0.1617875729167606,7.462686567164178,2.813299232736566,6.1,6.0,-0.09999999999999964
AT,Austria,2015-Q2,99.97,100.37666666666667,6.3,112.564,80.8,27.4,104.9,2015,2,1,1,1.812811895305022,1.2610128455175174,0.5628316686618895,20.238095238095234,1.2603781134340464,2.1323070522155207,0.8602601762484285,-0.6813172132790091,0.7300252312868016,0.03485410429420188,0.4109945529761294,-22.22222222222222,7.462686567164178,6.0,6.1,0.2999999999999998
AT,Austria,2015-Q3,101.23,99.95666666666666,6.1,112.984,89.2,27.4,104.9,2015,3,1,1,1.2603781134340464,-0.41842393650582954,0.3731210689030151,10.396039603960405,-0.6124666600810125,1.812811895305022,2.1323070522155207,1.2610128455175174,-0.6813172132790091,0.5628316686618895,0.03485410429420188,20.238095238095234,-22.22222222222222,6.3,6.0,-0.20000000000000018
AT,Austria,2015-Q4,100.61,100.54,6.3,113.437,88.0,27.4,104.9,2015,4,1,1,-0.6124666600810125,0.5835862206956532,0.4009417262621273,-1.3452914798206317,3.4092038564754956,1.2603781134340464,1.812811895305022,-0.41842393650582954,1.2610128455175174,0.3731210689030151,0.5628316686618895,10.396039603960405,20.238095238095234,6.1,6.3,0.20000000000000018
AT,Austria,2016-Q1,104.04,100.14333333333333,6.4,114.745,87.6,27.4,106.0,2016,1,1,1,3.4092038564754956,-0.3945361713414308,1.1530629336107268,-0.454545454545463,2.5567089580930347,-0.6124666600810125,1.2603781134340464,0.5835862206956532,-0.41842393650582954,0.4009417262621273,0.3731210689030151,-1.3452914798206317,10.396039603960405,6.3,6.1,0.10000000000000053
AT,Austria,2016-Q2,106.7,101.00333333333333,6.6,114.673,109.8,27.4,106.0,2016,2,1,1,2.5567089580930347,0.8587690976267437,-0.0627478321495567,25.34246575342467,1.2933458294283051,3.4092038564754956,-0.6124666600810125,-0.3945361713414308,0.5835862206956532,1.1530629336107268,0.4009417262621273,-0.454545454545463,-1.3452914798206317,6.4,6.3,0.1999999999999993
AT,Austria,2016-Q3,108.08,100.71666666666665,6.6,115.305,96.3,27.4,106.0,2016,3,1,1,1.2933458294283051,-0.2838190158740761,0.5511323502481069,-12.295081967213118,-0.07401924500369805,2.5567089580930347,3.4092038564754956,0.8587690976267437,-0.3945361713414308,-0.0627478321495567,1.1530629336107268,25.34246575342467,-0.454545454545463,6.6,6.4,0.0
AT,Austria,2016-Q4,108.0,102.02,6.2,115.999,89.4,27.4,106.0,2016,4,1,1,-0.07401924500369805,1.294059242098311,0.6018819652226615,-7.1651090342679025,1.6296296296296253,1.2933458294283051,2.5567089580930347,-0.2838190158740761,0.8587690976267437,0.5511323502481069,-0.0627478321495567,-12.295081967213118,25.34246575342467,6.6,6.6,-0.39999999999999947
AT,Austria,2017-Q1,109.76,102.32666666666667,6.1,117.145,91.6,27.6,106.8,2017,1,1,1,1.6296296296296253,0.3005946546428939,0.9879395512030209,2.460850111856816,2.459912536443132,-0.07401924500369805,1.2933458294283051,1.294059242098311,-0.2838190158740761,0.6018819652226615,0.5511323502481069,-7.1651090342679025,-12.295081967213118,6.2,6.6,-0.10000000000000053
AT,Austria,2017-Q2,112.46,103.17999999999999,5.9,117.521,111.0,27.6,106.8,2017,2,1,1,2.459912536443132,0.8339305492214288,0.32096973835844533,21.17903930131004,1.0759381113284894,1.6296296296296253,-0.07401924500369805,0.3005946546428939,1.294059242098311,0.9879395512030209,0.6018819652226615,2.460850111856816,-7.1651090342679025,6.1,6.2,-0.1999999999999993
AT,Austria,2017-Q3,113.67,102.94333333333333,5.9,118.271,134.0,27.6,106.8,2017,3,1,1,1.0759381113284894,-0.22937261743232185,0.6381838139566609,20.72072072072073,-0.897334389020843,2.459912536443132,1.6296296296296253,0.8339305492214288,0.3005946546428939,0.32096973835844533,0.9879395512030209,21.17903930131004,2.460850111856816,5.9,6.1,0.0
AT,Austria,2017-Q4,112.65,104.44333333333333,5.8,118.828,110.4,27.6,106.8,2017,4,1,1,-0.897334389020843,1.4571123271702957,0.47095230445333147,-17.611940298507456,2.2015090989791375,1.0759381113284894,2.459912536443132,-0.22937261743232185,0.8339305492214288,0.6381838139566609,0.32096973835844533,20.72072072072073,21.17903930131004,5.9,5.9,-0.10000000000000053
AT,Austria,2018-Q1,115.13,104.34333333333332,5.4,119.509,89.2,27.9,107.1,2018,1,1,1,2.2015090989791375,-0.0957456994223449,0.5730972498064313,-19.202898550724633,3.309302527577529,-0.897334389020843,1.0759381113284894,1.4571123271702957,-0.22937261743232185,0.47095230445333147,0.6381838139566609,-17.611940298507456,20.72072072072073,5.8,5.9,-0.39999999999999947
AT,Austria,2018-Q2,118.94,105.38333333333333,5.0,120.471,105.3,27.9,107.1,2018,2,1,1,3.309302527577529,0.9967095805513804,0.8049602958773105,18.04932735426008,0.9752816546157783,2.2015090989791375,-0.897334389020843,-0.0957456994223449,1.4571123271702957,0.5730972498064313,0.47095230445333147,-19.202898550724633,-17.611940298507456,5.4,5.8,-0.40000000000000036
AT,Austria,2018-Q3,120.1,105.25333333333333,5.3,120.967,88.9,27.9,107.1,2018,3,1,1,0.9752816546157783,-0.12335916495334054,0.4117173427629739,-15.574548907882235,0.8742714404662788,3.309302527577529,2.2015090989791375,0.9967095805513804,-0.0957456994223449,0.8049602958773105,0.5730972498064313,18.04932735426008,-19.202898550724633,5.0,5.4,0.2999999999999998
AT,Austria,2018-Q4,121.15,106.66666666666667,5.1,122.1,91.4,27.9,107.1,2018,4,1,1,0.8742714404662788,1.3427919939194455,0.9366190779303452,2.8121484814398245,0.3136607511349476,0.9752816546157783,3.309302527577529,-0.12335916495334054,0.9967095805513804,0.4117173427629739,0.8049602958773105,-15.574548907882235,18.04932735426008,5.3,5.0,-0.20000000000000018
AT,Austria,2019-Q1,121.53,106.01333333333334,5.1,123.493,92.8,28.2,107.6,2019,1,1,1,0.3136607511349476,-0.6125000000000047,1.1408681408681343,1.5317286652078765,3.5053073315230776,0.8742714404662788,0.9752816546157783,1.3427919939194455,-0.12335916495334054,0.9366190779303452,0.4117173427629739,2.8121484814398245,-15.574548907882235,5.1,5.3,0.0
AT,Austria,2019-Q2,125.79,107.13666666666667,4.8,122.724,106.5,28.2,107.6,2019,2,1,1,3.5053073315230776,1.0596151427493483,-0.6227073599313293,14.762931034482762,1.605851021543847,0.3136607511349476,0.8742714404662788,-0.6125000000000047,1.3427919939194455,1.1408681408681343,0.9366190779303452,1.5317286652078765,2.8121484814398245,5.1,5.1,-0.2999999999999998
AT,Austria,2019-Q3,127.81,106.67333333333333,4.8,122.923,110.8,28.2,107.6,2019,3,1,1,1.605851021543847,-0.4324694315671618,0.16215247221407214,4.037558685445997,0.7276425944761744,3.5053073315230776,0.3136607511349476,1.0596151427493483,-0.6125000000000047,-0.6227073599313293,1.1408681408681343,14.762931034482762,1.5317286652078765,4.8,5.1,0.0
AT,Austria,2019-Q4,128.74,108.11,4.6,122.127,128.8,28.2,107.6,2019,4,1,1,0.7276425944761744,1.3467908255734073,-0.6475598545430894,16.24548736462095,1.9574335870747195,1.605851021543847,3.5053073315230776,-0.4324694315671618,1.0596151427493483,0.16215247221407214,-0.6227073599313293,4.037558685445997,14.762931034482762,4.8,4.8,-0.20000000000000018
AT,Austria,2020-Q1,131.26,108.11,4.7,120.769,79.4,28.6,107.6,2020,1,1,1,1.9574335870747195,0.0,-1.111957224856086,-38.35403726708074,2.156026207527062,0.7276425944761744,1.605851021543847,1.3467908255734073,-0.4324694315671618,-0.6475598545430894,0.16215247221407214,16.24548736462095,4.037558685445997,4.6,4.8,0.10000000000000053
AT,Austria,2020-Q2,134.09,108.27,6.9,105.543,99.9,28.6,107.6,2020,2,1,1,2.156026207527062,0.14799741004531963,-12.60754001440767,25.81863979848866,2.9159519725557415,1.9574335870747195,0.7276425944761744,0.0,1.3467908255734073,-1.111957224856086,-0.6475598545430894,-38.35403726708074,16.24548736462095,4.7,4.6,2.2
AT,Austria,2020-Q3,138.0,108.21,6.4,117.675,117.8,28.6,107.6,2020,3,1,1,2.9159519725557415,-0.05541701302299584,11.494840965293761,17.917917917917904,0.5144927536231858,2.156026207527062,1.9574335870747195,0.14799741004531963,0.0,-12.60754001440767,-1.111957224856086,25.81863979848866,-38.35403726708074,6.9,4.7,-0.5
AT,Austria,2020-Q4,138.71,109.28333333333335,6.3,115.943,103.7,28.6,107.6,2020,4,1,1,0.5144927536231858,0.9918984690262977,-1.47185043552156,-11.969439728353137,3.871386345613148,2.9159519725557415,2.156026207527062,-0.05541701302299584,0.14799741004531963,11.494840965293761,-12.60754001440767,17.917917917917904,25.81863979848866,6.4,6.9,-0.10000000000000053
AT,Austria,2021-Q1,144.08,109.71333333333332,7.1,114.806,95.1,28.9,108.1,2021,1,1,1,3.871386345613148,0.3934726246759057,-0.9806542870203439,-8.293153326904545,3.498056635202662,0.5144927536231858,2.9159519725557415,0.9918984690262977,-0.05541701302299584,-1.47185043552156,11.494840965293761,-11.969439728353137,17.917917917917904,6.3,6.4,0.7999999999999998
AT,Austria,2021-Q2,149.12,111.05,6.7,120.091,100.0,28.9,108.1,2021,2,1,1,3.498056635202662,1.218326547973514,4.603417939828924,5.1524710830704645,2.9506437768240357,3.871386345613148,0.5144927536231858,0.3934726246759057,0.9918984690262977,-0.9806542870203439,-1.47185043552156,-8.293153326904545,-11.969439728353137,7.1,6.3,-0.39999999999999947
AT,Austria,2021-Q3,153.52,111.54666666666667,5.5,123.848,99.3,28.9,108.1,2021,3,1,1,2.9506437768240357,0.44724598529191084,3.128460917137832,-0.7000000000000006,2.4882751433038086,3.498056635202662,3.871386345613148,1.218326547973514,0.3934726246759057,4.603417939828924,-0.9806542870203439,5.1524710830704645,-8.293153326904545,6.7,7.1,-1.2000000000000002
AT,Austria,2021-Q4,157.34,113.53333333333335,5.3,124.204,105.5,28.9,108.1,2021,4,1,1,2.4882751433038086,1.7810184078412838,0.2874491311930738,6.243705941591138,4.633278250921569,2.9506437768240357,3.498056635202662,0.44724598529191084,1.218326547973514,3.128460917137832,4.603417939828924,-0.7000000000000006,5.1524710830704645,5.5,6.7,-0.20000000000000018
AT,Austria,2022-Q1,164.63,115.77666666666669,4.7,124.587,94.4,29.4,109.6,2022,1,1,1,4.633278250921569,1.975924838520271,0.3083636597855266,-10.521327014218008,2.915628986211516,2.4882751433038086,2.9506437768240357,1.7810184078412838,0.44724598529191084,0.2874491311930738,3.128460917137832,6.243705941591138,-0.7000000000000006,5.3,5.5,-0.5999999999999996
AT,Austria,2022-Q2,169.43,119.77999999999999,4.4,128.208,93.4,29.4,109.6,2022,2,1,1,2.915628986211516,3.457806696801291,2.9064027547015314,-1.0593220338983023,2.4552912707312746,4.633278250921569,2.4882751433038086,1.975924838520271,1.7810184078412838,0.3083636597855266,0.2874491311930738,-10.521327014218008,6.243705941591138,4.7,5.3,-0.2999999999999998
AT,Austria,2022-Q3,173.59,122.58999999999999,4.9,128.194,73.6,29.4,109.6,2022,3,1,1,2.4552912707312746,2.3459676072800084,-0.01091975539748713,-21.199143468950766,-4.18802926435855,2.915628986211516,4.633278250921569,3.457806696801291,1.975924838520271,2.9064027547015314,0.3083636597855266,-1.0593220338983023,-10.521327014218008,4.4,4.7,0.5
AT,Austria,2022-Q4,166.32,126.12,5.0,128.187,69.9,29.4,109.6,2022,4,1,1,-4.18802926435855,2.879517089485284,-0.005460473969121082,-5.027173913043459,-1.184463684463688,2.4552912707312746,2.915628986211516,2.3459676072800084,3.457806696801291,-0.01091975539748713,2.9064027547015314,-21.199143468950766,-1.0593220338983023,4.9,4.4,0.09999999999999964
AT,Austria,2023-Q1,164.35,128.04666666666665,5.0,128.087,56.0,29.6,110.7,2023,1,1,1,-1.184463684463688,1.527645628501939,-0.07801103075977256,-19.885550786838348,0.20079099482812612,-4.18802926435855,2.4552912707312746,2.879517089485284,2.3459676072800084,-0.005460473969121082,-0.01091975539748713,-5.027173913043459,-21.199143468950766,5.0,4.9,0.0
AT,Austria,2023-Q2,164.68,130.12,5.0,126.494,63.3,29.6,110.7,2023,2,1,1,0.20079099482812612,1.6192013328474086,-1.2436859322179417,13.035714285714285,-0.23682292931747062,-1.184463684463688,-4.18802926435855,1.527645628501939,2.879517089485284,-0.07801103075977256,-0.005460473969121082,-19.885550786838348,-5.027173913043459,5.0,5.0,0.0
AT,Austria,2023-Q3,164.29,130.83666666666667,5.3,125.854,57.7,29.6,110.7,2023,3,1,1,-0.23682292931747062,0.550773644840663,-0.505952851518654,-8.846761453396512,-1.7590845456205373,0.20079099482812612,-1.184463684463688,1.6192013328474086,1.527645628501939,-1.2436859322179417,-0.07801103075977256,13.035714285714285,-19.885550786838348,5.0,5.0,0.2999999999999998
AT,Austria,2023-Q4,161.4,132.59333333333333,5.1,125.298,54.1,29.6,110.7,2023,4,1,1,-1.7590845456205373,1.3426409518228821,-0.4417817471037866,-6.239168110918547,-1.1524163568773282,-0.23682292931747062,0.20079099482812612,0.550773644840663,1.6192013328474086,-0.505952851518654,-1.2436859322179417,-8.846761453396512,13.035714285714285,5.3,5.0,-0.20000000000000018
AT,Austria,2024-Q1,159.54,133.32666666666668,4.9,125.49,55.8,30.2,111.3,2024,1,1,1,-1.1524163568773282,0.5530695359243998,0.15323468850261257,3.1423290203327126,3.0086498683715712,-1.7590845456205373,-0.23682292931747062,1.3426409518228821,0.550773644840663,-0.4417817471037866,-0.505952851518654,-6.239168110918547,-8.846761453396512,5.1,5.3,-0.1999999999999993
AT,Austria,2024-Q2,164.34,134.36666666666667,5.1,125.218,49.8,30.2,111.3,2024,2,1,1,3.0086498683715712,0.7800390019500947,-0.21675033867240012,-10.752688172043012,0.48071072167457096,-1.1524163568773282,-1.7590845456205373,0.5530695359243998,1.3426409518228821,0.15323468850261257,-0.4417817471037866,3.1423290203327126,-6.239168110918547,4.9,5.1,0.1999999999999993
AT,Austria,2024-Q3,165.13,133.95000000000002,5.4,125.1,57.0,30.2,111.3,2024,3,1,1,0.48071072167457096,-0.31009675018605076,-0.09423565302113524,14.457831325301207,-1.150608611397086,3.0086498683715712,-1.1524163568773282,0.7800390019500947,0.5530695359243998,-0.21675033867240012,0.15323468850261257,-10.752688172043012,3.1423290203327126,5.1,4.9,0.3000000000000007
AT,Austria,2024-Q4,163.23,135.1833333333333,5.3,125.691,48.5,30.2,111.3,2024,4,1,1,-1.150608611397086,0.9207415702376265,0.47242206235011963,-14.912280701754387,1.1885070146419041,0.48071072167457096,3.0086498683715712,-0.31009675018605076,0.7800390019500947,-0.09423565302113524,-0.21675033867240012,14.457831325301207,-10.752688172043012,5.4,5.1,-0.10000000000000053
AT,Austria,2025-Q1,165.17,137.74,5.4,126.033,52.5,30.9,111.3,2025,1,1,1,1.1885070146419041,1.8912587843669337,0.27209585411842596,8.247422680412363,1.0776775443482434,-1.150608611397086,0.48071072167457096,0.9207415702376265,-0.31009675018605076,0.47242206235011963,-0.09423565302113524,-14.912280701754387,14.457831325301207,5.3,5.4,0.10000000000000053
AT,Austria,2025-Q2,166.95,138.60333333333332,5.7,126.09,48.2,30.9,111.3,2025,2,1,1,1.0776775443482434,0.6267847635641921,0.04522625026779359,-8.190476190476181,1.6112608565438835,1.1885070146419041,-1.150608611397086,1.8912587843669337,0.9207415702376265,0.27209585411842596,0.47242206235011963,8.247422680412363,-14.912280701754387,5.4,5.3,0.2999999999999998
BE,Belgium,2014-Q1,97.43,99.24333333333334,8.8,111.517,113.1,27.4,369.6,2014,1,1,1,-1.1164112453059927,-0.12076889530008295,0.5772161945218679,37.92682926829267,-0.010263779123476091,-0.9350492660365917,1.138905836892401,0.5023600809170636,-0.15821186925638608,0.27039736656477853,0.4022336223725498,7.329842931937169,-6.142506142506143,8.6,8.6,
BE,Belgium,2014-Q2,97.42,99.69,8.4,111.775,106.1,27.4,369.6,2014,2,1,1,-0.010263779123476091,0.45007221307895584,0.23135486069389977,-6.189213085764811,1.4268117429685923,-1.1164112453059927,-0.9350492660365917,-0.12076889530008295,0.5023600809170636,0.5772161945218679,0.27039736656477853,37.92682926829267,7.329842931937169,8.8,8.6,-0.40000000000000036
BE,Belgium,2014-Q3,98.81,99.24000000000001,8.8,112.524,69.6,27.4,369.6,2014,3,1,1,1.4268117429685923,-0.4513993379476222,0.670096175352275,-34.40150801131009,0.3946968930270245,-0.010263779123476091,-1.1164112453059927,0.45007221307895584,-0.12076889530008295,0.23135486069389977,0.5772161945218679,-6.189213085764811,37.92682926829267,8.4,8.8,0.40000000000000036
BE,Belgium,2014-Q4,99.2,99.36,8.7,112.977,65.5,27.4,369.6,2014,4,1,1,0.3946968930270245,0.12091898428052694,0.40258078276633746,-5.890804597701138,-1.2701612903225912,1.4268117429685923,-0.010263779123476091,-0.4513993379476222,0.45007221307895584,0.670096175352275,0.23135486069389977,-34.40150801131009,-6.189213085764811,8.8,8.4,-0.10000000000000142
BE,Belgium,2015-Q1,97.94,98.86,8.9,113.28,70.2,27.8,371.8,2015,1,1,1,-1.2701612903225912,-0.5032206119162663,0.2681961815236722,7.175572519083984,1.2150296099652902,0.3946968930270245,1.4268117429685923,0.12091898428052694,-0.4513993379476222,0.40258078276633746,0.670096175352275,-5.890804597701138,-34.40150801131009,8.7,8.8,0.20000000000000107
BE,Belgium,2015-Q2,99.13,100.38,8.6,113.806,78.5,27.8,371.8,2015,2,1,1,1.2150296099652902,1.537527817115114,0.4643361581920802,11.823361823361811,2.380712196106116,-1.2701612903225912,0.3946968930270245,-0.5032206119162663,0.12091898428052694,0.2681961815236722,0.40258078276633746,7.175572519083984,-5.890804597701138,8.9,8.7,-0.3000000000000007
BE,Belgium,2015-Q3,101.49,100.07,8.3,113.962,77.0,27.8,371.8,2015,3,1,1,2.380712196106116,-0.30882645945408127,0.13707537388187863,-1.9108280254777066,-0.05911912503693273,1.2150296099652902,-1.2701612903225912,1.537527817115114,-0.5032206119162663,0.4643361581920802,0.2681961815236722,11.823361823361811,7.175572519083984,8.6,8.9,-0.29999999999999893
BE,Belgium,2015-Q4,101.43,100.68666666666667,8.7,114.363,71.8,27.8,371.8,2015,4,1,1,-0.05911912503693273,0.6162353019553146,0.35187167652375173,-6.7532467532467555,-1.0450557034408003,2.380712196106116,1.2150296099652902,-0.30882645945408127,1.537527817115114,0.13707537388187863,0.4643361581920802,-1.9108280254777066,11.823361823361811,8.3,8.6,0.3999999999999986
BE,Belgium,2016-Q1,100.37,100.37333333333333,8.5,114.493,97.8,28.2,373.7,2016,1,1,1,-1.0450557034408003,-0.31119645103622195,0.11367312854682066,36.21169916434541,1.0461293215104028,-0.05911912503693273,2.380712196106116,0.6162353019553146,-0.30882645945408127,0.35187167652375173,0.13707537388187863,-6.7532467532467555,-1.9108280254777066,8.7,8.3,-0.1999999999999993
BE,Belgium,2016-Q2,101.42,102.03000000000002,8.1,115.17,101.6,28.2,373.7,2016,2,1,1,1.0461293215104028,1.6505047821466556,0.5913025250452009,3.885480572597144,2.1790573851311335,-1.0450557034408003,-0.05911912503693273,-0.31119645103622195,0.6162353019553146,0.11367312854682066,0.35187167652375173,36.21169916434541,-6.7532467532467555,8.5,8.7,-0.40000000000000036
BE,Belgium,2016-Q3,103.63,102.01333333333334,7.8,115.379,69.0,28.2,373.7,2016,3,1,1,2.1790573851311335,-0.016335064850225844,0.1814708691499467,-32.08661417322835,0.26054231400174377,1.0461293215104028,-1.0450557034408003,1.6505047821466556,-0.31119645103622195,0.5913025250452009,0.11367312854682066,3.885480572597144,36.21169916434541,8.1,8.5,-0.2999999999999998
BE,Belgium,2016-Q4,103.9,102.66000000000001,7.3,115.804,62.8,28.2,373.7,2016,4,1,1,0.26054231400174377,0.633904064828128,0.36835125976131255,-8.985507246376812,0.44273339749758556,2.1790573851311335,1.0461293215104028,-0.016335064850225844,1.6505047821466556,0.1814708691499467,0.5913025250452009,-32.08661417322835,3.885480572597144,7.8,8.1,-0.5
BE,Belgium,2017-Q1,104.36,103.33999999999999,7.9,116.516,78.5,28.6,373.6,2017,1,1,1,0.44273339749758556,0.662380674069718,0.6148319574453387,25.0,0.1149865848984355,0.26054231400174377,2.1790573851311335,0.633904064828128,-0.016335064850225844,0.36835125976131255,0.1814708691499467,-8.985507246376812,-32.08661417322835,7.3,7.8,0.6000000000000005
BE,Belgium,2017-Q2,104.48,104.10666666666667,7.2,116.778,84.8,28.6,373.6,2017,2,1,1,0.1149865848984355,0.7418876201535474,0.2248618215524134,8.025477707006367,3.1872128637059793,0.44273339749758556,0.26054231400174377,0.662380674069718,0.633904064828128,0.6148319574453387,0.36835125976131255,25.0,-8.985507246376812,7.9,7.3,-0.7000000000000002
BE,Belgium,2017-Q3,107.81,103.97333333333334,7.2,116.707,65.9,28.6,373.6,2017,3,1,1,3.1872128637059793,-0.1280737704917989,-0.060799123122512455,-22.287735849056588,-0.6214636861144651,0.1149865848984355,0.44273339749758556,0.7418876201535474,0.662380674069718,0.2248618215524134,0.6148319574453387,8.025477707006367,25.0,7.2,7.9,0.0
BE,Belgium,2017-Q4,107.14,104.71,6.4,117.64,95.4,28.6,373.6,2017,4,1,1,-0.6214636861144651,0.7085150038471211,0.7994379086087466,44.76479514415781,0.21467239126378157,3.1872128637059793,0.1149865848984355,-0.1280737704917989,0.7418876201535474,-0.060799123122512455,0.2248618215524134,-22.287735849056588,8.025477707006367,7.2,7.2,-0.7999999999999998
BE,Belgium,2018-Q1,107.37,104.96999999999998,6.3,118.125,110.4,29.1,375.3,2018,1,1,1,0.21467239126378157,0.24830484194440228,0.4122747364841972,15.723270440251568,1.0617490919251127,-0.6214636861144651,3.1872128637059793,0.7085150038471211,-0.1280737704917989,0.7994379086087466,-0.060799123122512455,44.76479514415781,-22.287735849056588,6.4,7.2,-0.10000000000000053
BE,Belgium,2018-Q2,108.51,106.35666666666667,6.2,118.723,127.8,29.1,375.3,2018,2,1,1,1.0617490919251127,1.3210123527357176,0.5062433862433879,15.760869565217384,1.96295272325131,0.21467239126378157,-0.6214636861144651,0.24830484194440228,0.7085150038471211,0.4122747364841972,0.7994379086087466,15.723270440251568,44.76479514415781,6.3,6.4,-0.09999999999999964
BE,Belgium,2018-Q3,110.64,106.81333333333333,5.8,119.24,76.2,29.1,375.3,2018,3,1,1,1.96295272325131,0.4293728648885775,0.4354674325951935,-40.37558685446009,-0.5242227042660863,1.0617490919251127,0.21467239126378157,1.3210123527357176,0.24830484194440228,0.5062433862433879,0.4122747364841972,15.760869565217384,15.723270440251568,6.2,6.3,-0.40000000000000036
BE,Belgium,2018-Q4,110.06,107.60666666666667,5.8,120.335,90.5,29.1,375.3,2018,4,1,1,-0.5242227042660863,0.7427287479715439,0.9183160013418235,18.766404199475062,0.8540795929492973,1.96295272325131,1.0617490919251127,0.4293728648885775,1.3210123527357176,0.4354674325951935,0.5062433862433879,-40.37558685446009,15.760869565217384,5.8,6.2,0.0
BE,Belgium,2019-Q1,111.0,107.05666666666667,5.8,120.83,81.4,29.5,377.3,2019,1,1,1,0.8540795929492973,-0.5111207484046809,0.41135164332903873,-10.055248618784528,0.756756756756749,-0.5242227042660863,1.96295272325131,0.7427287479715439,0.4293728648885775,0.9183160013418235,0.4354674325951935,18.766404199475062,-40.37558685446009,5.8,5.8,0.0
BE,Belgium,2019-Q2,111.84,108.12,5.5,121.546,93.6,29.5,377.3,2019,2,1,1,0.756756756756749,0.9932434536226831,0.5925680708433356,14.987714987714963,3.1562947067238944,0.8540795929492973,-0.5242227042660863,-0.5111207484046809,0.7427287479715439,0.41135164332903873,0.9183160013418235,-10.055248618784528,18.766404199475062,5.8,5.8,-0.2999999999999998
BE,Belgium,2019-Q3,115.37,107.75,5.3,122.505,104.7,29.5,377.3,2019,3,1,1,3.1562947067238944,-0.34221235664076977,0.7890016948315814,11.858974358974361,-0.5634046979284046,0.756756756756749,0.8540795929492973,0.9932434536226831,-0.5111207484046809,0.5925680708433356,0.41135164332903873,14.987714987714963,-10.055248618784528,5.5,5.8,-0.20000000000000018
BE,Belgium,2019-Q4,114.72,108.13666666666666,5.3,123.18,94.1,29.5,377.3,2019,4,1,1,-0.5634046979284046,0.3588553750966561,0.5509979184523228,-10.124164278892078,0.4532775453277571,3.1562947067238944,0.756756756756749,-0.34221235664076977,0.9932434536226831,0.7890016948315814,0.5925680708433356,11.858974358974361,14.987714987714963,5.3,5.5,0.0
BE,Belgium,2020-Q1,115.24,108.07666666666667,5.2,119.977,96.0,29.9,377.3,2020,1,1,1,0.4532775453277571,-0.0554853426219748,-2.6002597824322127,2.0191285866099973,1.1888233252342895,-0.5634046979284046,3.1562947067238944,0.3588553750966561,-0.34221235664076977,0.5509979184523228,0.7890016948315814,-10.124164278892078,11.858974358974361,5.3,5.3,-0.09999999999999964
BE,Belgium,2020-Q2,116.61,108.11666666666667,5.3,106.895,84.4,29.9,377.3,2020,2,1,1,1.1888233252342895,0.03701076396385172,-10.903756553339395,-12.083333333333323,2.0924449018094426,0.4532775453277571,-0.5634046979284046,-0.0554853426219748,0.3588553750966561,-2.6002597824322127,0.5509979184523228,2.0191285866099973,-10.124164278892078,5.2,5.3,0.09999999999999964
BE,Belgium,2020-Q3,119.05,108.21333333333332,6.5,119.17,86.3,29.9,377.3,2020,3,1,1,2.0924449018094426,0.08940958840757407,11.483231208194965,2.25118483412321,2.0159596808063895,1.1888233252342895,0.4532775453277571,0.03701076396385172,-0.0554853426219748,-10.903756553339395,-2.6002597824322127,-12.083333333333323,2.0191285866099973,5.3,5.2,1.2000000000000002
BE,Belgium,2020-Q4,121.45,108.5,6.0,118.626,98.7,29.9,377.3,2020,4,1,1,2.0159596808063895,0.2649088220798568,-0.4564907275320995,14.368482039397467,0.7904487443392227,2.0924449018094426,1.1888233252342895,0.08940958840757407,0.03701076396385172,11.483231208194965,-10.903756553339395,2.25118483412321,-12.083333333333323,6.5,5.3,-0.5
BE,Belgium,2021-Q1,122.41,108.99,6.8,120.558,104.1,30.2,378.9,2021,1,1,1,0.7904487443392227,0.4516129032257954,1.6286480198270281,5.4711246200607855,1.9361163303651674,2.0159596808063895,2.0924449018094426,0.2649088220798568,0.08940958840757407,-0.4564907275320995,11.483231208194965,14.368482039397467,2.25118483412321,6.0,6.5,0.7999999999999998
BE,Belgium,2021-Q2,124.78,110.68333333333334,6.1,122.405,107.3,30.2,378.9,2021,2,1,1,1.9361163303651674,1.553659357127568,1.5320426682592592,3.073967339097017,2.6125981727840975,0.7904487443392227,2.0159596808063895,0.4516129032257954,0.2649088220798568,1.6286480198270281,-0.4564907275320995,5.4711246200607855,14.368482039397467,6.8,6.0,-0.7000000000000002
BE,Belgium,2021-Q3,128.04,111.77999999999999,6.3,124.808,93.5,30.2,378.9,2021,3,1,1,2.6125981727840975,0.9908146363499348,1.9631550998733704,-12.861136999068034,0.4529834426741708,1.9361163303651674,0.7904487443392227,1.553659357127568,0.4516129032257954,1.5320426682592592,1.6286480198270281,3.073967339097017,5.4711246200607855,6.1,6.8,0.20000000000000018
BE,Belgium,2021-Q4,128.62,115.40333333333335,5.9,125.96,95.1,30.2,378.9,2021,4,1,1,0.4529834426741708,3.2414862527584187,0.923017755272082,1.7112299465240621,1.0884776862074341,2.6125981727840975,1.9361163303651674,0.9908146363499348,1.553659357127568,1.9631550998733704,1.5320426682592592,-12.861136999068034,3.073967339097017,6.3,6.1,-0.39999999999999947
BE,Belgium,2022-Q1,130.02,118.92,5.4,126.678,97.1,30.6,383.6,2022,1,1,1,1.0884776862074341,3.047283440686277,0.5700222292791324,2.103049421661418,1.66128287955698,0.4529834426741708,2.6125981727840975,3.2414862527584187,0.9908146363499348,0.923017755272082,1.9631550998733704,1.7112299465240621,-12.861136999068034,5.9,6.3,-0.5
BE,Belgium,2022-Q2,132.18,121.67999999999999,5.7,128.074,91.3,30.6,383.6,2022,2,1,1,1.66128287955698,2.320887991927334,1.102006662561772,-5.9732234809474765,2.1031926161295234,1.0884776862074341,0.4529834426741708,3.047283440686277,3.2414862527584187,0.5700222292791324,0.923017755272082,2.103049421661418,1.7112299465240621,5.4,5.9,0.2999999999999998
BE,Belgium,2022-Q3,134.96,124.05666666666667,5.4,129.019,83.6,30.6,383.6,2022,3,1,1,2.1031926161295234,1.9532106070567767,0.7378546777644157,-8.433734939759042,-0.3037937166567861,1.66128287955698,1.0884776862074341,2.320887991927334,3.047283440686277,1.102006662561772,0.5700222292791324,-5.9732234809474765,2.103049421661418,5.7,5.4,-0.2999999999999998
BE,Belgium,2022-Q4,134.55,128.38,5.7,129.493,80.2,30.6,383.6,2022,4,1,1,-0.3037937166567861,3.484966547545465,0.3673877490912192,-4.066985645933007,0.36417688591601216,2.1031926161295234,1.66128287955698,1.9532106070567767,2.320887991927334,0.7378546777644157,1.102006662561772,-8.433734939759042,-5.9732234809474765,5.4,5.7,0.2999999999999998
BE,Belgium,2023-Q1,135.04,125.96,5.7,129.936,86.7,30.8,386.8,2023,1,1,1,0.36417688591601216,-1.8850288206885835,0.34210343416247735,8.104738154613456,-0.3628554502369541,-0.3037937166567861,2.1031926161295234,3.484966547545465,1.9532106070567767,0.3673877490912192,0.7378546777644157,-4.066985645933007,-8.433734939759042,5.7,5.4,0.0
BE,Belgium,2023-Q2,134.55,124.78333333333335,5.6,130.389,83.5,30.8,386.8,2023,2,1,1,-0.3628554502369541,-0.9341589922726601,0.34863317325453114,-3.6908881199538723,1.308063916759572,0.36417688591601216,-0.3037937166567861,-1.8850288206885835,3.484966547545465,0.34210343416247735,0.3673877490912192,8.104738154613456,-4.066985645933007,5.7,5.7,-0.10000000000000053
BE,Belgium,2023-Q3,136.31,125.99333333333334,5.3,130.648,71.9,30.8,386.8,2023,3,1,1,1.308063916759572,0.9696807800186891,0.19863638803885308,-13.892215568862266,1.4452351258161578,-0.3628554502369541,0.36417688591601216,-0.9341589922726601,-1.8850288206885835,0.34863317325453114,0.34210343416247735,-3.6908881199538723,8.104738154613456,5.6,5.7,-0.2999999999999998
BE,Belgium,2023-Q4,138.28,127.55,5.5,131.09,85.2,30.8,386.8,2023,4,1,1,1.4452351258161578,1.2355151066193892,0.33831363664198477,18.497913769123777,0.7810240092565923,1.308063916759572,-0.3628554502369541,0.9696807800186891,-0.9341589922726601,0.19863638803885308,0.34863317325453114,-13.892215568862266,-3.6908881199538723,5.3,5.6,0.20000000000000018
BE,Belgium,2024-Q1,139.36,129.70000000000002,5.8,131.558,75.9,31.3,389.1,2024,1,1,1,0.7810240092565923,1.6856134849078996,0.3570066366618274,-10.915492957746476,-0.2870264064293915,1.4452351258161578,1.308063916759572,1.2355151066193892,0.9696807800186891,0.33831363664198477,0.19863638803885308,18.497913769123777,-13.892215568862266,5.5,5.3,0.2999999999999998
BE,Belgium,2024-Q2,138.96,131.08666666666667,5.5,131.788,72.7,31.3,389.1,2024,2,1,1,-0.2870264064293915,1.0691338987406818,0.17482783259095136,-4.216073781291174,1.5831894070235997,0.7810240092565923,1.4452351258161578,1.6856134849078996,1.2355151066193892,0.3570066366618274,0.33831363664198477,-10.915492957746476,18.497913769123777,5.8,5.5,-0.2999999999999998
BE,Belgium,2024-Q3,141.16,131.9,5.7,132.059,69.6,31.3,389.1,2024,3,1,1,1.5831894070235997,0.6204546610385053,0.20563328982909912,-4.264099037138935,0.7225843015018496,-0.2870264064293915,0.7810240092565923,1.0691338987406818,1.6856134849078996,0.17482783259095136,0.3570066366618274,-4.216073781291174,-10.915492957746476,5.5,5.8,0.20000000000000018
BE,Belgium,2024-Q4,142.18,133.38333333333333,5.8,132.247,64.0,31.3,389.1,2024,4,1,1,0.7225843015018496,1.124589335355064,0.14236061154484503,-8.045977011494243,0.633000422000296,1.5831894070235997,-0.2870264064293915,0.6204546610385053,1.0691338987406818,0.20563328982909912,0.17482783259095136,-4.264099037138935,-4.216073781291174,5.7,5.5,0.09999999999999964
BE,Belgium,2025-Q1,143.08,135.03333333333333,6.3,132.77,60.9,31.8,389.1,2025,1,1,1,0.633000422000296,1.2370361114582007,0.39547210900814367,-4.843750000000002,-0.09784735812133905,0.7225843015018496,1.5831894070235997,1.124589335355064,0.6204546610385053,0.14236061154484503,0.20563328982909912,-8.045977011494243,-4.264099037138935,5.8,5.7,0.5
BE,Belgium,2025-Q2,142.94,134.92666666666665,6.0,133.079,68.6,31.8,389.1,2025,2,1,1,-0.09784735812133905,-0.07899284127377282,0.23273329818482846,12.643678160919535,2.413600111935077,0.633000422000296,0.7225843015018496,1.2370361114582007,1.124589335355064,0.39547210900814367,0.14236061154484503,-4.843750000000002,-8.045977011494243,6.3,5.8,-0.2999999999999998
BG,Bulgaria,2014-Q1,96.66,101.71333333333332,13.3,121.438,33.9,30.1,66.3,2014,1,1,0,1.0453690152623984,-0.5281001434346178,-0.07487924692871628,-7.377049180327877,0.32071177322574584,0.14656616415409385,-0.9950248756218971,-0.016296730875786647,-0.4865233044662798,0.16814341644342257,0.42628921446901114,-2.659574468085102,25.75250836120402,14.1,13.7,
BG,Bulgaria,2014-Q2,96.97,101.09666666666668,12.2,122.227,34.6,30.1,66.3,2014,2,1,0,0.32071177322574584,-0.6062790850101418,0.6497142574811932,2.06489675516226,0.24749922656490675,1.0453690152623984,0.14656616415409385,-0.5281001434346178,-0.016296730875786647,-0.07487924692871628,0.16814341644342257,-7.377049180327877,-2.659574468085102,13.3,14.1,-1.1000000000000014
BG,Bulgaria,2014-Q3,97.21,101.06333333333333,12.4,122.693,34.4,30.1,66.3,2014,3,1,0,0.24749922656490675,-0.03297174321608143,0.38125782355780125,-0.5780346820809301,1.1418578335562257,0.32071177322574584,1.0453690152623984,-0.6062790850101418,-0.5281001434346178,0.6497142574811932,-0.07487924692871628,2.06489675516226,-7.377049180327877,12.2,13.3,0.20000000000000107
BG,Bulgaria,2014-Q4,98.32,100.43333333333334,11.7,123.806,55.5,30.1,66.3,2014,4,1,0,1.1418578335562257,-0.6233714832283299,0.9071422167523879,61.337209302325576,0.5390561432058627,0.24749922656490675,0.32071177322574584,-0.03297174321608143,-0.6062790850101418,0.38125782355780125,0.6497142574811932,-0.5780346820809301,2.06489675516226,12.4,12.2,-0.7000000000000011
BG,Bulgaria,2015-Q1,98.85,99.95,10.9,125.055,43.0,31.2,66.2,2015,1,1,0,0.5390561432058627,-0.48124792565549246,1.0088364053438603,-22.522522522522525,0.8700050581689434,1.1418578335562257,0.24749922656490675,-0.6233714832283299,-0.03297174321608143,0.9071422167523879,0.38125782355780125,61.337209302325576,-0.5780346820809301,11.7,12.4,-0.7999999999999989
BG,Bulgaria,2015-Q2,99.71,100.50333333333333,10.6,125.933,34.6,31.2,66.2,2015,2,1,0,0.8700050581689434,0.5536101384025383,0.702091079924827,-19.534883720930228,-0.5014542172299685,0.5390561432058627,1.1418578335562257,-0.48124792565549246,-0.6233714832283299,1.0088364053438603,0.9071422167523879,-22.522522522522525,61.337209302325576,10.9,11.7,-0.3000000000000007
BG,Bulgaria,2015-Q3,99.21,100.12333333333333,9.8,127.318,46.7,31.2,66.2,2015,3,1,0,-0.5014542172299685,-0.3780969122085476,1.099791158790775,34.97109826589595,3.044047979034392,0.8700050581689434,0.5390561432058627,0.5536101384025383,-0.48124792565549246,0.702091079924827,1.0088364053438603,-19.534883720930228,-22.522522522522525,10.6,10.9,-0.7999999999999989
BG,Bulgaria,2015-Q4,102.23,99.41666666666667,9.1,128.105,48.4,31.2,66.2,2015,4,1,0,3.044047979034392,-0.7057961847055316,0.6181372626022918,3.6402569593147582,1.124914408686295,-0.5014542172299685,0.8700050581689434,-0.3780969122085476,0.5536101384025383,1.099791158790775,0.702091079924827,34.97109826589595,-19.534883720930228,9.8,10.6,-0.7000000000000011
BG,Bulgaria,2016-Q1,103.38,98.85666666666667,9.1,129.116,34.3,32.4,64.8,2016,1,1,0,1.124914408686295,-0.563285834031857,0.7891963623590126,-29.132231404958688,2.766492551750832,3.044047979034392,-0.5014542172299685,-0.7057961847055316,-0.3780969122085476,0.6181372626022918,1.099791158790775,3.6402569593147582,34.97109826589595,9.1,9.8,0.0
BG,Bulgaria,2016-Q2,106.24,98.17666666666666,8.8,130.094,44.4,32.4,64.8,2016,2,1,0,2.766492551750832,-0.687864585089526,0.7574584094922177,29.446064139941708,1.6001506024096335,1.124914408686295,3.044047979034392,-0.563285834031857,-0.7057961847055316,0.7891963623590126,0.6181372626022918,-29.132231404958688,3.6402569593147582,9.1,9.1,-0.29999999999999893
BG,Bulgaria,2016-Q3,107.94,99.03000000000002,8.4,130.708,49.4,32.4,64.8,2016,3,1,0,1.6001506024096335,0.869181407666475,0.4719664242778254,11.261261261261257,2.390216787103938,2.766492551750832,1.124914408686295,-0.687864585089526,-0.563285834031857,0.7574584094922177,0.7891963623590126,29.446064139941708,-29.132231404958688,8.8,9.1,-0.40000000000000036
BG,Bulgaria,2016-Q4,110.52,98.63999999999999,7.9,131.96,53.5,32.4,64.8,2016,4,1,0,2.390216787103938,-0.3938200545289594,0.9578602686905135,8.2995951417004,1.9363011219688753,1.6001506024096335,2.766492551750832,0.869181407666475,-0.687864585089526,0.4719664242778254,0.7574584094922177,11.261261261261257,29.446064139941708,8.4,8.8,-0.5
BG,Bulgaria,2017-Q1,112.66,99.61666666666667,7.5,132.789,46.9,33.4,64.3,2017,1,1,0,1.9363011219688753,0.9901324682346724,0.628220672931179,-12.336448598130845,2.405467779158532,2.390216787103938,1.6001506024096335,-0.3938200545289594,0.869181407666475,0.9578602686905135,0.4719664242778254,8.2995951417004,11.261261261261257,7.9,8.4,-0.40000000000000036
BG,Bulgaria,2017-Q2,115.37,99.53666666666668,7.1,133.569,58.2,33.4,64.3,2017,2,1,0,2.405467779158532,-0.0803078467458529,0.5873980525495259,24.093816631130082,1.9502470312906306,1.9363011219688753,2.390216787103938,0.9901324682346724,-0.3938200545289594,0.628220672931179,0.9578602686905135,-12.336448598130845,8.2995951417004,7.5,7.9,-0.40000000000000036
BG,Bulgaria,2017-Q3,117.62,99.89666666666666,7.2,134.572,71.4,33.4,64.3,2017,3,1,0,1.9502470312906306,0.36167576437491356,0.7509227440499089,22.68041237113403,1.623873490902894,2.405467779158532,1.9363011219688753,-0.0803078467458529,0.9901324682346724,0.5873980525495259,0.628220672931179,24.093816631130082,-12.336448598130845,7.1,7.5,0.10000000000000053
BG,Bulgaria,2017-Q4,119.53,100.34333333333332,6.8,135.32,73.3,33.4,64.3,2017,4,1,0,1.623873490902894,0.4471286996563073,0.5558362809499728,2.6610644257702987,0.9370032627792124,1.9502470312906306,2.405467779158532,0.36167576437491356,-0.0803078467458529,0.7509227440499089,0.5873980525495259,22.68041237113403,24.093816631130082,7.2,7.1,-0.40000000000000036
BG,Bulgaria,2018-Q1,120.65,101.17333333333333,6.4,136.135,62.5,34.3,63.9,2018,1,1,0,0.9370032627792124,0.827160083712597,0.6022760863139132,-14.733969986357431,2.8014919187733023,1.623873490902894,1.9502470312906306,0.4471286996563073,0.36167576437491356,0.5558362809499728,0.7509227440499089,2.6610644257702987,22.68041237113403,6.8,7.2,-0.39999999999999947
BG,Bulgaria,2018-Q2,124.03,101.87666666666667,6.2,137.062,81.8,34.3,63.9,2018,2,1,0,2.8014919187733023,0.6951765946230815,0.6809417122709327,30.879999999999995,0.7740062888010879,0.9370032627792124,1.623873490902894,0.827160083712597,0.4471286996563073,0.6022760863139132,0.5558362809499728,-14.733969986357431,2.6610644257702987,6.4,6.8,-0.20000000000000018
BG,Bulgaria,2018-Q3,124.99,103.51666666666667,6.3,137.439,94.2,34.3,63.9,2018,3,1,0,0.7740062888010879,1.6097896148938196,0.2750580029475591,15.158924205378987,0.9280742459396807,2.8014919187733023,0.9370032627792124,0.6951765946230815,0.827160083712597,0.6809417122709327,0.6022760863139132,30.879999999999995,-14.733969986357431,6.2,6.4,0.09999999999999964
BG,Bulgaria,2018-Q4,126.15,103.33666666666666,5.8,137.877,116.8,34.3,63.9,2018,4,1,0,0.9280742459396807,-0.17388504266624416,0.31868683561435684,23.99150743099787,2.6159334126040212,0.7740062888010879,2.8014919187733023,1.6097896148938196,0.6951765946230815,0.2750580029475591,0.6809417122709327,15.158924205378987,30.879999999999995,6.3,6.2,-0.5
BG,Bulgaria,2019-Q1,129.45,103.70333333333333,5.6,143.112,78.3,35.4,63.4,2019,1,1,0,2.6159334126040212,0.35482726363667005,3.796862420853353,-32.96232876712328,0.6257242178447253,0.9280742459396807,0.7740062888010879,-0.17388504266624416,1.6097896148938196,0.31868683561435684,0.2750580029475591,23.99150743099787,15.158924205378987,5.8,6.3,-0.20000000000000018
BG,Bulgaria,2019-Q2,130.26,104.69666666666667,4.9,142.611,84.6,35.4,63.4,2019,2,1,0,0.6257242178447253,0.9578605637877269,-0.3500754653697813,8.045977011494255,1.3127590971902414,2.6159334126040212,0.9280742459396807,0.35482726363667005,-0.17388504266624416,3.796862420853353,0.31868683561435684,-32.96232876712328,23.99150743099787,5.6,5.8,-0.6999999999999993
BG,Bulgaria,2019-Q3,131.97,105.84333333333332,5.0,141.834,90.2,35.4,63.4,2019,3,1,0,1.3127590971902414,1.0952274825686725,-0.5448387571786117,6.619385342789608,1.5306509055088346,0.6257242178447253,2.6159334126040212,0.9578605637877269,0.35482726363667005,-0.3500754653697813,3.796862420853353,8.045977011494255,-32.96232876712328,4.9,5.6,0.09999999999999964
BG,Bulgaria,2019-Q4,133.99,105.73333333333333,5.2,142.017,74.8,35.4,63.4,2019,4,1,0,1.5306509055088346,-0.10392718798222234,0.12902407039214747,-17.07317073170732,1.1568027464736064,1.3127590971902414,0.6257242178447253,1.0952274825686725,0.9578605637877269,-0.5448387571786117,-0.3500754653697813,6.619385342789608,8.045977011494255,5.0,4.9,0.20000000000000018
BG,Bulgaria,2020-Q1,135.54,106.78333333333335,5.2,142.269,63.2,36.3,63.4,2020,1,1,0,1.1568027464736064,0.9930643127364469,0.17744354549102948,-15.508021390374328,-1.0845506861443144,1.5306509055088346,1.3127590971902414,-0.10392718798222234,1.0952274825686725,0.12902407039214747,-0.5448387571786117,-17.07317073170732,6.619385342789608,5.2,5.0,0.0
BG,Bulgaria,2020-Q2,134.07,105.82000000000001,6.5,134.388,59.3,36.3,63.4,2020,2,1,0,-1.0845506861443144,-0.9021382862494209,-5.5395061468064055,-6.170886075949378,3.5354665473260383,1.1568027464736064,1.5306509055088346,0.9930643127364469,-0.10392718798222234,0.17744354549102948,0.12902407039214747,-15.508021390374328,-17.07317073170732,5.2,5.2,1.2999999999999998
BG,Bulgaria,2020-Q3,138.81,106.43,6.2,138.289,74.1,36.3,63.4,2020,3,1,0,3.5354665473260383,0.5764505764505712,2.902788939488632,24.95784148397977,1.7433902456595263,-1.0845506861443144,1.1568027464736064,-0.9021382862494209,0.9930643127364469,-5.5395061468064055,0.17744354549102948,-6.170886075949378,-15.508021390374328,6.5,5.2,-0.2999999999999998
BG,Bulgaria,2020-Q4,141.23,106.06333333333333,6.3,137.627,97.8,36.3,63.4,2020,4,1,0,1.7433902456595263,-0.3445143913057169,-0.47870763401280936,31.983805668016196,3.1792112157473795,3.5354665473260383,-1.0845506861443144,0.5764505764505712,-0.9021382862494209,2.902788939488632,-5.5395061468064055,24.95784148397977,-6.170886075949378,6.2,6.5,0.09999999999999964
BG,Bulgaria,2021-Q1,145.72,107.02666666666666,5.9,145.185,87.8,36.7,63.0,2021,1,1,0,3.1792112157473795,0.908262358967904,5.491654980490734,-10.224948875255624,0.3499862750480309,1.7433902456595263,3.5354665473260383,-0.3445143913057169,0.5764505764505712,-0.47870763401280936,2.902788939488632,31.983805668016196,24.95784148397977,6.3,6.2,-0.39999999999999947
BG,Bulgaria,2021-Q2,146.23,108.17,5.4,146.892,99.5,36.7,63.0,2021,2,1,0,0.3499862750480309,1.0682695901333084,1.1757412955883728,13.32574031890661,3.193599124666635,3.1792112157473795,1.7433902456595263,0.908262358967904,-0.3445143913057169,5.491654980490734,-0.47870763401280936,-10.224948875255624,31.983805668016196,5.9,6.3,-0.5
BG,Bulgaria,2021-Q3,150.9,109.54,4.9,149.766,88.8,36.7,63.0,2021,3,1,0,3.193599124666635,1.2665249144864665,1.956539498406995,-10.753768844221112,2.372432074221331,0.3499862750480309,3.1792112157473795,1.0682695901333084,0.908262358967904,1.1757412955883728,5.491654980490734,13.32574031890661,-10.224948875255624,5.4,5.9,-0.5
BG,Bulgaria,2021-Q4,154.48,112.44333333333333,4.5,151.509,123.9,36.7,63.0,2021,4,1,0,2.372432074221331,2.6504777554622327,1.1638155522615268,39.52702702702704,5.2045572242361615,3.193599124666635,0.3499862750480309,1.2665249144864665,1.0682695901333084,1.956539498406995,1.1757412955883728,-10.753768844221112,13.32574031890661,4.9,5.4,-0.40000000000000036
BG,Bulgaria,2022-Q1,162.52,116.51666666666667,4.4,152.971,94.9,37.5,58.8,2022,1,1,0,5.2045572242361615,3.6225654403699625,0.9649591773426058,-23.405972558514932,3.113462958405111,2.372432074221331,3.193599124666635,2.6504777554622327,1.2665249144864665,1.1638155522615268,1.956539498406995,39.52702702702704,-10.753768844221112,4.5,4.9,-0.09999999999999964
BG,Bulgaria,2022-Q2,167.58,122.67333333333333,4.4,154.24,138.1,37.5,58.8,2022,2,1,0,3.113462958405111,5.283936489772567,0.8295690032751324,45.521601685985225,4.0875999522616,5.2045572242361615,2.372432074221331,3.6225654403699625,2.6504777554622327,0.9649591773426058,1.1638155522615268,-23.405972558514932,39.52702702702704,4.4,4.5,0.0
BG,Bulgaria,2022-Q3,174.43,126.16000000000001,3.9,155.131,147.1,37.5,58.8,2022,3,1,0,4.0875999522616,2.8422368349546367,0.5776711618257213,6.517016654598118,0.4070400733818591,3.113462958405111,5.2045572242361615,5.283936489772567,3.6225654403699625,0.8295690032751324,0.9649591773426058,45.521601685985225,-23.405972558514932,4.4,4.4,-0.5000000000000004
BG,Bulgaria,2022-Q4,175.14,128.74666666666667,3.9,155.74,102.0,37.5,58.8,2022,4,1,0,0.4070400733818591,2.0503064891143508,0.3925714396220137,-30.659415363698162,1.5930113052415429,4.0875999522616,3.113462958405111,2.8422368349546367,5.283936489772567,0.5776711618257213,0.8295690032751324,6.517016654598118,45.521601685985225,3.9,4.4,0.0
BG,Bulgaria,2023-Q1,177.93,132.07333333333335,4.1,156.296,86.2,37.7,58.6,2023,1,1,0,1.5930113052415429,2.5838856669428534,0.3570052651855615,-15.490196078431373,4.254482099702117,0.4070400733818591,4.0875999522616,2.0503064891143508,2.8422368349546367,0.3925714396220137,0.5776711618257213,-30.659415363698162,6.517016654598118,3.9,3.9,0.19999999999999973
BG,Bulgaria,2023-Q2,185.5,133.46,4.5,156.573,120.8,37.7,58.6,2023,2,1,0,4.254482099702117,1.0499217606380284,0.17722782412858962,40.13921113689094,2.6846361185983714,1.5930113052415429,0.4070400733818591,2.5838856669428534,2.0503064891143508,0.3570052651855615,0.3925714396220137,-15.490196078431373,-30.659415363698162,4.1,3.9,0.40000000000000036
BG,Bulgaria,2023-Q3,190.48,135.26000000000002,4.4,157.357,98.1,37.7,58.6,2023,3,1,0,2.6846361185983714,1.3487187172186443,0.5007249014836512,-18.79139072847682,1.2074758504829974,4.254482099702117,1.5930113052415429,1.0499217606380284,2.5838856669428534,0.17722782412858962,0.3570052651855615,40.13921113689094,-15.490196078431373,4.5,4.1,-0.09999999999999964
BG,Bulgaria,2023-Q4,192.78,135.79,4.3,158.366,167.9,37.7,58.6,2023,4,1,0,1.2074758504829974,0.39183794174180164,0.6412171050541149,71.15188583078493,7.075422761697259,2.6846361185983714,4.254482099702117,1.3487187172186443,1.0499217606380284,0.5007249014836512,0.17722782412858962,-18.79139072847682,40.13921113689094,4.4,4.5,-0.10000000000000053
BG,Bulgaria,2024-Q1,206.42,136.68666666666667,4.7,159.81,104.9,38.2,58.6,2024,1,1,0,7.075422761697259,0.6603333578810489,0.9118118788123741,-37.52233472304943,3.4444336789070995,1.2074758504829974,2.6846361185983714,0.39183794174180164,1.3487187172186443,0.6412171050541149,0.5007249014836512,71.15188583078493,-18.79139072847682,4.3,4.4,0.40000000000000036
BG,Bulgaria,2024-Q2,213.53,137.00333333333333,4.2,161.417,102.7,38.2,58.6,2024,2,1,0,3.4444336789070995,0.2316734136467824,1.00556911332208,-2.097235462345093,3.9245070950217675,7.075422761697259,1.2074758504829974,0.6603333578810489,0.39183794174180164,0.9118118788123741,0.6412171050541149,-37.52233472304943,71.15188583078493,4.7,4.3,-0.5
BG,Bulgaria,2024-Q3,221.91,138.27666666666667,3.9,162.893,92.2,38.2,58.6,2024,3,1,0,3.9245070950217675,0.929417775723218,0.914401828803646,-10.223953261927942,2.7443558199270024,3.4444336789070995,7.075422761697259,0.2316734136467824,0.6603333578810489,1.00556911332208,0.9118118788123741,-2.097235462345093,-37.52233472304943,4.2,4.7,-0.30000000000000027
BG,Bulgaria,2024-Q4,228.0,138.5533333333333,3.9,164.452,98.6,38.2,58.6,2024,4,1,0,2.7443558199270024,0.20008196128533662,0.9570699784521075,6.941431670281983,4.188596491228069,3.9245070950217675,3.4444336789070995,0.929417775723218,0.2316734136467824,0.914401828803646,1.00556911332208,-10.223953261927942,-2.097235462345093,3.9,4.2,0.0
BG,Bulgaria,2025-Q1,237.55,142.03,3.6,165.39,105.8,38.7,58.6,2025,1,1,0,4.188596491228069,2.5092623779050305,0.5703791987935691,7.302231237322521,3.8307724689538913,2.7443558199270024,3.9245070950217675,0.20008196128533662,0.929417775723218,0.9570699784521075,0.914401828803646,6.941431670281983,-10.223953261927942,3.9,3.9,-0.2999999999999998
BG,Bulgaria,2025-Q2,246.65,141.01333333333332,3.5,166.82,100.9,38.7,58.6,2025,2,1,0,3.8307724689538913,-0.715811213593387,0.8646230122740128,-4.631379962192805,3.7948510034461647,4.188596491228069,2.7443558199270024,2.5092623779050305,0.20008196128533662,0.5703791987935691,0.9570699784521075,7.302231237322521,6.941431670281983,3.6,3.9,-0.10000000000000009
CY,Cyprus,2014-Q1,98.08,99.83666666666666,16.0,101.787,22.7,20.0,92.5,2014,1,1,1,-2.6791029966263147,-1.158339383539042,-0.8223636133331991,-39.62765957446809,5.577079934747142,-2.202814167879663,-1.6416913238522457,-1.4537058115711154,-0.2594959291576049,-0.36502373625093565,-0.006795192886399626,14.634146341463428,7.540983606557372,16.6,16.4,
CY,Cyprus,2014-Q2,103.55,102.61,15.9,101.562,28.7,20.0,92.5,2014,2,1,1,5.577079934747142,2.777870521852366,-0.2210498393704574,26.431718061674015,-0.820859488169956,-2.6791029966263147,-2.202814167879663,-1.158339383539042,-1.4537058115711154,-0.8223636133331991,-0.36502373625093565,-39.62765957446809,14.634146341463428,16.0,16.6,-0.09999999999999964
CY,Cyprus,2014-Q3,102.7,103.07333333333334,16.2,101.625,27.8,20.0,92.5,2014,3,1,1,-0.820859488169956,0.4515479323003113,0.0620310746145325,-3.1358885017421567,-1.1100292112950383,5.577079934747142,-2.6791029966263147,2.777870521852366,-1.158339383539042,-0.2210498393704574,-0.8223636133331991,26.431718061674015,-39.62765957446809,15.9,16.0,0.29999999999999893
CY,Cyprus,2014-Q4,101.56,100.77333333333333,16.6,101.812,29.4,20.0,92.5,2014,4,1,1,-1.1100292112950383,-2.231420994761024,0.18400984009840915,5.755395683453224,-3.977944072469486,-0.820859488169956,5.577079934747142,0.4515479323003113,2.777870521852366,0.0620310746145325,-0.2210498393704574,-3.1358885017421567,26.431718061674015,16.2,15.9,0.40000000000000213
CY,Cyprus,2015-Q1,97.52,98.88333333333333,16.5,103.039,33.7,21.0,92.0,2015,1,1,1,-3.977944072469486,-1.8754961630060851,1.205162456291986,14.62585034013606,3.1480721903199393,-1.1100292112950383,-0.820859488169956,-2.231420994761024,0.4515479323003113,0.18400984009840915,0.0620310746145325,5.755395683453224,-3.1358885017421567,16.6,16.2,-0.10000000000000142
CY,Cyprus,2015-Q2,100.59,100.71333333333332,15.1,104.22,25.2,21.0,92.0,2015,2,1,1,3.1480721903199393,1.8506657677397564,1.1461679558225413,-25.22255192878339,1.8888557510686965,-3.977944072469486,-1.1100292112950383,-1.8754961630060851,-2.231420994761024,1.205162456291986,0.18400984009840915,14.62585034013606,5.755395683453224,16.5,16.6,-1.4000000000000004
CY,Cyprus,2015-Q3,102.49,100.93333333333334,14.8,105.754,32.4,21.0,92.0,2015,3,1,1,1.8888557510686965,0.21844178195540298,1.4718863941661997,28.57142857142856,-3.0149282856864024,3.1480721903199393,-3.977944072469486,1.8506657677397564,-1.8754961630060851,1.1461679558225413,1.205162456291986,-25.22255192878339,14.62585034013606,15.1,16.5,-0.29999999999999893
CY,Cyprus,2015-Q4,99.4,99.46666666666665,13.2,107.678,30.5,21.0,92.0,2015,4,1,1,-3.0149282856864024,-1.4531043593130955,1.8193165270344203,-5.864197530864191,-3.148893360160976,1.8888557510686965,3.1480721903199393,0.21844178195540298,1.8506657677397564,1.4718863941661997,1.1461679558225413,28.57142857142856,-25.22255192878339,14.8,15.1,-1.6000000000000014
CY,Cyprus,2016-Q1,96.27,97.08999999999999,13.1,109.805,32.8,21.7,92.4,2016,1,1,1,-3.148893360160976,-2.389410187667562,1.975333865785034,7.540983606557372,0.33239846265711304,-3.0149282856864024,1.8888557510686965,-1.4531043593130955,0.21844178195540298,1.8193165270344203,1.4718863941661997,-5.864197530864191,28.57142857142856,13.2,14.8,-0.09999999999999964
CY,Cyprus,2016-Q2,96.59,98.69333333333333,12.7,110.92,29.2,21.7,92.4,2016,2,1,1,0.33239846265711304,1.6513887458372123,1.0154364555348128,-10.97560975609756,5.435345273837866,-3.148893360160976,-3.0149282856864024,-2.389410187667562,-1.4531043593130955,1.975333865785034,1.8193165270344203,7.540983606557372,-5.864197530864191,13.1,13.2,-0.40000000000000036
CY,Cyprus,2016-Q3,101.84,100.45333333333333,13.1,112.623,34.3,21.7,92.4,2016,3,1,1,5.435345273837866,1.783301810321536,1.535340786152184,17.465753424657528,2.700314218381772,0.33239846265711304,-3.148893360160976,1.6513887458372123,-2.389410187667562,1.0154364555348128,1.975333865785034,-10.97560975609756,7.540983606557372,12.7,13.1,0.40000000000000036
CY,Cyprus,2016-Q4,104.59,98.89,13.1,115.001,42.7,21.7,92.4,2016,4,1,1,2.700314218381772,-1.556278205468542,2.111469238077479,24.489795918367374,-4.369442585333216,5.435345273837866,0.33239846265711304,1.783301810321536,1.6513887458372123,1.535340786152184,1.0154364555348128,17.465753424657528,-10.97560975609756,13.1,12.7,0.0
CY,Cyprus,2017-Q1,100.02,98.24666666666667,12.4,117.583,44.8,22.5,93.3,2017,1,1,1,-4.369442585333216,-0.650554488151811,2.2451978678446283,4.918032786885229,6.298740251949608,2.700314218381772,5.435345273837866,-1.556278205468542,1.783301810321536,2.111469238077479,1.535340786152184,24.489795918367374,17.465753424657528,13.1,13.1,-0.6999999999999993
CY,Cyprus,2017-Q2,106.32,99.96333333333332,11.4,117.216,41.7,22.5,93.3,2017,2,1,1,6.298740251949608,1.747302707470988,-0.31211994931240605,-6.919642857142849,0.16930022573364845,-4.369442585333216,2.700314218381772,-0.650554488151811,-1.556278205468542,2.2451978678446283,2.111469238077479,4.918032786885229,24.489795918367374,12.4,13.1,-1.0
CY,Cyprus,2017-Q3,106.5,100.63666666666666,10.3,118.799,43.5,22.5,93.3,2017,3,1,1,0.16930022573364845,0.6735803127813522,1.3504982254982423,4.316546762589923,-1.3333333333333308,6.298740251949608,-4.369442585333216,1.747302707470988,-0.650554488151811,-0.31211994931240605,2.2451978678446283,-6.919642857142849,4.918032786885229,11.4,12.4,-1.0999999999999996
CY,Cyprus,2017-Q4,105.08,98.94,10.3,120.531,58.1,22.5,93.3,2017,4,1,1,-1.3333333333333308,-1.6859328939087703,1.4579247300061438,33.56321839080461,-2.5218880852683534,0.16930022573364845,6.298740251949608,0.6735803127813522,1.747302707470988,1.3504982254982423,-0.31211994931240605,4.316546762589923,-6.919642857142849,10.3,11.4,0.0
CY,Cyprus,2018-Q1,102.43,97.49333333333334,9.7,123.926,52.3,23.2,94.4,2018,1,1,1,-2.5218880852683534,-1.4621656222626456,2.816702756967082,-9.982788296041312,-2.040417846334086,-1.3333333333333308,0.16930022573364845,-1.6859328939087703,0.6735803127813522,1.4579247300061438,1.3504982254982423,33.56321839080461,4.316546762589923,10.3,10.3,-0.6000000000000014
CY,Cyprus,2018-Q2,100.34,100.76666666666667,7.9,124.924,55.8,23.2,94.4,2018,2,1,1,-2.040417846334086,3.3574945295404834,0.8053193034552875,6.692160611854692,4.694040263105426,-2.5218880852683534,-1.3333333333333308,-1.4621656222626456,-1.6859328939087703,2.816702756967082,1.4579247300061438,-9.982788296041312,33.56321839080461,9.7,10.3,-1.799999999999999
CY,Cyprus,2018-Q3,105.05,102.23,8.2,125.877,63.2,23.2,94.4,2018,3,1,1,4.694040263105426,1.4521998015216697,0.7628638212032746,13.261648745519716,-0.5140409328890927,-2.040417846334086,-2.5218880852683534,3.3574945295404834,-1.4621656222626456,0.8053193034552875,2.816702756967082,6.692160611854692,-9.982788296041312,7.9,9.7,0.29999999999999893
CY,Cyprus,2018-Q4,104.51,100.44666666666667,7.9,129.146,64.8,23.2,94.4,2018,4,1,1,-0.5140409328890927,-1.7444324888323703,2.5969795911882088,2.5316455696202445,5.396612764328768,4.694040263105426,-2.040417846334086,1.4521998015216697,3.3574945295404834,0.7628638212032746,0.8053193034552875,13.261648745519716,6.692160611854692,8.2,7.9,-0.29999999999999893
CY,Cyprus,2019-Q1,110.15,98.79333333333334,7.9,131.353,66.2,23.8,95.7,2019,1,1,1,5.396612764328768,-1.6459812835999177,1.708918588264452,2.1604938271605034,5.183840217884694,-0.5140409328890927,4.694040263105426,-1.7444324888323703,1.4521998015216697,2.5969795911882088,0.7628638212032746,2.5316455696202445,13.261648745519716,7.9,8.2,0.0
CY,Cyprus,2019-Q2,115.86,101.34333333333332,7.0,132.607,93.7,23.8,95.7,2019,2,1,1,5.183840217884694,2.581145826304043,0.9546793754234617,41.54078549848943,-4.324184360435012,5.396612764328768,-0.5140409328890927,-1.6459812835999177,-1.7444324888323703,1.708918588264452,2.5969795911882088,2.1604938271605034,2.5316455696202445,7.9,7.9,-0.9000000000000004
CY,Cyprus,2019-Q3,110.85,102.31666666666666,7.1,133.947,101.5,23.8,95.7,2019,3,1,1,-4.324184360435012,0.9604315363615612,1.0105047244866494,8.324439701173958,-0.8119079837618282,5.183840217884694,5.396612764328768,2.581145826304043,-1.6459812835999177,0.9546793754234617,1.708918588264452,41.54078549848943,2.1604938271605034,7.0,7.9,0.09999999999999964
CY,Cyprus,2019-Q4,109.95,100.67666666666666,6.6,135.573,105.1,23.8,95.7,2019,4,1,1,-0.8119079837618282,-1.6028669164359077,1.2139129655759362,3.5467980295566415,5.093224192814905,-4.324184360435012,5.183840217884694,0.9604315363615612,2.581145826304043,1.0105047244866494,0.9546793754234617,8.324439701173958,41.54078549848943,7.1,7.0,-0.5
CY,Cyprus,2020-Q1,115.55,99.39333333333333,6.8,135.612,72.3,24.4,95.7,2020,1,1,1,5.093224192814905,-1.2747078104824006,0.028766789847534113,-31.208372978116085,2.8385980095196883,-0.8119079837618282,-4.324184360435012,-1.6028669164359077,0.9604315363615612,1.2139129655759362,1.0105047244866494,3.5467980295566415,8.324439701173958,6.6,7.1,0.20000000000000018
CY,Cyprus,2020-Q2,118.83,99.70333333333333,7.1,118.799,86.5,24.4,95.7,2020,2,1,1,2.8385980095196883,0.31189214568381196,-12.397870394950294,19.640387275242045,-2.7939072624758032,5.093224192814905,-0.8119079837618282,-1.2747078104824006,-1.6028669164359077,0.028766789847534113,1.2139129655759362,-31.208372978116085,3.5467980295566415,6.8,6.6,0.2999999999999998
CY,Cyprus,2020-Q3,115.51,99.97666666666667,8.2,127.452,100.3,24.4,95.7,2020,3,1,1,-2.7939072624758032,0.2741466350172139,7.283731344539923,15.95375722543353,3.939052895853168,2.8385980095196883,5.093224192814905,0.31189214568381196,-1.2747078104824006,-12.397870394950294,0.028766789847534113,19.640387275242045,-31.208372978116085,7.1,6.8,1.0999999999999996
CY,Cyprus,2020-Q4,120.06,99.59333333333332,8.2,134.435,94.7,24.4,95.7,2020,4,1,1,3.939052895853168,-0.38342279865304363,5.47892539936603,-5.583250249252236,-8.362485423954691,-2.7939072624758032,2.8385980095196883,0.2741466350172139,0.31189214568381196,7.283731344539923,-12.397870394950294,15.95375722543353,19.640387275242045,8.2,7.1,0.0
CY,Cyprus,2021-Q1,110.02,98.93333333333334,7.8,139.697,91.3,25.0,96.8,2021,1,1,1,-8.362485423954691,-0.6626949595019527,3.914159259121508,-3.5902851108764566,5.444464642792224,3.939052895853168,-2.7939072624758032,-0.38342279865304363,0.2741466350172139,5.47892539936603,7.283731344539923,-5.583250249252236,15.95375722543353,8.2,8.2,-0.39999999999999947
CY,Cyprus,2021-Q2,116.01,101.33999999999999,7.9,141.117,114.8,25.0,96.8,2021,2,1,1,5.444464642792224,2.432614555256052,1.016485679721102,25.739320920043806,3.9479355227997504,-8.362485423954691,3.939052895853168,-0.6626949595019527,-0.38342279865304363,3.914159259121508,5.47892539936603,-3.5902851108764566,-5.583250249252236,7.8,8.2,0.10000000000000053
CY,Cyprus,2021-Q3,120.59,103.19,6.6,145.047,88.9,25.0,96.8,2021,3,1,1,3.9479355227997504,1.8255377935662231,2.7849231488764614,-22.560975609756095,-3.6487270917986647,5.444464642792224,-8.362485423954691,2.432614555256052,-0.6626949595019527,1.016485679721102,3.914159259121508,25.739320920043806,-3.5902851108764566,7.9,7.8,-1.3000000000000007
CY,Cyprus,2021-Q4,116.19,104.21666666666665,6.4,149.269,105.0,25.0,96.8,2021,4,1,1,-3.6487270917986647,0.9949284491391097,2.9107806435155537,18.11023622047243,1.204922970995792,3.9479355227997504,5.444464642792224,1.8255377935662231,2.432614555256052,2.7849231488764614,1.016485679721102,-22.560975609756095,25.739320920043806,6.6,7.9,-0.1999999999999993
CY,Cyprus,2022-Q1,117.59,104.56,5.9,154.08,95.3,25.4,100.6,2022,1,1,1,1.204922970995792,0.3294418679034239,3.2230402829790616,-9.238095238095244,2.228080619100248,-3.6487270917986647,3.9479355227997504,0.9949284491391097,1.8255377935662231,2.9107806435155537,2.7849231488764614,18.11023622047243,-22.560975609756095,6.4,6.6,-0.5
CY,Cyprus,2022-Q2,120.21,110.25999999999999,6.4,154.611,100.5,25.4,100.6,2022,2,1,1,2.228080619100248,5.451415455240993,0.3446261682242824,5.456453305351516,8.926046086016148,1.204922970995792,-3.6487270917986647,0.3294418679034239,0.9949284491391097,3.2230402829790616,2.9107806435155537,-9.238095238095244,18.11023622047243,5.9,6.4,0.5
CY,Cyprus,2022-Q3,130.94,113.21666666666665,6.3,156.843,84.6,25.4,100.6,2022,3,1,1,8.926046086016148,2.6815406010036957,1.4436230281157147,-15.820895522388067,-5.193218267908961,2.228080619100248,1.204922970995792,5.451415455240993,0.3294418679034239,0.3446261682242824,3.2230402829790616,5.456453305351516,-9.238095238095244,6.4,5.9,-0.10000000000000053
CY,Cyprus,2022-Q4,124.14,112.66000000000001,6.6,157.196,94.3,25.4,100.6,2022,4,1,1,-5.193218267908961,-0.4916826144560349,0.22506583016137505,11.465721040189125,6.081843080393101,8.926046086016148,2.228080619100248,2.6815406010036957,5.451415455240993,1.4436230281157147,0.3446261682242824,-15.820895522388067,5.456453305351516,6.3,6.4,0.2999999999999998
CY,Cyprus,2023-Q1,131.69,111.39999999999999,6.1,159.154,92.2,25.8,104.0,2023,1,1,1,6.081843080393101,-1.1184093733357159,1.2455787679075847,-2.2269353128313796,0.3872731414686026,-5.193218267908961,8.926046086016148,-0.4916826144560349,2.6815406010036957,0.22506583016137505,1.4436230281157147,11.465721040189125,-15.820895522388067,6.6,6.3,-0.5
CY,Cyprus,2023-Q2,132.2,114.05,5.9,160.796,108.7,25.8,104.0,2023,2,1,1,0.3872731414686026,2.378815080789942,1.0317051409326705,17.895878524945765,3.267776096823005,6.081843080393101,-5.193218267908961,-1.1184093733357159,-0.4916826144560349,1.2455787679075847,0.22506583016137505,-2.2269353128313796,11.465721040189125,6.1,6.6,-0.1999999999999993
CY,Cyprus,2023-Q3,136.52,116.91000000000001,5.7,161.628,103.7,25.8,104.0,2023,3,1,1,3.267776096823005,2.507672073651923,0.5174258066120929,-4.599816007359703,1.069440375036601,0.3872731414686026,6.081843080393101,2.378815080789942,-1.1184093733357159,1.0317051409326705,1.2455787679075847,17.895878524945765,-2.2269353128313796,5.9,6.1,-0.20000000000000018
CY,Cyprus,2023-Q4,137.98,115.64,5.6,163.684,115.8,25.8,104.0,2023,4,1,1,1.069440375036601,-1.0863057052433622,1.272056821837797,11.668273866923817,4.015074648499795,3.267776096823005,0.3872731414686026,2.507672073651923,2.378815080789942,0.5174258066120929,1.0317051409326705,-4.599816007359703,17.895878524945765,5.7,5.9,-0.10000000000000053
CY,Cyprus,2024-Q1,143.52,113.57666666666667,5.3,166.016,111.3,26.5,105.8,2024,1,1,1,4.015074648499795,-1.7842730312463972,1.4246963661689538,-3.886010362694303,-0.12541806020067714,1.069440375036601,3.267776096823005,-1.0863057052433622,2.507672073651923,1.272056821837797,0.5174258066120929,11.668273866923817,-4.599816007359703,5.6,5.7,-0.2999999999999998
CY,Cyprus,2024-Q2,143.34,117.13666666666666,4.9,166.873,178.6,26.5,105.8,2024,2,1,1,-0.12541806020067714,3.134446629295917,0.5162153045489504,60.467205750224615,2.385935537881956,4.015074648499795,1.069440375036601,-1.7842730312463972,-1.0863057052433622,1.4246963661689538,1.272056821837797,-3.886010362694303,11.668273866923817,5.3,5.6,-0.39999999999999947
CY,Cyprus,2024-Q3,146.76,119.35000000000001,4.6,168.419,45.1,26.5,105.8,2024,3,1,1,2.385935537881956,1.8895307475598422,0.9264530511227331,-74.74804031354982,-1.7443445080403408,-0.12541806020067714,4.015074648499795,3.134446629295917,-1.7842730312463972,0.5162153045489504,1.4246963661689538,60.467205750224615,-3.886010362694303,4.9,5.3,-0.3000000000000007
CY,Cyprus,2024-Q4,144.2,118.28333333333335,4.7,169.381,96.2,26.5,105.8,2024,4,1,1,-1.7443445080403408,-0.893729925987985,0.5711944614325004,113.30376940133036,4.049930651872402,2.385935537881956,-0.12541806020067714,1.8895307475598422,3.134446629295917,0.9264530511227331,0.5162153045489504,-74.74804031354982,60.467205750224615,4.6,4.9,0.10000000000000053
CY,Cyprus,2025-Q1,150.04,116.35666666666667,4.6,171.574,129.9,27.4,105.8,2025,1,1,1,4.049930651872402,-1.6288572636325327,1.294714283184062,35.03118503118503,-1.8661690215942328,-1.7443445080403408,2.385935537881956,-0.893729925987985,1.8895307475598422,0.5711944614325004,0.9264530511227331,113.30376940133036,-74.74804031354982,4.7,4.6,-0.10000000000000053
CY,Cyprus,2025-Q2,147.24,118.02666666666669,4.5,172.908,122.0,27.4,105.8,2025,2,1,1,-1.8661690215942328,1.4352422150285093,0.7775070814925122,-6.0816012317167045,-0.25808204292311343,4.049930651872402,-1.7443445080403408,-1.6288572636325327,-0.893729925987985,1.294714283184062,0.5711944614325004,35.03118503118503,113.30376940133036,4.6,4.7,-0.09999999999999964
CZ,Czechia,2014-Q1,95.0,99.58666666666666,6.5,114.931,43.3,25.7,136.3,2014,1,0,0,1.279317697228155,0.4302810272959423,-0.37015204840583626,1.1682242990654235,0.8421052631578885,-0.21276595744681437,-0.10626992561104665,-0.06047167909692952,-0.3014469453376356,1.136224158790844,0.51286570320761,-17.374517374517374,2.5742574257425765,6.8,7.0,
CZ,Czechia,2014-Q2,95.8,99.72333333333334,6.2,115.882,57.4,25.7,136.3,2014,2,0,0,0.8421052631578885,0.13723390012052583,0.8274529935352604,32.56351039260969,0.8350730688935215,1.279317697228155,-0.21276595744681437,0.4302810272959423,-0.06047167909692952,-0.37015204840583626,1.136224158790844,1.1682242990654235,-17.374517374517374,6.5,6.8,-0.2999999999999998
CZ,Czechia,2014-Q3,96.6,99.89,5.9,117.155,55.5,25.7,136.3,2014,3,0,0,0.8350730688935215,0.16712905705784653,1.0985312645622303,-3.3101045296167197,0.7246376811594235,0.8421052631578885,1.279317697228155,0.13723390012052583,0.4302810272959423,0.8274529935352604,-0.37015204840583626,32.56351039260969,1.1682242990654235,6.2,6.5,-0.2999999999999998
CZ,Czechia,2014-Q4,97.3,99.61666666666667,5.8,118.235,48.1,25.7,136.3,2014,4,0,0,0.7246376811594235,-0.27363433109753865,0.9218556613034057,-13.33333333333333,1.0277492291880685,0.8350730688935215,0.8421052631578885,0.16712905705784653,0.13723390012052583,1.0985312645622303,0.8274529935352604,-3.3101045296167197,32.56351039260969,5.9,6.2,-0.10000000000000053
CZ,Czechia,2015-Q1,98.3,99.58999999999999,5.7,120.457,41.0,26.6,136.6,2015,1,0,0,1.0277492291880685,-0.026769282248639836,1.879308157482984,-14.760914760914767,1.1190233977619535,0.7246376811594235,0.8350730688935215,-0.27363433109753865,0.16712905705784653,0.9218556613034057,1.0985312645622303,-13.33333333333333,-3.3101045296167197,5.8,5.9,-0.09999999999999964
CZ,Czechia,2015-Q2,99.4,100.46,5.1,121.915,68.0,26.6,136.6,2015,2,0,0,1.1190233977619535,0.8735816849081202,1.2103904297799284,65.85365853658536,1.2072434607645732,1.0277492291880685,0.7246376811594235,-0.026769282248639836,-0.27363433109753865,1.879308157482984,0.9218556613034057,-14.760914760914767,-13.33333333333333,5.7,5.8,-0.6000000000000005
CZ,Czechia,2015-Q3,100.6,100.26666666666667,4.8,123.319,58.1,26.6,136.6,2015,3,0,0,1.2072434607645732,-0.1924480722012012,1.1516220317434156,-14.558823529411757,1.093439363817117,1.1190233977619535,1.0277492291880685,0.8735816849081202,-0.026769282248639836,1.2103904297799284,1.879308157482984,65.85365853658536,-14.760914760914767,5.1,5.7,-0.2999999999999998
CZ,Czechia,2015-Q4,101.7,99.68,4.6,123.949,57.6,26.6,136.6,2015,4,0,0,1.093439363817117,-0.5851063829787173,0.5108701822103656,-0.8605851979345935,1.2782694198623323,1.2072434607645732,1.1190233977619535,-0.1924480722012012,0.8735816849081202,1.1516220317434156,1.2103904297799284,-14.558823529411757,65.85365853658536,4.8,5.1,-0.20000000000000018
CZ,Czechia,2016-Q1,103.0,100.04666666666667,4.2,124.35,43.3,27.6,136.8,2016,1,0,0,1.2782694198623323,0.36784376672016617,0.323520157484114,-24.826388888888896,2.038834951456314,1.093439363817117,1.2072434607645732,-0.5851063829787173,-0.1924480722012012,0.5108701822103656,1.1516220317434156,-0.8605851979345935,-14.558823529411757,4.6,4.8,-0.39999999999999947
CZ,Czechia,2016-Q2,105.1,100.60666666666667,4.0,124.671,63.4,27.6,136.8,2016,2,0,0,2.038834951456314,0.5597387885653449,0.2581423401688987,46.4203233256351,2.4738344433872683,1.2782694198623323,1.093439363817117,0.36784376672016617,-0.5851063829787173,0.323520157484114,0.5108701822103656,-24.826388888888896,-0.8605851979345935,4.2,4.6,-0.20000000000000018
CZ,Czechia,2016-Q3,107.7,100.78333333333335,3.9,125.861,60.7,27.6,136.8,2016,3,0,0,2.4738344433872683,0.17560135179910397,0.9545122763112479,-4.258675078864349,4.73537604456824,2.038834951456314,1.2782694198623323,0.5597387885653449,0.36784376672016617,0.2581423401688987,0.323520157484114,46.4203233256351,-24.826388888888896,4.0,4.2,-0.10000000000000009
CZ,Czechia,2016-Q4,112.8,101.16000000000001,3.6,126.973,66.8,27.6,136.8,2016,4,0,0,4.73537604456824,0.37373904415411996,0.883514353135606,10.049423393739687,3.014184397163122,2.4738344433872683,2.038834951456314,0.17560135179910397,0.5597387885653449,0.9545122763112479,0.2581423401688987,-4.258675078864349,46.4203233256351,3.9,4.0,-0.2999999999999998
CZ,Czechia,2017-Q1,116.2,102.58999999999999,3.4,129.037,56.6,28.6,137.2,2017,1,0,0,3.014184397163122,1.413602214313947,1.6255424381561578,-15.269461077844305,2.495697074010317,4.73537604456824,2.4738344433872683,0.37373904415411996,0.17560135179910397,0.883514353135606,0.9545122763112479,10.049423393739687,-4.258675078864349,3.6,3.9,-0.20000000000000018
CZ,Czechia,2017-Q2,119.1,102.97666666666667,3.1,132.225,75.1,28.6,137.2,2017,2,0,0,2.495697074010317,0.37690483153005605,2.470609205111707,32.68551236749116,1.7632241813602123,3.014184397163122,4.73537604456824,1.413602214313947,0.37373904415411996,1.6255424381561578,0.883514353135606,-15.269461077844305,10.049423393739687,3.4,3.6,-0.2999999999999998
CZ,Czechia,2017-Q3,121.2,103.27333333333333,2.7,133.264,74.2,28.6,137.2,2017,3,0,0,1.7632241813602123,0.2880911533357011,0.7857818113065074,-1.1984021304926706,0.9075907590758936,2.495697074010317,3.014184397163122,0.37690483153005605,1.413602214313947,2.470609205111707,1.6255424381561578,32.68551236749116,-15.269461077844305,3.1,3.4,-0.3999999999999999
CZ,Czechia,2017-Q4,122.3,103.70666666666666,2.5,134.165,70.4,28.6,137.2,2017,4,0,0,0.9075907590758936,0.419598476534766,0.6761015728178554,-5.121293800539084,2.2076860179885527,1.7632241813602123,2.495697074010317,0.2880911533357011,0.37690483153005605,0.7857818113065074,2.470609205111707,-1.1984021304926706,32.68551236749116,2.7,3.1,-0.20000000000000018
CZ,Czechia,2018-Q1,125.0,104.36,2.3,134.789,67.2,29.6,137.7,2018,1,0,0,2.2076860179885527,0.6299820005142731,0.4650989453285126,-4.545454545454552,2.959999999999985,0.9075907590758936,1.7632241813602123,0.419598476534766,0.2880911533357011,0.6761015728178554,0.7857818113065074,-5.121293800539084,-1.1984021304926706,2.5,2.7,-0.20000000000000018
CZ,Czechia,2018-Q2,128.7,105.08666666666666,2.3,135.206,78.4,29.6,137.7,2018,2,0,0,2.959999999999985,0.6963076529960421,0.3093724265333275,16.666666666666675,2.486402486402506,2.2076860179885527,0.9075907590758936,0.6299820005142731,0.419598476534766,0.4650989453285126,0.6761015728178554,-4.545454545454552,-5.121293800539084,2.3,2.5,0.0
CZ,Czechia,2018-Q3,131.9,105.58,2.3,136.098,71.6,29.6,137.7,2018,3,0,0,2.486402486402506,0.4694537841781532,0.6597340354718151,-8.673469387755118,1.8953752843062999,2.959999999999985,2.2076860179885527,0.6963076529960421,0.6299820005142731,0.3093724265333275,0.4650989453285126,16.666666666666675,-4.545454545454552,2.3,2.3,0.0
CZ,Czechia,2018-Q4,134.4,105.50666666666666,2.1,137.486,68.6,29.6,137.7,2018,4,0,0,1.8953752843062999,-0.06945759929279927,1.0198533409748745,-4.189944134078216,2.083333333333326,2.486402486402506,2.959999999999985,0.4694537841781532,0.6963076529960421,0.6597340354718151,0.3093724265333275,-8.673469387755118,16.666666666666675,2.3,2.3,-0.19999999999999973
CZ,Czechia,2019-Q1,137.2,106.73,2.0,139.435,84.8,30.4,138.2,2019,1,0,0,2.083333333333326,1.1594843927714038,1.4175988827953567,23.615160349854225,2.478134110787167,1.8953752843062999,2.486402486402506,-0.06945759929279927,0.4694537841781532,1.0198533409748745,0.6597340354718151,-4.189944134078216,-8.673469387755118,2.1,2.3,-0.10000000000000009
CZ,Czechia,2019-Q2,140.6,107.65666666666668,2.0,140.128,84.2,30.4,138.2,2019,2,0,0,2.478134110787167,0.8682344857740887,0.497005773299386,-0.7075471698113178,1.9914651493598834,2.083333333333326,1.8953752843062999,1.1594843927714038,-0.06945759929279927,1.4175988827953567,1.0198533409748745,23.615160349854225,-4.189944134078216,2.0,2.1,0.0
CZ,Czechia,2019-Q3,143.4,108.32333333333334,2.1,141.11,89.4,30.4,138.2,2019,3,0,0,1.9914651493598834,0.6192525621574685,0.7007878511075871,6.175771971496435,2.092050209205021,2.478134110787167,2.083333333333326,0.8682344857740887,1.1594843927714038,0.497005773299386,1.4175988827953567,-0.7075471698113178,23.615160349854225,2.0,2.0,0.10000000000000009
CZ,Czechia,2019-Q4,146.4,108.63,2.1,141.971,84.1,30.4,138.2,2019,4,0,0,2.092050209205021,0.28310305566667804,0.6101622847423993,-5.928411633109631,1.7759562841529908,1.9914651493598834,2.478134110787167,0.6192525621574685,0.8682344857740887,0.7007878511075871,0.497005773299386,6.175771971496435,-0.7075471698113178,2.1,2.0,0.0
CZ,Czechia,2020-Q1,149.0,110.71999999999998,1.9,137.294,81.7,31.1,138.2,2020,1,0,0,1.7759562841529908,1.9239620730921336,-3.2943347585070115,-2.8537455410225787,1.6778523489932917,2.092050209205021,1.9914651493598834,0.28310305566667804,0.6192525621574685,0.6101622847423993,0.7007878511075871,-5.928411633109631,6.175771971496435,2.1,2.1,-0.20000000000000018
CZ,Czechia,2020-Q2,151.5,111.13333333333333,2.4,125.331,84.1,31.1,138.2,2020,2,0,0,1.6778523489932917,0.3733140655105993,-8.7134179206666,2.937576499387995,2.5742574257425765,1.7759562841529908,2.092050209205021,1.9239620730921336,0.28310305566667804,-3.2943347585070115,0.6101622847423993,-2.8537455410225787,-5.928411633109631,1.9,2.1,0.5
CZ,Czechia,2020-Q3,155.4,112.08666666666666,2.8,134.521,76.2,31.1,138.2,2020,3,0,0,2.5742574257425765,0.8578284343131459,7.3325833193703005,-9.393579072532688,2.638352638352637,1.6778523489932917,1.7759562841529908,0.3733140655105993,1.9239620730921336,-8.7134179206666,-3.2943347585070115,2.937576499387995,-2.8537455410225787,2.4,1.9,0.3999999999999999
CZ,Czechia,2020-Q4,159.5,111.57666666666667,3.1,135.555,71.5,31.1,138.2,2020,4,0,0,2.638352638352637,-0.45500505561172355,0.7686532214301156,-6.16797900262468,5.893416927899686,2.5742574257425765,1.6778523489932917,0.8578284343131459,0.3733140655105993,7.3325833193703005,-8.7134179206666,-9.393579072532688,2.937576499387995,2.8,2.4,0.30000000000000027
CZ,Czechia,2021-Q1,168.9,113.10666666666667,3.3,135.555,75.7,32.3,138.6,2021,1,0,0,5.893416927899686,1.3712544438801322,0.0,5.8741258741258795,5.15097690941384,2.638352638352637,2.5742574257425765,-0.45500505561172355,0.8578284343131459,0.7686532214301156,7.3325833193703005,-6.16797900262468,-9.393579072532688,3.1,2.8,0.19999999999999973
CZ,Czechia,2021-Q2,177.6,114.23333333333333,3.1,137.526,109.0,32.3,138.6,2021,2,0,0,5.15097690941384,0.9961098667924162,1.4540223525506324,43.989431968295904,6.869369369369371,5.893416927899686,2.638352638352637,1.3712544438801322,-0.45500505561172355,0.0,0.7686532214301156,5.8741258741258795,-6.16797900262468,3.3,3.1,-0.19999999999999973
CZ,Czechia,2021-Q3,189.8,115.75999999999999,2.7,139.897,114.5,32.3,138.6,2021,3,0,0,6.869369369369371,1.3364458710242166,1.7240376365196264,5.045871559633031,5.690200210748153,5.15097690941384,5.893416927899686,0.9961098667924162,1.3712544438801322,1.4540223525506324,0.0,43.989431968295904,5.8741258741258795,3.1,3.3,-0.3999999999999999
CZ,Czechia,2021-Q4,200.6,117.19666666666667,2.3,140.874,100.8,32.3,138.6,2021,4,0,0,5.690200210748153,1.2410734853720573,0.6983709443376229,-11.965065502183414,4.685942173479574,6.869369369369371,5.15097690941384,1.3364458710242166,0.9961098667924162,1.7240376365196264,1.4540223525506324,5.045871559633031,43.989431968295904,2.7,3.1,-0.40000000000000036
CZ,Czechia,2022-Q1,210.0,124.62666666666667,2.2,142.129,95.4,32.6,138.2,2022,1,0,0,4.685942173479574,6.339770755709773,0.8908670159149201,-5.357142857142849,3.4285714285714253,5.690200210748153,6.869369369369371,1.2410734853720573,1.3364458710242166,0.6983709443376229,1.7240376365196264,-11.965065502183414,5.045871559633031,2.3,2.7,-0.09999999999999964
CZ,Czechia,2022-Q2,217.2,131.36333333333334,2.3,142.559,105.8,32.6,138.2,2022,2,0,0,3.4285714285714253,5.405477693377558,0.3025420568638415,10.90146750524108,1.0128913443830712,4.685942173479574,5.690200210748153,6.339770755709773,1.2410734853720573,0.8908670159149201,0.6983709443376229,-5.357142857142849,-11.965065502183414,2.2,2.3,0.09999999999999964
CZ,Czechia,2022-Q3,219.4,135.89666666666665,2.2,142.736,80.8,32.6,138.2,2022,3,0,0,1.0128913443830712,3.450988352914286,0.12415912008361119,-23.629489603024577,-2.2333637192342826,3.4285714285714253,4.685942173479574,5.405477693377558,6.339770755709773,0.3025420568638415,0.8908670159149201,10.90146750524108,-5.357142857142849,2.3,2.2,-0.09999999999999964
CZ,Czechia,2022-Q4,214.5,136.48333333333335,2.3,142.215,89.6,32.6,138.2,2022,4,0,0,-2.2333637192342826,0.43170055679562225,-0.36500952807980713,10.89108910891088,-1.2587412587412583,1.0128913443830712,3.4285714285714253,3.450988352914286,5.405477693377558,0.12415912008361119,0.3025420568638415,-23.629489603024577,10.90146750524108,2.2,2.3,0.09999999999999964
CZ,Czechia,2023-Q1,211.8,147.04999999999998,2.5,142.502,83.4,32.1,140.7,2023,1,0,0,-1.2587412587412583,7.7420930516546305,0.20180712301796078,-6.919642857142849,-0.37771482530689626,-2.2333637192342826,1.0128913443830712,0.43170055679562225,3.450988352914286,-0.36500952807980713,0.12415912008361119,10.89108910891088,-23.629489603024577,2.3,2.2,0.20000000000000018
CZ,Czechia,2023-Q2,211.0,147.9,2.6,142.869,74.2,32.1,140.7,2023,2,0,0,-0.37771482530689626,0.5780346820809301,0.2575402450491815,-11.031175059952037,0.33175355450236754,-1.2587412587412583,-2.2333637192342826,7.7420930516546305,0.43170055679562225,0.20180712301796078,-0.36500952807980713,-6.919642857142849,10.89108910891088,2.5,2.3,0.10000000000000009
CZ,Czechia,2023-Q3,211.7,148.81333333333336,2.6,142.334,79.9,32.1,140.7,2023,3,0,0,0.33175355450236754,0.6175343700698832,-0.3744689190797179,7.681940700808632,0.28341993386868936,-0.37771482530689626,-1.2587412587412583,0.5780346820809301,7.7420930516546305,0.2575402450491815,0.20180712301796078,-11.031175059952037,-6.919642857142849,2.6,2.5,0.0
CZ,Czechia,2023-Q4,212.3,147.92333333333332,2.7,142.907,73.8,32.1,140.7,2023,4,0,0,0.28341993386868936,-0.5980646895439756,0.40257422681861943,-7.634543178973729,0.9420631182289307,0.33175355450236754,-0.37771482530689626,0.6175343700698832,0.5780346820809301,-0.3744689190797179,0.2575402450491815,7.681940700808632,-11.031175059952037,2.6,2.6,0.10000000000000009
CZ,Czechia,2024-Q1,214.3,150.52666666666667,2.7,143.216,70.5,32.3,141.2,2024,1,0,0,0.9420631182289307,1.759920679631355,0.21622453763636695,-4.471544715447151,2.6131591227251505,0.28341993386868936,0.33175355450236754,-0.5980646895439756,0.6175343700698832,0.40257422681861943,-0.3744689190797179,-7.634543178973729,7.681940700808632,2.7,2.6,0.0
CZ,Czechia,2024-Q2,219.9,151.9,2.6,143.638,81.0,32.3,141.2,2024,2,0,0,2.6131591227251505,0.9123521856592376,0.2946598145458612,14.893617021276606,2.1828103683492417,0.9420631182289307,0.28341993386868936,1.759920679631355,-0.5980646895439756,0.21622453763636695,0.40257422681861943,-4.471544715447151,-7.634543178973729,2.7,2.7,-0.10000000000000009
CZ,Czechia,2024-Q3,224.7,152.62333333333333,2.5,144.492,86.9,32.3,141.2,2024,3,0,0,2.1828103683492417,0.4761904761904745,0.5945501886687188,7.283950617283952,2.447708055184683,2.6131591227251505,0.9420631182289307,0.9123521856592376,1.759920679631355,0.2946598145458612,0.21622453763636695,14.893617021276606,-4.471544715447151,2.6,2.7,-0.10000000000000009
CZ,Czechia,2024-Q4,230.2,152.5533333333333,2.6,145.699,81.6,32.3,141.2,2024,4,0,0,2.447708055184683,-0.04586454670540974,0.8353403648645008,-6.098964326812439,2.3457862728062606,2.1828103683492417,2.6131591227251505,0.4761904761904745,0.9123521856592376,0.5945501886687188,0.2946598145458612,7.283950617283952,14.893617021276606,2.5,2.6,0.10000000000000009
CZ,Czechia,2025-Q1,235.6,154.69333333333336,2.5,146.701,74.0,32.4,141.2,2025,1,0,0,2.3457862728062606,1.4027880959664563,0.6877192019162592,-9.313725490196067,3.1409168081494077,2.447708055184683,2.1828103683492417,-0.04586454670540974,0.4761904761904745,0.8353403648645008,0.5945501886687188,-6.098964326812439,7.283950617283952,2.6,2.5,-0.10000000000000009
CZ,Czechia,2025-Q2,243.0,155.30666666666664,2.8,147.367,69.5,32.4,141.2,2025,2,0,0,3.1409168081494077,0.3964833649370503,0.45398463541488354,-6.081081081081086,2.4691358024691468,2.3457862728062606,2.447708055184683,1.4027880959664563,-0.04586454670540974,0.6877192019162592,0.8353403648645008,-9.313725490196067,-6.098964326812439,2.5,2.6,0.2999999999999998
DE,Germany,2014-Q1,93.8,99.06666666666666,4.8,113.219,66.5,31.6,226.5,2014,1,1,1,0.8602150537634357,0.16176867080073265,1.0441860257565772,-5.405405405405405,2.025586353944564,0.10764262648008671,-0.21482277121374072,0.026968716289133,0.5968529571350967,0.14836927862142968,0.5120695695920441,-12.234706616729085,7.372654155495972,4.8,4.8,
DE,Germany,2014-Q2,95.7,99.18333333333334,4.7,113.195,75.4,31.6,226.5,2014,2,1,1,2.025586353944564,0.11776581426650168,-0.021197855483623407,13.383458646616543,0.5224660397074254,0.8602150537634357,0.10764262648008671,0.16176867080073265,0.026968716289133,1.0441860257565772,0.14836927862142968,-5.405405405405405,-12.234706616729085,4.8,4.8,-0.09999999999999964
DE,Germany,2014-Q3,96.2,99.66000000000001,4.6,113.825,79.1,31.6,226.5,2014,3,1,1,0.5224660397074254,0.48059149722736727,0.5565616855868205,4.907161803713511,0.0,2.025586353944564,0.8602150537634357,0.11776581426650168,0.16176867080073265,-0.021197855483623407,1.0441860257565772,13.383458646616543,-5.405405405405405,4.7,4.8,-0.10000000000000053
DE,Germany,2014-Q4,96.2,99.35333333333334,4.6,114.692,73.4,31.6,226.5,2014,4,1,1,0.0,-0.30771289049434936,0.761695585328348,-7.206068268015153,1.6632016632016633,0.5224660397074254,2.025586353944564,0.48059149722736727,0.11776581426650168,0.5565616855868205,-0.021197855483623407,4.907161803713511,13.383458646616543,4.6,4.7,0.0
DE,Germany,2015-Q1,97.8,98.95666666666666,4.5,114.442,66.8,32.0,228.4,2015,1,1,1,1.6632016632016633,-0.399248473461733,-0.2179750985247475,-8.99182561307903,2.147239263803691,0.0,0.5224660397074254,-0.30771289049434936,0.48059149722736727,0.761695585328348,0.5565616855868205,-7.206068268015153,4.907161803713511,4.6,4.6,-0.09999999999999964
DE,Germany,2015-Q2,99.9,100.43666666666667,4.4,115.036,78.3,32.0,228.4,2015,2,1,1,2.147239263803691,1.4956041364907247,0.5190402125093918,17.215568862275443,0.5005005005005003,1.6632016632016633,0.0,-0.399248473461733,-0.30771289049434936,-0.2179750985247475,0.761695585328348,-8.99182561307903,-7.206068268015153,4.5,4.6,-0.09999999999999964
DE,Germany,2015-Q3,100.4,100.73666666666666,4.2,115.654,84.3,32.0,228.4,2015,3,1,1,0.5005005005005003,0.298695695463147,0.5372231301505659,7.662835249042144,1.3944223107569709,2.147239263803691,1.6632016632016633,1.4956041364907247,-0.399248473461733,0.5190402125093918,-0.2179750985247475,17.215568862275443,-8.99182561307903,4.4,4.5,-0.20000000000000018
DE,Germany,2015-Q4,101.8,99.87,4.3,116.247,86.4,32.0,228.4,2015,4,1,1,1.3944223107569709,-0.8603289103603418,0.5127362650664935,2.491103202846978,2.062868369351678,0.5005005005005003,2.147239263803691,0.298695695463147,1.4956041364907247,0.5372231301505659,0.5190402125093918,7.662835249042144,17.215568862275443,4.2,4.4,0.09999999999999964
DE,Germany,2016-Q1,103.9,99.07666666666667,4.0,117.269,82.7,32.0,233.1,2016,1,1,1,2.062868369351678,-0.7943660091452198,0.8791624730100533,-4.2824074074074066,2.887391722810384,1.3944223107569709,0.5005005005005003,-0.8603289103603418,0.298695695463147,0.5127362650664935,0.5372231301505659,2.491103202846978,7.662835249042144,4.3,4.2,-0.2999999999999998
DE,Germany,2016-Q2,106.9,100.33333333333333,4.0,117.53,95.1,32.0,233.1,2016,2,1,1,2.887391722810384,1.2683780237526365,0.2225652133129863,14.993954050785963,1.7773620205799645,2.062868369351678,1.3944223107569709,-0.7943660091452198,-0.8603289103603418,0.8791624730100533,0.5127362650664935,-4.2824074074074066,2.491103202846978,4.0,4.3,0.0
DE,Germany,2016-Q3,108.8,101.12,3.8,117.946,90.1,32.0,233.1,2016,3,1,1,1.7773620205799645,0.7840531561461805,0.35395218242151305,-5.257623554153524,1.4705882352941346,2.887391722810384,2.062868369351678,1.2683780237526365,-0.7943660091452198,0.2225652133129863,0.8791624730100533,14.993954050785963,-4.2824074074074066,4.0,4.0,-0.20000000000000018
DE,Germany,2016-Q4,110.4,100.87666666666667,3.7,118.492,97.2,32.0,233.1,2016,4,1,1,1.4705882352941346,-0.2406381856540185,0.4629237108507267,7.880133185349614,0.45289855072463414,1.7773620205799645,2.887391722810384,0.7840531561461805,1.2683780237526365,0.35395218242151305,0.2225652133129863,-5.257623554153524,14.993954050785963,3.8,4.0,-0.09999999999999964
DE,Germany,2017-Q1,110.9,100.85000000000001,3.7,120.03,79.9,32.4,234.0,2017,1,1,1,0.45289855072463414,-0.02643492053000518,1.2979779225601673,-17.798353909465014,1.9837691614066566,1.4705882352941346,1.7773620205799645,-0.2406381856540185,0.7840531561461805,0.4629237108507267,0.35395218242151305,7.880133185349614,-5.257623554153524,3.7,3.8,0.0
DE,Germany,2017-Q2,113.1,102.00333333333333,3.6,120.885,93.4,32.4,234.0,2017,2,1,1,1.9837691614066566,1.1436126260122137,0.7123219195201314,16.896120150187734,1.6799292661361598,0.45289855072463414,1.4705882352941346,-0.02643492053000518,-0.2406381856540185,1.2979779225601673,0.4629237108507267,-17.798353909465014,7.880133185349614,3.7,3.7,-0.10000000000000009
DE,Germany,2017-Q3,115.0,102.95666666666666,3.5,121.847,90.8,32.4,234.0,2017,3,1,1,1.6799292661361598,0.9346099800660035,0.7957976589320293,-2.7837259100642497,2.0000000000000018,1.9837691614066566,0.45289855072463414,1.1436126260122137,-0.02643492053000518,0.7123219195201314,1.2979779225601673,16.896120150187734,-17.798353909465014,3.6,3.7,-0.10000000000000009
DE,Germany,2017-Q4,117.3,102.48,3.4,123.083,93.3,32.4,234.0,2017,4,1,1,2.0000000000000018,-0.46297795188913193,1.0143868950404977,2.753303964757703,0.8525149190110826,1.6799292661361598,1.9837691614066566,0.9346099800660035,1.1436126260122137,0.7957976589320293,0.7123219195201314,-2.7837259100642497,16.896120150187734,3.5,3.6,-0.10000000000000009
DE,Germany,2018-Q1,118.3,102.28666666666668,3.2,122.403,81.4,32.8,234.7,2018,1,1,1,0.8525149190110826,-0.18865469685140912,-0.5524727216593583,-12.75455519828509,1.9442096365173356,2.0000000000000018,1.6799292661361598,-0.46297795188913193,0.9346099800660035,1.0143868950404977,0.7957976589320293,2.753303964757703,-2.7837259100642497,3.4,3.5,-0.19999999999999973
DE,Germany,2018-Q2,120.6,103.94666666666666,3.3,123.365,95.6,32.8,234.7,2018,2,1,1,1.9442096365173356,1.622889917226078,0.7859284494661001,17.444717444717426,2.072968490878946,0.8525149190110826,2.0000000000000018,-0.18865469685140912,-0.46297795188913193,-0.5524727216593583,1.0143868950404977,-12.75455519828509,2.753303964757703,3.2,3.4,0.09999999999999964
DE,Germany,2018-Q3,123.1,105.20333333333333,3.1,122.557,98.2,32.8,234.7,2018,3,1,1,2.072968490878946,1.2089533093894378,-0.6549669679406622,2.7196652719665426,1.2185215272136452,1.9442096365173356,0.8525149190110826,1.622889917226078,-0.18865469685140912,0.7859284494661001,-0.5524727216593583,17.444717444717426,-12.75455519828509,3.3,3.2,-0.19999999999999973
DE,Germany,2018-Q4,124.6,104.64999999999999,3.1,123.103,89.3,32.8,234.7,2018,4,1,1,1.2185215272136452,-0.5259655904439109,0.44550698858489834,-9.063136456211819,0.0,2.072968490878946,1.9442096365173356,1.2089533093894378,1.622889917226078,-0.6549669679406622,0.7859284494661001,2.7196652719665426,17.444717444717426,3.1,3.3,0.0
DE,Germany,2019-Q1,124.6,103.92,3.0,123.911,79.6,33.2,235.2,2019,1,1,1,0.0,-0.6975633062589526,0.6563609335272114,-10.862262038073911,2.5682182985553803,1.2185215272136452,2.072968490878946,-0.5259655904439109,1.2089533093894378,0.44550698858489834,-0.6549669679406622,-9.063136456211819,2.7196652719665426,3.1,3.1,-0.10000000000000009
DE,Germany,2019-Q2,127.8,105.69666666666667,2.9,123.982,93.3,33.2,235.2,2019,2,1,1,2.5682182985553803,1.7096484475237483,0.057299190548043555,17.211055276381913,1.4084507042253502,0.0,1.2185215272136452,-0.6975633062589526,-0.5259655904439109,0.6563609335272114,0.44550698858489834,-10.862262038073911,-9.063136456211819,3.0,3.1,-0.10000000000000009
DE,Germany,2019-Q3,129.6,106.31,2.9,124.457,96.6,33.2,235.2,2019,3,1,1,1.4084507042253502,0.5802768929956681,0.3831201303414966,3.5369774919614017,2.3919753086419693,2.5682182985553803,0.0,1.7096484475237483,-0.6975633062589526,0.057299190548043555,0.6563609335272114,17.211055276381913,-10.862262038073911,2.9,3.0,0.0
DE,Germany,2019-Q4,132.7,105.92333333333333,3.0,124.042,106.7,33.2,235.2,2019,4,1,1,2.3919753086419693,-0.36371617596338,-0.3334485002852272,10.455486542443083,0.8289374529012905,1.4084507042253502,2.5682182985553803,0.5802768929956681,1.7096484475237483,0.3831201303414966,0.057299190548043555,3.5369774919614017,17.211055276381913,2.9,2.9,0.10000000000000009
DE,Germany,2020-Q1,133.8,105.53666666666668,3.3,121.524,84.2,33.7,235.2,2020,1,1,1,0.8289374529012905,-0.36504389967585427,-2.029957595008147,-21.087160262417992,1.7937219730941534,2.3919753086419693,1.4084507042253502,-0.36371617596338,0.5802768929956681,-0.3334485002852272,0.3831201303414966,10.455486542443083,3.5369774919614017,3.0,2.9,0.2999999999999998
DE,Germany,2020-Q2,136.2,106.42666666666666,3.6,110.74,101.2,33.7,235.2,2020,2,1,1,1.7937219730941534,0.8433088026278179,-8.87396728218295,20.19002375296912,3.010279001468441,0.8289374529012905,2.3919753086419693,-0.36504389967585427,-0.36371617596338,-2.029957595008147,-0.3334485002852272,-21.087160262417992,10.455486542443083,3.3,3.0,0.30000000000000027
DE,Germany,2020-Q3,140.3,106.13333333333333,3.9,120.348,95.8,33.7,235.2,2020,3,1,1,3.010279001468441,-0.2756201453269935,8.676178435976167,-5.335968379446642,2.851033499643618,1.7937219730941534,0.8289374529012905,0.8433088026278179,-0.36504389967585427,-8.87396728218295,-2.029957595008147,20.19002375296912,-21.087160262417992,3.6,3.3,0.2999999999999998
DE,Germany,2020-Q4,144.3,105.29333333333334,3.7,121.512,104.2,33.7,235.2,2020,4,1,1,2.851033499643618,-0.7914572864321512,0.9671951341110763,8.768267223382043,1.3860013860013787,3.010279001468441,1.7937219730941534,-0.2756201453269935,0.8433088026278179,8.676178435976167,-8.87396728218295,-5.335968379446642,20.19002375296912,3.9,3.6,-0.19999999999999973
DE,Germany,2021-Q1,146.3,107.35666666666667,3.9,120.764,101.4,34.2,235.4,2021,1,1,1,1.3860013860013787,1.959604913258195,-0.6155770623477608,-2.6871401151631447,3.759398496240607,2.851033499643618,3.010279001468441,-0.7914572864321512,-0.2756201453269935,0.9671951341110763,8.676178435976167,8.768267223382043,-5.335968379446642,3.7,3.9,0.19999999999999973
DE,Germany,2021-Q2,151.8,108.74000000000001,3.7,123.602,97.9,34.2,235.4,2021,2,1,1,3.759398496240607,1.2885397584376124,2.350038090821771,-3.451676528599601,4.216073781291163,1.3860013860013787,2.851033499643618,1.959604913258195,-0.7914572864321512,-0.6155770623477608,0.9671951341110763,-2.6871401151631447,8.768267223382043,3.9,3.7,-0.19999999999999973
DE,Germany,2021-Q3,158.2,109.87,3.4,123.709,97.1,34.2,235.4,2021,3,1,1,4.216073781291163,1.0391760161853947,0.08656817850842824,-0.8171603677221806,2.718078381795208,3.759398496240607,1.3860013860013787,1.2885397584376124,1.959604913258195,2.350038090821771,-0.6155770623477608,-3.451676528599601,-2.6871401151631447,3.7,3.9,-0.30000000000000027
DE,Germany,2021-Q4,162.5,111.00666666666666,3.4,124.374,103.6,34.2,235.4,2021,4,1,1,2.718078381795208,1.034555990412911,0.5375518353555542,6.694129763130796,0.9846153846153838,4.216073781291163,3.759398496240607,1.0391760161853947,1.2885397584376124,0.08656817850842824,2.350038090821771,-0.8171603677221806,-3.451676528599601,3.4,3.7,0.0
DE,Germany,2022-Q1,164.1,113.86666666666667,3.1,125.217,98.7,34.7,235.4,2022,1,1,1,0.9846153846153838,2.5764218365263547,0.6777943943267806,-4.729729729729726,2.010968921389411,2.718078381795208,4.216073781291163,1.034555990412911,1.0391760161853947,0.5375518353555542,0.08656817850842824,6.694129763130796,-0.8171603677221806,3.4,3.4,-0.2999999999999998
DE,Germany,2022-Q2,167.4,117.74333333333334,3.1,125.408,99.1,34.7,235.4,2022,2,1,1,2.010968921389411,3.404566744730686,0.1525351988947099,0.4052684903748549,-0.6571087216248439,0.9846153846153838,2.718078381795208,2.5764218365263547,1.034555990412911,0.6777943943267806,0.5375518353555542,-4.729729729729726,6.694129763130796,3.1,3.4,0.0
DE,Germany,2022-Q3,166.3,120.20666666666666,3.2,125.776,89.7,34.7,235.4,2022,3,1,1,-0.6571087216248439,2.092121280751913,0.29344220464404547,-9.485368314833497,-4.690318701142515,2.010968921389411,0.9846153846153838,3.404566744730686,2.5764218365263547,0.1525351988947099,0.6777943943267806,0.4052684903748549,-4.729729729729726,3.1,3.1,0.10000000000000009
DE,Germany,2022-Q4,158.5,123.02,3.1,125.336,84.0,34.7,235.4,2022,4,1,1,-4.690318701142515,2.3404137319061658,-0.34982826612389717,-6.354515050167231,-3.0283911671924346,-0.6571087216248439,2.010968921389411,2.092121280751913,3.404566744730686,0.29344220464404547,0.1525351988947099,-9.485368314833497,0.4052684903748549,3.2,3.1,-0.10000000000000009
DE,Germany,2023-Q1,153.7,123.84333333333332,3.0,124.745,69.5,34.9,235.8,2023,1,1,1,-3.0283911671924346,0.6692678697230781,-0.471532520584661,-17.261904761904766,-1.3662979830839306,-4.690318701142515,-0.6571087216248439,2.3404137319061658,2.092121280751913,-0.34982826612389717,0.29344220464404547,-6.354515050167231,-9.485368314833497,3.1,3.2,-0.10000000000000009
DE,Germany,2023-Q2,151.6,125.82,3.0,124.65,64.5,34.9,235.8,2023,2,1,1,-1.3662979830839306,1.596102602750804,-0.07615535692813147,-7.194244604316546,-1.517150395778355,-3.0283911671924346,-4.690318701142515,0.6692678697230781,2.3404137319061658,-0.471532520584661,-0.34982826612389717,-17.261904761904766,-6.354515050167231,3.0,3.1,0.0
DE,Germany,2023-Q3,149.3,127.07,3.1,124.65,59.4,34.9,235.8,2023,3,1,1,-1.517150395778355,0.9934827531393964,0.0,-7.906976744186045,-1.942397856664435,-1.3662979830839306,-3.0283911671924346,1.596102602750804,0.6692678697230781,-0.07615535692813147,-0.471532520584661,-7.194244604316546,-17.261904761904766,3.0,3.0,0.10000000000000009
DE,Germany,2023-Q4,146.4,126.67666666666666,3.2,124.306,62.5,34.9,235.8,2023,4,1,1,-1.942397856664435,-0.3095406731198014,-0.2759727236261611,5.218855218855212,-0.4098360655737654,-1.517150395778355,-1.3662979830839306,0.9934827531393964,1.596102602750804,0.0,-0.07615535692813147,-7.906976744186045,-7.194244604316546,3.1,3.0,0.10000000000000009
DE,Germany,2024-Q1,145.8,127.19,3.3,124.172,51.7,35.2,236.4,2024,1,1,1,-0.4098360655737654,0.4052311659605845,-0.10779849725677249,-17.279999999999994,1.3717421124828544,-1.942397856664435,-1.517150395778355,-0.3095406731198014,0.9934827531393964,-0.2759727236261611,0.0,5.218855218855212,-7.906976744186045,3.2,3.1,0.09999999999999964
DE,Germany,2024-Q2,147.8,129.04666666666665,3.4,123.852,51.6,35.2,236.4,2024,2,1,1,1.3717421124828544,1.4597583667478986,-0.2577070515091928,-0.19342359767892114,0.8119079837618282,-0.4098360655737654,-1.942397856664435,0.4052311659605845,-0.3095406731198014,-0.10779849725677249,-0.2759727236261611,-17.279999999999994,5.218855218855212,3.3,3.2,0.10000000000000009
DE,Germany,2024-Q3,149.0,129.84,3.5,123.875,47.5,35.2,236.4,2024,3,1,1,0.8119079837618282,0.6147646846102361,0.018570551949093073,-7.945736434108531,0.13422818791946067,1.3717421124828544,-0.4098360655737654,1.4597583667478986,0.4052311659605845,-0.2577070515091928,-0.10779849725677249,-0.19342359767892114,-17.279999999999994,3.4,3.3,0.10000000000000009
DE,Germany,2024-Q4,149.2,129.89333333333335,3.4,124.101,55.5,35.2,236.4,2024,4,1,1,0.13422818791946067,0.04107619634421411,0.18244197780019622,16.842105263157904,1.1394101876675666,0.8119079837618282,1.3717421124828544,0.6147646846102361,1.4597583667478986,0.018570551949093073,-0.2577070515091928,-7.945736434108531,-0.19342359767892114,3.5,3.4,-0.10000000000000009
DE,Germany,2025-Q1,150.9,130.48,3.6,124.555,53.1,35.9,236.4,2025,1,1,1,1.1394101876675666,0.4516526380619723,0.36583105696168516,-4.324324324324325,0.994035785288272,0.13422818791946067,0.8119079837618282,0.04107619634421411,0.6147646846102361,0.18244197780019622,0.018570551949093073,16.842105263157904,-7.945736434108531,3.4,3.5,0.20000000000000018
DE,Germany,2025-Q2,152.4,131.76,3.8,124.306,52.8,35.9,236.4,2025,2,1,1,0.994035785288272,0.9809932556713585,-0.199911685600751,-0.5649717514124353,0.9842519685039353,1.1394101876675666,0.13422818791946067,0.4516526380619723,0.04107619634421411,0.36583105696168516,0.18244197780019622,-4.324324324324325,16.842105263157904,3.6,3.4,0.19999999999999973
DK,Denmark,2014-Q1,91.22,99.62666666666667,7.2,104.03,32.9,28.3,131.5,2014,1,0,0,1.4231710028908218,0.05356186395286677,0.01153646484262083,17.500000000000004,3.793027844770891,-1.3923911851770554,0.05484861781481776,0.19453947809755512,-0.1841373999799112,0.02211644790615086,0.8446142508048649,-12.5,-11.602209944751385,7.0,7.4,
DK,Denmark,2014-Q2,94.68,99.95666666666666,6.8,104.12,48.1,28.3,131.5,2014,2,0,0,3.793027844770891,0.33123661670235727,0.08651350571950989,46.20060790273557,-0.5069708491761804,1.4231710028908218,-1.3923911851770554,0.05356186395286677,0.19453947809755512,0.01153646484262083,0.02211644790615086,17.500000000000004,-12.5,7.2,7.0,-0.40000000000000036
DK,Denmark,2014-Q3,94.2,99.74,7.0,105.644,50.1,28.3,131.5,2014,3,0,0,-0.5069708491761804,-0.21676059625838073,1.4636957356895852,4.158004158004158,-0.40339702760086027,3.793027844770891,1.4231710028908218,0.33123661670235727,0.05356186395286677,0.08651350571950989,0.01153646484262083,46.20060790273557,17.500000000000004,6.8,7.2,0.20000000000000018
DK,Denmark,2014-Q4,93.82,99.75333333333333,6.7,105.571,36.6,28.3,131.5,2014,4,0,0,-0.40339702760086027,0.013368090368293117,-0.06909999621370622,-26.94610778443114,0.7354508633553802,-0.5069708491761804,3.793027844770891,-0.21676059625838073,0.33123661670235727,1.4636957356895852,0.08651350571950989,4.158004158004158,46.20060790273557,7.0,6.8,-0.2999999999999998
DK,Denmark,2015-Q1,94.51,99.61,6.4,106.367,44.2,28.8,132.4,2015,1,0,0,0.7354508633553802,-0.14368776314910292,0.753994941792735,20.76502732240437,5.967622473812306,-0.40339702760086027,-0.5069708491761804,0.013368090368293117,-0.21676059625838073,-0.06909999621370622,1.4636957356895852,-26.94610778443114,4.158004158004158,6.7,7.0,-0.2999999999999998
DK,Denmark,2015-Q2,100.15,100.35333333333334,6.4,107.064,70.2,28.8,132.4,2015,2,0,0,5.967622473812306,0.7462436836997766,0.6552784228190944,58.823529411764696,2.4263604593110166,0.7354508633553802,-0.40339702760086027,-0.14368776314910292,0.013368090368293117,0.753994941792735,-0.06909999621370622,20.76502732240437,-26.94610778443114,6.4,6.7,0.0
DK,Denmark,2015-Q3,102.58,100.10333333333334,6.2,107.235,60.3,28.8,132.4,2015,3,0,0,2.4263604593110166,-0.24911977678867547,0.1597175521183658,-14.102564102564108,0.16572431273151889,5.967622473812306,0.7354508633553802,0.7462436836997766,-0.14368776314910292,0.6552784228190944,0.753994941792735,58.823529411764696,20.76502732240437,6.4,6.4,-0.20000000000000018
DK,Denmark,2015-Q4,102.75,99.92666666666666,6.1,107.524,62.7,28.8,132.4,2015,4,0,0,0.16572431273151889,-0.17648429955713363,0.2695015619900154,3.9800995024875663,-3.347931873479315,2.4263604593110166,5.967622473812306,-0.24911977678867547,0.7462436836997766,0.1597175521183658,0.6552784228190944,-14.102564102564108,58.823529411764696,6.2,6.4,-0.10000000000000053
DK,Denmark,2016-Q1,99.31,99.67333333333333,6.1,108.851,58.8,29.3,136.4,2016,1,0,0,-3.347931873479315,-0.2535192474481307,1.2341430750343996,-6.220095693779914,4.954183868693995,0.16572431273151889,2.4263604593110166,-0.17648429955713363,-0.24911977678867547,0.2695015619900154,0.1597175521183658,3.9800995024875663,-14.102564102564108,6.1,6.2,0.0
DK,Denmark,2016-Q2,104.23,100.25999999999999,6.0,110.038,90.3,29.3,136.4,2016,2,0,0,4.954183868693995,0.588589392013894,1.0904814838632593,53.571428571428584,3.2907991940899883,-3.347931873479315,0.16572431273151889,-0.2535192474481307,-0.17648429955713363,1.2341430750343996,0.2695015619900154,-6.220095693779914,3.9800995024875663,6.1,6.1,-0.09999999999999964
DK,Denmark,2016-Q3,107.66,100.03666666666668,6.0,110.936,66.2,29.3,136.4,2016,3,0,0,3.2907991940899883,-0.2227541724848514,0.816081717224959,-26.688815060908077,-0.548021549321942,4.954183868693995,-3.347931873479315,0.588589392013894,-0.2535192474481307,1.0904814838632593,1.2341430750343996,53.571428571428584,-6.220095693779914,6.0,6.1,0.0
DK,Denmark,2016-Q4,107.07,100.10666666666667,5.9,111.523,91.9,29.3,136.4,2016,4,0,0,-0.548021549321942,0.06997434274098602,0.5291339150501173,38.82175226586102,-1.6531241244045924,3.2907991940899883,4.954183868693995,-0.2227541724848514,0.588589392013894,0.816081717224959,1.0904814838632593,-26.688815060908077,53.571428571428584,6.0,6.0,-0.09999999999999964
DK,Denmark,2017-Q1,105.3,100.52,6.2,112.602,73.8,29.7,137.3,2017,1,0,0,-1.6531241244045924,0.4128929142248161,0.9675134277234321,-19.69532100108815,4.245014245014245,-0.548021549321942,3.2907991940899883,0.06997434274098602,-0.2227541724848514,0.5291339150501173,0.816081717224959,38.82175226586102,-26.688815060908077,5.9,6.0,0.2999999999999998
DK,Denmark,2017-Q2,109.77,100.96333333333332,5.9,113.96,79.1,29.7,137.3,2017,2,0,0,4.245014245014245,0.4410399257195774,1.206017655103797,7.181571815718146,2.323039081716316,-1.6531241244045924,-0.548021549321942,0.4128929142248161,0.06997434274098602,0.9675134277234321,0.5291339150501173,-19.69532100108815,38.82175226586102,6.2,5.9,-0.2999999999999998
DK,Denmark,2017-Q3,112.32,101.56666666666666,5.9,113.706,65.2,29.7,137.3,2017,3,0,0,2.323039081716316,0.5975766780019098,-0.22288522288521628,-17.572692793931722,-0.6321225071225012,4.245014245014245,-1.6531241244045924,0.4410399257195774,0.4128929142248161,1.206017655103797,0.9675134277234321,7.181571815718146,-19.69532100108815,5.9,6.2,0.0
DK,Denmark,2017-Q4,111.61,101.28333333333335,5.4,114.57,87.7,29.7,137.3,2017,4,0,0,-0.6321225071225012,-0.2789629143419625,0.759854361247414,34.50920245398772,-0.008959770629879404,2.323039081716316,4.245014245014245,0.5975766780019098,0.4410399257195774,-0.22288522288521628,1.206017655103797,-17.572692793931722,7.181571815718146,5.9,5.9,-0.5
DK,Denmark,2018-Q1,111.6,100.99000000000001,5.2,115.502,83.7,30.1,138.0,2018,1,0,0,-0.008959770629879404,-0.2896165871318135,0.81347647726282,-4.561003420752563,3.8351254480286645,-0.6321225071225012,2.323039081716316,-0.2789629143419625,0.5975766780019098,0.759854361247414,-0.22288522288521628,34.50920245398772,-17.572692793931722,5.4,5.9,-0.20000000000000018
DK,Denmark,2018-Q2,115.88,101.89999999999999,5.2,115.461,110.2,30.1,138.0,2018,2,0,0,3.8351254480286645,0.901079314783626,-0.03549722082734075,31.660692951015523,0.21574042112531,-0.008959770629879404,-0.6321225071225012,-0.2896165871318135,-0.2789629143419625,0.81347647726282,0.759854361247414,-4.561003420752563,34.50920245398772,5.2,5.4,0.0
DK,Denmark,2018-Q3,116.13,102.31333333333333,4.8,116.081,111.9,30.1,138.0,2018,3,0,0,0.21574042112531,0.4056264311416591,0.5369778539940029,1.5426497277676976,-1.1969344699905293,3.8351254480286645,-0.008959770629879404,0.901079314783626,-0.2896165871318135,-0.03549722082734075,0.81347647726282,31.660692951015523,-4.561003420752563,5.2,5.2,-0.40000000000000036
DK,Denmark,2018-Q4,114.74,101.96333333333332,5.2,116.254,107.0,30.1,138.0,2018,4,0,0,-1.1969344699905293,-0.3420864012510627,0.14903386428442023,-4.378909740840042,0.1045842774969552,0.21574042112531,3.8351254480286645,0.4056264311416591,0.901079314783626,0.5369778539940029,-0.03549722082734075,1.5426497277676976,31.660692951015523,4.8,5.2,0.40000000000000036
DK,Denmark,2019-Q1,114.86,102.19333333333333,5.2,116.716,98.3,30.6,138.5,2019,1,0,0,0.1045842774969552,0.22557128379483427,0.397405680664753,-8.130841121495324,2.254919031864877,-1.1969344699905293,0.21574042112531,-0.3420864012510627,0.4056264311416591,0.14903386428442023,0.5369778539940029,-4.378909740840042,1.5426497277676976,5.2,4.8,0.0
DK,Denmark,2019-Q2,117.45,102.59666666666668,5.0,117.777,99.6,30.6,138.5,2019,2,0,0,2.254919031864877,0.3946767564746656,0.9090441756057555,1.3224821973550238,1.0813111962537203,0.1045842774969552,-1.1969344699905293,0.22557128379483427,-0.3420864012510627,0.397405680664753,0.14903386428442023,-8.130841121495324,-4.378909740840042,5.2,5.2,-0.20000000000000018
DK,Denmark,2019-Q3,118.72,102.72000000000001,4.8,118.159,89.6,30.6,138.5,2019,3,0,0,1.0813111962537203,0.1202118327431112,0.32434176452109664,-10.040160642570283,-1.027628032345007,2.254919031864877,0.1045842774969552,0.3946767564746656,0.22557128379483427,0.9090441756057555,0.397405680664753,1.3224821973550238,-8.130841121495324,5.0,5.2,-0.20000000000000018
DK,Denmark,2019-Q4,117.5,102.62666666666667,5.1,118.576,82.8,30.6,138.5,2019,4,0,0,-1.027628032345007,-0.09086188992732946,0.3529142934520335,-7.58928571428571,0.6638297872340493,1.0813111962537203,2.254919031864877,0.1202118327431112,0.3946767564746656,0.32434176452109664,0.9090441756057555,-10.040160642570283,1.3224821973550238,4.8,5.0,0.2999999999999998
DK,Denmark,2020-Q1,118.28,102.77333333333333,4.9,117.59,93.7,31.1,138.5,2020,1,0,0,0.6638297872340493,0.14291282317786536,-0.8315342059101227,13.164251207729482,2.1220831924247507,-1.027628032345007,1.0813111962537203,-0.09086188992732946,0.1202118327431112,0.3529142934520335,0.32434176452109664,-7.58928571428571,-10.040160642570283,5.1,4.8,-0.1999999999999993
DK,Denmark,2020-Q2,120.79,102.55,5.5,110.619,82.9,31.1,138.5,2020,2,0,0,2.1220831924247507,-0.2173066943435331,-5.928225189216773,-11.52614727854856,2.367745674310795,0.6638297872340493,-1.027628032345007,0.14291282317786536,-0.09086188992732946,-0.8315342059101227,0.3529142934520335,13.164251207729482,-7.58928571428571,4.9,5.1,0.5999999999999996
DK,Denmark,2020-Q3,123.65,103.17999999999999,6.3,117.293,86.1,31.1,138.5,2020,3,0,0,2.367745674310795,0.6143344709897525,6.033321581283513,3.8600723763570377,1.884350990699546,2.1220831924247507,0.6638297872340493,-0.2173066943435331,0.14291282317786536,-5.928225189216773,-0.8315342059101227,-11.52614727854856,13.164251207729482,5.5,4.9,0.7999999999999998
DK,Denmark,2020-Q4,125.98,103.02666666666666,5.9,117.337,116.3,31.1,138.5,2020,4,0,0,1.884350990699546,-0.14860761129418254,0.03751289505766753,35.07549361207898,2.4130814414986546,2.367745674310795,2.1220831924247507,0.6143344709897525,-0.2173066943435331,6.033321581283513,-5.928225189216773,3.8600723763570377,-11.52614727854856,6.3,5.5,-0.39999999999999947
DK,Denmark,2021-Q1,129.02,103.39333333333333,6.1,117.954,97.9,31.7,138.9,2021,1,0,0,2.4130814414986546,0.3558949139381484,0.5258358403572583,-15.821152192605325,5.588280886684216,1.884350990699546,2.367745674310795,-0.14860761129418254,0.6143344709897525,0.03751289505766753,6.033321581283513,35.07549361207898,3.8600723763570377,5.9,6.3,0.1999999999999993
DK,Denmark,2021-Q2,136.23,104.29666666666667,5.1,122.026,109.5,31.7,138.9,2021,2,0,0,5.588280886684216,0.8736862466954598,3.452193227868494,11.848825331971401,2.627908683843505,2.4130814414986546,1.884350990699546,0.3558949139381484,-0.14860761129418254,0.5258358403572583,0.03751289505766753,-15.821152192605325,35.07549361207898,6.1,5.9,-1.0
DK,Denmark,2021-Q3,139.81,105.20333333333333,4.8,124.435,95.1,31.7,138.9,2021,3,0,0,2.627908683843505,0.8693150947617356,1.9741694392998221,-13.15068493150685,0.17166154066232675,5.588280886684216,2.4130814414986546,0.8736862466954598,0.3558949139381484,3.452193227868494,0.5258358403572583,11.848825331971401,-15.821152192605325,5.1,6.1,-0.2999999999999998
DK,Denmark,2021-Q4,140.05,106.55333333333333,4.5,128.509,97.4,31.7,138.9,2021,4,0,0,0.17166154066232675,1.2832293019866325,3.273998473098394,2.4185068349106276,0.999642984648319,2.627908683843505,5.588280886684216,0.8693150947617356,0.8736862466954598,1.9741694392998221,3.452193227868494,-13.15068493150685,11.848825331971401,4.8,5.1,-0.2999999999999998
DK,Denmark,2022-Q1,141.45,108.93,4.3,121.713,122.7,32.0,140.6,2022,1,0,0,0.999642984648319,2.230494900832136,-5.288345563345754,25.975359342915816,1.7744786143513824,0.17166154066232675,2.627908683843505,1.2832293019866325,0.8693150947617356,3.273998473098394,1.9741694392998221,2.4185068349106276,-13.15068493150685,4.5,4.8,-0.20000000000000018
DK,Denmark,2022-Q2,143.96,112.93333333333334,4.3,123.915,109.3,32.0,140.6,2022,2,0,0,1.7744786143513824,3.67514305823311,1.80917404057086,-10.92094539527303,0.2986940816893435,0.999642984648319,0.17166154066232675,2.230494900832136,1.2832293019866325,-5.288345563345754,3.273998473098394,25.975359342915816,2.4185068349106276,4.3,4.5,0.0
DK,Denmark,2022-Q3,144.39,115.99333333333334,4.6,125.583,74.9,32.0,140.6,2022,3,0,0,0.2986940816893435,2.7095631641086193,1.3460840091998438,-31.473010064043905,-2.3547337073204333,1.7744786143513824,0.999642984648319,3.67514305823311,2.230494900832136,1.80917404057086,-5.288345563345754,-10.92094539527303,25.975359342915816,4.3,4.3,0.2999999999999998
DK,Denmark,2022-Q4,140.99,117.46666666666665,4.6,123.902,66.9,32.0,140.6,2022,4,0,0,-2.3547337073204333,1.270187941835732,-1.3385569702905609,-10.680907877169554,-4.156323143485363,0.2986940816893435,1.7744786143513824,2.7095631641086193,3.67514305823311,1.3460840091998438,1.80917404057086,-31.473010064043905,-10.92094539527303,4.6,4.3,0.0
DK,Denmark,2023-Q1,135.13,117.62333333333333,4.7,125.319,59.0,32.2,141.6,2023,1,0,0,-4.156323143485363,0.13337116912599534,1.1436457845716896,-11.808669656203296,0.39961518537703355,-2.3547337073204333,0.2986940816893435,1.270187941835732,2.7095631641086193,-1.3385569702905609,1.3460840091998438,-10.680907877169554,-31.473010064043905,4.6,4.6,0.10000000000000053
DK,Denmark,2023-Q2,135.67,117.03000000000002,4.9,123.859,64.4,32.2,141.6,2023,2,0,0,0.39961518537703355,-0.5044350610706405,-1.1650268514750373,9.152542372881367,1.7689983047099567,-4.156323143485363,-2.3547337073204333,0.13337116912599534,1.270187941835732,1.1436457845716896,-1.3385569702905609,-11.808669656203296,-10.680907877169554,4.7,4.6,0.20000000000000018
DK,Denmark,2023-Q3,138.07,118.35666666666667,4.9,123.354,56.5,32.2,141.6,2023,3,0,0,1.7689983047099567,1.1336124640405565,-0.40772168352722904,-12.26708074534162,1.5861519519084544,0.39961518537703355,-4.156323143485363,-0.5044350610706405,0.13337116912599534,-1.1650268514750373,1.1436457845716896,9.152542372881367,-11.808669656203296,4.9,4.7,0.0
DK,Denmark,2023-Q4,140.26,117.57,5.9,125.573,44.1,32.2,141.6,2023,4,0,0,1.5861519519084544,-0.664657673134883,1.798887753943923,-21.94690265486725,-2.566661913589041,1.7689983047099567,0.39961518537703355,1.1336124640405565,-0.5044350610706405,-0.40772168352722904,-1.1650268514750373,-12.26708074534162,9.152542372881367,4.9,4.9,1.0
DK,Denmark,2024-Q1,136.66,118.54,5.8,126.41,34.8,32.5,142.4,2024,1,0,0,-2.566661913589041,0.825040401462962,0.6665445597381581,-21.08843537414967,3.1318600907361382,1.5861519519084544,1.7689983047099567,-0.664657673134883,1.1336124640405565,1.798887753943923,-0.40772168352722904,-21.94690265486725,-12.26708074534162,5.9,4.9,-0.10000000000000053
DK,Denmark,2024-Q2,140.94,118.73666666666668,6.1,128.787,64.4,32.5,142.4,2024,2,0,0,3.1318600907361382,0.1659074292784446,1.8803892097144281,85.05747126436785,3.072229317440045,-2.566661913589041,1.5861519519084544,0.825040401462962,-0.664657673134883,0.6665445597381581,1.798887753943923,-21.08843537414967,-21.94690265486725,5.8,5.9,0.2999999999999998
DK,Denmark,2024-Q3,145.27,119.71666666666665,6.4,129.392,56.7,32.5,142.4,2024,3,0,0,3.072229317440045,0.825355829426444,0.4697679113575104,-11.956521739130444,0.2065120121153674,3.1318600907361382,-2.566661913589041,0.1659074292784446,0.825040401462962,1.8803892097144281,0.6665445597381581,85.05747126436785,-21.08843537414967,6.1,5.8,0.3000000000000007
DK,Denmark,2024-Q4,145.57,119.51666666666667,6.5,130.84,59.0,32.5,142.4,2024,4,0,0,0.2065120121153674,-0.16706111652512456,1.1190800049462268,4.056437389770728,2.1639073985024515,3.072229317440045,3.1318600907361382,0.825355829426444,0.1659074292784446,0.4697679113575104,1.8803892097144281,-11.956521739130444,85.05747126436785,6.4,6.1,0.09999999999999964
DK,Denmark,2025-Q1,148.72,120.46666666666665,6.4,129.687,49.4,32.8,142.4,2025,1,0,0,2.1639073985024515,0.7948682192162826,-0.8812289819627006,-16.271186440677965,1.8020441097364115,0.2065120121153674,3.072229317440045,-0.16706111652512456,0.825355829426444,1.1190800049462268,0.4697679113575104,4.056437389770728,-11.956521739130444,6.5,6.4,-0.09999999999999964
DK,Denmark,2025-Q2,151.4,120.64333333333333,6.3,131.421,61.2,32.8,142.4,2025,2,0,0,1.8020441097364115,0.14665190924183502,1.3370653959147605,23.886639676113376,2.476882430647298,2.1639073985024515,0.2065120121153674,0.7948682192162826,-0.16706111652512456,-0.8812289819627006,1.1190800049462268,-16.271186440677965,4.056437389770728,6.4,6.5,-0.10000000000000053
EE,Estonia,2014-Q1,91.01,99.58999999999999,8.1,113.254,31.4,27.9,30.3,2014,1,1,1,4.826076940797064,0.2954110577729985,1.8810215629301297,-21.695760598503743,1.0658169431930542,2.624113475177303,5.35491905354919,-0.9838790094731764,0.5044431081713041,-0.12578277315077324,-0.1704142860986746,21.51515151515151,-13.157894736842103,8.8,8.1,
EE,Estonia,2014-Q2,91.98,100.37666666666667,7.0,113.801,60.3,27.9,30.3,2014,2,1,1,1.0658169431930542,0.7899052783077343,0.48298514842741724,92.03821656050954,4.12046096977603,4.826076940797064,2.624113475177303,0.2954110577729985,-0.9838790094731764,1.8810215629301297,-0.12578277315077324,-21.695760598503743,21.51515151515151,8.1,8.8,-1.0999999999999996
EE,Estonia,2014-Q3,95.77,100.28666666666668,7.7,115.254,45.0,27.9,30.3,2014,3,1,1,4.12046096977603,-0.08966227210838174,1.2767901863779851,-25.373134328358205,-0.2088336639866406,1.0658169431930542,4.826076940797064,0.7899052783077343,0.2954110577729985,0.48298514842741724,1.8810215629301297,92.03821656050954,-21.695760598503743,7.0,8.1,0.7000000000000002
EE,Estonia,2014-Q4,95.57,99.47666666666667,6.4,117.11,42.9,27.9,30.3,2014,4,1,1,-0.2088336639866406,-0.807684637372863,1.610356256615808,-4.666666666666675,2.8670084754630176,4.12046096977603,1.0658169431930542,-0.08966227210838174,0.7899052783077343,1.2767901863779851,0.48298514842741724,-25.373134328358205,92.03821656050954,7.7,7.0,-1.2999999999999998
EE,Estonia,2015-Q1,98.31,99.34333333333332,6.4,115.412,38.3,28.7,30.3,2015,1,1,1,2.8670084754630176,-0.1340347820259602,-1.4499188796857632,-10.722610722610726,3.3465568100905285,-0.2088336639866406,4.12046096977603,-0.807684637372863,-0.08966227210838174,1.610356256615808,1.2767901863779851,-4.666666666666675,-25.373134328358205,6.4,7.7,0.0
EE,Estonia,2015-Q2,101.6,100.78666666666668,6.6,117.595,78.5,28.7,30.3,2015,2,1,1,3.3465568100905285,1.4528738717578982,1.8914844210307313,104.96083550913839,-1.9389763779527502,2.8670084754630176,-0.2088336639866406,-0.1340347820259602,-0.807684637372863,-1.4499188796857632,1.610356256615808,-10.722610722610726,-4.666666666666675,6.4,6.4,0.1999999999999993
EE,Estonia,2015-Q3,99.63,100.27999999999999,5.7,118.545,68.9,28.7,30.3,2015,3,1,1,-1.9389763779527502,-0.5027119989416851,0.8078574769335489,-12.229299363057322,0.8330824048981222,3.3465568100905285,2.8670084754630176,1.4528738717578982,-0.1340347820259602,1.8914844210307313,-1.4499188796857632,104.96083550913839,-10.722610722610726,6.6,6.4,-0.8999999999999995
EE,Estonia,2015-Q4,100.46,99.58999999999999,6.7,118.365,69.0,28.7,30.3,2015,4,1,1,0.8330824048981222,-0.6880733944954143,-0.1518410730102504,0.14513788098693414,-0.13935894883535527,-1.9389763779527502,3.3465568100905285,-0.5027119989416851,1.4528738717578982,0.8078574769335489,1.8914844210307313,-12.229299363057322,104.96083550913839,5.7,6.6,1.0
EE,Estonia,2016-Q1,100.32,99.63666666666666,6.4,120.232,58.8,29.3,30.3,2016,1,1,1,-0.13935894883535527,0.04685878769621343,1.577324377983369,-14.782608695652177,3.1399521531100483,0.8330824048981222,-1.9389763779527502,-0.6880733944954143,-0.5027119989416851,-0.1518410730102504,0.8078574769335489,0.14513788098693414,-12.229299363057322,6.7,5.7,-0.2999999999999998
EE,Estonia,2016-Q2,103.47,100.91333333333334,6.4,119.966,83.1,29.3,30.3,2016,2,1,1,3.1399521531100483,1.281322137098151,-0.22123893805310324,41.326530612244895,3.3922876195998874,-0.13935894883535527,0.8330824048981222,0.04685878769621343,-0.6880733944954143,1.577324377983369,-0.1518410730102504,-14.782608695652177,0.14513788098693414,6.4,6.7,0.0
EE,Estonia,2016-Q3,106.98,101.48666666666666,7.8,121.249,67.9,29.3,30.3,2016,3,1,1,3.3922876195998874,0.5681442822223604,1.0694696830768624,-18.291215403128746,1.1497476163768727,3.1399521531100483,-0.13935894883535527,1.281322137098151,0.04685878769621343,-0.22123893805310324,1.577324377983369,41.326530612244895,-14.782608695652177,6.4,6.4,1.3999999999999995
EE,Estonia,2016-Q4,108.21,101.16333333333334,6.7,122.713,64.7,29.3,30.3,2016,4,1,1,1.1497476163768727,-0.31859686001444176,1.2074326386197098,-4.712812960235646,-0.12013677109323773,3.3922876195998874,3.1399521531100483,0.5681442822223604,1.281322137098151,1.0694696830768624,-0.22123893805310324,-18.291215403128746,41.326530612244895,7.8,6.4,-1.0999999999999996
EE,Estonia,2017-Q1,108.08,102.71666666666665,5.5,125.152,80.4,30.0,30.3,2017,1,1,1,-0.12013677109323773,1.5354706909617821,1.9875644797209713,24.26584234930449,0.3145817912657334,1.1497476163768727,3.3922876195998874,-0.31859686001444176,0.5681442822223604,1.2074326386197098,1.0694696830768624,-4.712812960235646,-18.291215403128746,6.7,7.8,-1.2000000000000002
EE,Estonia,2017-Q2,108.42,104.33999999999999,6.6,127.29,94.2,30.0,30.3,2017,2,1,1,0.3145817912657334,1.5803991562550745,1.7083226796215767,17.164179104477604,3.3573141486810565,-0.12013677109323773,1.1497476163768727,1.5354706909617821,-0.31859686001444176,1.9875644797209713,1.2074326386197098,24.26584234930449,-4.712812960235646,5.5,6.7,1.0999999999999996
EE,Estonia,2017-Q3,112.06,105.57333333333334,5.3,127.799,79.8,30.0,30.3,2017,3,1,1,3.3573141486810565,1.1820330969267268,0.39987430277319547,-15.286624203821663,1.2761020881670415,0.3145817912657334,-0.12013677109323773,1.5803991562550745,1.5354706909617821,1.7083226796215767,1.9875644797209713,17.164179104477604,24.26584234930449,6.6,5.5,-1.2999999999999998
EE,Estonia,2017-Q4,113.49,105.29,5.6,129.641,104.7,30.0,30.3,2017,4,1,1,1.2761020881670415,-0.2683758524880009,1.441325831970497,31.20300751879701,1.4803066349458271,3.3573141486810565,0.3145817912657334,1.1820330969267268,1.5803991562550745,0.39987430277319547,1.7083226796215767,-15.286624203821663,17.164179104477604,5.3,6.6,0.2999999999999998
EE,Estonia,2018-Q1,115.17,106.03000000000002,6.4,130.465,69.5,30.6,30.4,2018,1,1,1,1.4803066349458271,0.702820780700919,0.63560139153509,-33.61986628462274,1.094034904923169,1.2761020881670415,3.3573141486810565,-0.2683758524880009,1.1820330969267268,1.441325831970497,0.39987430277319547,31.20300751879701,-15.286624203821663,5.6,5.3,0.8000000000000007
EE,Estonia,2018-Q2,116.43,107.76666666666667,5.0,131.754,76.4,30.6,30.4,2018,2,1,1,1.094034904923169,1.6379012229243095,0.9880044456367587,9.928057553956847,0.24048784677488388,1.4803066349458271,1.2761020881670415,0.702820780700919,-0.2683758524880009,0.63560139153509,1.441325831970497,-33.61986628462274,31.20300751879701,6.4,5.6,-1.4000000000000004
EE,Estonia,2018-Q3,116.71,109.22666666666667,5.4,132.714,75.5,30.6,30.4,2018,3,1,1,0.24048784677488388,1.3547788431797159,0.7286306298101008,-1.1780104712041939,2.784679976008908,1.094034904923169,1.4803066349458271,1.6379012229243095,0.702820780700919,0.9880044456367587,0.63560139153509,9.928057553956847,-33.61986628462274,5.0,6.4,0.40000000000000036
EE,Estonia,2018-Q4,119.96,109.15666666666668,4.5,134.011,97.3,30.6,30.4,2018,4,1,1,2.784679976008908,-0.0640869140624889,0.977289509772894,28.874172185430467,1.6922307435812023,0.24048784677488388,1.094034904923169,1.3547788431797159,1.6379012229243095,0.7286306298101008,0.9880044456367587,-1.1780104712041939,9.928057553956847,5.4,5.0,-0.9000000000000004
EE,Estonia,2019-Q1,121.99,108.46333333333332,4.5,136.583,72.3,31.0,30.5,2019,1,1,1,1.6922307435812023,-0.635172687574459,1.9192454350762223,-25.693730729701958,0.9427002213296287,2.784679976008908,0.24048784677488388,-0.0640869140624889,1.3547788431797159,0.977289509772894,0.7286306298101008,28.874172185430467,-1.1780104712041939,4.5,5.4,0.0
EE,Estonia,2019-Q2,123.14,110.96666666666665,5.1,136.818,83.5,31.0,30.5,2019,2,1,1,0.9427002213296287,2.3079996312117768,0.17205655169385548,15.491009681881064,2.4524930972876335,1.6922307435812023,2.784679976008908,-0.635172687574459,-0.0640869140624889,1.9192454350762223,0.977289509772894,-25.693730729701958,28.874172185430467,4.5,4.5,0.5999999999999996
EE,Estonia,2019-Q3,126.16,111.55666666666667,4.1,137.09,114.5,31.0,30.5,2019,3,1,1,2.4524930972876335,0.5316911985581374,0.19880425090266218,37.125748502994014,2.877298668357642,0.9427002213296287,1.6922307435812023,2.3079996312117768,-0.635172687574459,0.17205655169385548,1.9192454350762223,15.491009681881064,-25.693730729701958,5.1,4.5,-1.0
EE,Estonia,2019-Q4,129.79,110.99666666666667,4.2,137.823,95.6,31.0,30.5,2019,4,1,1,2.877298668357642,-0.5019870320016717,0.5346852432708493,-16.50655021834062,4.7692426226982,2.4524930972876335,0.9427002213296287,0.5316911985581374,2.3079996312117768,0.19880425090266218,0.17205655169385548,37.125748502994014,15.491009681881064,4.1,5.1,0.10000000000000053
EE,Estonia,2020-Q1,135.98,110.13,4.9,135.344,92.1,31.6,30.5,2020,1,1,1,4.7692426226982,-0.7808042283552141,-1.798683819101321,-3.661087866108792,-5.794969848507126,2.877298668357642,2.4524930972876335,-0.5019870320016717,0.5316911985581374,0.5346852432708493,0.19880425090266218,-16.50655021834062,37.125748502994014,4.2,4.1,0.7000000000000002
EE,Estonia,2020-Q2,128.1,109.36666666666667,7.1,128.592,85.2,31.6,30.5,2020,2,1,1,-5.794969848507126,-0.6931202518235868,-4.988769358080136,-7.491856677524423,2.3263075722092186,4.7692426226982,2.877298668357642,-0.7808042283552141,-0.5019870320016717,-1.798683819101321,0.5346852432708493,-3.661087866108792,-16.50655021834062,4.9,4.2,2.1999999999999993
EE,Estonia,2020-Q3,131.08,110.09666666666665,7.9,134.036,152.2,31.6,30.5,2020,3,1,1,2.3263075722092186,0.6674794270039364,4.2335448550454124,78.63849765258215,3.761061946902644,-5.794969848507126,4.7692426226982,-0.6931202518235868,-0.7808042283552141,-4.988769358080136,-1.798683819101321,-7.491856677524423,-3.661087866108792,7.1,4.9,0.8000000000000007
EE,Estonia,2020-Q4,136.01,109.58666666666666,7.8,136.518,73.2,31.6,30.5,2020,4,1,1,3.761061946902644,-0.46322928335703617,1.8517413232265856,-51.90538764783179,6.558341298433956,2.3263075722092186,-5.794969848507126,0.6674794270039364,-0.6931202518235868,4.2335448550454124,-4.988769358080136,78.63849765258215,-7.491856677524423,7.9,7.1,-0.10000000000000053
EE,Estonia,2021-Q1,144.93,110.75,6.8,142.073,95.2,32.2,30.6,2021,1,1,1,6.558341298433956,1.0615646672344603,4.069060490191778,30.05464480874316,2.5943558959497626,3.761061946902644,2.3263075722092186,-0.46322928335703617,0.6674794270039364,1.8517413232265856,4.2335448550454124,-51.90538764783179,78.63849765258215,7.8,7.9,-1.0
EE,Estonia,2021-Q2,148.69,112.48,6.7,145.119,95.7,32.2,30.6,2021,2,1,1,2.5943558959497626,1.5620767494356702,2.1439682416785732,0.5252100840336116,3.3761517250655793,6.558341298433956,3.761061946902644,1.0615646672344603,-0.46322928335703617,4.069060490191778,1.8517413232265856,30.05464480874316,-51.90538764783179,6.8,7.8,-0.09999999999999964
EE,Estonia,2021-Q3,153.71,116.06,6.0,144.42,114.9,32.2,30.6,2021,3,1,1,3.3761517250655793,3.1827880512091067,-0.4816736609265626,20.062695924764885,6.551297898640285,2.5943558959497626,6.558341298433956,1.5620767494356702,1.0615646672344603,2.1439682416785732,4.069060490191778,0.5252100840336116,30.05464480874316,6.7,6.8,-0.7000000000000002
EE,Estonia,2021-Q4,163.78,119.59666666666665,5.3,146.496,94.1,32.2,30.6,2021,4,1,1,6.551297898640285,3.047274398299704,1.4374740340673098,-18.102697998259366,7.076566125290018,3.3761517250655793,2.5943558959497626,3.1827880512091067,1.5620767494356702,-0.4816736609265626,2.1439682416785732,20.062695924764885,0.5252100840336116,6.0,6.7,-0.7000000000000002
EE,Estonia,2022-Q1,175.37,124.57333333333334,5.4,145.268,85.3,32.3,31.3,2022,1,1,1,7.076566125290018,4.161208506368652,-0.8382481432940181,-9.351753453772583,7.9774191708958275,6.551297898640285,3.3761517250655793,3.047274398299704,3.1827880512091067,1.4374740340673098,-0.4816736609265626,-18.102697998259366,20.062695924764885,5.3,6.0,0.10000000000000053
EE,Estonia,2022-Q2,189.36,135.46666666666667,5.8,143.242,65.9,32.3,31.3,2022,2,1,1,7.9774191708958275,8.744514609868359,-1.3946636561390058,-22.74325908558029,0.8343895226024411,7.076566125290018,6.551297898640285,4.161208506368652,3.047274398299704,-0.8382481432940181,1.4374740340673098,-9.351753453772583,-18.102697998259366,5.4,5.3,0.39999999999999947
EE,Estonia,2022-Q3,190.94,144.08,5.8,142.67,69.3,32.3,31.3,2022,3,1,1,0.8343895226024411,6.358267716535448,-0.39932422054984595,5.159332321699539,0.23043888132396884,7.9774191708958275,7.076566125290018,8.744514609868359,4.161208506368652,-1.3946636561390058,-0.8382481432940181,-22.74325908558029,-9.351753453772583,5.8,5.4,0.0
EE,Estonia,2022-Q4,191.38,144.00666666666666,5.5,140.042,87.9,32.3,31.3,2022,4,1,1,0.23043888132396884,-0.05089764945401809,-1.8420130370785603,26.839826839826863,0.02612603197826857,0.8343895226024411,7.9774191708958275,6.358267716535448,8.744514609868359,-0.39932422054984595,-1.3946636561390058,5.159332321699539,-22.74325908558029,5.8,5.8,-0.2999999999999998
EE,Estonia,2023-Q1,191.43,146.16666666666666,5.2,138.989,60.6,31.9,31.8,2023,1,1,1,0.02612603197826857,1.4999305587704237,-0.7519172819582698,-31.058020477815706,3.8447474272579996,0.23043888132396884,0.8343895226024411,-0.05089764945401809,6.358267716535448,-1.8420130370785603,-0.39932422054984595,26.839826839826863,5.159332321699539,5.5,5.8,-0.2999999999999998
EE,Estonia,2023-Q2,198.79,150.47333333333333,6.7,138.831,39.0,31.9,31.8,2023,2,1,1,3.8447474272579996,2.9464082098061617,-0.1136780608537502,-35.64356435643564,-0.26661300870265414,0.02612603197826857,0.23043888132396884,1.4999305587704237,-0.05089764945401809,-0.7519172819582698,-1.8420130370785603,-31.058020477815706,26.839826839826863,5.2,5.5,1.5
EE,Estonia,2023-Q3,198.26,150.99333333333334,7.5,138.378,70.9,31.9,31.8,2023,3,1,1,-0.26661300870265414,0.34557618182624594,-0.3262960001728765,81.79487179487181,2.088167053364276,3.8447474272579996,0.02612603197826857,2.9464082098061617,1.4999305587704237,-0.1136780608537502,-0.7519172819582698,-35.64356435643564,-31.058020477815706,6.7,5.2,0.7999999999999998
EE,Estonia,2023-Q4,202.4,150.46,6.4,138.941,85.4,31.9,31.8,2023,4,1,1,2.088167053364276,-0.353216477548679,0.40685658124848256,20.451339915373758,1.9664031620553413,-0.26661300870265414,3.8447474272579996,0.34557618182624594,2.9464082098061617,-0.3262960001728765,-0.1136780608537502,81.79487179487181,-35.64356435643564,7.5,6.7,-1.0999999999999996
EE,Estonia,2024-Q1,206.38,152.69666666666666,7.6,139.172,49.1,32.2,31.8,2024,1,1,1,1.9664031620553413,1.486552350569359,0.16625762014090828,-42.505854800936774,2.771586394030434,2.088167053364276,-0.26661300870265414,-0.353216477548679,0.34557618182624594,0.40685658124848256,-0.3262960001728765,20.451339915373758,81.79487179487181,6.4,7.5,1.1999999999999993
EE,Estonia,2024-Q2,212.1,155.0,7.5,138.526,74.8,32.2,31.8,2024,2,1,1,2.771586394030434,1.5084372066624496,-0.464173828068859,52.342158859470466,-0.504479019330506,1.9664031620553413,2.088167053364276,1.486552350569359,-0.353216477548679,0.16625762014090828,0.40685658124848256,-42.505854800936774,20.451339915373758,7.6,6.4,-0.09999999999999964
EE,Estonia,2024-Q3,211.03,156.05999999999997,7.7,138.406,49.3,32.2,31.8,2024,3,1,1,-0.504479019330506,0.6838709677419175,-0.08662633729408231,-34.09090909090909,-0.6586741221627279,2.771586394030434,1.9664031620553413,1.5084372066624496,1.486552350569359,-0.464173828068859,0.16625762014090828,52.342158859470466,-42.505854800936774,7.5,7.6,0.20000000000000018
EE,Estonia,2024-Q4,209.64,156.64,7.5,138.469,53.5,32.2,31.8,2024,4,1,1,-0.6586741221627279,0.37165192874535347,0.04551825787899588,8.519269776876271,2.9860713604274114,-0.504479019330506,2.771586394030434,0.6838709677419175,1.5084372066624496,-0.08662633729408231,-0.464173828068859,-34.09090909090909,52.342158859470466,7.7,7.5,-0.20000000000000018
EE,Estonia,2025-Q1,215.9,159.39333333333332,8.3,138.594,66.6,32.9,31.8,2025,1,1,1,2.9860713604274114,1.757745999319038,0.0902729130707991,24.485981308411198,3.63131079203336,-0.6586741221627279,-0.504479019330506,0.37165192874535347,0.6838709677419175,0.04551825787899588,-0.08662633729408231,8.519269776876271,-34.09090909090909,7.5,7.7,0.8000000000000007
EE,Estonia,2025-Q2,223.74,162.36666666666667,7.8,139.544,71.4,32.9,31.8,2025,2,1,1,3.63131079203336,1.8654063323434888,0.6854553588178547,7.207207207207222,-0.7866273352999054,2.9860713604274114,-0.6586741221627279,1.757745999319038,0.37165192874535347,0.0902729130707991,0.04551825787899588,24.485981308411198,8.519269776876271,8.3,7.5,-0.5000000000000009
ES,Spain,2014-Q1,95.2,99.92999999999999,25.3,99.93,51.5,27.2,92.5,2014,1,1,1,-0.3141361256544517,-1.4043280931395286,0.378692756622101,27.475247524752476,1.6596638655462126,-1.261373035566582,0.770993957074384,0.632136356114521,-0.6085526315789513,0.1902097339076425,-0.06336307039335187,-2.4154589371980673,12.5,25.8,26.1,
ES,Spain,2014-Q2,96.78,101.53333333333335,24.6,100.469,50.7,27.2,92.5,2014,2,1,1,1.6596638655462126,1.6044564528503447,0.539377564294985,-1.5533980582524198,0.21698698078114198,-0.3141361256544517,-1.261373035566582,-1.4043280931395286,0.632136356114521,0.378692756622101,0.1902097339076425,27.475247524752476,-2.4154589371980673,25.3,25.8,-0.6999999999999993
ES,Spain,2014-Q3,96.99,100.33,24.1,101.273,37.0,27.2,92.5,2014,3,1,1,0.21698698078114198,-1.1851608667104552,0.800246842309571,-27.02169625246549,0.19589648417364103,1.6596638655462126,-0.3141361256544517,1.6044564528503447,-1.4043280931395286,0.539377564294985,0.378692756622101,-1.5533980582524198,27.475247524752476,24.6,25.3,-0.5
ES,Spain,2014-Q4,97.18,100.74000000000001,23.8,102.252,51.6,27.2,92.5,2014,4,1,1,0.19589648417364103,0.4086514502143146,0.9666939855637713,39.45945945945945,-0.5247993414282837,0.21698698078114198,1.6596638655462126,-1.1851608667104552,1.6044564528503447,0.800246842309571,0.539377564294985,-27.02169625246549,-1.5533980582524198,24.1,24.6,-0.3000000000000007
ES,Spain,2015-Q1,96.67,98.79,23.2,103.497,42.2,27.8,92.5,2015,1,1,1,-0.5247993414282837,-1.9356759976176363,1.217580096232851,-18.217054263565892,4.137788352125793,0.19589648417364103,0.21698698078114198,0.4086514502143146,-1.1851608667104552,0.9666939855637713,0.800246842309571,39.45945945945945,-27.02169625246549,23.8,24.1,-0.6000000000000014
ES,Spain,2015-Q2,100.67,101.18666666666667,22.5,104.656,54.8,27.8,92.5,2015,2,1,1,4.137788352125793,2.426021527145128,1.1198392223929154,29.857819905213255,0.6655408761299331,-0.5247993414282837,0.19589648417364103,-1.9356759976176363,0.4086514502143146,1.217580096232851,0.9666939855637713,-18.217054263565892,39.45945945945945,23.2,23.8,-0.6999999999999993
ES,Spain,2015-Q3,101.34,99.76666666666667,21.6,105.616,47.6,27.8,92.5,2015,3,1,1,0.6655408761299331,-1.4033469495322248,0.9172909341079283,-13.138686131386857,-0.0296033155713471,4.137788352125793,-0.5247993414282837,2.426021527145128,-1.9356759976176363,1.1198392223929154,1.217580096232851,29.857819905213255,-18.217054263565892,22.5,23.2,-0.8999999999999986
ES,Spain,2015-Q4,101.31,100.25666666666666,21.0,106.559,59.9,27.8,92.5,2015,4,1,1,-0.0296033155713471,0.49114600735047365,0.8928571428571397,25.84033613445378,1.4115092290988063,0.6655408761299331,4.137788352125793,-1.4033469495322248,2.426021527145128,0.9172909341079283,1.1198392223929154,-13.138686131386857,29.857819905213255,21.6,22.5,-0.6000000000000014
ES,Spain,2016-Q1,102.74,98.0,20.4,107.299,62.0,28.2,92.5,2016,1,1,1,1.4115092290988063,-2.2508893839146116,0.694450961439208,3.5058430717863187,1.7617286353903028,-0.0296033155713471,0.6655408761299331,0.49114600735047365,-1.4033469495322248,0.8928571428571397,0.9172909341079283,25.84033613445378,-13.138686131386857,21.0,21.6,-0.6000000000000014
ES,Spain,2016-Q2,104.55,100.13666666666667,20.1,107.654,87.1,28.2,92.5,2016,2,1,1,1.7617286353903028,2.1802721088435506,0.3308511728906893,40.48387096774193,0.8225729316116759,1.4115092290988063,-0.0296033155713471,-2.2508893839146116,0.49114600735047365,0.694450961439208,0.8928571428571397,3.5058430717863187,25.84033613445378,20.4,21.0,-0.29999999999999716
ES,Spain,2016-Q3,105.41,99.46333333333332,19.3,108.505,70.4,28.2,92.5,2016,3,1,1,0.8225729316116759,-0.6724143670317373,0.7904954762479877,-19.173363949483335,0.35101034057489766,1.7617286353903028,1.4115092290988063,2.1802721088435506,-2.2508893839146116,0.3308511728906893,0.694450961439208,40.48387096774193,3.5058430717863187,20.1,20.4,-0.8000000000000007
ES,Spain,2016-Q4,105.78,101.05333333333333,18.7,109.122,104.8,28.2,92.5,2016,4,1,1,0.35101034057489766,1.598579040852588,0.5686373899820296,48.86363636363635,2.287767063717161,0.8225729316116759,1.7617286353903028,-0.6724143670317373,2.1802721088435506,0.7904954762479877,0.3308511728906893,-19.173363949483335,40.48387096774193,19.3,20.1,-0.6000000000000014
ES,Spain,2017-Q1,108.2,100.64999999999999,18.1,109.894,77.4,28.6,92.7,2017,1,1,1,2.287767063717161,-0.39912917271408554,0.7074650391305282,-26.145038167938928,2.0240295748613635,0.35101034057489766,0.8225729316116759,1.598579040852588,-0.6724143670317373,0.5686373899820296,0.7904954762479877,48.86363636363635,-19.173363949483335,18.7,19.3,-0.5999999999999979
ES,Spain,2017-Q2,110.39,102.19666666666666,17.4,111.044,91.8,28.6,92.7,2017,2,1,1,2.0240295748613635,1.536678257989732,1.0464629552113802,18.604651162790688,1.8479934776700846,2.287767063717161,0.35101034057489766,-0.39912917271408554,1.598579040852588,0.7074650391305282,0.5686373899820296,-26.145038167938928,48.86363636363635,18.1,18.7,-0.7000000000000028
ES,Spain,2017-Q3,112.43,101.3,16.8,111.745,90.0,28.6,92.7,2017,3,1,1,1.8479934776700846,-0.8773932613588165,0.6312812939015311,-1.9607843137254832,0.8538646268789307,2.0240295748613635,2.287767063717161,1.536678257989732,-0.39912917271408554,1.0464629552113802,0.7074650391305282,18.604651162790688,-26.145038167938928,17.4,18.1,-0.5999999999999979
ES,Spain,2017-Q4,113.39,102.62333333333333,16.6,112.425,98.5,28.6,92.7,2017,4,1,1,0.8538646268789307,1.3063507732806956,0.6085283457872848,9.444444444444455,1.384601816738673,1.8479934776700846,2.0240295748613635,-0.8773932613588165,1.536678257989732,0.6312812939015311,1.0464629552113802,-1.9607843137254832,18.604651162790688,16.8,17.4,-0.1999999999999993
ES,Spain,2018-Q1,114.96,101.72666666666667,16.1,112.906,123.0,29.0,93.1,2018,1,1,1,1.384601816738673,-0.8737454120245514,0.4278407827440489,24.873096446700504,2.557411273486432,0.8538646268789307,1.8479934776700846,1.3063507732806956,-0.8773932613588165,0.6085283457872848,0.6312812939015311,9.444444444444455,-1.9607843137254832,16.6,16.8,-0.5
ES,Spain,2018-Q2,117.9,104.08,15.4,113.642,118.7,29.0,93.1,2018,2,1,1,2.557411273486432,2.313388819712947,0.6518696969160187,-3.495934959349589,2.188295165394405,1.384601816738673,0.8538646268789307,-0.8737454120245514,1.3063507732806956,0.4278407827440489,0.6085283457872848,24.873096446700504,9.444444444444455,16.1,16.6,-0.7000000000000011
ES,Spain,2018-Q3,120.48,103.59333333333332,14.9,114.277,110.2,29.0,93.1,2018,3,1,1,2.188295165394405,-0.46758903407636554,0.5587722848946708,-7.160909856781805,0.40670650730412206,2.557411273486432,1.384601816738673,2.313388819712947,-0.8737454120245514,0.6518696969160187,0.4278407827440489,-3.495934959349589,24.873096446700504,15.4,16.1,-0.5
ES,Spain,2018-Q4,120.97,104.42999999999999,14.5,114.945,128.1,29.0,93.1,2018,4,1,1,0.40670650730412206,0.8076452796190292,0.5845445715235709,16.243194192377498,1.578903860461267,2.188295165394405,2.557411273486432,-0.46758903407636554,2.313388819712947,0.5587722848946708,0.6518696969160187,-7.160909856781805,-3.495934959349589,14.9,15.4,-0.40000000000000036
ES,Spain,2019-Q1,122.88,102.87666666666667,14.1,115.65,119.9,29.2,93.8,2019,1,1,1,1.578903860461267,-1.4874397523061633,0.6133368132585248,-6.40124902419984,1.131184895833326,0.40670650730412206,2.188295165394405,0.8076452796190292,-0.46758903407636554,0.5845445715235709,0.5587722848946708,16.243194192377498,-7.160909856781805,14.5,14.9,-0.40000000000000036
ES,Spain,2019-Q2,124.27,105.18333333333334,14.2,115.984,125.6,29.2,93.8,2019,2,1,1,1.131184895833326,2.242166996079442,0.28880242109812215,4.753961634695569,1.6013518950672045,1.578903860461267,0.40670650730412206,-1.4874397523061633,0.8076452796190292,0.6133368132585248,0.5845445715235709,-6.40124902419984,16.243194192377498,14.1,14.5,0.09999999999999964
ES,Spain,2019-Q3,126.26,104.04333333333334,14.2,116.206,122.2,29.2,93.8,2019,3,1,1,1.6013518950672045,-1.083821898272852,0.1914057111325862,-2.7070063694267454,-0.64945350863298,1.131184895833326,1.578903860461267,2.242166996079442,-1.4874397523061633,0.28880242109812215,0.6133368132585248,4.753961634695569,-6.40124902419984,14.2,14.1,0.0
ES,Spain,2019-Q4,125.44,104.95333333333333,13.9,116.869,115.7,29.2,93.8,2019,4,1,1,-0.64945350863298,0.8746355685131268,0.5705385264100027,-5.319148936170215,1.1798469387755084,1.6013518950672045,1.131184895833326,-1.083821898272852,2.242166996079442,0.1914057111325862,0.28880242109812215,-2.7070063694267454,4.753961634695569,14.2,14.2,-0.29999999999999893
ES,Spain,2020-Q1,126.92,103.58666666666666,13.9,110.818,96.0,29.5,93.8,2020,1,1,1,1.1798469387755084,-1.3021660420504455,-5.177592004723241,-17.026793431287814,0.04727387330603072,-0.64945350863298,1.6013518950672045,0.8746355685131268,-1.083821898272852,0.5705385264100027,0.1914057111325862,-5.319148936170215,-2.7070063694267454,13.9,14.2,0.0
ES,Spain,2020-Q2,126.98,104.54333333333334,15.5,91.103,57.2,29.5,93.8,2020,2,1,1,0.04727387330603072,0.9235422834341644,-17.790431157393204,-40.416666666666664,1.2442904394392773,1.1798469387755084,-0.64945350863298,-1.3021660420504455,0.8746355685131268,-5.177592004723241,0.5705385264100027,-17.026793431287814,-5.319148936170215,13.9,13.9,1.5999999999999996
ES,Spain,2020-Q3,128.56,103.38333333333333,16.5,105.591,58.5,29.5,93.8,2020,3,1,1,1.2442904394392773,-1.10958773076556,15.902879158754368,2.2727272727272707,-0.785625388923461,0.04727387330603072,1.1798469387755084,0.9235422834341644,-1.3021660420504455,-17.790431157393204,-5.177592004723241,-40.416666666666664,-17.026793431287814,15.5,13.9,1.0
ES,Spain,2020-Q4,127.55,104.13666666666667,16.2,106.357,68.5,29.5,93.8,2020,4,1,1,-0.785625388923461,0.7286796711268861,0.7254406152039428,17.0940170940171,0.44688357506861287,1.2442904394392773,0.04727387330603072,-1.10958773076556,0.9235422834341644,15.902879158754368,-17.790431157393204,2.2727272727272707,-40.416666666666664,16.5,15.5,-0.3000000000000007
ES,Spain,2021-Q1,128.12,104.12,15.6,107.635,80.1,29.7,94.2,2021,1,1,1,0.44688357506861287,-0.016004609327480157,1.2016134340005813,16.93430656934305,2.3649703403059608,-0.785625388923461,1.2442904394392773,0.7286796711268861,-1.10958773076556,0.7254406152039428,15.902879158754368,17.0940170940171,2.2727272727272707,16.2,16.5,-0.5999999999999996
ES,Spain,2021-Q2,131.15,106.93333333333334,15.6,109.111,92.4,29.7,94.2,2021,2,1,1,2.3649703403059608,2.7020105007043105,1.3713011566869548,15.355805243445708,2.1120853983987553,0.44688357506861287,-0.785625388923461,-0.016004609327480157,0.7286796711268861,1.2016134340005813,0.7254406152039428,16.93430656934305,17.0940170940171,15.6,16.2,0.0
ES,Spain,2021-Q3,133.92,106.90000000000002,14.9,111.261,103.4,29.7,94.2,2021,3,1,1,2.1120853983987553,-0.031172069825424753,1.9704704383609384,11.904761904761907,1.239545997610536,2.3649703403059608,0.44688357506861287,2.7020105007043105,-0.016004609327480157,1.3713011566869548,1.2016134340005813,15.355805243445708,16.93430656934305,15.6,15.6,-0.6999999999999993
ES,Spain,2021-Q4,135.58,110.2,13.6,113.522,124.1,29.7,94.2,2021,4,1,1,1.239545997610536,3.0869971936388962,2.0321586180243045,20.019342359767876,2.559374539017556,2.1120853983987553,2.3649703403059608,-0.031172069825424753,2.7020105007043105,1.9704704383609384,1.3713011566869548,11.904761904761907,15.355805243445708,14.9,15.6,-1.3000000000000007
ES,Spain,2022-Q1,139.05,112.30666666666667,13.2,115.306,148.1,30.2,95.1,2022,1,1,1,2.559374539017556,1.9116757410768237,1.5715015591691417,19.33924254633361,1.9129809421071453,1.239545997610536,2.1120853983987553,3.0869971936388962,-0.031172069825424753,2.0321586180243045,1.9704704383609384,20.019342359767876,11.904761904761907,13.6,14.9,-0.40000000000000036
ES,Spain,2022-Q2,141.71,116.48666666666666,13.0,117.268,175.6,30.2,95.1,2022,2,1,1,1.9129809421071453,3.721951798646561,1.7015593290895525,18.568534773801492,1.7218262649072003,2.559374539017556,1.239545997610536,1.9116757410768237,3.0869971936388962,1.5715015591691417,2.0321586180243045,19.33924254633361,20.019342359767876,13.2,13.6,-0.1999999999999993
ES,Spain,2022-Q3,144.15,117.64333333333333,12.9,118.224,156.7,30.2,95.1,2022,3,1,1,1.7218262649072003,0.9929605677330811,0.8152266602994951,-10.763097949886113,-0.8047173083593484,1.9129809421071453,2.559374539017556,3.721951798646561,1.9116757410768237,1.7015593290895525,1.5715015591691417,18.568534773801492,19.33924254633361,13.0,13.2,-0.09999999999999964
ES,Spain,2022-Q4,142.99,117.35000000000001,13.1,118.858,186.7,30.2,95.1,2022,4,1,1,-0.8047173083593484,-0.24934122913891077,0.5362701312762175,19.144862795149976,0.6923561088187924,1.7218262649072003,1.9129809421071453,0.9929605677330811,3.721951798646561,0.8152266602994951,1.7015593290895525,-10.763097949886113,18.568534773801492,12.9,13.0,0.1999999999999993
ES,Spain,2023-Q1,143.98,117.86666666666667,12.8,119.464,184.6,30.4,96.2,2023,1,1,1,0.6923561088187924,0.4402783695497847,0.5098520924127881,-1.124799143010169,2.076677316293929,-0.8047173083593484,1.7218262649072003,-0.24934122913891077,0.9929605677330811,0.5362701312762175,0.8152266602994951,19.144862795149976,-10.763097949886113,13.1,12.9,-0.29999999999999893
ES,Spain,2023-Q2,146.97,119.72666666666667,12.0,119.636,206.0,30.4,96.2,2023,2,1,1,2.076677316293929,1.5780542986425283,0.1439764280452671,11.592632719393281,2.5243246921140328,0.6923561088187924,-0.8047173083593484,0.4402783695497847,-0.24934122913891077,0.5098520924127881,0.5362701312762175,-1.124799143010169,19.144862795149976,12.8,13.1,-0.8000000000000007
ES,Spain,2023-Q3,150.68,120.69666666666667,12.0,120.581,187.4,30.4,96.2,2023,3,1,1,2.5243246921140328,0.8101787404643845,0.7898960179210324,-9.029126213592232,-1.028670029200962,2.076677316293929,0.6923561088187924,1.5780542986425283,0.4402783695497847,0.1439764280452671,0.5098520924127881,11.592632719393281,-1.124799143010169,12.0,12.8,0.0
ES,Spain,2023-Q4,149.13,121.26666666666667,11.9,121.532,210.1,30.4,96.2,2023,4,1,1,-1.028670029200962,0.4722582783285967,0.7886814672295017,12.113127001067237,2.7157513578756953,2.5243246921140328,2.076677316293929,0.8101787404643845,1.5780542986425283,0.7898960179210324,0.1439764280452671,-9.029126213592232,11.592632719393281,12.0,12.0,-0.09999999999999964
ES,Spain,2024-Q1,153.18,121.68,11.7,122.884,232.8,30.8,97.2,2024,1,1,1,2.7157513578756953,0.34084661902145097,1.1124642069578305,10.804378867206111,3.557905731818778,-1.028670029200962,2.5243246921140328,0.4722582783285967,0.8101787404643845,0.7886814672295017,0.7898960179210324,12.113127001067237,-9.029126213592232,11.9,12.0,-0.20000000000000107
ES,Spain,2024-Q2,158.63,124.02,11.6,124.014,246.6,30.8,97.2,2024,2,1,1,3.557905731818778,1.9230769230769162,0.9195664203639264,5.927835051546393,2.8304860366891615,2.7157513578756953,-1.028670029200962,0.34084661902145097,0.4722582783285967,1.1124642069578305,0.7886814672295017,10.804378867206111,12.113127001067237,11.7,11.9,-0.09999999999999964
ES,Spain,2024-Q3,163.12,123.49000000000001,11.3,124.963,272.6,30.8,97.2,2024,3,1,1,2.8304860366891615,-0.42735042735041473,0.7652361830115861,10.543390105433904,1.8084845512505998,3.557905731818778,2.7157513578756953,1.9230769230769162,0.34084661902145097,0.9195664203639264,1.1124642069578305,5.927835051546393,10.804378867206111,11.6,11.7,-0.29999999999999893
ES,Spain,2024-Q4,166.07,124.11666666666667,10.8,125.979,265.3,30.8,97.2,2024,4,1,1,1.8084845512505998,0.507463492320559,0.8130406600353801,-2.6779163609684575,3.570783404588429,2.8304860366891615,3.557905731818778,-0.42735042735041473,1.9230769230769162,0.7652361830115861,0.9195664203639264,10.543390105433904,5.927835051546393,11.3,11.6,-0.5
ES,Spain,2025-Q1,172.0,124.92333333333333,10.8,126.595,276.6,31.2,97.2,2025,1,1,1,3.570783404588429,0.6499261447562743,0.4889703839528803,4.259329061439887,4.0058139534883574,1.8084845512505998,2.8304860366891615,0.507463492320559,-0.42735042735041473,0.8130406600353801,0.7652361830115861,-2.6779163609684575,10.543390105433904,10.8,11.3,0.0
ES,Spain,2025-Q2,178.89,126.70333333333333,10.6,127.535,278.4,31.2,97.2,2025,2,1,1,4.0058139534883574,1.4248739226725649,0.7425253761996986,0.6507592190889255,2.8900441612164096,3.570783404588429,1.8084845512505998,0.6499261447562743,0.507463492320559,0.4889703839528803,0.8130406600353801,4.259329061439887,-2.6779163609684575,10.8,10.8,-0.20000000000000107
FI,Finland,2014-Q1,100.06,99.89999999999999,8.6,103.762,63.8,30.2,18.0,2014,1,1,1,0.13009106374461954,0.4524886877828038,-0.8561218444839369,22.456813819577736,0.4097541475114985,-0.6067236920628605,-0.13905442987683925,0.4477812941889425,-0.026926960619333418,-0.17645431740793693,0.2668222332734116,12.770562770562766,-43.99999999999999,8.4,8.2,
FI,Finland,2014-Q2,100.47,100.11666666666667,8.7,103.965,79.8,30.2,18.0,2014,2,1,1,0.4097541475114985,0.21688355021689532,0.19564002235885614,25.07836990595611,-0.43794167413158114,0.13009106374461954,-0.6067236920628605,0.4524886877828038,0.4477812941889425,-0.8561218444839369,-0.17645431740793693,22.456813819577736,12.770562770562766,8.6,8.4,0.09999999999999964
FI,Finland,2014-Q3,100.03,100.22666666666667,8.6,104.272,61.6,30.2,18.0,2014,3,1,1,-0.43794167413158114,0.1098718162144241,0.29529168470159295,-22.807017543859644,-0.6098170548835324,0.4097541475114985,0.13009106374461954,0.21688355021689532,0.4524886877828038,0.19564002235885614,-0.8561218444839369,25.07836990595611,22.456813819577736,8.7,8.6,-0.09999999999999964
FI,Finland,2014-Q4,99.42,100.38,9.1,104.164,55.5,30.2,18.0,2014,4,1,1,-0.6098170548835324,0.15298656378872622,-0.10357526469234601,-9.9025974025974,0.0704083685375112,-0.43794167413158114,0.4097541475114985,0.1098718162144241,0.21688355021689532,0.29529168470159295,0.19564002235885614,-22.807017543859644,25.07836990595611,8.6,8.7,0.5
FI,Finland,2015-Q1,99.49,99.83999999999999,9.3,103.305,61.4,31.3,18.0,2015,1,1,1,0.0704083685375112,-0.5379557680812996,-0.8246611113244429,10.630630630630634,0.9448185747311433,-0.6098170548835324,-0.43794167413158114,0.15298656378872622,0.1098718162144241,-0.10357526469234601,0.29529168470159295,-9.9025974025974,-22.807017543859644,9.1,8.6,0.20000000000000107
FI,Finland,2015-Q2,100.43,100.14999999999999,9.5,104.797,85.7,31.3,18.0,2015,2,1,1,0.9448185747311433,0.31049679487180626,1.4442669764290095,39.576547231270375,-0.14935776162501302,0.0704083685375112,-0.6098170548835324,-0.5379557680812996,0.15298656378872622,-0.8246611113244429,-0.10357526469234601,10.630630630630634,-9.9025974025974,9.3,9.1,0.1999999999999993
FI,Finland,2015-Q3,100.28,99.90333333333332,9.4,104.701,76.3,31.3,18.0,2015,3,1,1,-0.14935776162501302,-0.24629722083541195,-0.0916056757349959,-10.968494749124858,-0.4786597526924674,0.9448185747311433,0.0704083685375112,0.31049679487180626,-0.5379557680812996,1.4442669764290095,-0.8246611113244429,39.576547231270375,10.630630630630634,9.5,9.3,-0.09999999999999964
FI,Finland,2015-Q4,99.8,100.10666666666667,9.5,105.302,65.0,31.3,18.0,2015,4,1,1,-0.4786597526924674,0.2035300790764527,0.5740155299376548,-14.809960681520307,0.7214428857715394,-0.14935776162501302,0.9448185747311433,-0.24629722083541195,0.31049679487180626,-0.0916056757349959,1.4442669764290095,-10.968494749124858,39.576547231270375,9.4,9.5,0.09999999999999964
FI,Finland,2016-Q1,100.52,99.79666666666667,9.2,106.529,79.0,32.4,18.1,2016,1,1,1,0.7214428857715394,-0.3096696856686232,1.1652200338075236,21.53846153846153,1.0843613211301228,-0.4786597526924674,-0.14935776162501302,0.2035300790764527,-0.24629722083541195,0.5740155299376548,-0.0916056757349959,-14.809960681520307,-10.968494749124858,9.5,9.4,-0.3000000000000007
FI,Finland,2016-Q2,101.61,100.45,8.9,106.508,117.9,32.4,18.1,2016,2,1,1,1.0843613211301228,0.654664484451728,-0.019712942015792656,49.24050632911394,0.31492963291015474,0.7214428857715394,-0.4786597526924674,-0.3096696856686232,0.2035300790764527,1.1652200338075236,0.5740155299376548,21.53846153846153,-14.809960681520307,9.2,9.5,-0.29999999999999893
FI,Finland,2016-Q3,101.93,100.41000000000001,8.7,107.669,76.0,32.4,18.1,2016,3,1,1,0.31492963291015474,-0.03982080637131569,1.090058962707019,-35.53859202714165,-0.8339056215049601,1.0843613211301228,0.7214428857715394,0.654664484451728,-0.3096696856686232,-0.019712942015792656,1.1652200338075236,49.24050632911394,21.53846153846153,8.9,9.2,-0.20000000000000107
FI,Finland,2016-Q4,101.08,100.89999999999999,8.8,108.153,87.0,32.4,18.1,2016,4,1,1,-0.8339056215049601,0.48799920326658697,0.4495258616686426,14.473684210526304,0.6133755441234623,0.31492963291015474,1.0843613211301228,-0.03982080637131569,0.654664484451728,1.090058962707019,-0.019712942015792656,-35.53859202714165,49.24050632911394,8.7,8.9,0.10000000000000142
FI,Finland,2017-Q1,101.7,100.87666666666667,9.0,109.203,88.9,33.2,18.1,2017,1,1,1,0.6133755441234623,-0.023125206475049787,0.9708468558430994,2.183908045977012,1.4945919370698002,-0.8339056215049601,0.31492963291015474,0.48799920326658697,-0.03982080637131569,0.4495258616686426,1.090058962707019,14.473684210526304,-35.53859202714165,8.8,8.7,0.1999999999999993
FI,Finland,2017-Q2,103.22,101.38666666666666,8.9,110.639,149.9,33.2,18.1,2017,2,1,1,1.4945919370698002,0.5055678551366238,1.3149821891339952,68.6164229471316,-0.6878511916295182,0.6133755441234623,-0.8339056215049601,-0.023125206475049787,0.48799920326658697,0.9708468558430994,0.4495258616686426,2.183908045977012,14.473684210526304,9.0,8.8,-0.09999999999999964
FI,Finland,2017-Q3,102.51,101.13666666666666,8.6,111.156,86.5,33.2,18.1,2017,3,1,1,-0.6878511916295182,-0.24658074697527788,0.4672854960728223,-42.29486324216144,-0.3804506877377767,1.4945919370698002,0.6133755441234623,0.5055678551366238,-0.023125206475049787,1.3149821891339952,0.9708468558430994,68.6164229471316,2.183908045977012,8.9,9.0,-0.3000000000000007
FI,Finland,2017-Q4,102.12,101.52666666666666,8.3,112.031,104.3,33.2,18.1,2017,4,1,1,-0.3804506877377767,0.3856168221218814,0.7871819784806888,20.578034682080926,0.6071288679984299,-0.6878511916295182,1.4945919370698002,-0.24658074697527788,0.5055678551366238,0.4672854960728223,1.3149821891339952,-42.29486324216144,68.6164229471316,8.6,8.9,-0.29999999999999893
FI,Finland,2018-Q1,102.74,101.66000000000001,8.5,112.274,96.2,34.2,18.1,2018,1,1,1,0.6071288679984299,0.13132838663079127,0.2169042497165874,-7.766059443911788,1.18746350009733,-0.3804506877377767,-0.6878511916295182,0.3856168221218814,-0.24658074697527788,0.7871819784806888,0.4672854960728223,20.578034682080926,-42.29486324216144,8.3,8.6,0.1999999999999993
FI,Finland,2018-Q2,103.96,102.41333333333334,7.4,112.053,131.3,34.2,18.1,2018,2,1,1,1.18746350009733,0.7410321988327029,-0.1968398738799726,36.48648648648649,-0.45209696036937475,0.6071288679984299,-0.3804506877377767,0.13132838663079127,0.3856168221218814,0.2169042497165874,0.7871819784806888,-7.766059443911788,20.578034682080926,8.5,8.3,-1.0999999999999996
FI,Finland,2018-Q3,103.49,102.55,7.2,111.944,55.5,34.2,18.1,2018,3,1,1,-0.45209696036937475,0.1334461658638153,-0.09727539646416927,-57.73038842345773,-0.32853415788963725,1.18746350009733,0.6071288679984299,0.7410321988327029,0.13132838663079127,-0.1968398738799726,0.2169042497165874,36.48648648648649,-7.766059443911788,7.4,8.5,-0.20000000000000018
FI,Finland,2018-Q4,103.15,103.03666666666668,6.7,112.043,87.0,34.2,18.1,2018,4,1,1,-0.32853415788963725,0.4745652527222699,0.08843707568069181,56.75675675675676,-0.05816771691711242,-0.45209696036937475,1.18746350009733,0.1334461658638153,0.7410321988327029,-0.09727539646416927,-0.1968398738799726,-57.73038842345773,36.48648648648649,7.2,7.4,-0.5
FI,Finland,2019-Q1,103.09,102.89,6.7,113.016,79.7,35.1,18.2,2019,1,1,1,-0.05816771691711242,-0.14234414933196327,0.8684165900591623,-8.390804597701152,1.5423416432243764,-0.32853415788963725,-0.45209696036937475,0.4745652527222699,0.1334461658638153,0.08843707568069181,-0.09727539646416927,56.75675675675676,-57.73038842345773,6.7,7.2,0.0
FI,Finland,2019-Q2,104.68,103.75999999999999,6.8,113.814,115.8,35.1,18.2,2019,2,1,1,1.5423416432243764,0.8455632228593579,0.7060947122531136,45.294855708908386,-0.6304929308368457,-0.05816771691711242,-0.32853415788963725,-0.14234414933196327,0.4745652527222699,0.8684165900591623,0.08843707568069181,-8.390804597701152,56.75675675675676,6.7,6.7,0.09999999999999964
FI,Finland,2019-Q3,104.02,103.66666666666667,6.7,113.879,61.4,35.1,18.2,2019,3,1,1,-0.6304929308368457,-0.08995116936518777,0.05711072451544119,-46.97754749568222,-0.7017881176696661,1.5423416432243764,-0.05816771691711242,0.8455632228593579,-0.14234414933196327,0.7060947122531136,0.8684165900591623,45.294855708908386,-8.390804597701152,6.8,6.7,-0.09999999999999964
FI,Finland,2019-Q4,103.29,104.0,6.8,113.657,82.8,35.1,18.2,2019,4,1,1,-0.7017881176696661,0.3215434083601254,-0.1949437560920031,34.85342019543973,0.9584664536741228,-0.6304929308368457,1.5423416432243764,-0.08995116936518777,0.8455632228593579,0.05711072451544119,0.7060947122531136,-46.97754749568222,45.294855708908386,6.7,6.8,0.09999999999999964
FI,Finland,2020-Q1,104.28,103.98333333333333,6.8,113.416,73.3,36.0,18.1,2020,1,1,1,0.9584664536741228,-0.01602564102564097,-0.21204149326482513,-11.473429951690816,1.0356731875719172,-0.7017881176696661,-0.6304929308368457,0.3215434083601254,-0.08995116936518777,-0.1949437560920031,0.05711072451544119,34.85342019543973,-46.97754749568222,6.8,6.7,0.0
FI,Finland,2020-Q2,105.36,103.62333333333333,7.8,106.02,108.3,36.0,18.1,2020,2,1,1,1.0356731875719172,-0.34620932841801233,-6.521125767087533,47.748976807639835,0.40812452543661504,0.9584664536741228,-0.7017881176696661,-0.01602564102564097,0.3215434083601254,-0.21204149326482513,-0.1949437560920031,-11.473429951690816,34.85342019543973,6.8,6.8,1.0
FI,Finland,2020-Q3,105.79,104.08999999999999,8.3,111.26,79.2,36.0,18.1,2020,3,1,1,0.40812452543661504,0.4503490204908589,4.942463686096965,-26.869806094182824,1.0965119576519466,1.0356731875719172,0.9584664536741228,-0.34620932841801233,-0.01602564102564097,-6.521125767087533,-0.21204149326482513,47.748976807639835,-11.473429951690816,7.8,6.8,0.5000000000000009
FI,Finland,2020-Q4,106.95,104.20666666666666,8.1,112.356,103.3,36.0,18.1,2020,4,1,1,1.0965119576519466,0.112082492714638,0.9850799928096343,30.429292929292927,1.5240766713417342,0.40812452543661504,1.0356731875719172,0.4503490204908589,-0.34620932841801233,4.942463686096965,-6.521125767087533,-26.869806094182824,47.748976807639835,8.3,7.8,-0.20000000000000107
FI,Finland,2021-Q1,108.58,105.10666666666667,8.1,111.602,99.3,36.8,18.2,2021,1,1,1,1.5240766713417342,0.8636683513530752,-0.671081206166102,-3.8722168441432725,2.403757598084355,1.0965119576519466,0.40812452543661504,0.112082492714638,0.4503490204908589,0.9850799928096343,4.942463686096965,30.429292929292927,-26.869806094182824,8.1,8.3,0.0
FI,Finland,2021-Q2,111.19,105.82666666666667,8.1,113.322,129.8,36.8,18.2,2021,2,1,1,2.403757598084355,0.6850183940124266,1.541191018082122,30.715005035246733,-0.23383397787569704,1.5240766713417342,1.0965119576519466,0.8636683513530752,0.112082492714638,-0.671081206166102,0.9850799928096343,-3.8722168441432725,30.429292929292927,8.1,8.1,0.0
FI,Finland,2021-Q3,110.93,106.07666666666667,7.3,114.572,78.3,36.8,18.2,2021,3,1,1,-0.23383397787569704,0.23623535340808743,1.1030514816187553,-39.67642526964562,0.17127918507167106,2.403757598084355,1.5240766713417342,0.6850183940124266,0.8636683513530752,1.541191018082122,-0.671081206166102,30.715005035246733,-3.8722168441432725,8.1,8.1,-0.7999999999999998
FI,Finland,2021-Q4,111.12,107.48666666666666,6.9,115.415,92.5,36.8,18.2,2021,4,1,1,0.17127918507167106,1.3292272884391831,0.7357818664246008,18.135376756066425,0.6569474442044587,-0.23383397787569704,2.403757598084355,0.23623535340808743,0.6850183940124266,1.1030514816187553,1.541191018082122,-39.67642526964562,30.715005035246733,7.3,8.1,-0.39999999999999947
FI,Finland,2022-Q1,111.85,110.12333333333333,6.8,114.665,85.0,37.4,18.3,2022,1,1,1,0.6569474442044587,2.453017428518267,-0.6498288783953532,-8.108108108108103,1.4394278050961162,0.17127918507167106,-0.23383397787569704,1.3292272884391831,0.23623535340808743,0.7357818664246008,1.1030514816187553,18.135376756066425,-39.67642526964562,6.9,7.3,-0.10000000000000053
FI,Finland,2022-Q2,113.46,113.24000000000001,6.4,115.087,126.0,37.4,18.3,2022,2,1,1,1.4394278050961162,2.8301601234979046,0.3680286050669279,48.235294117647065,-1.0752688172043001,0.6569474442044587,0.17127918507167106,2.453017428518267,1.3292272884391831,-0.6498288783953532,0.7357818664246008,-8.108108108108103,18.135376756066425,6.8,6.9,-0.39999999999999947
FI,Finland,2022-Q3,112.24,114.68666666666667,7.1,114.878,57.0,37.4,18.3,2022,3,1,1,-1.0752688172043001,1.2775226657247174,-0.18160174476700153,-54.761904761904766,-3.323235923022083,1.4394278050961162,0.6569474442044587,2.8301601234979046,2.453017428518267,0.3680286050669279,-0.6498288783953532,48.235294117647065,-8.108108108108103,6.4,6.8,0.6999999999999993
FI,Finland,2022-Q4,108.51,116.89,6.8,113.752,60.1,37.4,18.3,2022,4,1,1,-3.323235923022083,1.9211765389757662,-0.9801702675882318,5.438596491228065,-2.5435443737904406,-1.0752688172043001,1.4394278050961162,1.2775226657247174,2.8301601234979046,-0.18160174476700153,0.3680286050669279,-54.761904761904766,48.235294117647065,7.1,6.4,-0.2999999999999998
FI,Finland,2023-Q1,105.75,118.37666666666667,6.8,113.852,60.6,37.8,18.4,2023,1,1,1,-2.5435443737904406,1.271851028032045,0.08791054223222794,0.8319467554076532,0.784869976359337,-3.323235923022083,-1.0752688172043001,1.9211765389757662,1.2775226657247174,-0.9801702675882318,-0.18160174476700153,5.438596491228065,-54.761904761904766,6.8,7.1,0.0
FI,Finland,2023-Q2,106.58,119.05,7.1,114.13,57.1,37.8,18.4,2023,2,1,1,0.784869976359337,0.5688057894292164,0.2441766503882059,-5.775577557755773,-2.880465378119712,-2.5435443737904406,-3.323235923022083,1.271851028032045,1.9211765389757662,0.08791054223222794,-0.9801702675882318,0.8319467554076532,5.438596491228065,6.8,6.8,0.2999999999999998
FI,Finland,2023-Q3,103.51,118.63333333333333,7.4,112.37,28.5,37.8,18.4,2023,3,1,1,-2.880465378119712,-0.3499930001400031,-1.5421011127661366,-50.0875656742557,-0.9950729398125802,0.784869976359337,-2.5435443737904406,0.5688057894292164,1.271851028032045,0.2441766503882059,0.08791054223222794,-5.775577557755773,0.8319467554076532,7.1,6.8,0.3000000000000007
FI,Finland,2023-Q4,102.48,118.62666666666667,7.6,112.119,43.4,37.8,18.4,2023,4,1,1,-0.9950729398125802,-0.005619556055069808,-0.22336922666192915,52.28070175438595,-0.9562841530054711,-2.880465378119712,0.784869976359337,-0.3499930001400031,0.5688057894292164,-1.5421011127661366,0.2441766503882059,-50.0875656742557,-5.775577557755773,7.4,7.1,0.1999999999999993
FI,Finland,2024-Q1,101.5,119.48333333333333,8.0,113.046,26.9,37.8,18.5,2024,1,1,1,-0.9562841530054711,0.7221535348994168,0.8268000963262301,-38.0184331797235,0.34482758620688614,-0.9950729398125802,-2.880465378119712,-0.005619556055069808,-0.3499930001400031,-0.22336922666192915,-1.5421011127661366,52.28070175438595,-50.0875656742557,7.6,7.4,0.40000000000000036
FI,Finland,2024-Q2,101.85,119.67333333333333,8.4,113.378,56.2,37.8,18.5,2024,2,1,1,0.34482758620688614,0.15901799414144158,0.2936857562408246,108.92193308550189,-0.39273441335295756,-0.9562841530054711,-0.9950729398125802,0.7221535348994168,-0.005619556055069808,0.8268000963262301,-0.22336922666192915,-38.0184331797235,52.28070175438595,8.0,7.6,0.40000000000000036
FI,Finland,2024-Q3,101.45,119.64333333333333,8.4,114.027,27.6,37.8,18.5,2024,3,1,1,-0.39273441335295756,-0.025068241323600304,0.5724214574255981,-50.88967971530249,-0.8477082306554973,0.34482758620688614,-0.9562841530054711,0.15901799414144158,0.7221535348994168,0.2936857562408246,0.8268000963262301,108.92193308550189,-38.0184331797235,8.4,8.0,0.0
FI,Finland,2024-Q4,100.59,120.51333333333332,8.8,113.712,44.1,37.8,18.5,2024,4,1,1,-0.8477082306554973,0.7271612849302,-0.2762503617564249,59.78260869565217,-1.0239586440004,-0.39273441335295756,0.34482758620688614,-0.025068241323600304,0.15901799414144158,0.5724214574255981,0.2936857562408246,-50.88967971530249,108.92193308550189,8.4,8.4,0.40000000000000036
FI,Finland,2025-Q1,99.56,121.50333333333333,9.3,113.844,32.9,38.1,18.5,2025,1,1,1,-1.0239586440004,0.8214858660176017,0.1160827353313465,-25.396825396825406,0.9441542788268364,-0.8477082306554973,-0.39273441335295756,0.7271612849302,-0.025068241323600304,-0.2762503617564249,0.5724214574255981,59.78260869565217,-50.88967971530249,8.8,8.4,0.5
FI,Finland,2025-Q2,100.5,121.98,9.3,113.68,44.4,38.1,18.5,2025,2,1,1,0.9441542788268364,0.39230748127623283,-0.14405677945257267,34.95440729483283,-2.208955223880593,-1.0239586440004,-0.8477082306554973,0.8214858660176017,0.7271612849302,0.1160827353313465,-0.2762503617564249,-25.396825396825406,59.78260869565217,9.3,8.8,0.0
FR,France,2014-Q1,101.33,99.66666666666667,10.2,109.222,83.7,28.3,104.6,2014,1,1,1,-1.1607491221225064,0.17757228532180314,-0.003662131726878126,-6.688963210702337,0.1973749136484848,-1.0806638363566212,0.8858171906940493,0.0033505327347249647,0.050283262378059135,0.6190467417138024,-0.23435561396575322,6.4056939501779375,2.305825242718429,10.2,10.2,
FR,France,2014-Q2,101.53,100.18333333333334,10.1,109.488,76.6,28.3,104.6,2014,2,1,1,0.1973749136484848,0.5183946488294344,0.24354067861787065,-8.482676224611719,0.7485472274204819,-1.1607491221225064,-1.0806638363566212,0.17757228532180314,0.0033505327347249647,-0.003662131726878126,0.6190467417138024,-6.688963210702337,6.4056939501779375,10.2,10.2,-0.09999999999999964
FR,France,2014-Q3,102.29,99.97666666666667,10.2,110.192,83.8,28.3,104.6,2014,3,1,1,0.7485472274204819,-0.20628847113625115,0.6429928393979267,9.399477806788514,-1.965001466419014,0.1973749136484848,-1.1607491221225064,0.5183946488294344,0.17757228532180314,0.24354067861787065,-0.003662131726878126,-8.482676224611719,-6.688963210702337,10.1,10.2,0.09999999999999964
FR,France,2014-Q4,100.28,99.83,10.5,109.891,79.6,28.3,104.6,2014,4,1,1,-1.965001466419014,-0.1467008968759509,-0.2731595760127714,-5.011933174224348,-0.8974870362983722,0.7485472274204819,0.1973749136484848,-0.20628847113625115,0.5183946488294344,0.6429928393979267,0.24354067861787065,9.399477806788514,-8.482676224611719,10.2,10.1,0.3000000000000007
FR,France,2015-Q1,99.38,99.43,10.4,110.529,78.3,29.2,105.1,2015,1,1,1,-0.8974870362983722,-0.400681157968541,0.5805752973400802,-1.6331658291457218,0.17106057556852683,-1.965001466419014,0.7485472274204819,-0.1467008968759509,-0.20628847113625115,-0.2731595760127714,0.6429928393979267,-5.011933174224348,9.399477806788514,10.5,10.2,-0.09999999999999964
FR,France,2015-Q2,99.55,100.45,10.4,110.6,82.4,29.2,105.1,2015,2,1,1,0.17106057556852683,1.02584732977975,0.06423653520795103,5.23627075351214,1.376192867905579,-0.8974870362983722,-1.965001466419014,-0.400681157968541,-0.1467008968759509,0.5805752973400802,-0.2731595760127714,-1.6331658291457218,-5.011933174224348,10.4,10.5,0.0
FR,France,2015-Q3,100.92,100.11666666666667,10.3,110.885,90.2,29.2,105.1,2015,3,1,1,1.376192867905579,-0.331840053094401,0.25768535262207237,9.466019417475735,-0.7629805786761756,0.17106057556852683,-0.8974870362983722,1.02584732977975,-0.400681157968541,0.06423653520795103,0.5805752973400802,5.23627075351214,-1.6331658291457218,10.4,10.4,-0.09999999999999964
FR,France,2015-Q4,100.15,100.00666666666666,10.3,111.16,95.8,29.2,105.1,2015,4,1,1,-0.7629805786761756,-0.1098718162144352,0.24800468954320198,6.208425720620836,-0.41937094358462934,1.376192867905579,0.17106057556852683,-0.331840053094401,1.02584732977975,0.25768535262207237,0.06423653520795103,9.466019417475735,5.23627075351214,10.3,10.4,0.0
FR,France,2016-Q1,99.73,99.47333333333334,10.3,111.508,86.1,30.1,105.3,2016,1,1,1,-0.41937094358462934,-0.5332977801479788,0.31306225260885334,-10.125260960334037,0.5113807279655047,-0.7629805786761756,1.376192867905579,-0.1098718162144352,-0.331840053094401,0.24800468954320198,0.25768535262207237,6.208425720620836,9.466019417475735,10.3,10.3,0.0
FR,France,2016-Q2,100.24,100.54333333333334,10.0,111.305,96.8,30.1,105.3,2016,2,1,1,0.5113807279655047,1.0756651698947683,-0.18204971840584117,12.427409988385607,2.1149241819632847,-0.41937094358462934,-0.7629805786761756,-0.5332977801479788,-0.1098718162144352,0.31306225260885334,0.24800468954320198,-10.125260960334037,6.208425720620836,10.3,10.3,-0.3000000000000007
FR,France,2016-Q3,102.36,100.54333333333334,9.9,111.456,108.2,30.1,105.3,2016,3,1,1,2.1149241819632847,0.0,0.1356632675980407,11.776859504132231,-0.5080109417741285,0.5113807279655047,-0.41937094358462934,1.0756651698947683,-0.5332977801479788,-0.18204971840584117,0.31306225260885334,12.427409988385607,-10.125260960334037,10.0,10.3,-0.09999999999999964
FR,France,2016-Q4,101.84,100.66333333333334,10.1,112.16,107.1,30.1,105.3,2016,4,1,1,-0.5080109417741285,0.119351523389577,0.6316393913293084,-1.0166358595194214,0.6775333857030663,2.1149241819632847,0.5113807279655047,0.0,1.0756651698947683,0.1356632675980407,-0.18204971840584117,11.776859504132231,12.427409988385607,9.9,10.0,0.1999999999999993
FR,France,2017-Q1,102.53,100.92333333333333,9.6,112.918,97.6,30.9,105.6,2017,1,1,1,0.6775333857030663,0.2582866982350218,0.6758202567760385,-8.870214752567696,0.975324295328206,-0.5080109417741285,2.1149241819632847,0.119351523389577,0.0,0.6316393913293084,0.1356632675980407,-1.0166358595194214,11.776859504132231,10.1,9.9,-0.5
FR,France,2017-Q2,103.53,101.58,9.5,113.779,104.3,30.9,105.6,2017,2,1,1,0.975324295328206,0.6506589160088616,0.7625002213995868,6.864754098360648,2.0477156379793415,0.6775333857030663,-0.5080109417741285,0.2582866982350218,0.119351523389577,0.6758202567760385,0.6316393913293084,-8.870214752567696,-1.0166358595194214,9.6,10.1,-0.09999999999999964
FR,France,2017-Q3,105.65,101.49666666666667,9.5,114.587,117.4,30.9,105.6,2017,3,1,1,2.0477156379793415,-0.0820371464198888,0.7101486214503572,12.559923298178344,-0.3880738286796137,0.975324295328206,0.6775333857030663,0.6506589160088616,0.2582866982350218,0.7625002213995868,0.6758202567760385,6.864754098360648,-8.870214752567696,9.5,9.6,0.0
FR,France,2017-Q4,105.24,101.88666666666666,9.0,115.278,104.4,30.9,105.6,2017,4,1,1,-0.3880738286796137,0.38424907221910054,0.603035248326611,-11.073253833049401,0.2565564424173328,2.0477156379793415,0.975324295328206,-0.0820371464198888,0.6506589160088616,0.7101486214503572,0.7625002213995868,12.559923298178344,6.864754098360648,9.5,9.5,-0.5
FR,France,2018-Q1,105.51,102.44333333333333,9.3,115.236,99.1,31.6,105.9,2018,1,1,1,0.2565564424173328,0.5463586992082714,-0.03643366470619247,-5.076628352490431,0.8624774902852739,-0.3880738286796137,2.0477156379793415,0.38424907221910054,-0.0820371464198888,0.603035248326611,0.7101486214503572,-11.073253833049401,12.559923298178344,9.0,9.5,0.3000000000000007
FR,France,2018-Q2,106.42,103.76,9.1,115.532,98.4,31.6,105.9,2018,2,1,1,0.8624774902852739,1.2852633976507377,0.256864174389948,-0.7063572149343944,2.0954707761698943,0.2565564424173328,-0.3880738286796137,0.5463586992082714,0.38424907221910054,-0.03643366470619247,0.603035248326611,-5.076628352490431,-11.073253833049401,9.3,9.0,-0.20000000000000107
FR,France,2018-Q3,108.65,104.08999999999999,8.9,116.093,102.7,31.6,105.9,2018,3,1,1,2.0954707761698943,0.3180416345412329,0.4855797527957728,4.369918699186992,-0.06442705936493542,0.8624774902852739,0.2565564424173328,1.2852633976507377,0.5463586992082714,0.256864174389948,-0.03643366470619247,-0.7063572149343944,-5.076628352490431,9.1,9.3,-0.1999999999999993
FR,France,2018-Q4,108.58,104.11333333333333,8.8,116.959,98.8,31.6,105.9,2018,4,1,1,-0.06442705936493542,0.02241649854293204,0.7459536750708429,-3.797468354430389,-0.027629397679129752,2.0954707761698943,0.8624774902852739,0.3180416345412329,1.2852633976507377,0.4855797527957728,0.256864174389948,4.369918699186992,-0.7063572149343944,8.9,9.1,-0.09999999999999964
FR,France,2019-Q1,108.55,103.90333333333332,8.7,118.047,87.1,32.3,106.1,2019,1,1,1,-0.027629397679129752,-0.20170327207531535,0.9302405116322854,-11.842105263157897,1.197604790419149,-0.06442705936493542,2.0954707761698943,0.02241649854293204,0.3180416345412329,0.7459536750708429,0.4855797527957728,-3.797468354430389,4.369918699186992,8.8,8.9,-0.10000000000000142
FR,France,2019-Q2,109.85,105.11333333333334,8.4,118.696,94.4,32.3,106.1,2019,2,1,1,1.197604790419149,1.1645439671489788,0.5497810194244668,8.381171067738237,2.2576240327719654,-0.027629397679129752,-0.06442705936493542,-0.20170327207531535,0.02241649854293204,0.9302405116322854,0.7459536750708429,-11.842105263157897,-3.797468354430389,8.7,8.8,-0.29999999999999893
FR,France,2019-Q3,112.33,105.35333333333334,8.3,118.686,100.1,32.3,106.1,2019,3,1,1,2.2576240327719654,0.2283249825585143,-0.008424883736601885,6.0381355932203284,0.32048428736757284,1.197604790419149,-0.027629397679129752,1.1645439671489788,-0.20170327207531535,0.5497810194244668,0.9302405116322854,8.381171067738237,-11.842105263157897,8.4,8.7,-0.09999999999999964
FR,France,2019-Q4,112.69,105.41666666666667,8.3,118.101,103.8,32.3,106.1,2019,4,1,1,0.32048428736757284,0.060115168006080744,-0.4928972246094787,3.6963036963036933,1.0471204188481797,2.2576240327719654,1.197604790419149,0.2283249825585143,1.1645439671489788,-0.008424883736601885,0.5497810194244668,6.0381355932203284,8.381171067738237,8.3,8.4,0.0
FR,France,2020-Q1,113.87,105.28333333333335,7.9,112.141,92.2,33.0,106.3,2020,1,1,1,1.0471204188481797,-0.1264822134387278,-5.0465279718207245,-11.17533718689787,1.449020813208035,0.32048428736757284,2.2576240327719654,0.060115168006080744,0.2283249825585143,-0.4928972246094787,-0.008424883736601885,3.6963036963036933,6.0381355932203284,8.3,8.3,-0.40000000000000036
FR,France,2020-Q2,115.52,105.46333333333332,7.2,98.425,57.2,33.0,106.3,2020,2,1,1,1.449020813208035,0.17096723128064983,-12.231030577576451,-37.960954446854664,1.9736842105263275,1.0471204188481797,0.32048428736757284,-0.1264822134387278,0.060115168006080744,-5.0465279718207245,-0.4928972246094787,-11.17533718689787,3.6963036963036933,7.9,8.3,-0.7000000000000002
FR,France,2020-Q3,117.8,105.73333333333333,8.9,113.538,86.3,33.0,106.3,2020,3,1,1,1.9736842105263275,0.25601314832959243,15.35483870967742,50.87412587412585,1.2478777589134182,1.449020813208035,1.0471204188481797,0.17096723128064983,-0.1264822134387278,-12.231030577576451,-5.0465279718207245,-37.960954446854664,-11.17533718689787,7.2,7.9,1.7000000000000002
FR,France,2020-Q4,119.27,105.50666666666666,8.1,113.423,94.6,33.0,106.3,2020,4,1,1,1.2478777589134182,-0.21437578814628155,-0.10128767461113908,9.61761297798378,0.7378217489729222,1.9736842105263275,1.449020813208035,0.25601314832959243,0.17096723128064983,15.35483870967742,-12.231030577576451,50.87412587412585,-37.960954446854664,8.9,7.2,-0.8000000000000007
FR,France,2021-Q1,120.15,106.3,8.2,113.896,90.4,33.4,106.6,2021,1,1,1,0.7378217489729222,0.7519272083912565,0.4170230023892829,-4.4397463002114,1.6396171452351282,1.2478777589134182,1.9736842105263275,-0.21437578814628155,0.25601314832959243,-0.10128767461113908,15.35483870967742,9.61761297798378,50.87412587412585,8.1,8.9,0.09999999999999964
FR,France,2021-Q2,122.12,107.32333333333332,8.0,115.268,100.7,33.4,106.6,2021,2,1,1,1.6396171452351282,0.9626842270304081,1.204607712298933,11.393805309734507,3.267278087127412,0.7378217489729222,1.2478777589134182,0.7519272083912565,-0.21437578814628155,0.4170230023892829,-0.10128767461113908,-4.4397463002114,9.61761297798378,8.2,8.1,-0.1999999999999993
FR,France,2021-Q3,126.11,108.06,7.9,118.722,108.7,33.4,106.6,2021,3,1,1,3.267278087127412,0.6863993539770963,2.996495124405718,7.944389275074482,1.1180715248592543,1.6396171452351282,0.7378217489729222,0.9626842270304081,0.7519272083912565,1.204607712298933,0.4170230023892829,11.393805309734507,-4.4397463002114,8.0,8.2,-0.09999999999999964
FR,France,2021-Q4,127.52,109.02333333333333,7.5,119.371,100.2,33.4,106.6,2021,4,1,1,1.1180715248592543,0.8914800419519864,0.546655211334035,-7.819687212511495,0.8469259723964839,3.267278087127412,1.6396171452351282,0.6863993539770963,0.9626842270304081,2.996495124405718,1.204607712298933,7.944389275074482,11.393805309734507,7.9,8.0,-0.40000000000000036
FR,France,2022-Q1,128.6,110.75333333333333,7.4,119.27,117.6,33.8,107.6,2022,1,1,1,0.8469259723964839,1.586816277861014,-0.08461016494792917,17.365269461077837,1.7340590979782355,1.1180715248592543,3.267278087127412,0.8914800419519864,0.6863993539770963,0.546655211334035,2.996495124405718,-7.819687212511495,7.944389275074482,7.5,7.9,-0.09999999999999964
FR,France,2022-Q2,130.83,113.67,7.5,119.77,110.8,33.8,107.6,2022,2,1,1,1.7340590979782355,2.6334798049720165,0.4192169028255144,-5.782312925170063,2.682870901169454,0.8469259723964839,1.1180715248592543,1.586816277861014,0.8914800419519864,-0.08461016494792917,0.546655211334035,17.365269461077837,-7.819687212511495,7.4,7.5,0.09999999999999964
FR,France,2022-Q3,134.34,115.11,7.2,120.428,109.2,33.8,107.6,2022,3,1,1,2.682870901169454,1.2668250197941378,0.5493863237872709,-1.4440433212996373,-0.625279142474322,1.7340590979782355,0.8469259723964839,2.6334798049720165,1.586816277861014,0.4192169028255144,-0.08461016494792917,-5.782312925170063,17.365269461077837,7.5,7.4,-0.2999999999999998
FR,France,2022-Q4,133.5,116.61,7.2,120.859,75.6,33.8,107.6,2022,4,1,1,-0.625279142474322,1.3031013812874637,0.357890191649779,-30.76923076923077,-0.8838951310861431,2.682870901169454,1.7340590979782355,1.2668250197941378,2.6334798049720165,0.5493863237872709,0.4192169028255144,-1.4440433212996373,-5.782312925170063,7.2,7.5,0.0
FR,France,2023-Q1,132.32,118.50999999999999,7.1,120.951,76.9,34.3,107.9,2023,1,1,1,-0.8838951310861431,1.6293628333762022,0.07612176172233642,1.719576719576743,-0.45344619105198714,-0.625279142474322,2.682870901169454,1.3031013812874637,1.2668250197941378,0.357890191649779,0.5493863237872709,-30.76923076923077,-1.4440433212996373,7.2,7.2,-0.10000000000000053
FR,France,2023-Q2,131.72,120.57333333333332,7.3,122.024,78.7,34.3,107.9,2023,2,1,1,-0.45344619105198714,1.7410626388771666,0.8871361129713762,2.3407022106632036,0.4023686607956378,-0.8838951310861431,-0.625279142474322,1.6293628333762022,1.3031013812874637,0.07612176172233642,0.357890191649779,1.719576719576743,-30.76923076923077,7.1,7.2,0.20000000000000018
FR,France,2023-Q3,132.25,121.42333333333333,7.4,122.31,76.7,34.3,107.9,2023,3,1,1,0.4023686607956378,0.7049651664270851,0.234380121943234,-2.541296060991105,-2.661625708884696,-0.45344619105198714,-0.8838951310861431,1.7410626388771666,1.6293628333762022,0.8871361129713762,0.07612176172233642,2.3407022106632036,1.719576719576743,7.3,7.1,0.10000000000000053
FR,France,2023-Q4,128.73,121.47333333333331,7.6,122.826,74.9,34.3,107.9,2023,4,1,1,-2.661625708884696,0.04117824690474947,0.42187883247484237,-2.346805736636237,-2.15179056940884,0.4023686607956378,-0.45344619105198714,0.7049651664270851,1.7410626388771666,0.234380121943234,0.8871361129713762,-2.541296060991105,2.3407022106632036,7.4,7.3,0.1999999999999993
FR,France,2024-Q1,125.96,122.06666666666666,7.5,122.96,65.1,34.9,108.5,2024,1,1,1,-2.15179056940884,0.4884473958619351,0.10909742236986375,-13.084112149532723,-0.22229279136232183,-2.661625708884696,0.4023686607956378,0.04117824690474947,0.7049651664270851,0.42187883247484237,0.234380121943234,-2.346805736636237,-2.541296060991105,7.6,7.4,-0.09999999999999964
FR,France,2024-Q2,125.68,123.59333333333332,7.4,123.217,64.8,34.9,108.5,2024,2,1,1,-0.22229279136232183,1.250682687056237,0.2090110605074802,-0.4608294930875556,1.5595162316995426,-2.15179056940884,-2.661625708884696,0.4884473958619351,0.04117824690474947,0.10909742236986375,0.42187883247484237,-13.084112149532723,-2.346805736636237,7.5,7.6,-0.09999999999999964
FR,France,2024-Q3,127.64,123.98333333333333,7.5,123.686,68.7,34.9,108.5,2024,3,1,1,1.5595162316995426,0.3155510005933504,0.38062929628217557,6.018518518518534,-1.0654967094954504,-0.22229279136232183,-2.15179056940884,1.250682687056237,0.4884473958619351,0.2090110605074802,0.10909742236986375,-0.4608294930875556,-13.084112149532723,7.4,7.5,0.09999999999999964
FR,France,2024-Q4,126.28,123.50666666666666,7.3,123.651,65.5,34.9,108.5,2024,4,1,1,-1.0654967094954504,-0.3844602769189409,-0.028297462930326756,-4.657933042212525,0.20589166930631286,1.5595162316995426,-0.22229279136232183,0.3155510005933504,1.250682687056237,0.38062929628217557,0.2090110605074802,6.018518518518534,-0.4608294930875556,7.5,7.4,-0.20000000000000018
FR,France,2025-Q1,126.54,123.54666666666667,7.4,123.805,67.5,35.5,108.5,2025,1,1,1,0.20589166930631286,0.03238691568607788,0.12454407970821091,3.053435114503822,0.0,-1.0654967094954504,1.5595162316995426,-0.3844602769189409,0.3155510005933504,-0.028297462930326756,0.38062929628217557,-4.657933042212525,6.018518518518534,7.3,7.5,0.10000000000000053
FR,France,2025-Q2,126.54,124.57333333333332,7.6,124.221,79.7,35.5,108.5,2025,2,1,1,0.0,0.8309950356140572,0.3360122773716778,18.074074074074087,1.580527896317352,0.20589166930631286,-1.0654967094954504,0.03238691568607788,-0.3844602769189409,0.12454407970821091,-0.028297462930326756,3.053435114503822,-4.657933042212525,7.4,7.3,0.1999999999999993
HR,Croatia,2014-Q1,102.94,99.45,17.4,100.094,47.4,27.7,74.9,2014,1,1,0,-0.6658303580044378,-0.29742013099852693,-0.584017004032511,-16.695957820738137,0.8548669127647068,-1.2765552062494079,0.3249546019306049,-0.9171881725770659,0.32554894860976624,-0.4203467613518308,-0.34693817206951083,48.17708333333333,4.632152588555849,17.1,18.1,
HR,Croatia,2014-Q2,103.82,100.59333333333332,17.1,100.756,44.8,27.7,74.9,2014,2,1,0,0.8548669127647068,1.149656443774072,0.6613783043938781,-5.485232067510548,-0.7898285494124413,-0.6658303580044378,-1.2765552062494079,-0.29742013099852693,-0.9171881725770659,-0.584017004032511,-0.4203467613518308,-16.695957820738137,48.17708333333333,17.4,17.1,-0.29999999999999716
HR,Croatia,2014-Q3,103.0,101.01333333333334,16.7,100.255,39.8,27.7,74.9,2014,3,1,0,-0.7898285494124413,0.41752269865467095,-0.4972408591051747,-11.16071428571429,-0.8349514563106841,0.8548669127647068,-0.6658303580044378,1.149656443774072,-0.29742013099852693,0.6613783043938781,-0.584017004032511,-5.485232067510548,-16.695957820738137,17.1,17.4,-0.40000000000000213
HR,Croatia,2014-Q4,102.14,99.97333333333334,17.7,100.876,53.4,27.7,74.9,2014,4,1,0,-0.8349514563106841,-1.0295670538542634,0.6194204777816736,34.1708542713568,-1.0671627178382659,-0.7898285494124413,0.8548669127647068,0.41752269865467095,1.149656443774072,-0.4972408591051747,0.6613783043938781,-11.16071428571429,-5.485232067510548,16.7,17.1,1.0
HR,Croatia,2015-Q1,101.05,99.12333333333333,16.6,101.821,40.0,28.6,74.4,2015,1,1,0,-1.0671627178382659,-0.8502267271272457,0.9367936872992422,-25.093632958801493,-1.9000494804552237,-0.8349514563106841,-0.7898285494124413,-1.0295670538542634,0.41752269865467095,0.6194204777816736,-0.4972408591051747,34.1708542713568,-11.16071428571429,17.7,16.7,-1.0999999999999979
HR,Croatia,2015-Q2,99.13,100.58666666666666,16.1,102.416,40.1,28.6,74.4,2015,2,1,0,-1.9000494804552237,1.4762753472105317,0.5843588257824939,0.24999999999999467,0.7364067386260498,-1.0671627178382659,-0.8349514563106841,-0.8502267271272457,-1.0295670538542634,0.9367936872992422,0.6194204777816736,-25.093632958801493,34.1708542713568,16.6,17.7,-0.5
HR,Croatia,2015-Q3,99.86,100.73666666666666,16.8,104.132,37.8,28.6,74.4,2015,3,1,0,0.7364067386260498,0.14912513255567195,1.6755194500859272,-5.735660847880308,0.10014019627477833,-1.9000494804552237,-1.0671627178382659,1.4762753472105317,-0.8502267271272457,0.5843588257824939,0.9367936872992422,0.24999999999999467,-25.093632958801493,16.1,16.6,0.6999999999999993
HR,Croatia,2015-Q4,99.96,99.55666666666666,15.3,102.589,47.6,28.6,74.4,2015,4,1,0,0.10014019627477833,-1.1713709010290896,-1.4817731340990292,25.92592592592593,1.2505002000800403,0.7364067386260498,-1.9000494804552237,0.14912513255567195,1.4762753472105317,1.6755194500859272,0.5843588257824939,-5.735660847880308,0.24999999999999467,16.8,16.1,-1.5
HR,Croatia,2016-Q1,101.21,98.58,14.1,106.371,43.2,29.4,74.6,2016,1,1,0,1.2505002000800403,-0.9810158368768085,3.686555088752197,-9.243697478991598,-0.9188815334453038,0.10014019627477833,0.7364067386260498,-1.1713709010290896,0.14912513255567195,-1.4817731340990292,1.6755194500859272,25.92592592592593,-5.735660847880308,15.3,16.8,-1.200000000000001
HR,Croatia,2016-Q2,100.28,99.49666666666667,13.3,105.594,52.0,29.4,74.6,2016,2,1,0,-0.9188815334453038,0.9298708324880112,-0.7304622500493574,20.370370370370374,1.0271240526525727,1.2505002000800403,0.10014019627477833,-0.9810158368768085,-1.1713709010290896,3.686555088752197,-1.4817731340990292,-9.243697478991598,25.92592592592593,14.1,15.3,-0.7999999999999989
HR,Croatia,2016-Q3,101.31,99.65666666666668,12.1,106.126,60.1,29.4,74.6,2016,3,1,0,1.0271240526525727,0.16080940735034854,0.5038165047256626,15.576923076923087,-0.5527588589477883,-0.9188815334453038,1.2505002000800403,0.9298708324880112,-0.9810158368768085,-0.7304622500493574,3.686555088752197,20.370370370370374,-9.243697478991598,13.3,14.1,-1.200000000000001
HR,Croatia,2016-Q4,100.75,99.75,12.6,107.517,64.9,29.4,74.6,2016,4,1,0,-0.5527588589477883,0.09365488176069636,1.3107061417560129,7.986688851913493,0.09925558312655625,1.0271240526525727,-0.9188815334453038,0.16080940735034854,0.9298708324880112,0.5038165047256626,-0.7304622500493574,15.576923076923087,20.370370370370374,12.1,13.3,0.5
HR,Croatia,2017-Q1,100.85,99.71,12.7,108.845,69.7,30.3,73.9,2017,1,1,0,0.09925558312655625,-0.04010025062657352,1.235153510607634,7.395993836671799,3.6688150718889423,-0.5527588589477883,1.0271240526525727,0.09365488176069636,0.16080940735034854,1.3107061417560129,0.5038165047256626,7.986688851913493,15.576923076923087,12.6,12.1,0.09999999999999964
HR,Croatia,2017-Q2,104.55,100.63666666666666,11.5,109.152,65.3,30.3,73.9,2017,2,1,0,3.6688150718889423,0.9293618159328609,0.2820524599200791,-6.312769010043051,0.5547584887613644,0.09925558312655625,-0.5527588589477883,-0.04010025062657352,0.09365488176069636,1.235153510607634,1.3107061417560129,7.395993836671799,7.986688851913493,12.7,12.6,-1.1999999999999993
HR,Croatia,2017-Q3,105.13,101.08999999999999,9.9,110.449,62.7,30.3,73.9,2017,3,1,0,0.5547584887613644,0.45046537047463975,1.1882512459689298,-3.9816232771822224,3.1579948635023447,3.6688150718889423,0.09925558312655625,0.9293618159328609,-0.04010025062657352,0.2820524599200791,1.235153510607634,-6.312769010043051,7.395993836671799,11.5,12.7,-1.5999999999999996
HR,Croatia,2017-Q4,108.45,101.22333333333334,10.1,110.801,99.4,30.3,73.9,2017,4,1,0,3.1579948635023447,0.1318956705246288,0.3186991281043827,58.53269537480064,0.9128630705394158,0.5547584887613644,3.6688150718889423,0.45046537047463975,0.9293618159328609,1.1882512459689298,0.2820524599200791,-3.9816232771822224,-6.312769010043051,9.9,11.5,0.1999999999999993
HR,Croatia,2018-Q1,109.44,100.82000000000001,9.3,111.112,71.8,31.5,73.2,2018,1,1,0,0.9128630705394158,-0.3984588533605615,0.2806833873340464,-27.766599597585518,-0.1644736842105199,3.1579948635023447,0.5547584887613644,0.1318956705246288,0.45046537047463975,0.3186991281043827,1.1882512459689298,58.53269537480064,-3.9816232771822224,10.1,9.9,-0.7999999999999989
HR,Croatia,2018-Q2,109.26,102.44333333333333,8.2,113.247,58.2,31.5,73.2,2018,2,1,0,-0.1644736842105199,1.6101302651590155,1.9214846281229825,-18.94150417827297,2.8006589785831926,0.9128630705394158,3.1579948635023447,-0.3984588533605615,0.1318956705246288,0.2806833873340464,0.3186991281043827,-27.766599597585518,58.53269537480064,9.3,10.1,-1.1000000000000014
HR,Croatia,2018-Q3,112.32,103.10666666666667,8.1,113.595,72.3,31.5,73.2,2018,3,1,0,2.8006589785831926,0.647512445905063,0.3072929084214193,24.22680412371132,1.0861823361823397,-0.1644736842105199,0.9128630705394158,1.6101302651590155,-0.3984588533605615,1.9214846281229825,0.2806833873340464,-18.94150417827297,-27.766599597585518,8.2,9.3,-0.09999999999999964
HR,Croatia,2018-Q4,113.54,102.56,7.8,114.049,77.1,31.5,73.2,2018,4,1,0,1.0861823361823397,-0.53019526703737,0.39966547823409027,6.639004149377592,3.5317949621278766,2.8006589785831926,-0.1644736842105199,0.647512445905063,1.6101302651590155,0.3072929084214193,1.9214846281229825,24.22680412371132,-18.94150417827297,8.1,8.2,-0.2999999999999998
HR,Croatia,2019-Q1,117.55,101.64333333333333,6.7,116.32,99.1,32.7,72.8,2019,1,1,0,3.5317949621278766,-0.8937857514300651,1.9912493752685112,28.534370946822317,2.5946405784772475,1.0861823361823397,2.8006589785831926,-0.53019526703737,0.647512445905063,0.39966547823409027,0.3072929084214193,6.639004149377592,24.22680412371132,7.8,8.1,-1.0999999999999996
HR,Croatia,2019-Q2,120.6,103.25,6.6,116.944,83.8,32.7,72.8,2019,2,1,0,2.5946405784772475,1.580690650313188,0.5364511691884566,-15.438950554994957,0.63018242122721,3.5317949621278766,1.0861823361823397,-0.8937857514300651,-0.53019526703737,1.9912493752685112,0.39966547823409027,28.534370946822317,6.639004149377592,6.7,7.8,-0.10000000000000053
HR,Croatia,2019-Q3,121.36,103.79666666666667,6.3,116.728,87.7,32.7,72.8,2019,3,1,0,0.63018242122721,0.5294592413236376,-0.18470378984813962,4.653937947494047,2.9169413315754733,2.5946405784772475,3.5317949621278766,1.580690650313188,-0.8937857514300651,0.5364511691884566,1.9912493752685112,-15.438950554994957,28.534370946822317,6.6,6.7,-0.2999999999999998
HR,Croatia,2019-Q4,124.9,103.47666666666667,6.7,116.3,95.1,32.7,72.8,2019,4,1,0,2.9169413315754733,-0.30829506406756524,-0.36666438215338104,8.437856328392247,2.6821457165732587,0.63018242122721,2.5946405784772475,0.5294592413236376,1.580690650313188,-0.18470378984813962,0.5364511691884566,4.653937947494047,-15.438950554994957,6.3,6.6,0.40000000000000036
HR,Croatia,2020-Q1,128.25,102.81666666666668,6.2,114.646,73.7,33.8,72.8,2020,1,1,0,2.6821457165732587,-0.6378249524852553,-1.4221840068787572,-22.502628811777072,1.8089668615984378,2.9169413315754733,0.63018242122721,-0.30829506406756524,0.5294592413236376,-0.36666438215338104,-0.18470378984813962,8.437856328392247,4.653937947494047,6.7,6.3,-0.5
HR,Croatia,2020-Q2,130.57,102.81,6.9,98.683,80.8,33.8,72.8,2020,2,1,0,1.8089668615984378,-0.0064840330685767,-13.923730439788562,9.633649932157384,-0.6280156238033241,2.6821457165732587,2.9169413315754733,-0.6378249524852553,-0.30829506406756524,-1.4221840068787572,-0.36666438215338104,-22.502628811777072,8.437856328392247,6.2,6.7,0.7000000000000002
HR,Croatia,2020-Q3,129.75,103.31,8.0,103.765,83.0,33.8,72.8,2020,3,1,0,-0.6280156238033241,0.4863340142009509,5.149823171164236,2.722772277227725,2.4662813102119374,1.8089668615984378,2.6821457165732587,-0.0064840330685767,-0.6378249524852553,-13.923730439788562,-1.4221840068787572,9.633649932157384,-22.502628811777072,6.9,6.2,1.0999999999999996
HR,Croatia,2020-Q4,132.95,103.30666666666666,8.6,112.231,98.3,33.8,72.8,2020,4,1,0,2.4662813102119374,-0.003226535024047905,8.158820411506774,18.433734939759038,0.9326814591951837,-0.6280156238033241,1.8089668615984378,0.4863340142009509,-0.0064840330685767,5.149823171164236,-13.923730439788562,2.722772277227725,9.633649932157384,8.0,6.9,0.5999999999999996
HR,Croatia,2021-Q1,134.19,103.58,9.2,118.711,99.0,34.9,72.4,2021,1,1,0,0.9326814591951837,0.2645844088797089,5.773805811228638,0.7121057985757906,3.6068261420374226,2.4662813102119374,-0.6280156238033241,-0.003226535024047905,0.4863340142009509,8.158820411506774,5.149823171164236,18.433734939759038,2.722772277227725,8.6,8.0,0.5999999999999996
HR,Croatia,2021-Q2,139.03,105.10333333333334,8.0,118.097,98.1,34.9,72.4,2021,2,1,0,3.6068261420374226,1.4706828860140408,-0.5172224983363005,-0.909090909090915,1.7334388261526223,0.9326814591951837,2.4662813102119374,0.2645844088797089,-0.003226535024047905,5.773805811228638,8.158820411506774,0.7121057985757906,18.433734939759038,9.2,8.6,-1.1999999999999993
HR,Croatia,2021-Q3,141.44,106.53666666666668,6.8,120.441,89.3,34.9,72.4,2021,3,1,0,1.7334388261526223,1.3637372744283338,1.9848090976062105,-8.970438328236497,2.5098981900452566,3.6068261420374226,0.9326814591951837,1.4706828860140408,0.2645844088797089,-0.5172224983363005,5.773805811228638,-0.909090909090915,0.7121057985757906,8.0,9.2,-1.2000000000000002
HR,Croatia,2021-Q4,144.99,108.04666666666667,6.0,124.291,113.6,34.9,72.4,2021,4,1,0,2.5098981900452566,1.4173523982353498,3.1965858802235125,27.21164613661813,5.007241878750257,1.7334388261526223,3.6068261420374226,1.3637372744283338,1.4706828860140408,1.9848090976062105,-0.5172224983363005,-8.970438328236497,-0.909090909090915,6.8,8.0,-0.7999999999999998
HR,Croatia,2022-Q1,152.25,110.16333333333334,6.3,128.045,123.7,35.6,69.0,2022,1,1,0,5.007241878750257,1.9590300487443812,3.0203313192427306,8.890845070422548,3.737274220032849,2.5098981900452566,1.7334388261526223,1.4173523982353498,1.3637372744283338,3.1965858802235125,1.9848090976062105,27.21164613661813,-8.970438328236497,6.0,6.8,0.2999999999999998
HR,Croatia,2022-Q2,157.94,116.45,7.3,129.201,105.3,35.6,69.0,2022,2,1,0,3.737274220032849,5.706677963024598,0.902807606700784,-14.874696847211,2.8491832341395407,5.007241878750257,2.5098981900452566,1.9590300487443812,1.4173523982353498,3.0203313192427306,3.1965858802235125,8.890845070422548,27.21164613661813,6.3,6.0,1.0
HR,Croatia,2022-Q3,162.44,119.95333333333333,7.1,130.273,100.1,35.6,69.0,2022,3,1,0,2.8491832341395407,3.0084442536138623,0.829714940286852,-4.938271604938271,4.721743412952484,3.737274220032849,5.007241878750257,5.706677963024598,1.9590300487443812,0.902807606700784,3.0203313192427306,-14.874696847211,8.890845070422548,7.3,6.3,-0.20000000000000018
HR,Croatia,2022-Q4,170.11,121.86333333333334,6.5,128.888,122.6,35.6,69.0,2022,4,1,0,4.721743412952484,1.5922858889568348,-1.0631519961926017,22.477522477522484,2.0280994650520245,2.8491832341395407,3.737274220032849,3.0084442536138623,5.706677963024598,0.829714940286852,0.902807606700784,-4.938271604938271,-14.874696847211,7.1,7.3,-0.5999999999999996
HR,Croatia,2023-Q1,173.56,122.91666666666667,6.7,131.404,118.4,36.1,69.0,2023,1,1,1,2.0280994650520245,0.8643562460679988,1.9520824281546778,-3.425774877650889,3.497349619728052,4.721743412952484,2.8491832341395407,1.5922858889568348,3.0084442536138623,-1.0631519961926017,0.829714940286852,22.477522477522484,-4.938271604938271,6.5,7.1,0.20000000000000018
HR,Croatia,2023-Q2,179.63,126.31666666666666,6.0,133.922,92.9,36.1,69.0,2023,2,1,1,3.497349619728052,2.766101694915246,1.916227816504823,-21.53716216216216,0.256081946222797,2.0280994650520245,4.721743412952484,0.8643562460679988,1.5922858889568348,1.9520824281546778,-1.0631519961926017,-3.425774877650889,22.477522477522484,6.7,6.5,-0.7000000000000002
HR,Croatia,2023-Q3,180.09,129.50333333333333,6.1,134.014,116.7,36.1,69.0,2023,3,1,1,0.256081946222797,2.5227602586093134,0.06869670405162953,25.618945102260483,3.41495918707313,3.497349619728052,2.0280994650520245,2.766101694915246,0.8643562460679988,1.916227816504823,1.9520824281546778,-21.53716216216216,-3.425774877650889,6.0,6.7,0.09999999999999964
HR,Croatia,2023-Q4,186.24,129.01,5.7,136.315,123.4,36.1,69.0,2023,4,1,1,3.41495918707313,-0.38094257548069166,1.7169847926336024,5.741216795201365,1.702104810996552,0.256081946222797,3.497349619728052,2.5227602586093134,2.766101694915246,0.06869670405162953,1.916227816504823,25.618945102260483,-21.53716216216216,6.1,6.0,-0.39999999999999947
HR,Croatia,2024-Q1,189.41,128.83333333333334,5.0,136.836,127.6,36.6,69.2,2024,1,1,1,1.702104810996552,-0.1369402888664828,0.3822029857315945,3.4035656401944836,4.286996462699966,3.41495918707313,0.256081946222797,-0.38094257548069166,2.5227602586093134,1.7169847926336024,0.06869670405162953,5.741216795201365,25.618945102260483,5.7,6.1,-0.7000000000000002
HR,Croatia,2024-Q2,197.53,131.57000000000002,5.0,138.384,127.1,36.6,69.2,2024,2,1,1,4.286996462699966,2.1241914618369995,1.131281241778459,-0.39184952978056353,2.359135321217032,1.702104810996552,3.41495918707313,-0.1369402888664828,-0.38094257548069166,0.3822029857315945,1.7169847926336024,3.4035656401944836,5.741216795201365,5.0,5.7,0.0
HR,Croatia,2024-Q3,202.19,133.54666666666665,5.4,139.901,109.3,36.6,69.2,2024,3,1,1,2.359135321217032,1.502368827746925,1.0962249971095073,-14.004720692368211,1.3947277313417938,4.286996462699966,1.702104810996552,2.1241914618369995,-0.1369402888664828,1.131281241778459,0.3822029857315945,-0.39184952978056353,3.4035656401944836,5.0,5.0,0.40000000000000036
HR,Croatia,2024-Q4,205.01,134.19333333333333,4.8,140.969,127.1,36.6,69.2,2024,4,1,1,1.3947277313417938,0.48422523961662023,0.7633969735741486,16.285452881976205,4.472952538900543,2.359135321217032,4.286996462699966,1.502368827746925,2.1241914618369995,1.0962249971095073,1.131281241778459,-14.004720692368211,-0.39184952978056353,5.4,5.0,-0.6000000000000005
HR,Croatia,2025-Q1,214.18,134.87333333333333,5.0,141.676,114.1,37.0,69.2,2025,1,1,1,4.472952538900543,0.5067315813006124,0.501528704892551,-10.228166797797012,4.421514613876187,1.3947277313417938,2.359135321217032,0.48422523961662023,1.502368827746925,0.7633969735741486,1.0962249971095073,16.285452881976205,-14.004720692368211,4.8,5.4,0.20000000000000018
HR,Croatia,2025-Q2,223.65,137.11666666666667,5.1,142.972,136.8,37.0,69.2,2025,2,1,1,4.421514613876187,1.6632890119124166,0.914763262655649,19.894829097283107,2.87055667337357,4.472952538900543,1.3947277313417938,0.5067315813006124,0.48422523961662023,0.501528704892551,0.7633969735741486,-10.228166797797012,16.285452881976205,5.0,4.8,0.09999999999999964
HU,Hungary,2014-Q1,85.75,100.05666666666667,7.6,104.687,21.1,25.7,108.1,2014,1,0,0,1.9255913467253194,0.4047364195879144,0.9615199151316478,-24.100719424460426,2.0991253644314867,-1.3253577292986263,0.14094432699085502,-0.45285029302079005,-0.182803204041615,0.81378277736186,1.545099123291993,12.096774193548377,-5.343511450381677,9.0,9.8,
HU,Hungary,2014-Q2,87.55,100.2,7.9,106.057,30.8,25.7,108.1,2014,2,0,0,2.0991253644314867,0.1432521571109735,1.3086629667484972,45.97156398104265,1.8732153055396994,1.9255913467253194,-1.3253577292986263,0.4047364195879144,-0.45285029302079005,0.9615199151316478,0.81378277736186,-24.100719424460426,12.096774193548377,7.6,9.0,0.3000000000000007
HU,Hungary,2014-Q3,89.19,100.18,7.4,107.066,39.2,25.7,108.1,2014,3,0,0,1.8732153055396994,-0.01996007984031989,0.9513752038997847,27.27272727272727,2.2760399147886634,2.0991253644314867,1.9255913467253194,0.1432521571109735,0.4047364195879144,1.3086629667484972,0.9615199151316478,45.97156398104265,-24.100719424460426,7.9,7.6,-0.5
HU,Hungary,2014-Q4,91.22,99.30333333333334,7.1,107.653,35.1,25.7,108.1,2014,4,0,0,2.2760399147886634,-0.8750915019631322,0.5482599518054299,-10.459183673469386,2.609076956807721,1.8732153055396994,2.0991253644314867,-0.01996007984031989,0.1432521571109735,0.9513752038997847,1.3086629667484972,27.27272727272727,45.97156398104265,7.4,7.9,-0.3000000000000007
HU,Hungary,2015-Q1,93.6,99.10666666666667,7.2,109.385,31.3,26.4,107.9,2015,1,0,0,2.609076956807721,-0.19804638984929346,1.6088729529135204,-10.826210826210826,5.438034188034191,2.2760399147886634,1.8732153055396994,-0.8750915019631322,-0.01996007984031989,0.5482599518054299,0.9513752038997847,-10.459183673469386,27.27272727272727,7.1,7.4,0.10000000000000053
HU,Hungary,2015-Q2,98.69,100.63333333333333,6.8,109.525,42.0,26.4,107.9,2015,2,0,0,5.438034188034191,1.5404278218754008,0.1279882982127445,34.18530351437698,4.428006890262437,2.609076956807721,2.2760399147886634,-0.19804638984929346,-0.8750915019631322,1.6088729529135204,0.5482599518054299,-10.826210826210826,-10.459183673469386,7.2,7.1,-0.40000000000000036
HU,Hungary,2015-Q3,103.06,100.36,6.4,110.361,39.8,26.4,107.9,2015,3,0,0,4.428006890262437,-0.2716131169261282,0.7632960511298803,-5.238095238095242,1.542790607413158,5.438034188034191,2.609076956807721,1.5404278218754008,-0.19804638984929346,0.1279882982127445,1.6088729529135204,34.18530351437698,-10.826210826210826,6.8,7.2,-0.39999999999999947
HU,Hungary,2015-Q4,104.65,99.89333333333333,6.1,111.533,50.0,26.4,107.9,2015,4,0,0,1.542790607413158,-0.4649926929719661,1.061969355116399,25.628140703517598,4.529383659818431,4.428006890262437,5.438034188034191,-0.2716131169261282,1.5404278218754008,0.7632960511298803,0.1279882982127445,-5.238095238095242,34.18530351437698,6.4,6.8,-0.3000000000000007
HU,Hungary,2016-Q1,109.39,99.47666666666667,5.6,111.289,63.7,27.0,107.6,2016,1,0,0,4.529383659818431,-0.4171115856913987,-0.2187693328431939,27.400000000000002,2.3585336868086726,1.542790607413158,4.428006890262437,-0.4649926929719661,-0.2716131169261282,1.061969355116399,0.7632960511298803,25.628140703517598,-5.238095238095242,6.1,6.4,-0.5
HU,Hungary,2016-Q2,111.97,100.63333333333333,5.0,112.657,123.2,27.0,107.6,2016,2,0,0,2.3585336868086726,1.1627517340749849,1.2292319995686807,93.4065934065934,2.884701259265876,4.529383659818431,1.542790607413158,-0.4171115856913987,-0.4649926929719661,-0.2187693328431939,1.061969355116399,27.400000000000002,25.628140703517598,5.6,6.1,-0.5999999999999996
HU,Hungary,2016-Q3,115.2,100.47333333333334,4.8,113.246,97.9,27.0,107.6,2016,3,0,0,2.884701259265876,-0.15899304405430081,0.5228259229342225,-20.535714285714278,1.519097222222232,2.3585336868086726,4.529383659818431,1.1627517340749849,-0.4171115856913987,1.2292319995686807,-0.2187693328431939,93.4065934065934,27.400000000000002,5.0,5.6,-0.20000000000000018
HU,Hungary,2016-Q4,116.95,101.20666666666666,4.4,114.273,134.7,27.0,107.6,2016,4,0,0,1.519097222222232,0.7298785747461789,0.9068752980237793,37.589376915219596,4.523300555793064,2.884701259265876,2.3585336868086726,-0.15899304405430081,1.1627517340749849,0.5228259229342225,1.2292319995686807,-20.535714285714278,93.4065934065934,4.8,5.0,-0.39999999999999947
HU,Hungary,2017-Q1,122.24,102.10000000000001,4.2,115.645,128.1,27.7,107.3,2017,1,0,0,4.523300555793064,0.8826823002437312,1.2006335704847215,-4.899777282850771,2.650523560209428,1.519097222222232,2.884701259265876,0.7298785747461789,-0.15899304405430081,0.9068752980237793,0.5228259229342225,37.589376915219596,-20.535714285714278,4.4,4.8,-0.20000000000000018
HU,Hungary,2017-Q2,125.48,102.75666666666666,4.2,117.043,137.8,27.7,107.3,2017,2,0,0,2.650523560209428,0.6431603003591135,1.2088719789009605,7.572209211553482,3.028371055148238,4.523300555793064,1.519097222222232,0.8826823002437312,0.7298785747461789,1.2006335704847215,0.9068752980237793,-4.899777282850771,37.589376915219596,4.2,4.4,0.0
HU,Hungary,2017-Q3,129.28,102.96,4.0,118.137,116.2,27.7,107.3,2017,3,0,0,3.028371055148238,0.19787848314789525,0.9346992131097132,-15.674891146589264,2.0730198019802026,2.650523560209428,4.523300555793064,0.6431603003591135,0.8826823002437312,1.2088719789009605,1.2006335704847215,7.572209211553482,-4.899777282850771,4.2,4.2,-0.20000000000000018
HU,Hungary,2017-Q4,131.96,103.56,3.8,119.891,127.5,27.7,107.3,2017,4,0,0,2.0730198019802026,0.5827505827505908,1.4847168964845947,9.72461273666092,5.06971809639285,3.028371055148238,2.650523560209428,0.19787848314789525,0.6431603003591135,0.9346992131097132,1.2088719789009605,-15.674891146589264,7.572209211553482,4.0,4.2,-0.20000000000000018
HU,Hungary,2018-Q1,138.65,104.16000000000001,3.6,122.212,133.9,28.3,107.1,2018,1,0,0,5.06971809639285,0.5793742757821629,1.9359251319948978,5.019607843137264,2.791200865488652,2.0730198019802026,3.028371055148238,0.5827505827505908,0.19787848314789525,1.4847168964845947,0.9346992131097132,9.72461273666092,-15.674891146589264,3.8,4.0,-0.19999999999999973
HU,Hungary,2018-Q2,142.52,105.64,3.5,123.321,111.7,28.3,107.1,2018,2,0,0,2.791200865488652,1.4208909370199585,0.9074395313062533,-16.579536967886487,4.1888857704181826,5.06971809639285,2.0730198019802026,0.5793742757821629,0.5827505827505908,1.9359251319948978,1.4847168964845947,5.019607843137264,9.72461273666092,3.6,3.8,-0.10000000000000009
HU,Hungary,2018-Q3,148.49,106.58333333333333,3.6,125.185,115.1,28.3,107.1,2018,3,0,0,4.1888857704181826,0.8929698346585857,1.5115025016015249,3.043867502238129,2.5792982692437016,2.791200865488652,5.06971809639285,1.4208909370199585,0.5793742757821629,0.9074395313062533,1.9359251319948978,-16.579536967886487,5.019607843137264,3.5,3.6,0.10000000000000009
HU,Hungary,2018-Q4,152.32,106.96999999999998,3.5,126.57,132.6,28.3,107.1,2018,4,0,0,2.5792982692437016,0.362783424550428,1.1063625833765967,15.20417028670722,8.344275210084028,4.1888857704181826,2.791200865488652,0.8929698346585857,1.4208909370199585,1.5115025016015249,0.9074395313062533,3.043867502238129,-16.579536967886487,3.6,3.5,-0.10000000000000009
HU,Hungary,2019-Q1,165.03,107.52666666666666,3.3,129.202,131.7,29.0,107.1,2019,1,0,0,8.344275210084028,0.5203951263594186,2.07948170972585,-0.6787330316742168,3.3387868872326143,2.5792982692437016,4.1888857704181826,0.362783424550428,0.8929698346585857,1.1063625833765967,1.5115025016015249,15.20417028670722,3.043867502238129,3.5,3.6,-0.20000000000000018
HU,Hungary,2019-Q2,170.54,109.64999999999999,3.3,129.606,115.5,29.0,107.1,2019,2,0,0,3.3387868872326143,1.9747039494079077,0.31268865807030366,-12.300683371298394,1.5714788319455941,8.344275210084028,2.5792982692437016,0.5203951263594186,0.362783424550428,2.07948170972585,1.1063625833765967,-0.6787330316742168,15.20417028670722,3.3,3.5,0.0
HU,Hungary,2019-Q3,173.22,109.92666666666666,3.4,131.42,124.9,29.0,107.1,2019,3,0,0,1.5714788319455941,0.2523179814561516,1.3996265604987457,8.138528138528134,-0.7735827271677653,3.3387868872326143,8.344275210084028,1.9747039494079077,0.5203951263594186,0.31268865807030366,2.07948170972585,-12.300683371298394,-0.6787330316742168,3.3,3.3,0.10000000000000009
HU,Hungary,2019-Q4,171.88,110.73333333333333,3.2,132.296,102.8,29.0,107.1,2019,4,0,0,-0.7735827271677653,0.7338225483655814,0.6665652107746167,-17.69415532425941,3.9911566208983063,1.5714788319455941,3.3387868872326143,0.2523179814561516,1.9747039494079077,1.3996265604987457,0.31268865807030366,8.138528138528134,-12.300683371298394,3.4,3.3,-0.19999999999999973
HU,Hungary,2020-Q1,178.74,112.20666666666666,3.5,131.928,92.6,30.1,107.1,2020,1,0,0,3.9911566208983063,1.3305237808548975,-0.2781641168289273,-9.922178988326847,-2.14837193689158,-0.7735827271677653,1.5714788319455941,0.7338225483655814,0.2523179814561516,0.6665652107746167,1.3996265604987457,-17.69415532425941,8.138528138528134,3.2,3.4,0.2999999999999998
HU,Hungary,2020-Q2,174.9,112.44,4.5,112.774,67.3,30.1,107.1,2020,2,0,0,-2.14837193689158,0.20794961677856882,-14.518525256200354,-27.32181425485961,3.8250428816466453,3.9911566208983063,-0.7735827271677653,1.3305237808548975,0.7338225483655814,-0.2781641168289273,0.6665652107746167,-9.922178988326847,-17.69415532425941,3.5,3.2,1.0
HU,Hungary,2020-Q3,181.59,114.06333333333333,4.3,126.029,63.9,30.1,107.1,2020,3,0,0,3.8250428816466453,1.4437329538717014,11.753595686949115,-5.052005943536397,-1.3822347045542083,-2.14837193689158,3.9911566208983063,0.20794961677856882,1.3305237808548975,-14.518525256200354,-0.2781641168289273,-27.32181425485961,-9.922178988326847,4.5,3.5,-0.20000000000000018
HU,Hungary,2020-Q4,179.08,113.90333333333332,4.1,128.286,70.3,30.1,107.1,2020,4,0,0,-1.3822347045542083,-0.14027294777756438,1.7908576597449821,10.015649452269159,9.420370784007126,3.8250428816466453,-2.14837193689158,1.4437329538717014,0.20794961677856882,11.753595686949115,-14.518525256200354,-5.052005943536397,-27.32181425485961,4.3,4.5,-0.20000000000000018
HU,Hungary,2021-Q1,195.95,115.96333333333332,4.4,129.958,95.0,30.9,106.9,2021,1,0,0,9.420370784007126,1.8085511105908614,1.3033378544814012,35.13513513513513,4.31232457259505,-1.3822347045542083,3.8250428816466453,-0.14027294777756438,1.4437329538717014,1.7908576597449821,11.753595686949115,10.015649452269159,-5.052005943536397,4.1,4.3,0.3000000000000007
HU,Hungary,2021-Q2,204.4,118.36000000000001,4.1,132.758,113.2,30.9,106.9,2021,2,0,0,4.31232457259505,2.0667452355629834,2.154542236722645,19.157894736842106,3.6888454011741567,9.420370784007126,-1.3822347045542083,1.8085511105908614,-0.14027294777756438,1.3033378544814012,1.7908576597449821,35.13513513513513,10.015649452269159,4.4,4.1,-0.3000000000000007
HU,Hungary,2021-Q3,211.94,119.82000000000001,3.9,134.376,91.6,30.9,106.9,2021,3,0,0,3.6888454011741567,1.2335248394727882,1.2187589448470204,-19.081272084805654,3.736906671699547,4.31232457259505,9.420370784007126,2.0667452355629834,1.8085511105908614,2.154542236722645,1.3033378544814012,19.157894736842106,35.13513513513513,4.1,4.4,-0.19999999999999973
HU,Hungary,2021-Q4,219.86,122.03000000000002,3.7,137.759,100.2,30.9,106.9,2021,4,0,0,3.736906671699547,1.844433316641636,2.5175626599987844,9.388646288209612,9.806240334758476,3.6888454011741567,4.31232457259505,1.2335248394727882,2.0667452355629834,1.2187589448470204,2.154542236722645,-19.081272084805654,19.157894736842106,3.9,4.1,-0.19999999999999973
HU,Hungary,2022-Q1,241.42,125.60000000000001,3.6,139.468,108.9,31.4,105.3,2022,1,0,0,9.806240334758476,2.9255101204621825,1.2405723038059202,8.682634730538918,5.720321431530118,3.736906671699547,3.6888454011741567,1.844433316641636,1.2335248394727882,2.5175626599987844,1.2187589448470204,9.388646288209612,-19.081272084805654,3.7,3.9,-0.10000000000000009
HU,Hungary,2022-Q2,255.23,131.39000000000001,3.3,140.678,133.3,31.4,105.3,2022,2,0,0,5.720321431530118,4.609872611464971,0.8675825278917193,22.405876951331493,3.036476903185381,9.806240334758476,3.736906671699547,2.9255101204621825,1.844433316641636,1.2405723038059202,2.5175626599987844,8.682634730538918,9.388646288209612,3.6,3.7,-0.30000000000000027
HU,Hungary,2022-Q3,262.98,141.38333333333333,3.6,139.121,113.2,31.4,105.3,2022,3,0,0,3.036476903185381,7.605855341603851,-1.1067828658354428,-15.07876969242311,-1.7301695946459805,5.720321431530118,9.806240334758476,4.609872611464971,2.9255101204621825,0.8675825278917193,1.2405723038059202,22.405876951331493,8.682634730538918,3.3,3.6,0.30000000000000027
HU,Hungary,2022-Q4,258.43,150.51,3.9,137.865,124.6,31.4,105.3,2022,4,0,0,-1.7301695946459805,6.455263468112693,-0.9028112218859796,10.070671378091856,4.016561544712305,3.036476903185381,5.720321431530118,7.605855341603851,4.609872611464971,-1.1067828658354428,0.8675825278917193,-15.07876969242311,22.405876951331493,3.6,3.3,0.2999999999999998
HU,Hungary,2023-Q1,268.81,158.10333333333332,3.9,137.586,68.5,31.6,105.1,2023,1,0,0,4.016561544712305,5.04506898766417,-0.20237188554019792,-45.024077046548946,1.0155872177374459,-1.7301695946459805,3.036476903185381,6.455263468112693,7.605855341603851,-0.9028112218859796,-1.1067828658354428,10.070671378091856,-15.07876969242311,3.9,3.6,0.0
HU,Hungary,2023-Q2,271.54,160.37,4.0,137.495,80.0,31.6,105.1,2023,2,0,0,1.0155872177374459,1.4336615293795374,-0.06614045033652705,16.788321167883204,0.40141415629373345,4.016561544712305,-1.7301695946459805,5.04506898766417,6.455263468112693,-0.20237188554019792,-0.9028112218859796,-45.024077046548946,10.070671378091856,3.9,3.9,0.10000000000000009
HU,Hungary,2023-Q3,272.63,161.99333333333334,4.1,139.357,53.3,31.6,105.1,2023,3,0,0,0.40141415629373345,1.0122425225000509,1.3542310629477416,-33.375,1.672596559439543,1.0155872177374459,4.016561544712305,1.4336615293795374,5.04506898766417,-0.06614045033652705,-0.20237188554019792,16.788321167883204,-45.024077046548946,4.0,3.9,0.09999999999999964
HU,Hungary,2023-Q4,277.19,161.90666666666667,4.4,139.014,87.1,31.6,105.1,2023,4,0,0,1.672596559439543,-0.053500144038853836,-0.24613044195841427,63.414634146341456,8.586168332190924,0.40141415629373345,1.0155872177374459,1.0122425225000509,1.4336615293795374,1.3542310629477416,-0.06614045033652705,-33.375,16.788321167883204,4.1,4.0,0.3000000000000007
HU,Hungary,2024-Q1,300.99,163.84,4.5,139.411,61.2,31.9,104.8,2024,1,0,0,8.586168332190924,1.194103598781182,0.2855827470614303,-29.73593570608495,1.833947971693406,1.672596559439543,0.40141415629373345,-0.053500144038853836,1.0122425225000509,-0.24613044195841427,1.3542310629477416,63.414634146341456,-33.375,4.4,4.1,0.09999999999999964
HU,Hungary,2024-Q2,306.51,166.32333333333335,4.4,139.273,60.2,31.9,104.8,2024,2,0,0,1.833947971693406,1.5157063802083481,-0.09898788474367315,-1.6339869281045805,1.0831620501777994,8.586168332190924,1.672596559439543,1.194103598781182,-0.053500144038853836,0.2855827470614303,-0.24613044195841427,-29.73593570608495,63.414634146341456,4.5,4.4,-0.09999999999999964
HU,Hungary,2024-Q3,309.83,167.66,4.6,138.751,77.0,31.9,104.8,2024,3,0,0,1.0831620501777994,0.8036555303925885,-0.3748034435963832,27.90697674418603,3.963463835006298,1.833947971693406,8.586168332190924,1.5157063802083481,1.194103598781182,-0.09898788474367315,0.2855827470614303,-1.6339869281045805,-29.73593570608495,4.4,4.5,0.1999999999999993
HU,Hungary,2024-Q4,322.11,168.42,4.4,139.222,81.1,31.9,104.8,2024,4,0,0,3.963463835006298,0.45329834188236884,0.33945701292243946,5.32467532467531,9.36015646828723,1.0831620501777994,1.833947971693406,0.8036555303925885,1.5157063802083481,-0.3748034435963832,-0.09898788474367315,27.90697674418603,-1.6339869281045805,4.6,4.4,-0.1999999999999993
HU,Hungary,2025-Q1,352.26,172.69333333333336,4.3,138.98,77.3,32.2,104.8,2025,1,0,0,9.36015646828723,2.5373075248387167,-0.17382310267056722,-4.6855733662145465,3.2646340771021354,3.963463835006298,1.0831620501777994,0.45329834188236884,0.8036555303925885,0.33945701292243946,-0.3748034435963832,5.32467532467531,27.90697674418603,4.4,4.6,-0.10000000000000053
HU,Hungary,2025-Q2,363.76,173.68999999999997,4.5,139.737,93.5,32.2,104.8,2025,2,0,0,3.2646340771021354,0.5771309450277595,0.5446826881565725,20.957309184993544,3.1421816582362094,9.36015646828723,3.963463835006298,2.5373075248387167,0.45329834188236884,-0.17382310267056722,0.33945701292243946,-4.6855733662145465,5.32467532467531,4.3,4.4,0.20000000000000018
IE,Ireland,2014-Q1,82.04,99.66333333333334,12.8,112.149,14.9,19.1,67.8,2014,1,1,1,1.572365977466883,-0.010032773727497446,5.69126378286684,2.758620689655178,5.582642613359345,2.8655119714722455,5.637024081797382,-0.2535192474481307,0.04338394793925726,-2.642444260941368,3.986184788001368,10.687022900763354,-26.81564245810055,12.8,13.5,
IE,Ireland,2014-Q2,86.62,100.27666666666666,12.2,115.766,14.9,19.1,67.8,2014,2,1,1,5.582642613359345,0.6154051974982311,3.2251736529081976,0.0,8.092819210344015,1.572365977466883,2.8655119714722455,-0.010032773727497446,-0.2535192474481307,5.69126378286684,-2.642444260941368,2.758620689655178,10.687022900763354,12.8,12.8,-0.6000000000000014
IE,Ireland,2014-Q3,93.63,100.43333333333334,11.6,117.484,19.9,19.1,67.8,2014,3,1,1,8.092819210344015,0.1562344181099018,1.4840281257018306,33.55704697986577,3.1613798996048326,5.582642613359345,1.572365977466883,0.6154051974982311,-0.010032773727497446,3.2251736529081976,5.69126378286684,0.0,2.758620689655178,12.2,12.8,-0.5999999999999996
IE,Ireland,2014-Q4,96.59,99.77666666666666,10.9,117.023,19.1,19.1,67.8,2014,4,1,1,3.1613798996048326,-0.6538333886492054,-0.3923938578870301,-4.0201005025125465,-0.1656486178693406,8.092819210344015,5.582642613359345,0.1562344181099018,0.6154051974982311,1.4840281257018306,3.2251736529081976,33.55704697986577,0.0,11.6,12.2,-0.6999999999999993
IE,Ireland,2015-Q1,96.43,99.31333333333333,10.7,143.731,29.9,19.7,68.5,2015,1,1,1,-0.1656486178693406,-0.46437042728759703,22.8228638814592,56.544502617801015,2.2503370320439586,3.1613798996048326,8.092819210344015,-0.6538333886492054,0.1562344181099018,-0.3923938578870301,1.4840281257018306,-4.0201005025125465,33.55704697986577,10.9,11.6,-0.20000000000000107
IE,Ireland,2015-Q2,98.6,100.36000000000001,9.9,140.943,28.9,19.7,68.5,2015,2,1,1,2.2503370320439586,1.0539034704974304,-1.9397346431876072,-3.3444816053511683,3.17444219066938,-0.1656486178693406,3.1613798996048326,-0.46437042728759703,-0.6538333886492054,22.8228638814592,-0.3923938578870301,56.544502617801015,-4.0201005025125465,10.7,10.9,-0.7999999999999989
IE,Ireland,2015-Q3,101.73,100.54333333333334,9.6,145.615,25.2,19.7,68.5,2015,3,1,1,3.17444219066938,0.18267570081040851,3.3148152089852,-12.802768166089962,1.4941511845079969,2.2503370320439586,-0.1656486178693406,1.0539034704974304,-0.46437042728759703,-1.9397346431876072,22.8228638814592,-3.3444816053511683,56.544502617801015,9.9,10.7,-0.3000000000000007
IE,Ireland,2015-Q4,103.25,99.78666666666668,9.5,146.91,37.4,19.7,68.5,2015,4,1,1,1.4941511845079969,-0.7525776613731994,0.88933145623733,48.41269841269842,0.40677966101694274,3.17444219066938,2.2503370320439586,0.18267570081040851,1.0539034704974304,3.3148152089852,-1.9397346431876072,-12.802768166089962,-3.3444816053511683,9.6,9.9,-0.09999999999999964
IE,Ireland,2016-Q1,103.67,99.08999999999999,9.0,142.039,28.8,20.2,69.3,2016,1,1,1,0.40677966101694274,-0.6981560662747355,-3.3156354230481355,-22.994652406417103,1.080351114112088,1.4941511845079969,3.17444219066938,-0.7525776613731994,0.18267570081040851,0.88933145623733,3.3148152089852,48.41269841269842,-12.802768166089962,9.5,9.6,-0.5
IE,Ireland,2016-Q2,104.79,100.23333333333333,8.7,141.189,29.2,20.2,69.3,2016,2,1,1,1.080351114112088,1.1538332155952569,-0.5984271925316254,1.388888888888884,4.332474472755021,0.40677966101694274,1.4941511845079969,-0.6981560662747355,-0.7525776613731994,-3.3156354230481355,0.88933145623733,-22.994652406417103,48.41269841269842,9.0,9.5,-0.3000000000000007
IE,Ireland,2016-Q3,109.33,100.31333333333333,8.2,141.802,50.1,20.2,69.3,2016,3,1,1,4.332474472755021,0.07981376787495886,0.4341698007635175,71.57534246575344,2.4970273483947647,1.080351114112088,0.40677966101694274,1.1538332155952569,-0.6981560662747355,-0.5984271925316254,-3.3156354230481355,1.388888888888884,-22.994652406417103,8.7,9.0,-0.5
IE,Ireland,2016-Q4,112.06,99.48666666666666,7.6,155.202,40.3,20.2,69.3,2016,4,1,1,2.4970273483947647,-0.8240845351232817,9.449796194694017,-19.56087824351298,1.1600928074245953,4.332474472755021,1.080351114112088,0.07981376787495886,1.1538332155952569,0.4341698007635175,-0.5984271925316254,71.57534246575344,1.388888888888884,8.2,8.7,-0.5999999999999996
IE,Ireland,2017-Q1,113.36,99.43333333333334,7.2,154.121,43.3,20.6,70.0,2017,1,1,1,1.1600928074245953,-0.05360852375526637,-0.6965116428911955,7.444168734491319,2.205363443895547,2.4970273483947647,4.332474472755021,-0.8240845351232817,0.07981376787495886,9.449796194694017,0.4341698007635175,-19.56087824351298,71.57534246575344,7.6,8.2,-0.39999999999999947
IE,Ireland,2017-Q2,115.86,100.28333333333335,6.7,154.586,41.4,20.6,70.0,2017,2,1,1,2.205363443895547,0.8548441166610798,0.3017109933104445,-4.387990762124705,5.454859312963922,1.1600928074245953,2.4970273483947647,-0.05360852375526637,-0.8240845351232817,-0.6965116428911955,9.449796194694017,7.444168734491319,-19.56087824351298,7.2,7.6,-0.5
IE,Ireland,2017-Q3,122.18,100.44333333333333,6.6,163.169,44.1,20.6,70.0,2017,3,1,1,5.454859312963922,0.1595479474821193,5.5522492334364015,6.521739130434789,2.430839744639046,2.205363443895547,1.1600928074245953,0.8548441166610798,-0.05360852375526637,0.3017109933104445,-0.6965116428911955,-4.387990762124705,7.444168734491319,6.7,7.2,-0.10000000000000053
IE,Ireland,2017-Q4,125.15,99.97666666666667,6.4,169.044,64.5,20.6,70.0,2017,4,1,1,2.430839744639046,-0.46460690936845905,3.600561381144707,46.25850340136053,1.7499001198561626,5.454859312963922,2.205363443895547,0.1595479474821193,0.8548441166610798,5.5522492334364015,0.3017109933104445,6.521739130434789,-4.387990762124705,6.6,6.7,-0.1999999999999993
IE,Ireland,2018-Q1,127.34,99.91666666666667,6.0,171.756,70.9,21.2,70.9,2018,1,1,1,1.7499001198561626,-0.060014003267427896,1.6043160360616149,9.922480620155039,2.434427516883919,2.430839744639046,5.454859312963922,-0.46460690936845905,0.1595479474821193,3.600561381144707,5.5522492334364015,46.25850340136053,6.521739130434789,6.4,6.6,-0.40000000000000036
IE,Ireland,2018-Q2,130.44,100.76666666666667,5.9,171.147,63.1,21.2,70.9,2018,2,1,1,2.434427516883919,0.850708924103416,-0.354572766016914,-11.001410437235549,2.200245323520389,1.7499001198561626,2.430839744639046,-0.060014003267427896,-0.46460690936845905,1.6043160360616149,3.600561381144707,9.922480620155039,46.25850340136053,6.0,6.4,-0.09999999999999964
IE,Ireland,2018-Q3,133.31,101.52666666666669,5.7,173.482,73.1,21.2,70.9,2018,3,1,1,2.200245323520389,0.7542176645716436,1.3643242358907903,15.847860538827252,0.69012077113495,2.434427516883919,1.7499001198561626,0.850708924103416,-0.060014003267427896,-0.354572766016914,1.6043160360616149,-11.001410437235549,9.922480620155039,5.9,6.0,-0.20000000000000018
IE,Ireland,2018-Q4,134.23,100.91333333333334,5.5,174.799,62.2,21.2,70.9,2018,4,1,1,0.69012077113495,-0.6041105785015488,0.7591565695576508,-14.911080711354296,-0.9312374282947178,2.200245323520389,2.434427516883919,0.7542176645716436,0.850708924103416,1.3643242358907903,-0.354572766016914,15.847860538827252,-11.001410437235549,5.7,5.9,-0.20000000000000018
IE,Ireland,2019-Q1,132.98,100.81333333333333,5.1,176.425,67.7,21.5,71.9,2019,1,1,1,-0.9312374282947178,-0.09909493294577576,0.9302112712315402,8.842443729903525,0.5414348022259041,0.69012077113495,2.200245323520389,-0.6041105785015488,0.7542176645716436,0.7591565695576508,1.3643242358907903,-14.911080711354296,15.847860538827252,5.5,5.7,-0.40000000000000036
IE,Ireland,2019-Q2,133.7,102.02,5.2,179.497,88.0,21.5,71.9,2019,2,1,1,0.5414348022259041,1.1969316228012117,1.7412498228709161,29.98522895125553,1.4435302916978365,-0.9312374282947178,0.69012077113495,-0.09909493294577576,-0.6041105785015488,0.9302112712315402,0.7591565695576508,8.842443729903525,-14.911080711354296,5.1,5.5,0.10000000000000053
IE,Ireland,2019-Q3,135.63,102.05333333333333,5.0,183.216,93.9,21.5,71.9,2019,3,1,1,1.4435302916978365,0.032673332026389446,2.071900923135206,6.704545454545463,-0.2285630022856311,0.5414348022259041,-0.9312374282947178,1.1969316228012117,-0.09909493294577576,1.7412498228709161,0.9302112712315402,29.98522895125553,8.842443729903525,5.2,5.1,-0.20000000000000018
IE,Ireland,2019-Q4,135.32,101.76666666666667,4.8,186.005,108.3,21.5,71.9,2019,4,1,1,-0.2285630022856311,-0.2808988764044895,1.5222469653305426,15.335463258785943,-0.7537688442210921,1.4435302916978365,0.5414348022259041,0.032673332026389446,1.1969316228012117,2.071900923135206,1.7412498228709161,6.704545454545463,29.98522895125553,5.0,5.2,-0.20000000000000018
IE,Ireland,2020-Q1,134.3,101.63333333333333,4.8,192.049,121.7,22.0,71.9,2020,1,1,1,-0.7537688442210921,-0.13101867016050983,3.2493750168006263,12.373037857802416,-0.11169024571854314,-0.2285630022856311,1.4435302916978365,-0.2808988764044895,0.032673332026389446,1.5222469653305426,2.071900923135206,15.335463258785943,6.704545454545463,4.8,5.0,0.0
IE,Ireland,2020-Q2,134.15,101.40666666666668,5.3,183.657,67.7,22.0,71.9,2020,2,1,1,-0.11169024571854314,-0.22302394227613487,-4.369718144848445,-44.371405094494655,0.2981736861721984,-0.7537688442210921,-0.2285630022856311,-0.13101867016050983,-0.2808988764044895,3.2493750168006263,1.5222469653305426,12.373037857802416,15.335463258785943,4.8,4.8,0.5
IE,Ireland,2020-Q3,134.55,101.12,7.0,205.062,116.1,22.0,71.9,2020,3,1,1,0.2981736861721984,-0.2826901584379815,11.654878387428734,71.49187592319053,1.2857673727238783,-0.11169024571854314,-0.7537688442210921,-0.22302394227613487,-0.13101867016050983,-4.369718144848445,3.2493750168006263,-44.371405094494655,12.373037857802416,5.3,4.8,1.7000000000000002
IE,Ireland,2020-Q4,136.28,100.57000000000001,6.4,199.958,88.7,22.0,71.9,2020,4,1,1,1.2857673727238783,-0.5439082278481,-2.4890033258234134,-23.60034453057708,1.5115937775168842,0.2981736861721984,-0.11169024571854314,-0.2826901584379815,-0.22302394227613487,11.654878387428734,-4.369718144848445,71.49187592319053,-44.371405094494655,7.0,5.3,-0.5999999999999996
IE,Ireland,2021-Q1,138.34,101.49000000000001,7.1,219.636,64.8,22.5,72.6,2021,1,1,1,1.5115937775168842,0.9147857213881005,9.841066623991047,-26.944757609921087,2.392655775625263,1.2857673727238783,0.2981736861721984,-0.5439082278481,-0.2826901584379815,-2.4890033258234134,11.654878387428734,-23.60034453057708,71.49187592319053,6.4,7.0,0.6999999999999993
IE,Ireland,2021-Q2,141.65,102.97666666666667,7.1,225.201,103.7,22.5,72.6,2021,2,1,1,2.392655775625263,1.4648405425821798,2.533737638638467,60.030864197530875,5.054712319096355,1.5115937775168842,1.2857673727238783,0.9147857213881005,-0.5439082278481,9.841066623991047,-2.4890033258234134,-26.944757609921087,-23.60034453057708,7.1,6.4,0.0
IE,Ireland,2021-Q3,148.81,104.07666666666667,5.5,231.486,106.3,22.5,72.6,2021,3,1,1,5.054712319096355,1.0682031528177927,2.790840182770049,2.507232401157178,4.22686647402728,2.392655775625263,1.5115937775168842,1.4648405425821798,0.9147857213881005,2.533737638638467,9.841066623991047,60.030864197530875,-26.944757609921087,7.1,7.1,-1.5999999999999996
IE,Ireland,2021-Q4,155.1,105.99666666666667,5.2,227.651,125.1,22.5,72.6,2021,4,1,1,4.22686647402728,1.8447939019312631,-1.6566876614568349,17.685794920037633,2.559638942617659,5.054712319096355,2.392655775625263,1.0682031528177927,1.4648405425821798,2.790840182770049,2.533737638638467,2.507232401157178,60.030864197530875,5.5,7.1,-0.2999999999999998
IE,Ireland,2022-Q1,159.07,107.52333333333333,4.9,237.043,78.7,23.0,75.9,2022,1,1,1,2.559638942617659,1.4402968646812786,4.125613329174915,-37.090327737809744,1.7728044257245168,4.22686647402728,5.054712319096355,1.8447939019312631,1.0682031528177927,-1.6566876614568349,2.790840182770049,17.685794920037633,2.507232401157178,5.2,5.5,-0.2999999999999998
IE,Ireland,2022-Q2,161.89,111.58666666666666,4.4,242.485,105.8,23.0,75.9,2022,2,1,1,1.7728044257245168,3.7790247078153483,2.295785996633515,34.43456162642946,2.8290814750756788,2.559638942617659,4.22686647402728,1.4402968646812786,1.8447939019312631,4.125613329174915,-1.6566876614568349,-37.090327737809744,17.685794920037633,4.9,5.2,-0.5
IE,Ireland,2022-Q3,166.47,113.55,4.2,247.473,62.7,23.0,75.9,2022,3,1,1,2.8290814750756788,1.7594694706655645,2.057034455739526,-40.737240075614366,1.1653751426683456,1.7728044257245168,2.559638942617659,3.7790247078153483,1.4402968646812786,2.295785996633515,4.125613329174915,34.43456162642946,-37.090327737809744,4.4,4.9,-0.20000000000000018
IE,Ireland,2022-Q4,168.41,115.36,4.3,244.378,70.7,23.0,75.9,2022,4,1,1,1.1653751426683456,1.594011448701016,-1.2506414841215063,12.759170653907503,-0.7422362092512347,2.8290814750756788,1.7728044257245168,1.7594694706655645,3.7790247078153483,2.057034455739526,2.295785996633515,-40.737240075614366,34.43456162642946,4.2,4.4,0.09999999999999964
IE,Ireland,2023-Q1,167.16,115.60666666666667,4.2,240.32,108.5,23.2,77.4,2023,1,1,1,-0.7422362092512347,0.21382339343505308,-1.6605422746728382,53.46534653465347,-0.5144771476429666,1.1653751426683456,2.8290814750756788,1.594011448701016,1.7594694706655645,-1.2506414841215063,2.057034455739526,12.759170653907503,-40.737240075614366,4.3,4.2,-0.09999999999999964
IE,Ireland,2023-Q2,166.3,117.7,4.3,240.614,81.2,23.2,77.4,2023,2,1,1,-0.5144771476429666,1.8107375583876317,0.12233688415446142,-25.161290322580644,1.4972940469031748,-0.7422362092512347,1.1653751426683456,0.21382339343505308,1.594011448701016,-1.6605422746728382,-1.2506414841215063,53.46534653465347,12.759170653907503,4.2,4.3,0.09999999999999964
IE,Ireland,2023-Q3,168.79,119.02,4.4,236.139,89.9,23.2,77.4,2023,3,1,1,1.4972940469031748,1.121495327102795,-1.8598252803245008,10.71428571428572,2.903015581491797,-0.5144771476429666,-0.7422362092512347,1.8107375583876317,0.21382339343505308,0.12233688415446142,-1.6605422746728382,-25.161290322580644,53.46534653465347,4.3,4.2,0.10000000000000053
IE,Ireland,2023-Q4,173.69,118.91666666666667,4.4,229.366,104.0,23.2,77.4,2023,4,1,1,2.903015581491797,-0.08682014227300305,-2.868225917785705,15.68409343715238,2.308710921757151,1.4972940469031748,-0.5144771476429666,1.121495327102795,1.8107375583876317,-1.8598252803245008,0.12233688415446142,10.71428571428572,-25.161290322580644,4.4,4.3,0.0
IE,Ireland,2024-Q1,177.7,118.19666666666666,4.3,233.441,78.0,23.6,78.6,2024,1,1,1,2.308710921757151,-0.6054660126138867,1.7766364674799195,-25.0,1.4856499718626903,2.903015581491797,1.4972940469031748,-0.08682014227300305,1.121495327102795,-2.868225917785705,-1.8598252803245008,15.68409343715238,10.71428571428572,4.4,4.4,-0.10000000000000053
IE,Ireland,2024-Q2,180.34,119.67333333333333,4.4,232.855,79.2,23.6,78.6,2024,2,1,1,1.4856499718626903,1.2493302123579353,-0.25102702610081407,1.538461538461533,2.861262060552283,2.308710921757151,2.903015581491797,-0.6054660126138867,-0.08682014227300305,1.7766364674799195,-2.868225917785705,-25.0,15.68409343715238,4.3,4.4,0.10000000000000053
IE,Ireland,2024-Q3,185.5,120.07333333333334,4.2,247.399,80.1,23.6,78.6,2024,3,1,1,2.861262060552283,0.33424321764805587,6.245947048592471,1.1363636363636243,2.409703504043126,1.4856499718626903,2.308710921757151,1.2493302123579353,-0.6054660126138867,-0.25102702610081407,1.7766364674799195,1.538461538461533,-25.0,4.4,4.3,-0.20000000000000018
IE,Ireland,2024-Q4,189.97,119.58666666666666,4.4,256.746,64.1,23.6,78.6,2024,4,1,1,2.409703504043126,-0.40530786741437286,3.778107429698574,-19.975031210986273,0.9791019634679321,2.861262060552283,1.4856499718626903,0.33424321764805587,1.2493302123579353,6.245947048592471,-0.25102702610081407,1.1363636363636243,1.538461538461533,4.2,4.4,0.20000000000000018
IE,Ireland,2025-Q1,191.83,120.13,4.4,276.437,76.1,23.8,78.6,2025,1,1,1,0.9791019634679321,0.45434273609097353,7.66944762527948,18.720748829953205,1.3084501902726364,2.409703504043126,2.861262060552283,-0.40530786741437286,0.33424321764805587,3.778107429698574,6.245947048592471,-19.975031210986273,1.1363636363636243,4.4,4.2,0.0
IE,Ireland,2025-Q2,194.34,121.71,4.7,274.907,69.3,23.8,78.6,2025,2,1,1,1.3084501902726364,1.3152418213602024,-0.553471496217961,-8.93561103810775,2.634557991149533,0.9791019634679321,2.409703504043126,0.45434273609097353,-0.40530786741437286,7.66944762527948,3.778107429698574,18.720748829953205,-19.975031210986273,4.4,4.4,0.2999999999999998
IT,Italy,2014-Q1,105.7,98.96666666666665,13.0,94.137,68.7,33.3,206.0,2014,1,1,1,-1.3071895424836555,-1.4276228419654702,0.04144615188421685,-16.828087167070205,-0.9460737937559083,-1.3812154696132617,-1.4519056261343088,1.107754279959705,-1.0627698439056865,-0.14750045099057862,0.33431640812153773,-1.7835909631391256,-11.28691983122363,12.5,12.4,
IT,Italy,2014-Q2,104.7,100.76666666666667,12.6,94.162,86.7,33.3,206.0,2014,2,1,1,-0.9460737937559083,1.8187942068036422,0.0265570392088188,26.20087336244541,-1.1461318051575908,-1.3071895424836555,-1.3812154696132617,-1.4276228419654702,1.107754279959705,0.04144615188421685,-0.14750045099057862,-16.828087167070205,-1.7835909631391256,13.0,12.5,-0.40000000000000036
IT,Italy,2014-Q3,103.5,99.23333333333333,12.8,94.169,67.5,33.3,206.0,2014,3,1,1,-1.1461318051575908,-1.5216672179953705,0.007433996729022674,-22.14532871972319,-1.5458937198067568,-0.9460737937559083,-1.3071895424836555,1.8187942068036422,-1.4276228419654702,0.0265570392088188,0.04144615188421685,26.20087336244541,-16.828087167070205,12.6,13.0,0.20000000000000107
IT,Italy,2014-Q4,101.9,100.56666666666666,13.1,94.018,77.7,33.3,206.0,2014,4,1,1,-1.5458937198067568,1.343634531407445,-0.16035000902632213,15.11111111111112,-2.158979391560356,-1.1461318051575908,-0.9460737937559083,-1.5216672179953705,1.8187942068036422,0.007433996729022674,0.0265570392088188,-22.14532871972319,26.20087336244541,12.8,12.6,0.29999999999999893
IT,Italy,2015-Q1,99.7,98.83333333333333,12.4,94.395,74.0,34.0,205.8,2015,1,1,1,-2.158979391560356,-1.723566456745107,0.40098704503392923,-4.761904761904767,0.10030090270811698,-1.5458937198067568,-1.1461318051575908,1.343634531407445,-1.5216672179953705,-0.16035000902632213,0.007433996729022674,15.11111111111112,-22.14532871972319,13.1,12.8,-0.6999999999999993
IT,Italy,2015-Q2,99.8,100.86666666666667,12.4,94.801,78.0,34.0,205.8,2015,2,1,1,0.10030090270811698,2.057335581787534,0.43010752688172893,5.405405405405395,0.9018036072144353,-2.158979391560356,-1.5458937198067568,-1.723566456745107,1.343634531407445,0.40098704503392923,-0.16035000902632213,-4.761904761904767,15.11111111111112,12.4,13.1,0.0
IT,Italy,2015-Q3,100.7,99.53333333333335,11.5,94.832,67.7,34.0,205.8,2015,3,1,1,0.9018036072144353,-1.3218770654329082,0.032700077003400274,-13.205128205128203,-0.8937437934458892,0.10030090270811698,-2.158979391560356,2.057335581787534,-1.723566456745107,0.43010752688172893,0.40098704503392923,5.405405405405395,-4.761904761904767,12.4,12.4,-0.9000000000000004
IT,Italy,2015-Q4,99.8,100.73333333333333,11.7,95.266,67.0,34.0,205.8,2015,4,1,1,-0.8937437934458892,1.20562625586067,0.45765142567910644,-1.0339734121122657,0.0,0.9018036072144353,0.10030090270811698,-1.3218770654329082,2.057335581787534,0.032700077003400274,0.43010752688172893,-13.205128205128203,5.405405405405395,11.5,12.4,0.1999999999999993
IT,Italy,2016-Q1,99.8,98.83333333333333,11.5,95.462,69.8,34.5,205.4,2016,1,1,1,0.0,-1.886168100595642,0.20573971826254311,4.179104477611939,0.7014028056112176,-0.8937437934458892,0.9018036072144353,1.20562625586067,-1.3218770654329082,0.45765142567910644,0.032700077003400274,-1.0339734121122657,-13.205128205128203,11.7,11.5,-0.1999999999999993
IT,Italy,2016-Q2,100.5,100.56666666666666,11.8,95.771,77.3,34.5,205.4,2016,2,1,1,0.7014028056112176,1.7537942664418216,0.3236890071442122,10.744985673352424,0.19900497512437276,0.0,-0.8937437934458892,-1.886168100595642,1.20562625586067,0.20573971826254311,0.45765142567910644,4.179104477611939,-1.0339734121122657,11.5,11.7,0.3000000000000007
IT,Italy,2016-Q3,100.7,99.46666666666665,11.8,96.427,68.7,34.5,205.4,2016,3,1,1,0.19900497512437276,-1.0938017898574848,0.6849672656649819,-11.125485122897793,-0.6951340615690249,0.7014028056112176,0.0,1.7537942664418216,-1.886168100595642,0.3236890071442122,0.20573971826254311,10.744985673352424,4.179104477611939,11.8,11.5,0.0
IT,Italy,2016-Q4,100.0,100.89999999999999,11.9,96.771,79.8,34.5,205.4,2016,4,1,1,-0.6951340615690249,1.4410187667560415,0.3567465543882875,16.157205240174655,-0.9000000000000008,0.19900497512437276,0.7014028056112176,-1.0938017898574848,1.7537942664418216,0.6849672656649819,0.3236890071442122,-11.125485122897793,10.744985673352424,11.8,11.8,0.09999999999999964
IT,Italy,2017-Q1,99.1,100.16666666666667,11.6,97.239,81.3,35.0,203.3,2017,1,1,1,-0.9000000000000008,-0.7267922035018026,0.48361595932666646,1.8796992481203034,0.5045408678102881,-0.6951340615690249,0.19900497512437276,1.4410187667560415,-1.0938017898574848,0.3567465543882875,0.6849672656649819,16.157205240174655,-11.125485122897793,11.9,11.8,-0.3000000000000007
IT,Italy,2017-Q2,99.6,102.16666666666667,11.2,97.655,96.4,35.0,203.3,2017,2,1,1,0.5045408678102881,1.9966722129783676,0.4278118861773539,18.573185731857333,-0.40160642570280514,-0.9000000000000008,-0.6951340615690249,-0.7267922035018026,1.4410187667560415,0.48361595932666646,0.3567465543882875,1.8796992481203034,16.157205240174655,11.6,11.9,-0.40000000000000036
IT,Italy,2017-Q3,99.2,100.76666666666667,11.3,97.73,82.2,35.0,203.3,2017,3,1,1,-0.40160642570280514,-1.3703099510603667,0.07680098305258287,-14.730290456431538,-0.40322580645162365,0.5045408678102881,-0.9000000000000008,1.9966722129783676,-0.7267922035018026,0.4278118861773539,0.48361595932666646,18.573185731857333,1.8796992481203034,11.2,11.6,0.10000000000000142
IT,Italy,2017-Q4,98.8,101.96666666666665,10.9,98.311,87.9,35.0,203.3,2017,4,1,1,-0.40322580645162365,1.1908699966920233,0.5944950373478086,6.934306569343063,-0.2024291497975783,-0.40160642570280514,0.5045408678102881,-1.3703099510603667,1.9966722129783676,0.07680098305258287,0.4278118861773539,-14.730290456431538,18.573185731857333,11.3,11.2,-0.40000000000000036
IT,Italy,2018-Q1,98.6,101.03333333333335,10.9,98.169,88.3,35.4,202.9,2018,1,1,1,-0.2024291497975783,-0.9153318077802952,-0.14443958458362216,0.4550625711035261,0.6085192697768749,-0.40322580645162365,-0.40160642570280514,1.1908699966920233,-1.3703099510603667,0.5944950373478086,0.07680098305258287,6.934306569343063,-14.730290456431538,10.9,11.3,0.0
IT,Italy,2018-Q2,99.2,103.16666666666667,10.8,98.443,95.1,35.4,202.9,2018,2,1,1,0.6085192697768749,2.1115143516990953,0.27911051350222316,7.701019252548136,-0.8064516129032251,-0.2024291497975783,-0.40322580645162365,-0.9153318077802952,1.1908699966920233,-0.14443958458362216,0.5944950373478086,0.4550625711035261,6.934306569343063,10.9,10.9,-0.09999999999999964
IT,Italy,2018-Q3,98.4,102.43333333333334,10.1,98.356,92.4,35.4,202.9,2018,3,1,1,-0.8064516129032251,-0.7108239095314994,-0.08837601454648736,-2.8391167192428957,-0.1016260162601701,0.6085192697768749,-0.2024291497975783,2.1115143516990953,-0.9153318077802952,0.27911051350222316,-0.14443958458362216,7.701019252548136,0.4550625711035261,10.8,10.9,-0.7000000000000011
IT,Italy,2018-Q4,98.3,103.46666666666665,10.5,98.63,95.9,35.4,202.9,2018,4,1,1,-0.1016260162601701,1.0087862024080518,0.27857985277970343,3.7878787878787845,-0.6103763987792443,-0.8064516129032251,0.6085192697768749,-0.7108239095314994,2.1115143516990953,-0.08837601454648736,0.27911051350222316,-2.8391167192428957,7.701019252548136,10.1,10.8,0.40000000000000036
IT,Italy,2019-Q1,97.7,102.06666666666666,10.4,98.852,89.1,35.8,201.5,2019,1,1,1,-0.6103763987792443,-1.3530927835051498,0.2250836459495087,-7.090719499478637,1.4329580348003912,-0.1016260162601701,-0.8064516129032251,1.0087862024080518,-0.7108239095314994,0.27857985277970343,-0.08837601454648736,3.7878787878787845,-2.8391167192428957,10.5,10.1,-0.09999999999999964
IT,Italy,2019-Q2,99.1,104.10000000000001,9.9,99.243,93.9,35.8,201.5,2019,2,1,1,1.4329580348003912,1.9921619856303252,0.39554080848136497,5.387205387205407,-0.3027245206861706,-0.6103763987792443,-0.1016260162601701,-1.3530927835051498,1.0087862024080518,0.2250836459495087,0.27857985277970343,-7.090719499478637,3.7878787878787845,10.4,10.5,-0.5
IT,Italy,2019-Q3,98.8,102.76666666666667,9.8,98.706,89.7,35.8,201.5,2019,3,1,1,-0.3027245206861706,-1.2808197246237718,-0.5410960974577494,-4.472843450479235,-0.30364372469635637,1.4329580348003912,-0.6103763987792443,1.9921619856303252,-1.3530927835051498,0.39554080848136497,0.2250836459495087,5.387205387205407,-7.090719499478637,9.9,10.4,-0.09999999999999964
IT,Italy,2019-Q4,98.5,103.76666666666667,9.7,98.446,96.7,35.8,201.5,2019,4,1,1,-0.30364372469635637,0.9730781706130287,-0.26340850606852984,7.803790412486067,0.9137055837563413,-0.3027245206861706,1.4329580348003912,-1.2808197246237718,1.9921619856303252,-0.5410960974577494,0.39554080848136497,-4.472843450479235,5.387205387205407,9.8,9.9,-0.10000000000000142
IT,Italy,2020-Q1,99.4,102.3,8.9,92.838,79.9,36.4,200.6,2020,1,1,1,0.9137055837563413,-1.4134275618374548,-5.696523982691026,-17.37331954498449,3.0181086519114775,-0.30364372469635637,-0.3027245206861706,0.9730781706130287,-1.2808197246237718,-0.26340850606852984,-0.5410960974577494,7.803790412486067,-4.472843450479235,9.7,9.8,-0.7999999999999989
IT,Italy,2020-Q2,102.4,103.89999999999999,8.0,81.246,69.9,36.4,200.6,2020,2,1,1,3.0181086519114775,1.564027370478982,-12.486266399534674,-12.515644555694616,-2.539062500000011,0.9137055837563413,-0.30364372469635637,-1.4134275618374548,0.9730781706130287,-5.696523982691026,-0.26340850606852984,-17.37331954498449,7.803790412486067,8.9,9.7,-0.9000000000000004
IT,Italy,2020-Q3,99.8,102.53333333333335,10.8,92.762,83.6,36.4,200.6,2020,3,1,1,-2.539062500000011,-1.3153673403913824,14.17423627009331,19.599427753934172,0.20040080160321772,3.0181086519114775,0.9137055837563413,1.564027370478982,-1.4134275618374548,-12.486266399534674,-5.696523982691026,-12.515644555694616,-17.37331954498449,8.0,8.9,2.8000000000000007
IT,Italy,2020-Q4,100.0,103.36666666666667,9.7,93.016,94.8,36.4,200.6,2020,4,1,1,0.20040080160321772,0.812743823146933,0.2738190207197011,13.397129186602875,1.0999999999999899,-2.539062500000011,3.0181086519114775,-1.3153673403913824,1.564027370478982,14.17423627009331,-12.486266399534674,19.599427753934172,-12.515644555694616,10.8,8.0,-1.1000000000000014
IT,Italy,2021-Q1,101.1,103.06666666666666,10.1,94.552,95.2,37.0,199.6,2021,1,1,1,1.0999999999999899,-0.2902289584005291,1.65132880364669,0.42194092827005925,1.6815034619188873,0.20040080160321772,-2.539062500000011,0.812743823146933,-1.3153673403913824,0.2738190207197011,14.17423627009331,13.397129186602875,19.599427753934172,9.7,10.8,0.40000000000000036
IT,Italy,2021-Q2,102.8,105.10000000000001,9.7,96.942,102.3,37.0,199.6,2021,2,1,1,1.6815034619188873,1.9728331177231606,2.5277096201032023,7.457983193277307,1.070038910505855,1.0999999999999899,0.20040080160321772,-0.2902289584005291,0.812743823146933,1.65132880364669,0.2738190207197011,0.42194092827005925,13.397129186602875,10.1,9.7,-0.40000000000000036
IT,Italy,2021-Q3,103.9,104.7,9.3,99.222,96.9,37.0,199.6,2021,3,1,1,1.070038910505855,-0.38058991436727974,2.3519217676548854,-5.278592375366564,0.09624639076033503,1.6815034619188873,1.0999999999999899,1.9728331177231606,-0.2902289584005291,2.5277096201032023,1.65132880364669,7.457983193277307,0.42194092827005925,9.7,10.1,-0.3999999999999986
IT,Italy,2021-Q4,104.0,107.23333333333333,9.0,100.828,105.5,37.0,199.6,2021,4,1,1,0.09624639076033503,2.4196115886660374,1.618592650823425,8.875128998968007,1.6346153846153788,1.070038910505855,1.6815034619188873,-0.38058991436727974,1.9728331177231606,2.3519217676548854,2.5277096201032023,-5.278592375366564,7.457983193277307,9.3,9.7,-0.3000000000000007
IT,Italy,2022-Q1,105.7,109.26666666666667,8.2,101.582,108.3,37.5,198.1,2022,1,1,1,1.6346153846153788,1.8961765620143067,0.7478081485301713,2.6540284360189625,2.270577105014193,0.09624639076033503,1.070038910505855,2.4196115886660374,-0.38058991436727974,1.618592650823425,2.3519217676548854,8.875128998968007,-5.278592375366564,9.0,9.3,-0.8000000000000007
IT,Italy,2022-Q2,108.1,112.83333333333333,8.1,103.143,115.9,37.5,198.1,2022,2,1,1,2.270577105014193,3.2641854789505764,1.5366895709869821,7.017543859649122,-1.1100832562442098,1.6346153846153788,0.09624639076033503,1.8961765620143067,2.4196115886660374,0.7478081485301713,1.618592650823425,2.6540284360189625,8.875128998968007,8.2,9.0,-0.09999999999999964
IT,Italy,2022-Q3,106.9,114.06666666666666,8.2,103.275,83.9,37.5,198.1,2022,3,1,1,-1.1100832562442098,1.0930576070901088,0.12797766208081374,-27.61000862812769,-0.0935453695042221,2.270577105014193,1.6346153846153788,3.2641854789505764,1.8961765620143067,1.5366895709869821,0.7478081485301713,7.017543859649122,2.6540284360189625,8.1,8.2,0.09999999999999964
IT,Italy,2022-Q4,106.8,120.63333333333333,7.9,103.02,92.4,37.5,198.1,2022,4,1,1,-0.0935453695042221,5.756867329047344,-0.24691358024692134,10.131108462455307,0.0,-1.1100832562442098,2.270577105014193,1.0930576070901088,3.2641854789505764,0.12797766208081374,1.5366895709869821,-27.61000862812769,7.017543859649122,8.2,8.1,-0.29999999999999893
IT,Italy,2023-Q1,106.8,119.66666666666667,7.8,103.679,96.9,37.8,198.1,2023,1,1,1,0.0,-0.8013263332412146,0.6396816152203444,4.870129870129869,1.8726591760299671,-0.0935453695042221,-1.1100832562442098,5.756867329047344,1.0930576070901088,-0.24691358024692134,0.12797766208081374,10.131108462455307,-27.61000862812769,7.9,8.2,-0.10000000000000053
IT,Italy,2023-Q2,108.8,121.60000000000001,7.6,103.683,97.9,37.8,198.1,2023,2,1,1,1.8726591760299671,1.6155988857938786,0.0038580619026173935,1.031991744066052,-0.09191176470587648,0.0,-0.0935453695042221,-0.8013263332412146,5.756867329047344,0.6396816152203444,-0.24691358024692134,4.870129870129869,10.131108462455307,7.8,7.9,-0.20000000000000018
IT,Italy,2023-Q3,108.7,120.7,7.8,103.753,82.9,37.8,198.1,2023,3,1,1,-0.09191176470587648,-0.7401315789473784,0.06751347858375834,-15.321756894790607,0.0,1.8726591760299671,0.0,1.6155988857938786,-0.8013263332412146,0.0038580619026173935,0.6396816152203444,1.031991744066052,4.870129870129869,7.6,7.8,0.20000000000000018
IT,Italy,2023-Q4,108.7,121.8,7.5,104.095,92.0,37.8,198.1,2023,4,1,1,0.0,0.9113504556752305,0.3296290227752463,10.97708082026536,-0.18399264029439477,-0.09191176470587648,1.8726591760299671,-0.7401315789473784,1.6155988857938786,0.06751347858375834,0.0038580619026173935,-15.321756894790607,1.031991744066052,7.8,7.6,-0.2999999999999998
IT,Italy,2024-Q1,108.5,120.86666666666667,7.2,104.226,100.5,38.4,198.0,2024,1,1,1,-0.18399264029439477,-0.7662835249042099,0.1258465824487187,9.239130434782616,3.2258064516129004,0.0,-0.09191176470587648,0.9113504556752305,-0.7401315789473784,0.3296290227752463,0.06751347858375834,10.97708082026536,-15.321756894790607,7.5,7.8,-0.2999999999999998
IT,Italy,2024-Q2,112.0,122.66666666666667,6.7,104.436,95.0,38.4,198.0,2024,2,1,1,3.2258064516129004,1.4892443463871974,0.20148523401071206,-5.472636815920396,0.7142857142857117,-0.18399264029439477,0.0,-0.7662835249042099,0.9113504556752305,0.1258465824487187,0.3296290227752463,9.239130434782616,10.97708082026536,7.2,7.5,-0.5
IT,Italy,2024-Q3,112.8,122.13333333333333,6.2,104.43,83.3,38.4,198.0,2024,3,1,1,0.7142857142857117,-0.43478260869566077,-0.005745145352176184,-12.315789473684212,0.6205673758865382,3.2258064516129004,-0.18399264029439477,1.4892443463871974,-0.7662835249042099,0.20148523401071206,0.1258465824487187,-5.472636815920396,9.239130434782616,6.7,7.2,-0.5
IT,Italy,2024-Q4,113.5,123.36666666666667,6.0,104.552,90.5,38.4,198.0,2024,4,1,1,0.6205673758865382,1.009825327510927,0.11682466724121099,8.64345738295318,-0.17621145374450142,0.7142857142857117,3.2258064516129004,-0.43478260869566077,1.4892443463871974,-0.005745145352176184,0.20148523401071206,-12.315789473684212,-5.472636815920396,6.2,6.7,-0.20000000000000018
IT,Italy,2025-Q1,113.3,123.10000000000001,6.3,104.91,83.3,39.0,198.0,2025,1,1,1,-0.17621145374450142,-0.21615779519048584,0.3424133445558031,-7.955801104972382,2.7360988526037078,0.6205673758865382,0.7142857142857117,1.009825327510927,-0.43478260869566077,0.11682466724121099,-0.005745145352176184,8.64345738295318,-12.315789473684212,6.0,6.2,0.2999999999999998
IT,Italy,2025-Q2,116.4,124.93333333333334,6.6,104.922,88.1,39.0,198.0,2025,2,1,1,2.7360988526037078,1.4893040888166675,0.011438375750638663,5.762304921968786,0.6013745704467333,-0.17621145374450142,0.6205673758865382,-0.21615779519048584,1.009825327510927,0.3424133445558031,0.11682466724121099,-7.955801104972382,8.64345738295318,6.3,6.0,0.2999999999999998
LT,Lithuania,2014-Q1,93.33,100.46,11.9,124.05,40.2,27.4,46.8,2014,1,1,0,1.533942558746726,-0.04643141416821317,1.1909617423933483,-11.258278145695355,4.050144648023135,2.589285714285716,-1.7543859649122862,0.17275747508305184,-0.4300363876943436,0.8381933191303981,1.4148070907195054,-26.461038961038962,-35.29411764705882,11.6,11.5,
LT,Lithuania,2014-Q2,97.11,100.99666666666667,10.9,125.112,69.7,27.4,46.8,2014,2,1,0,4.050144648023135,0.5342093038688711,0.8561064087061698,73.38308457711442,1.616723303470291,1.533942558746726,2.589285714285716,-0.04643141416821317,0.17275747508305184,1.1909617423933483,0.8381933191303981,-11.258278145695355,-26.461038961038962,11.9,11.6,-1.0
LT,Lithuania,2014-Q3,98.68,100.58333333333333,9.6,125.651,65.6,27.4,46.8,2014,3,1,0,1.616723303470291,-0.409254430839312,0.4308139906643582,-5.882352941176483,-1.9456830158086746,4.050144648023135,1.533942558746726,0.5342093038688711,-0.04643141416821317,0.8561064087061698,1.1909617423933483,73.38308457711442,-11.258278145695355,10.9,11.9,-1.3000000000000007
LT,Lithuania,2014-Q4,96.76,100.68666666666667,10.2,125.979,53.6,27.4,46.8,2014,4,1,0,-1.9456830158086746,0.10273405136702607,0.26104050107043086,-18.29268292682926,0.7544439851178142,1.616723303470291,4.050144648023135,-0.409254430839312,0.5342093038688711,0.4308139906643582,0.8561064087061698,-5.882352941176483,73.38308457711442,9.6,10.9,0.5999999999999996
LT,Lithuania,2015-Q1,97.49,99.13666666666666,9.9,127.064,44.6,27.8,46.4,2015,1,1,1,0.7544439851178142,-1.5394292524664066,0.8612546535533561,-16.791044776119403,3.077238691147821,-1.9456830158086746,1.616723303470291,0.10273405136702607,-0.409254430839312,0.26104050107043086,0.4308139906643582,-18.29268292682926,-5.882352941176483,10.2,9.6,-0.29999999999999893
LT,Lithuania,2015-Q2,100.49,100.69333333333333,9.2,128.358,65.9,27.8,46.4,2015,2,1,1,3.077238691147821,1.570222924582243,1.0183844361896455,47.7578475336323,1.5722957508209845,0.7544439851178142,-1.9456830158086746,-1.5394292524664066,0.10273405136702607,0.8612546535533561,0.26104050107043086,-16.791044776119403,-18.29268292682926,9.9,10.2,-0.7000000000000011
LT,Lithuania,2015-Q3,102.07,99.89333333333333,8.6,129.744,64.0,27.8,46.4,2015,3,1,1,1.5722957508209845,-0.7944915254237239,1.0797924554760918,-2.8831562974203417,-2.077005976290769,3.077238691147821,0.7544439851178142,1.570222924582243,-1.5394292524664066,1.0183844361896455,0.8612546535533561,47.7578475336323,-16.791044776119403,9.2,9.9,-0.5999999999999996
LT,Lithuania,2015-Q4,99.95,100.27666666666666,8.8,129.871,101.5,27.8,46.4,2015,4,1,1,-2.077005976290769,0.3837426588360948,0.09788506597607771,58.59375,0.8304152076038074,1.5722957508209845,3.077238691147821,-0.7944915254237239,1.570222924582243,1.0797924554760918,1.0183844361896455,-2.8831562974203417,47.7578475336323,8.6,9.2,0.20000000000000107
LT,Lithuania,2016-Q1,100.78,99.79333333333334,8.2,129.697,54.9,28.3,45.8,2016,1,1,1,0.8304152076038074,-0.48199980055179115,-0.13397910234002053,-45.91133004926109,3.1057749553482727,-2.077005976290769,1.5722957508209845,0.3837426588360948,-0.7944915254237239,0.09788506597607771,1.0797924554760918,58.59375,-2.8831562974203417,8.8,8.6,-0.6000000000000014
LT,Lithuania,2016-Q2,103.91,101.13333333333333,8.0,131.043,90.5,28.3,45.8,2016,2,1,1,3.1057749553482727,1.342775068474844,1.037803495840306,64.84517304189437,3.4356654797421005,0.8304152076038074,-2.077005976290769,-0.48199980055179115,0.3837426588360948,-0.13397910234002053,0.09788506597607771,-45.91133004926109,58.59375,8.2,8.8,-0.1999999999999993
LT,Lithuania,2016-Q3,107.48,100.26666666666667,7.8,132.918,78.8,28.3,45.8,2016,3,1,1,3.4356654797421005,-0.8569545154910929,1.430828048808408,-12.928176795580114,1.814291030889481,3.1057749553482727,0.8304152076038074,1.342775068474844,-0.48199980055179115,1.037803495840306,-0.13397910234002053,64.84517304189437,-45.91133004926109,8.0,8.2,-0.20000000000000018
LT,Lithuania,2016-Q4,109.43,101.52,7.8,134.841,111.9,28.3,45.8,2016,4,1,1,1.814291030889481,1.2499999999999956,1.4467566469552606,42.005076142132005,1.498674952024115,3.4356654797421005,3.1057749553482727,-0.8569545154910929,1.342775068474844,1.430828048808408,1.037803495840306,-12.928176795580114,64.84517304189437,7.8,8.0,0.0
LT,Lithuania,2017-Q1,111.07,102.74000000000001,7.6,136.418,95.2,28.8,45.2,2017,1,1,1,1.498674952024115,1.2017336485421692,1.1695255893978906,-14.92403932082217,3.1061492752318287,1.814291030889481,3.4356654797421005,1.2499999999999956,-0.8569545154910929,1.4467566469552606,1.430828048808408,42.005076142132005,-12.928176795580114,7.8,7.8,-0.20000000000000018
LT,Lithuania,2017-Q2,114.52,104.57333333333334,7.0,137.516,74.0,28.8,45.2,2017,2,1,1,3.1061492752318287,1.7844396859386213,0.8048791215235385,-22.26890756302521,1.8686692280824424,1.498674952024115,1.814291030889481,1.2017336485421692,1.2499999999999956,1.1695255893978906,1.4467566469552606,-14.92403932082217,42.005076142132005,7.6,7.8,-0.5999999999999996
LT,Lithuania,2017-Q3,116.66,104.73,6.9,138.687,80.2,28.8,45.2,2017,3,1,1,1.8686692280824424,0.1498151217646404,0.8515372756624728,8.378378378378383,0.24001371506943148,3.1061492752318287,1.498674952024115,1.7844396859386213,1.2017336485421692,0.8048791215235385,1.1695255893978906,-22.26890756302521,-14.92403932082217,7.0,7.6,-0.09999999999999964
LT,Lithuania,2017-Q4,116.94,105.64333333333333,6.8,140.74,71.7,28.8,45.2,2017,4,1,1,0.24001371506943148,0.872083770966614,1.480311781205157,-10.598503740648379,2.42859586112536,1.8686692280824424,3.1061492752318287,0.1498151217646404,1.7844396859386213,0.8515372756624728,0.8048791215235385,8.378378378378383,-22.26890756302521,6.9,7.0,-0.10000000000000053
LT,Lithuania,2018-Q1,119.78,105.91666666666667,6.8,142.548,93.6,29.4,44.7,2018,1,1,1,2.42859586112536,0.2587322121604174,1.2846383402017825,30.543933054393293,2.688261813324422,0.24001371506943148,1.8686692280824424,0.872083770966614,0.1498151217646404,1.480311781205157,0.8515372756624728,-10.598503740648379,8.378378378378383,6.8,6.9,0.0
LT,Lithuania,2018-Q2,123.0,107.22333333333334,6.0,144.808,87.4,29.4,44.7,2018,2,1,1,2.688261813324422,1.2336742722266036,1.585430872407878,-6.623931623931611,1.097560975609757,2.42859586112536,0.24001371506943148,0.2587322121604174,0.872083770966614,1.2846383402017825,1.480311781205157,30.543933054393293,-10.598503740648379,6.8,6.8,-0.7999999999999998
LT,Lithuania,2018-Q3,124.35,107.01333333333332,5.8,145.021,70.4,29.4,44.7,2018,3,1,1,1.097560975609757,-0.19585289271615292,0.14709132092149968,-19.45080091533181,0.997185363892239,2.688261813324422,2.42859586112536,1.2336742722266036,0.2587322121604174,1.585430872407878,1.2846383402017825,-6.623931623931611,30.543933054393293,6.0,6.8,-0.20000000000000018
LT,Lithuania,2018-Q4,125.59,108.10666666666667,6.1,147.722,69.1,29.4,44.7,2018,4,1,1,0.997185363892239,1.0216795414901725,1.8624888809207096,-1.8465909090909283,2.874432677760952,1.097560975609757,2.688261813324422,-0.19585289271615292,1.2336742722266036,0.14709132092149968,1.585430872407878,-19.45080091533181,-6.623931623931611,5.8,6.0,0.2999999999999998
LT,Lithuania,2019-Q1,129.2,108.11333333333333,6.3,149.46,45.4,29.6,44.6,2019,1,1,1,2.874432677760952,0.006166748889979701,1.1765343009165763,-34.29811866859623,1.4783281733746323,0.997185363892239,1.097560975609757,1.0216795414901725,-0.19585289271615292,1.8624888809207096,0.14709132092149968,-1.8465909090909283,-19.45080091533181,6.1,5.8,0.20000000000000018
LT,Lithuania,2019-Q2,131.11,109.95666666666666,6.1,151.844,89.2,29.6,44.6,2019,2,1,1,1.4783281733746323,1.705000924955291,1.5950756055131743,96.47577092511015,0.9533979101517875,2.874432677760952,0.997185363892239,0.006166748889979701,1.0216795414901725,1.1765343009165763,1.8624888809207096,-34.29811866859623,-1.8465909090909283,6.3,6.1,-0.20000000000000018
LT,Lithuania,2019-Q3,132.36,109.52,6.2,151.961,95.3,29.6,44.6,2019,3,1,1,0.9533979101517875,-0.3971261406008453,0.07705276467955269,6.838565022421528,1.0652765185856783,1.4783281733746323,2.874432677760952,1.705000924955291,0.006166748889979701,1.5950756055131743,1.1765343009165763,96.47577092511015,-34.29811866859623,6.1,6.3,0.10000000000000053
LT,Lithuania,2019-Q4,133.77,110.27333333333333,6.5,154.23,73.2,29.6,44.6,2019,4,1,1,1.0652765185856783,0.6878500121743292,1.493146267792378,-23.189926547743966,2.6089556701801353,0.9533979101517875,1.4783281733746323,-0.3971261406008453,1.705000924955291,0.07705276467955269,1.5950756055131743,6.838565022421528,96.47577092511015,6.2,6.1,0.2999999999999998
LT,Lithuania,2020-Q1,137.26,110.78000000000002,7.2,153.549,73.1,29.9,44.6,2020,1,1,1,2.6089556701801353,0.45946436128410095,-0.4415483368994222,-0.1366120218579403,2.1783476613725927,1.0652765185856783,0.9533979101517875,0.6878500121743292,-0.3971261406008453,1.493146267792378,0.07705276467955269,-23.189926547743966,6.838565022421528,6.5,6.2,0.7000000000000002
LT,Lithuania,2020-Q2,140.25,110.67,8.5,145.458,78.4,29.9,44.6,2020,2,1,1,2.1783476613725927,-0.09929590178734404,-5.2693277064650434,7.250341997264043,0.42780748663100443,2.6089556701801353,1.0652765185856783,0.45946436128410095,0.6878500121743292,-0.4415483368994222,1.493146267792378,-0.1366120218579403,-23.189926547743966,7.2,6.5,1.2999999999999998
LT,Lithuania,2020-Q3,140.85,110.50333333333333,9.3,154.096,59.6,29.9,44.6,2020,3,1,1,0.42780748663100443,-0.15059787355803378,5.938483961005936,-23.97959183673469,3.904863329783459,2.1783476613725927,2.6089556701801353,-0.09929590178734404,0.45946436128410095,-5.2693277064650434,-0.4415483368994222,7.250341997264043,-0.1366120218579403,8.5,7.2,0.8000000000000007
LT,Lithuania,2020-Q4,146.35,110.56,8.9,154.684,95.3,29.9,44.6,2020,4,1,1,3.904863329783459,0.051280504358852674,0.38158031357076183,59.8993288590604,5.015374103177317,0.42780748663100443,2.1783476613725927,-0.15059787355803378,-0.09929590178734404,5.938483961005936,-5.2693277064650434,-23.97959183673469,7.250341997264043,9.3,8.5,-0.40000000000000036
LT,Lithuania,2021-Q1,153.69,111.60333333333334,7.7,158.155,113.3,30.5,44.6,2021,1,1,1,5.015374103177317,0.9436806560540356,2.2439295596183184,18.88772298006296,3.3704209772919658,3.904863329783459,0.42780748663100443,0.051280504358852674,-0.15059787355803378,0.38158031357076183,5.938483961005936,59.8993288590604,-23.97959183673469,8.9,9.3,-1.2000000000000002
LT,Lithuania,2021-Q2,158.87,114.16666666666667,7.6,160.111,95.3,30.5,44.6,2021,2,1,1,3.3704209772919658,2.296825064962227,1.2367614049508369,-15.88702559576346,5.3943475797822105,5.015374103177317,3.904863329783459,0.9436806560540356,0.051280504358852674,2.2439295596183184,0.38158031357076183,18.88772298006296,59.8993288590604,7.7,8.9,-0.10000000000000053
LT,Lithuania,2021-Q3,167.44,116.27,6.7,163.086,90.3,30.5,44.6,2021,3,1,1,5.3943475797822105,1.842335766423342,1.8580859528702032,-5.2465897166841575,4.730052556139519,3.3704209772919658,5.015374103177317,2.296825064962227,0.9436806560540356,1.2367614049508369,2.2439295596183184,-15.88702559576346,18.88772298006296,7.6,7.7,-0.8999999999999995
LT,Lithuania,2021-Q4,175.36,120.94,6.6,165.186,101.1,30.5,44.6,2021,4,1,1,4.730052556139519,4.016513288036472,1.2876641771825792,11.960132890365438,4.42518248175181,5.3943475797822105,3.3704209772919658,1.842335766423342,2.296825064962227,1.8580859528702032,1.2367614049508369,-5.2465897166841575,-15.88702559576346,6.7,7.6,-0.10000000000000053
LT,Lithuania,2022-Q1,183.12,127.16000000000001,6.4,166.622,89.8,30.7,45.2,2022,1,1,1,4.42518248175181,5.14304613858112,0.8693230661193985,-11.177052423343225,5.892311052861499,4.730052556139519,5.3943475797822105,4.016513288036472,1.842335766423342,1.2876641771825792,1.8580859528702032,11.960132890365438,-5.2465897166841575,6.6,6.7,-0.1999999999999993
LT,Lithuania,2022-Q2,193.91,135.33666666666667,5.5,164.286,98.9,30.7,45.2,2022,2,1,1,5.892311052861499,6.430219146482119,-1.4019757294955082,10.133630289532313,2.985921303697592,4.42518248175181,4.730052556139519,5.14304613858112,4.016513288036472,0.8693230661193985,1.2876641771825792,-11.177052423343225,11.960132890365438,6.4,6.6,-0.9000000000000004
LT,Lithuania,2022-Q3,199.7,141.25666666666666,6.0,166.091,87.0,30.7,45.2,2022,3,1,1,2.985921303697592,4.374276495652807,1.0986937414021902,-12.032355915065729,1.8828242363545522,5.892311052861499,4.42518248175181,6.430219146482119,5.14304613858112,-1.4019757294955082,0.8693230661193985,10.133630289532313,-11.177052423343225,5.5,6.4,0.5
LT,Lithuania,2022-Q4,203.46,146.53333333333333,6.2,165.341,66.4,30.7,45.2,2022,4,1,1,1.8828242363545522,3.7355169077565753,-0.45155968715945294,-23.678160919540225,1.8283692126216389,2.985921303697592,5.892311052861499,4.374276495652807,6.430219146482119,1.0986937414021902,-1.4019757294955082,-12.032355915065729,10.133630289532313,6.0,5.5,0.20000000000000018
LT,Lithuania,2023-Q1,207.18,148.72666666666666,7.5,164.833,62.0,30.8,45.8,2023,1,1,1,1.8283692126216389,1.496815286624198,-0.30724381732298855,-6.62650602409639,2.3506129935321862,1.8828242363545522,2.985921303697592,3.7355169077565753,4.374276495652807,-0.45155968715945294,1.0986937414021902,-23.678160919540225,-12.032355915065729,6.2,6.0,1.2999999999999998
LT,Lithuania,2023-Q2,212.05,149.83,6.3,167.446,55.4,30.8,45.8,2023,2,1,1,2.3506129935321862,0.7418530637859355,1.585240819496092,-10.64516129032258,2.405093138410752,1.8283692126216389,1.8828242363545522,1.496815286624198,3.7355169077565753,-0.30724381732298855,-0.45155968715945294,-6.62650602409639,-23.678160919540225,7.5,6.2,-1.2000000000000002
LT,Lithuania,2023-Q3,217.15,149.54999999999998,6.4,167.958,46.9,30.8,45.8,2023,3,1,1,2.405093138410752,-0.18687846225724503,0.30577021845847874,-15.34296028880866,1.4966612940363833,2.3506129935321862,1.8283692126216389,0.7418530637859355,1.496815286624198,1.585240819496092,-0.30724381732298855,-10.64516129032258,-6.62650602409639,6.3,7.5,0.10000000000000053
LT,Lithuania,2023-Q4,220.4,149.97333333333333,7.3,167.572,79.3,30.8,45.8,2023,4,1,1,1.4966612940363833,0.2830714365318343,-0.22981935960180166,69.08315565031984,3.312159709618867,2.405093138410752,2.3506129935321862,-0.18687846225724503,0.7418530637859355,0.30577021845847874,1.585240819496092,-15.34296028880866,-10.64516129032258,6.4,6.3,0.8999999999999995
LT,Lithuania,2024-Q1,227.7,149.99666666666667,7.9,169.899,70.6,31.2,46.1,2024,1,1,1,3.312159709618867,0.015558321479369752,1.3886568161745494,-10.970996216897856,2.771190162494519,1.4966612940363833,2.405093138410752,0.2830714365318343,-0.18687846225724503,-0.22981935960180166,0.30577021845847874,69.08315565031984,-15.34296028880866,7.3,6.4,0.6000000000000005
LT,Lithuania,2024-Q2,234.01,150.98333333333335,7.1,170.671,55.1,31.2,46.1,2024,2,1,1,2.771190162494519,0.6577923953865694,0.45438760675460266,-21.954674220963167,1.0213238750480746,3.312159709618867,1.4966612940363833,0.015558321479369752,0.2830714365318343,1.3886568161745494,-0.22981935960180166,-10.970996216897856,69.08315565031984,7.9,7.3,-0.8000000000000007
LT,Lithuania,2024-Q3,236.4,150.67999999999998,7.1,172.904,64.3,31.2,46.1,2024,3,1,1,1.0213238750480746,-0.20090517717189504,1.308365217289409,16.69691470054446,2.3604060913705593,2.771190162494519,3.312159709618867,0.6577923953865694,0.015558321479369752,0.45438760675460266,1.3886568161745494,-21.954674220963167,-10.970996216897856,7.1,7.9,0.0
LT,Lithuania,2024-Q4,241.98,151.51666666666665,6.4,174.256,74.9,31.2,46.1,2024,4,1,1,2.3604060913705593,0.5552605964074031,0.7819367972979219,16.485225505443246,2.3596991486899865,1.0213238750480746,2.771190162494519,-0.20090517717189504,0.6577923953865694,1.308365217289409,0.45438760675460266,16.69691470054446,-21.954674220963167,7.1,7.1,-0.6999999999999993
LT,Lithuania,2025-Q1,247.69,155.10999999999999,6.7,174.92,51.8,32.1,46.1,2025,1,1,1,2.3596991486899865,2.3715762842371646,0.3810485722155921,-30.841121495327116,2.761516411643594,2.3604060913705593,1.0213238750480746,0.5552605964074031,-0.20090517717189504,0.7819367972979219,1.308365217289409,16.485225505443246,16.69691470054446,6.4,7.1,0.2999999999999998
LT,Lithuania,2025-Q2,254.53,155.92333333333332,7.3,176.169,66.8,32.1,46.1,2025,2,1,1,2.761516411643594,0.5243590570133128,0.7140407043219943,28.957528957528964,2.93874985266962,2.3596991486899865,2.3604060913705593,2.3715762842371646,0.5552605964074031,0.3810485722155921,0.7819367972979219,-30.841121495327116,16.485225505443246,6.7,6.4,0.5999999999999996
LU,Luxembourg,2014-Q1,91.36,99.63,6.7,123.495,84.3,20.4,215.1,2014,1,1,1,-1.4880310545611342,-0.060186578393017776,1.3699867023459822,23.42606149341142,3.677758318739044,1.466083150984665,1.251800155090299,0.26821336373084037,0.17464315701092303,-0.5575100604853556,0.3234682346004547,24.63503649635037,5.587668593448947,6.1,5.4,
LU,Luxembourg,2014-Q2,94.72,100.40333333333335,5.1,122.169,63.9,20.4,215.1,2014,2,1,1,3.677758318739044,0.7762052929171537,-1.0737276812826546,-24.199288256227756,1.3302364864864913,-1.4880310545611342,1.466083150984665,-0.060186578393017776,0.26821336373084037,1.3699867023459822,-0.5575100604853556,23.42606149341142,24.63503649635037,6.7,6.1,-1.6000000000000005
LU,Luxembourg,2014-Q3,95.98,100.16333333333334,6.2,124.707,82.2,20.4,215.1,2014,3,1,1,1.3302364864864913,-0.23903588858272817,2.0774500896299397,28.638497652582174,1.5315690768910262,3.677758318739044,-1.4880310545611342,0.7762052929171537,-0.060186578393017776,-1.0737276812826546,1.3699867023459822,-24.199288256227756,23.42606149341142,5.1,6.7,1.1000000000000005
LU,Luxembourg,2014-Q4,97.45,99.57333333333334,5.5,128.12,178.2,20.4,215.1,2014,4,1,1,1.5315690768910262,-0.5890379047555738,2.7368150945817016,116.7883211678832,0.35915854284247484,1.3302364864864913,3.677758318739044,-0.23903588858272817,0.7762052929171537,2.0774500896299397,-1.0737276812826546,28.638497652582174,-24.199288256227756,6.2,5.1,-0.7000000000000002
LU,Luxembourg,2015-Q1,97.8,99.16000000000001,7.4,126.885,54.9,20.5,220.3,2015,1,1,1,0.35915854284247484,-0.4151044456347064,-0.9639400561973099,-69.1919191919192,2.116564417177913,1.5315690768910262,1.3302364864864913,-0.5890379047555738,-0.23903588858272817,2.7368150945817016,2.0774500896299397,116.7883211678832,28.638497652582174,5.5,6.2,1.9000000000000004
LU,Luxembourg,2015-Q2,99.87,100.69,5.5,127.842,84.4,20.5,220.3,2015,2,1,1,2.116564417177913,1.5429608713190657,0.7542262678803535,53.73406193078325,1.401822369079797,0.35915854284247484,1.5315690768910262,-0.4151044456347064,-0.5890379047555738,-0.9639400561973099,2.7368150945817016,-69.1919191919192,116.7883211678832,7.4,5.5,-1.9000000000000004
LU,Luxembourg,2015-Q3,101.27,100.18666666666667,7.5,127.472,50.9,20.5,220.3,2015,3,1,1,1.401822369079797,-0.4998841328168968,-0.289419752507003,-39.69194312796209,-0.20736644613409405,2.116564417177913,0.35915854284247484,1.5429608713190657,-0.4151044456347064,0.7542262678803535,-0.9639400561973099,53.73406193078325,-69.1919191919192,5.5,7.4,2.0
LU,Luxembourg,2015-Q4,101.06,99.96666666666665,6.2,127.674,88.5,20.5,220.3,2015,4,1,1,-0.20736644613409405,-0.21959009848284694,0.15846617296348953,73.8703339882122,1.5634276667326308,1.401822369079797,2.116564417177913,-0.4998841328168968,1.5429608713190657,-0.289419752507003,0.7542262678803535,-39.69194312796209,53.73406193078325,7.5,5.5,-1.2999999999999998
LU,Luxembourg,2016-Q1,102.64,98.99666666666667,6.1,131.59,57.8,20.5,225.1,2016,1,1,1,1.5634276667326308,-0.9703234411470363,3.0671867412315645,-34.68926553672317,2.727981293842552,-0.20736644613409405,1.401822369079797,-0.21959009848284694,-0.4998841328168968,0.15846617296348953,-0.289419752507003,73.8703339882122,-39.69194312796209,6.2,7.5,-0.10000000000000053
LU,Luxembourg,2016-Q2,105.44,100.13666666666666,6.3,133.63,94.6,20.5,225.1,2016,2,1,1,2.727981293842552,1.1515539243745376,1.5502697773386975,63.667820069204154,1.4984825493171483,1.5634276667326308,-0.20736644613409405,-0.9703234411470363,-0.21959009848284694,3.0671867412315645,0.15846617296348953,-34.68926553672317,73.8703339882122,6.1,6.2,0.20000000000000018
LU,Luxembourg,2016-Q3,107.02,100.08,6.9,134.684,81.2,20.5,225.1,2016,3,1,1,1.4984825493171483,-0.056589327918499244,0.788745042280925,-14.164904862579276,1.7753690898897556,2.727981293842552,1.5634276667326308,1.1515539243745376,-0.9703234411470363,1.5502697773386975,3.0671867412315645,63.667820069204154,-34.68926553672317,6.3,6.1,0.6000000000000005
LU,Luxembourg,2016-Q4,108.92,100.94333333333333,5.9,135.414,67.2,20.5,225.1,2016,4,1,1,1.7753690898897556,0.8626432187583299,0.5420094443289392,-17.24137931034483,0.8446566287183321,1.4984825493171483,2.727981293842552,-0.056589327918499244,1.1515539243745376,0.788745042280925,1.5502697773386975,-14.164904862579276,63.667820069204154,6.9,6.3,-1.0
LU,Luxembourg,2017-Q1,109.84,101.54,6.2,133.501,77.5,20.5,230.6,2017,1,1,1,0.8446566287183321,0.5910907109599517,-1.4127047424933759,15.327380952380953,2.1576839038601525,1.7753690898897556,1.4984825493171483,0.8626432187583299,-0.056589327918499244,0.5420094443289392,0.788745042280925,-17.24137931034483,-14.164904862579276,5.9,6.9,0.2999999999999998
LU,Luxembourg,2017-Q2,112.21,102.14333333333333,5.4,134.921,87.2,20.5,230.6,2017,2,1,1,2.1576839038601525,0.5941829164204604,1.0636624444760656,12.516129032258071,0.062383031815360646,0.8446566287183321,1.7753690898897556,0.5910907109599517,0.8626432187583299,-1.4127047424933759,0.5420094443289392,15.327380952380953,-17.24137931034483,6.2,5.9,-0.7999999999999998
LU,Luxembourg,2017-Q3,112.28,102.10666666666667,5.3,136.5,84.4,20.5,230.6,2017,3,1,1,0.062383031815360646,-0.03589726854419384,1.1703144803255405,-3.2110091743119185,1.0865692910580593,2.1576839038601525,0.8446566287183321,0.5941829164204604,0.5910907109599517,1.0636624444760656,-1.4127047424933759,12.516129032258071,15.327380952380953,5.4,6.2,-0.10000000000000053
LU,Luxembourg,2017-Q4,113.5,102.80666666666667,5.2,137.519,74.8,20.5,230.6,2017,4,1,1,1.0865692910580593,0.6855575868373043,0.7465201465201465,-11.374407582938396,2.9427312775330394,0.062383031815360646,2.1576839038601525,-0.03589726854419384,0.5941829164204604,1.1703144803255405,1.0636624444760656,-3.2110091743119185,12.516129032258071,5.3,5.4,-0.09999999999999964
LU,Luxembourg,2018-Q1,116.84,102.73,5.6,137.324,67.1,20.6,235.1,2018,1,1,1,2.9427312775330394,-0.0745736333571112,-0.14179858783149868,-10.294117647058831,0.9072235535775519,1.0865692910580593,0.062383031815360646,0.6855575868373043,-0.03589726854419384,0.7465201465201465,1.1703144803255405,-11.374407582938396,-3.2110091743119185,5.2,5.3,0.39999999999999947
LU,Luxembourg,2018-Q2,117.9,104.11666666666667,5.6,137.032,89.6,20.6,235.1,2018,2,1,1,0.9072235535775519,1.349816671533799,-0.21263581020068978,33.53204172876305,2.442748091603053,2.9427312775330394,1.0865692910580593,-0.0745736333571112,0.6855575868373043,-0.14179858783149868,0.7465201465201465,-10.294117647058831,-11.374407582938396,5.6,5.2,0.0
LU,Luxembourg,2018-Q3,120.78,104.69,5.9,138.116,66.9,20.6,235.1,2018,3,1,1,2.442748091603053,0.5506643188730509,0.7910561036838182,-25.33482142857142,2.5997681735386635,0.9072235535775519,2.9427312775330394,1.349816671533799,-0.0745736333571112,-0.21263581020068978,-0.14179858783149868,33.53204172876305,-10.294117647058831,5.6,5.6,0.3000000000000007
LU,Luxembourg,2018-Q4,123.92,105.29666666666667,5.3,138.901,136.4,20.6,235.1,2018,4,1,1,2.5997681735386635,0.5794886490272821,0.5683628254510742,103.88639760837069,0.8715300193673281,2.442748091603053,0.9072235535775519,0.5506643188730509,1.349816671533799,0.7910561036838182,-0.21263581020068978,-25.33482142857142,33.53204172876305,5.9,5.6,-0.6000000000000005
LU,Luxembourg,2019-Q1,125.0,104.83999999999999,5.5,139.374,104.5,20.7,239.8,2019,1,1,1,0.8715300193673281,-0.4336952736712196,0.3405303057573361,-23.38709677419355,5.079999999999996,2.5997681735386635,2.442748091603053,0.5794886490272821,0.5506643188730509,0.5683628254510742,0.7910561036838182,103.88639760837069,-25.33482142857142,5.3,5.9,0.20000000000000018
LU,Luxembourg,2019-Q2,131.35,106.16666666666667,5.4,141.633,73.1,20.7,239.8,2019,2,1,1,5.079999999999996,1.2654203230319405,1.6208188040811145,-30.047846889952158,2.329653597259229,0.8715300193673281,2.5997681735386635,-0.4336952736712196,0.5794886490272821,0.3405303057573361,0.5683628254510742,-23.38709677419355,103.88639760837069,5.5,5.3,-0.09999999999999964
LU,Luxembourg,2019-Q3,134.41,106.11333333333334,5.7,142.359,90.8,20.7,239.8,2019,3,1,1,2.329653597259229,-0.05023547880690371,0.5125924043125618,24.21340629274966,2.068298489695719,5.079999999999996,0.8715300193673281,1.2654203230319405,-0.4336952736712196,1.6208188040811145,0.3405303057573361,-30.047846889952158,-23.38709677419355,5.4,5.5,0.2999999999999998
LU,Luxembourg,2019-Q4,137.19,106.58999999999999,5.8,143.219,92.0,20.7,239.8,2019,4,1,1,2.068298489695719,0.44920525224600993,0.6041065194332562,1.3215859030837107,3.9944602376266403,2.329653597259229,5.079999999999996,-0.05023547880690371,1.2654203230319405,0.5125924043125618,1.6208188040811145,24.21340629274966,-30.047846889952158,5.7,5.4,0.09999999999999964
LU,Luxembourg,2020-Q1,142.67,106.48333333333333,6.4,142.284,72.6,20.9,239.8,2020,1,1,1,3.9944602376266403,-0.10007192669729825,-0.6528463402202256,-21.086956521739143,4.254573491273583,2.068298489695719,2.329653597259229,0.44920525224600993,-0.05023547880690371,0.6041065194332562,0.5125924043125618,1.3215859030837107,24.21340629274966,5.8,5.7,0.6000000000000005
LU,Luxembourg,2020-Q2,148.74,105.2,6.5,132.605,101.7,20.9,239.8,2020,2,1,1,4.254573491273583,-1.2051964313664065,-6.802591999100393,40.08264462809918,2.8438886647841777,3.9944602376266403,2.068298489695719,-0.10007192669729825,0.44920525224600993,-0.6528463402202256,0.6041065194332562,-21.086956521739143,1.3215859030837107,6.4,5.8,0.09999999999999964
LU,Luxembourg,2020-Q3,152.97,105.95666666666666,7.7,143.864,78.2,20.9,239.8,2020,3,1,1,2.8438886647841777,0.7192648922686784,8.49063006673958,-23.107177974434613,4.647970190233397,4.254573491273583,3.9944602376266403,-1.2051964313664065,-0.10007192669729825,-6.802591999100393,-0.6528463402202256,40.08264462809918,-21.086956521739143,6.5,6.4,1.2000000000000002
LU,Luxembourg,2020-Q4,160.08,106.08666666666666,6.5,145.098,87.0,20.9,239.8,2020,4,1,1,4.647970190233397,0.12269166640450635,0.8577545459600877,11.253196930946284,4.4290354822588585,2.8438886647841777,4.254573491273583,0.7192648922686784,-1.2051964313664065,8.49063006673958,-6.802591999100393,-23.107177974434613,40.08264462809918,7.7,6.5,-1.2000000000000002
LU,Luxembourg,2021-Q1,167.17,107.53000000000002,5.7,149.545,128.4,21.0,243.8,2021,1,1,1,4.4290354822588585,1.3605228429586003,3.064825152655426,47.58620689655173,0.9391637255488527,4.647970190233397,2.8438886647841777,0.12269166640450635,0.7192648922686784,0.8577545459600877,8.49063006673958,11.253196930946284,-23.107177974434613,6.5,7.7,-0.7999999999999998
LU,Luxembourg,2021-Q2,168.74,108.97666666666667,5.7,149.31,80.4,21.0,243.8,2021,2,1,1,0.9391637255488527,1.3453609845314407,-0.15714333478216158,-37.38317757009345,2.6549721464975695,4.4290354822588585,4.647970190233397,1.3605228429586003,0.12269166640450635,3.064825152655426,0.8577545459600877,47.58620689655173,11.253196930946284,5.7,6.5,0.0
LU,Luxembourg,2021-Q3,173.22,109.8,5.3,150.499,94.9,21.0,243.8,2021,3,1,1,2.6549721464975695,0.7555134126571383,0.7963297836715455,18.034825870646777,3.6139013970672984,0.9391637255488527,4.4290354822588585,1.3453609845314407,1.3605228429586003,-0.15714333478216158,3.064825152655426,-37.38317757009345,47.58620689655173,5.7,5.7,-0.40000000000000036
LU,Luxembourg,2021-Q4,179.48,112.14,4.3,153.569,96.2,21.0,243.8,2021,4,1,1,3.6139013970672984,2.1311475409836023,2.0398806636588995,1.3698630136986356,2.707822598618237,2.6549721464975695,0.9391637255488527,0.7555134126571383,1.3453609845314407,0.7963297836715455,-0.15714333478216158,18.034825870646777,-37.38317757009345,5.3,5.7,-1.0
LU,Luxembourg,2022-Q1,184.34,114.83333333333333,4.2,149.726,70.9,21.3,252.6,2022,1,1,1,2.707822598618237,2.4017597051304795,-2.5024581784083955,-26.2993762993763,2.2024519908864004,3.6139013970672984,2.6549721464975695,2.1311475409836023,0.7555134126571383,2.0398806636588995,0.7963297836715455,1.3698630136986356,18.034825870646777,4.3,5.3,-0.09999999999999964
LU,Luxembourg,2022-Q2,188.4,119.29666666666667,4.6,148.67,61.6,21.3,252.6,2022,2,1,1,2.2024519908864004,3.88679245283019,-0.705288326676734,-13.117066290550072,2.070063694267521,2.707822598618237,3.6139013970672984,2.4017597051304795,2.1311475409836023,-2.5024581784083955,2.0398806636588995,-26.2993762993763,1.3698630136986356,4.2,4.3,0.39999999999999947
LU,Luxembourg,2022-Q3,192.3,119.57666666666667,5.0,149.477,89.9,21.3,252.6,2022,3,1,1,2.070063694267521,0.2347089887954512,0.5428129414138727,45.94155844155845,-1.5340613624545085,2.2024519908864004,2.707822598618237,3.88679245283019,2.4017597051304795,-0.705288326676734,-2.5024581784083955,-13.117066290550072,-26.2993762993763,4.6,4.2,0.40000000000000036
LU,Luxembourg,2022-Q4,189.35,120.5,4.6,148.493,86.0,21.3,252.6,2022,4,1,1,-1.5340613624545085,0.7721684832603826,-0.6582952561263622,-4.338153503893216,-4.304198574069185,2.070063694267521,2.2024519908864004,0.2347089887954512,3.88679245283019,0.5428129414138727,-0.705288326676734,45.94155844155845,-13.117066290550072,5.0,4.6,-0.40000000000000036
LU,Luxembourg,2023-Q1,181.2,119.96666666666665,5.1,149.004,96.0,21.5,257.7,2023,1,1,1,-4.304198574069185,-0.4426002766251824,0.3441239654394357,11.627906976744185,-2.1799116997792467,-1.5340613624545085,2.070063694267521,0.7721684832603826,0.2347089887954512,-0.6582952561263622,0.5428129414138727,-4.338153503893216,45.94155844155845,4.6,5.0,0.5
LU,Luxembourg,2023-Q2,177.25,121.52666666666666,5.0,149.495,72.2,21.5,257.7,2023,2,1,1,-2.1799116997792467,1.3003612114476315,0.32952135513142355,-24.791666666666668,-6.617771509167836,-4.304198574069185,-1.5340613624545085,-0.4426002766251824,0.7721684832603826,0.3441239654394357,-0.6582952561263622,11.627906976744185,-4.338153503893216,5.1,4.6,-0.09999999999999964
LU,Luxembourg,2023-Q3,165.52,123.13999999999999,5.3,150.359,53.6,21.5,257.7,2023,3,1,1,-6.617771509167836,1.3275549947885157,0.5779457506940089,-25.761772853185594,-2.1507974867085555,-2.1799116997792467,-4.304198574069185,1.3003612114476315,-0.4426002766251824,0.32952135513142355,0.3441239654394357,-24.791666666666668,11.627906976744185,5.0,5.1,0.2999999999999998
LU,Luxembourg,2023-Q4,161.96,123.44333333333333,5.4,148.063,61.8,21.5,257.7,2023,4,1,1,-2.1507974867085555,0.2463320881381792,-1.5270120179038282,15.298507462686551,-0.6544825882934036,-6.617771509167836,-2.1799116997792467,1.3275549947885157,1.3003612114476315,0.5779457506940089,0.32952135513142355,-25.761772853185594,-24.791666666666668,5.3,5.0,0.10000000000000053
LU,Luxembourg,2024-Q1,160.9,123.73333333333333,5.8,152.749,82.9,21.7,261.8,2024,1,1,1,-0.6544825882934036,0.2349256068911565,3.164869008462623,34.142394822006494,0.9384711000621548,-2.1507974867085555,-6.617771509167836,0.2463320881381792,1.3275549947885157,-1.5270120179038282,0.5779457506940089,15.298507462686551,-25.761772853185594,5.4,5.3,0.39999999999999947
LU,Luxembourg,2024-Q2,162.41,125.17333333333333,6.4,150.859,42.9,21.7,261.8,2024,2,1,1,0.9384711000621548,1.163793103448274,-1.237323975934368,-48.25090470446322,0.018471768979733127,-0.6544825882934036,-2.1507974867085555,0.2349256068911565,0.2463320881381792,3.164869008462623,-1.5270120179038282,34.142394822006494,15.298507462686551,5.8,5.4,0.6000000000000005
LU,Luxembourg,2024-Q3,162.44,125.26666666666667,6.8,147.147,46.9,21.7,261.8,2024,3,1,1,0.018471768979733127,0.07456327226247339,-2.460575769427087,9.32400932400932,1.114257572026589,0.9384711000621548,-0.6544825882934036,1.163793103448274,0.2349256068911565,-1.237323975934368,3.164869008462623,-48.25090470446322,34.142394822006494,6.4,5.8,0.39999999999999947
LU,Luxembourg,2024-Q4,164.25,124.90333333333335,6.8,148.24,87.8,21.7,261.8,2024,4,1,1,1.114257572026589,-0.2900478978179688,0.7427946203456548,87.20682302771856,-1.041095890410959,0.018471768979733127,0.9384711000621548,0.07456327226247339,1.163793103448274,-2.460575769427087,-1.237323975934368,9.32400932400932,-48.25090470446322,6.8,6.4,0.0
LU,Luxembourg,2025-Q1,162.54,126.12666666666667,6.3,149.084,50.2,22.0,261.8,2025,1,1,1,-1.041095890410959,0.9794240879613447,0.5693470048569793,-42.824601366742584,4.4358311800172245,1.114257572026589,0.018471768979733127,-0.2900478978179688,0.07456327226247339,0.7427946203456548,-2.460575769427087,87.20682302771856,9.32400932400932,6.8,6.8,-0.5
LU,Luxembourg,2025-Q2,169.75,127.79333333333334,6.4,150.008,55.6,22.0,261.8,2025,2,1,1,4.4358311800172245,1.3214229081875306,0.6197848192964983,10.756972111553775,-3.1399116347569977,-1.041095890410959,1.114257572026589,0.9794240879613447,-0.2900478978179688,0.5693470048569793,0.7427946203456548,-42.824601366742584,87.20682302771856,6.3,6.8,0.10000000000000053
LV,Latvia,2014-Q1,103.39,99.37333333333333,11.6,111.825,36.9,28.8,32.0,2014,1,1,1,2.2853185595567815,0.6176381248101492,0.18635154143185062,-53.40909090909092,1.4604894090337606,2.598457166057666,1.1810619287254687,-0.4033749033581002,-0.3984197134056511,0.4725812839808441,1.3428206531654663,-27.472527472527474,77.27272727272727,11.6,12.1,
LV,Latvia,2014-Q2,104.9,100.34333333333332,10.5,112.031,56.6,28.8,32.0,2014,2,1,1,1.4604894090337606,0.976116999865817,0.18421640956851615,53.38753387533877,3.946615824594857,2.2853185595567815,2.598457166057666,0.6176381248101492,-0.4033749033581002,0.18635154143185062,0.4725812839808441,-53.40909090909092,-27.472527472527474,11.6,11.6,-1.0999999999999996
LV,Latvia,2014-Q3,109.04,100.03333333333335,10.8,113.227,80.9,28.8,32.0,2014,3,1,1,3.946615824594857,-0.3089393083745562,1.0675616570413604,42.932862190812735,-11.436170212765973,1.4604894090337606,2.2853185595567815,0.976116999865817,0.6176381248101492,0.18421640956851615,0.18635154143185062,53.38753387533877,-53.40909090909092,10.5,11.6,0.3000000000000007
LV,Latvia,2014-Q4,96.57,99.40666666666668,10.5,113.486,32.4,28.8,32.0,2014,4,1,1,-11.436170212765973,-0.6264578473841986,0.22874402748460643,-59.95055624227441,0.06213109661385996,3.946615824594857,1.4604894090337606,-0.3089393083745562,0.976116999865817,1.0675616570413604,0.18421640956851615,42.932862190812735,53.38753387533877,10.8,10.5,-0.3000000000000007
LV,Latvia,2015-Q1,96.63,99.44333333333333,10.0,114.844,26.3,29.5,31.8,2015,1,1,1,0.06213109661385996,0.03688552075646889,1.1966233720458908,-18.827160493827154,3.549622270516406,-11.436170212765973,3.946615824594857,-0.6264578473841986,-0.3089393083745562,0.22874402748460643,1.0675616570413604,-59.95055624227441,42.932862190812735,10.5,10.8,-0.5
LV,Latvia,2015-Q2,100.06,101.15333333333332,9.6,116.343,62.3,29.5,31.8,2015,2,1,1,3.549622270516406,1.7195722857238582,1.3052488593222167,136.88212927756652,0.3397961223265966,0.06213109661385996,-11.436170212765973,0.03688552075646889,-0.6264578473841986,1.1966233720458908,0.22874402748460643,-18.827160493827154,-59.95055624227441,10.0,10.5,-0.40000000000000036
LV,Latvia,2015-Q3,100.4,99.91000000000001,9.9,118.276,59.4,29.5,31.8,2015,3,1,1,0.3397961223265966,-1.229157055295571,1.6614665257041583,-4.65489566613162,2.499999999999991,3.549622270516406,0.06213109661385996,1.7195722857238582,0.03688552075646889,1.3052488593222167,1.1966233720458908,136.88212927756652,-18.827160493827154,9.6,10.0,0.3000000000000007
LV,Latvia,2015-Q4,102.91,99.5,10.0,117.956,35.8,29.5,31.8,2015,4,1,1,2.499999999999991,-0.41036933239917417,-0.270553620345626,-39.73063973063974,0.5635992614906105,0.3397961223265966,3.549622270516406,-1.229157055295571,1.7195722857238582,1.6614665257041583,1.3052488593222167,-4.65489566613162,136.88212927756652,9.9,9.6,0.09999999999999964
LV,Latvia,2016-Q1,103.49,98.94,10.0,119.219,34.1,30.2,31.0,2016,1,1,1,0.5635992614906105,-0.5628140703517581,1.070738241378133,-4.748603351955294,5.8266499178664555,2.499999999999991,0.3397961223265966,-0.41036933239917417,-1.229157055295571,-0.270553620345626,1.6614665257041583,-39.73063973063974,-4.65489566613162,10.0,9.9,0.0
LV,Latvia,2016-Q2,109.52,100.42333333333333,9.6,119.603,35.3,30.2,31.0,2016,2,1,1,5.8266499178664555,1.4992251196010997,0.3220963101518981,3.5190615835777095,0.47479912344778885,0.5635992614906105,2.499999999999991,-0.5628140703517581,-0.41036933239917417,1.070738241378133,-0.270553620345626,-4.748603351955294,-39.73063973063974,10.0,10.0,-0.40000000000000036
LV,Latvia,2016-Q3,110.04,100.08,9.8,119.658,82.9,30.2,31.0,2016,3,1,1,0.47479912344778885,-0.3418860158661663,0.04598546859193586,134.84419263456093,0.7815339876408478,5.8266499178664555,0.5635992614906105,1.4992251196010997,-0.5628140703517581,0.3220963101518981,1.070738241378133,3.5190615835777095,-4.748603351955294,9.6,10.0,0.20000000000000107
LV,Latvia,2016-Q4,110.9,100.96,9.5,121.059,62.4,30.2,31.0,2016,4,1,1,0.7815339876408478,0.8792965627497873,1.1708368851226059,-24.7285886610374,1.992786293958515,0.47479912344778885,5.8266499178664555,-0.3418860158661663,1.4992251196010997,0.04598546859193586,0.3220963101518981,134.84419263456093,3.5190615835777095,9.8,9.6,-0.3000000000000007
LV,Latvia,2017-Q1,113.11,102.01666666666667,9.1,122.355,51.7,30.8,30.7,2017,1,1,1,1.992786293958515,1.0466191230850574,1.0705523752880808,-17.14743589743589,5.675890725842092,0.7815339876408478,0.47479912344778885,0.8792965627497873,-0.3418860158661663,1.1708368851226059,0.04598546859193586,-24.7285886610374,134.84419263456093,9.5,9.8,-0.40000000000000036
LV,Latvia,2017-Q2,119.53,103.46666666666665,8.8,122.915,63.7,30.8,30.7,2017,2,1,1,5.675890725842092,1.4213363829439496,0.45768460626864904,23.210831721470026,0.15895591065004933,1.992786293958515,0.7815339876408478,1.0466191230850574,0.8792965627497873,1.0705523752880808,1.1708368851226059,-17.14743589743589,-24.7285886610374,9.1,9.5,-0.29999999999999893
LV,Latvia,2017-Q3,119.72,102.99000000000001,8.7,124.148,72.5,30.8,30.7,2017,3,1,1,0.15895591065004933,-0.4606958762886415,1.0031322458609493,13.81475667189953,-0.025058469762784252,5.675890725842092,1.992786293958515,1.4213363829439496,1.0466191230850574,0.45768460626864904,1.0705523752880808,23.210831721470026,-17.14743589743589,8.8,9.1,-0.10000000000000142
LV,Latvia,2017-Q4,119.69,103.51666666666667,8.3,125.133,61.2,30.8,30.7,2017,4,1,1,-0.025058469762784252,0.5113765090461797,0.793407868028484,-15.586206896551724,5.288662377809339,0.15895591065004933,5.675890725842092,-0.4606958762886415,1.4213363829439496,1.0031322458609493,0.45768460626864904,13.81475667189953,23.210831721470026,8.7,8.8,-0.3999999999999986
LV,Latvia,2018-Q1,126.02,104.08999999999999,8.0,126.641,52.6,31.4,30.4,2018,1,1,1,5.288662377809339,0.553856061825786,1.2051177547089953,-14.052287581699352,3.086811617203611,-0.025058469762784252,0.15895591065004933,0.5113765090461797,-0.4606958762886415,0.793407868028484,1.0031322458609493,-15.586206896551724,13.81475667189953,8.3,8.7,-0.3000000000000007
LV,Latvia,2018-Q2,129.91,105.92333333333333,7.6,128.471,76.2,31.4,30.4,2018,2,1,1,3.086811617203611,1.7612963140871685,1.4450296507450222,44.86692015209126,-1.2085289816026412,5.288662377809339,-0.025058469762784252,0.553856061825786,0.5113765090461797,1.2051177547089953,0.793407868028484,-14.052287581699352,-15.586206896551724,8.0,8.3,-0.40000000000000036
LV,Latvia,2018-Q3,128.34,105.99000000000001,7.2,129.262,91.2,31.4,30.4,2018,3,1,1,-1.2085289816026412,0.06293860339239288,0.6157031547975755,19.685039370078748,3.576437587657777,3.086811617203611,5.288662377809339,1.7612963140871685,0.553856061825786,1.4450296507450222,1.2051177547089953,44.86692015209126,-14.052287581699352,7.6,8.0,-0.39999999999999947
LV,Latvia,2018-Q4,132.93,106.50999999999999,7.0,130.418,80.9,31.4,30.4,2018,4,1,1,3.576437587657777,0.49061232191713877,0.8943076851665621,-11.293859649122806,0.8350259535093496,-1.2085289816026412,3.086811617203611,0.06293860339239288,1.7612963140871685,0.6157031547975755,1.4450296507450222,19.685039370078748,44.86692015209126,7.2,7.6,-0.20000000000000018
LV,Latvia,2019-Q1,134.04,107.00666666666666,6.7,130.218,56.4,31.7,30.2,2019,1,1,1,0.8350259535093496,0.466309892654837,-0.15335306476100818,-30.28430160692214,4.588182632050142,3.576437587657777,-1.2085289816026412,0.49061232191713877,0.06293860339239288,0.8943076851665621,0.6157031547975755,-11.293859649122806,19.685039370078748,7.0,7.2,-0.2999999999999998
LV,Latvia,2019-Q2,140.19,109.41333333333334,6.3,129.877,79.1,31.7,30.2,2019,2,1,1,4.588182632050142,2.2490810541399453,-0.2618685588781755,40.24822695035459,3.13146444111565,0.8350259535093496,3.576437587657777,0.466309892654837,0.49061232191713877,-0.15335306476100818,0.8943076851665621,-30.28430160692214,-11.293859649122806,6.7,7.0,-0.40000000000000036
LV,Latvia,2019-Q3,144.58,108.96,6.2,130.483,66.8,31.7,30.2,2019,3,1,1,3.13146444111565,-0.41433097733366564,0.46659531710770974,-15.549936788874842,0.07608244570478373,4.588182632050142,0.8350259535093496,2.2490810541399453,0.466309892654837,-0.2618685588781755,-0.15335306476100818,40.24822695035459,-30.28430160692214,6.3,6.7,-0.09999999999999964
LV,Latvia,2019-Q4,144.69,108.74000000000001,6.1,129.61,101.0,31.7,30.2,2019,4,1,1,0.07608244570478373,-0.20190895741555304,-0.6690526735283475,51.19760479041917,0.7464233879328264,3.13146444111565,4.588182632050142,-0.41433097733366564,2.2490810541399453,0.46659531710770974,-0.2618685588781755,-15.549936788874842,40.24822695035459,6.2,6.3,-0.10000000000000053
LV,Latvia,2020-Q1,145.77,109.08,7.4,129.057,77.9,32.3,30.2,2020,1,1,1,0.7464233879328264,0.3126724296486971,-0.42666460921226834,-22.87128712871287,-2.38046237223023,0.07608244570478373,3.13146444111565,-0.20190895741555304,-0.41433097733366564,-0.6690526735283475,0.46659531710770974,51.19760479041917,-15.549936788874842,6.1,6.2,1.3000000000000007
LV,Latvia,2020-Q2,142.3,108.65333333333335,8.5,116.407,86.2,32.3,30.2,2020,2,1,1,-2.38046237223023,-0.3911502261337074,-9.801870491333286,10.654685494223347,3.3591004919184764,0.7464233879328264,0.07608244570478373,0.3126724296486971,-0.20190895741555304,-0.42666460921226834,-0.6690526735283475,-22.87128712871287,51.19760479041917,7.4,6.1,1.0999999999999996
LV,Latvia,2020-Q3,147.08,108.65666666666668,8.6,128.661,94.9,32.3,30.2,2020,3,1,1,3.3591004919184764,0.0030678610872580947,10.526858350442847,10.092807424593975,0.571117759042683,-2.38046237223023,0.7464233879328264,-0.3911502261337074,0.3126724296486971,-9.801870491333286,-0.42666460921226834,10.654685494223347,-22.87128712871287,8.5,7.4,0.09999999999999964
LV,Latvia,2020-Q4,147.92,108.08,8.0,129.249,83.6,32.3,30.2,2020,4,1,1,0.571117759042683,-0.5307236862288067,0.45701494625409733,-11.90727081138041,1.385884261763115,3.3591004919184764,-2.38046237223023,0.0030678610872580947,-0.3911502261337074,10.526858350442847,-9.801870491333286,10.092807424593975,10.654685494223347,8.6,8.5,-0.5999999999999996
LV,Latvia,2021-Q1,149.97,108.95,7.8,129.508,71.1,32.9,30.0,2021,1,1,1,1.385884261763115,0.8049592894152413,0.20038839758915739,-14.952153110047849,6.361272254450889,0.571117759042683,3.3591004919184764,-0.5307236862288067,0.0030678610872580947,0.45701494625409733,10.526858350442847,-11.90727081138041,10.092807424593975,8.0,8.6,-0.20000000000000018
LV,Latvia,2021-Q2,159.51,111.17333333333333,7.8,130.802,84.9,32.9,30.0,2021,2,1,1,6.361272254450889,2.040691448676757,0.9991660746826225,19.409282700421947,3.636135665475515,1.385884261763115,0.571117759042683,0.8049592894152413,-0.5307236862288067,0.20038839758915739,0.45701494625409733,-14.952153110047849,-11.90727081138041,7.8,8.0,0.0
LV,Latvia,2021-Q3,165.31,112.67666666666666,7.3,138.409,91.1,32.9,30.0,2021,3,1,1,3.636135665475515,1.3522427440633145,5.8156603110044225,7.302709069493507,3.9199080515395224,6.361272254450889,1.385884261763115,2.040691448676757,0.8049592894152413,0.9991660746826225,0.20038839758915739,19.409282700421947,-14.952153110047849,7.8,7.8,-0.5
LV,Latvia,2021-Q4,171.79,115.74333333333334,7.3,138.291,152.9,32.9,30.0,2021,4,1,1,3.9199080515395224,2.7216519243854265,-0.08525457159577199,67.83754116355655,2.485592875021836,3.636135665475515,6.361272254450889,1.3522427440633145,2.040691448676757,5.8156603110044225,0.9991660746826225,7.302709069493507,19.409282700421947,7.3,7.8,0.0
LV,Latvia,2022-Q1,176.06,119.02333333333333,7.1,137.778,122.4,33.1,29.7,2022,1,1,1,2.485592875021836,2.833856521613898,-0.37095689524264674,-19.94767822105952,5.3958877655344795,3.9199080515395224,3.636135665475515,2.7216519243854265,1.3522427440633145,-0.08525457159577199,5.8156603110044225,67.83754116355655,7.302709069493507,7.3,7.3,-0.20000000000000018
LV,Latvia,2022-Q2,185.56,129.36666666666667,6.6,137.388,80.3,33.1,29.7,2022,2,1,1,5.3958877655344795,8.69017279525024,-0.28306405957408964,-34.39542483660131,1.2017676223323948,2.485592875021836,3.9199080515395224,2.833856521613898,2.7216519243854265,-0.37095689524264674,-0.08525457159577199,-19.94767822105952,67.83754116355655,7.1,7.3,-0.5
LV,Latvia,2022-Q3,187.79,137.00666666666666,7.0,137.305,104.5,33.1,29.7,2022,3,1,1,1.2017676223323948,5.905694408657558,-0.060412845372226354,30.136986301369873,-0.6283614675967719,5.3958877655344795,2.485592875021836,8.69017279525024,2.833856521613898,-0.28306405957408964,-0.37095689524264674,-34.39542483660131,-19.94767822105952,6.6,7.1,0.40000000000000036
LV,Latvia,2022-Q4,186.61,140.49666666666667,6.7,137.509,73.4,33.1,29.7,2022,4,1,1,-0.6283614675967719,2.5473212982336735,0.1485743417938057,-29.76076555023923,-0.11253416215637468,1.2017676223323948,5.3958877655344795,5.905694408657558,8.69017279525024,-0.060412845372226354,-0.28306405957408964,30.136986301369873,-34.39542483660131,7.0,6.6,-0.2999999999999998
LV,Latvia,2023-Q1,186.4,142.25,6.2,137.627,59.1,33.3,30.2,2023,1,1,1,-0.11253416215637468,1.2479536881064845,0.08581256499575751,-19.48228882833788,4.903433476394836,-0.6283614675967719,1.2017676223323948,2.5473212982336735,5.905694408657558,0.1485743417938057,-0.060412845372226354,-29.76076555023923,30.136986301369873,6.7,7.0,-0.5
LV,Latvia,2023-Q2,195.54,144.54999999999998,6.4,135.979,109.1,33.3,30.2,2023,2,1,1,4.903433476394836,1.6168717047451597,-1.1974394559207124,84.60236886632823,-1.0637209778050494,-0.11253416215637468,-0.6283614675967719,1.2479536881064845,2.5473212982336735,0.08581256499575751,0.1485743417938057,-19.48228882833788,-29.76076555023923,6.2,6.7,0.20000000000000018
LV,Latvia,2023-Q3,193.46,144.22333333333333,6.6,135.583,97.6,33.3,30.2,2023,3,1,1,-1.0637209778050494,-0.2259887005649608,-0.29122143860450533,-10.540788267644363,-2.7499224645921694,4.903433476394836,-0.11253416215637468,1.6168717047451597,1.2479536881064845,-1.1974394559207124,0.08581256499575751,84.60236886632823,-19.48228882833788,6.4,6.2,0.1999999999999993
LV,Latvia,2023-Q4,188.14,142.50333333333333,6.9,134.773,90.4,33.3,30.2,2023,4,1,1,-2.7499224645921694,-1.1925948182217372,-0.597420030534801,-7.377049180327855,2.6575954076751396,-1.0637209778050494,4.903433476394836,-0.2259887005649608,1.6168717047451597,-0.29122143860450533,-1.1974394559207124,-10.540788267644363,84.60236886632823,6.6,6.4,0.3000000000000007
LV,Latvia,2024-Q1,193.14,143.51,7.0,134.786,56.0,33.9,30.0,2024,1,1,1,2.6575954076751396,0.7064162241818828,0.009645848946004953,-38.05309734513275,1.9674847261054174,-2.7499224645921694,-1.0637209778050494,-1.1925948182217372,-0.2259887005649608,-0.597420030534801,-0.29122143860450533,-7.377049180327855,-10.540788267644363,6.9,6.6,0.09999999999999964
LV,Latvia,2024-Q2,196.94,145.80333333333334,7.0,135.555,155.5,33.9,30.0,2024,2,1,1,1.9674847261054174,1.5980303347037594,0.5705340317243568,177.67857142857144,3.3918960089367456,2.6575954076751396,-2.7499224645921694,0.7064162241818828,-1.1925948182217372,0.009645848946004953,-0.597420030534801,-38.05309734513275,-7.377049180327855,7.0,6.9,0.0
LV,Latvia,2024-Q3,203.62,145.77,6.8,135.846,96.0,33.9,30.0,2024,3,1,1,3.3918960089367456,-0.022861845865429498,0.21467301095496882,-38.2636655948553,-0.8447107356841177,1.9674847261054174,2.6575954076751396,1.5980303347037594,0.7064162241818828,0.5705340317243568,0.009645848946004953,177.67857142857144,-38.05309734513275,7.0,7.0,-0.20000000000000018
LV,Latvia,2024-Q4,201.9,146.17999999999998,7.0,136.347,93.8,33.9,30.0,2024,4,1,1,-0.8447107356841177,0.2812650065170841,0.36879996466587794,-2.2916666666666696,0.8618127786032659,3.3918960089367456,1.9674847261054174,-0.022861845865429498,1.5980303347037594,0.21467301095496882,0.5705340317243568,-38.2636655948553,177.67857142857144,6.8,7.0,0.20000000000000018
LV,Latvia,2025-Q1,203.64,148.41333333333333,7.2,137.326,135.4,34.7,30.0,2025,1,1,1,0.8618127786032659,1.527796780225299,0.7180209318870201,44.3496801705757,2.9611078373600552,-0.8447107356841177,3.3918960089367456,0.2812650065170841,-0.022861845865429498,0.36879996466587794,0.21467301095496882,-2.2916666666666696,-38.2636655948553,7.0,6.8,0.20000000000000018
LV,Latvia,2025-Q2,209.67,151.45666666666668,6.7,137.84,115.0,34.7,30.0,2025,2,1,1,2.9611078373600552,2.050579462761659,0.37429183111721276,-15.066469719350073,5.246339485858731,0.8618127786032659,-0.8447107356841177,1.527796780225299,0.2812650065170841,0.7180209318870201,0.36879996466587794,44.3496801705757,-2.2916666666666696,7.2,7.0,-0.5
MT,Malta,2014-Q1,92.82,96.29,5.8,137.331,32.6,26.0,1375.2,2014,1,1,1,-0.010772379618662065,-1.3388435397383547,2.8943267300026942,-1.2121212121212088,-0.09696186166773257,-1.5901621965440427,4.694783573806882,-2.5851743412297234,0.6799986601011776,-0.01648063525359067,1.6361989020945433,-18.7192118226601,16.332378223495713,6.1,6.2,
MT,Malta,2014-Q2,92.73,100.03666666666668,5.7,139.864,32.2,26.0,1375.2,2014,2,1,1,-0.09696186166773257,3.8910236438536305,1.8444488134507164,-1.2269938650306678,1.995039361587403,-0.010772379618662065,-1.5901621965440427,-1.3388435397383547,-2.5851743412297234,2.8943267300026942,-0.01648063525359067,-1.2121212121212088,-18.7192118226601,5.8,6.1,-0.09999999999999964
MT,Malta,2014-Q3,94.58,100.87,5.9,142.16,43.0,26.0,1375.2,2014,3,1,1,1.995039361587403,0.833027889773752,1.6415946919865032,33.54037267080745,3.53140198773525,-0.09696186166773257,-0.010772379618662065,3.8910236438536305,-1.3388435397383547,1.8444488134507164,2.8943267300026942,-1.2269938650306678,-1.2121212121212088,5.7,5.8,0.20000000000000018
MT,Malta,2014-Q4,97.92,98.16333333333334,5.5,146.603,47.2,26.0,1375.2,2014,4,1,1,3.53140198773525,-2.6833217672912246,3.1253517163759126,9.76744186046512,-2.6756535947712434,1.995039361587403,-0.09696186166773257,0.833027889773752,3.8910236438536305,1.6415946919865032,1.8444488134507164,33.54037267080745,-1.2269938650306678,5.9,5.7,-0.40000000000000036
MT,Malta,2015-Q1,95.3,96.89333333333333,5.5,150.614,49.7,26.6,1408.4,2015,1,1,1,-2.6756535947712434,-1.2937620971849695,2.735960382802527,5.296610169491522,0.8079748163693612,3.53140198773525,1.995039361587403,-2.6833217672912246,0.833027889773752,3.1253517163759126,1.6415946919865032,9.76744186046512,33.54037267080745,5.5,5.9,0.0
MT,Malta,2015-Q2,96.07,101.30666666666667,5.4,154.213,52.0,26.6,1408.4,2015,2,1,1,0.8079748163693612,4.554836934085604,2.389552100070369,4.6277665995975825,6.922036015405442,-2.6756535947712434,3.53140198773525,-1.2937620971849695,-2.6833217672912246,2.735960382802527,3.1253517163759126,5.296610169491522,9.76744186046512,5.5,5.5,-0.09999999999999964
MT,Malta,2015-Q3,102.72,102.28666666666668,5.2,156.181,42.7,26.6,1408.4,2015,3,1,1,6.922036015405442,0.9673598315346199,1.276157003624867,-17.884615384615376,3.1152647975077885,0.8079748163693612,-2.6756535947712434,4.554836934085604,-1.2937620971849695,2.389552100070369,2.735960382802527,4.6277665995975825,5.296610169491522,5.4,5.5,-0.20000000000000018
MT,Malta,2015-Q4,105.92,99.52333333333333,5.4,159.394,63.9,26.6,1408.4,2015,4,1,1,3.1152647975077885,-2.7015577136153435,2.0572284720932643,49.6487119437939,-5.3153323262839836,6.922036015405442,0.8079748163693612,0.9673598315346199,4.554836934085604,1.276157003624867,2.389552100070369,-17.884615384615376,4.6277665995975825,5.2,5.4,0.20000000000000018
MT,Malta,2016-Q1,100.29,97.8,5.3,157.977,54.6,27.1,1450.2,2016,1,1,1,-5.3153323262839836,-1.731587232474796,-0.8889920574174703,-14.553990610328638,2.4827998803469864,3.1152647975077885,6.922036015405442,-2.7015577136153435,0.9673598315346199,2.0572284720932643,1.276157003624867,49.6487119437939,-17.884615384615376,5.4,5.2,-0.10000000000000053
MT,Malta,2016-Q2,102.78,102.26333333333332,4.8,159.581,93.7,27.1,1450.2,2016,2,1,1,2.4827998803469864,4.563735514655742,1.0153376757376043,71.6117216117216,4.709087371083864,-5.3153323262839836,3.1152647975077885,-1.731587232474796,-2.7015577136153435,-0.8889920574174703,2.0572284720932643,-14.553990610328638,49.6487119437939,5.3,5.4,-0.5
MT,Malta,2016-Q3,107.62,103.27,4.3,162.818,104.1,27.1,1450.2,2016,3,1,1,4.709087371083864,0.9843867140389317,2.0284369693134074,11.099252934898596,3.252183608994619,2.4827998803469864,-5.3153323262839836,4.563735514655742,-1.731587232474796,1.0153376757376043,-0.8889920574174703,71.6117216117216,-14.553990610328638,4.8,5.3,-0.5
MT,Malta,2016-Q4,111.12,100.27666666666666,4.3,165.419,143.8,27.1,1450.2,2016,4,1,1,3.252183608994619,-2.898550724637683,1.5974892210934843,38.136407300672445,-4.958603311735066,4.709087371083864,2.4827998803469864,0.9843867140389317,4.563735514655742,2.0284369693134074,1.0153376757376043,11.099252934898596,71.6117216117216,4.3,4.8,0.0
MT,Malta,2017-Q1,105.61,99.04,4.2,178.316,90.9,27.6,1495.2,2017,1,1,1,-4.958603311735066,-1.2332546621015017,7.796565086235563,-36.787204450625865,3.0962976990815294,3.252183608994619,4.709087371083864,-2.898550724637683,0.9843867140389317,1.5974892210934843,2.0284369693134074,38.136407300672445,11.099252934898596,4.3,4.3,-0.09999999999999964
MT,Malta,2017-Q2,108.88,103.39333333333333,3.9,180.291,128.5,27.6,1495.2,2017,2,1,1,3.0962976990815294,4.395530425417338,1.1075842885663656,41.36413641364136,3.8023512123438685,-4.958603311735066,3.252183608994619,-1.2332546621015017,-2.898550724637683,7.796565086235563,1.5974892210934843,-36.787204450625865,38.136407300672445,4.2,4.3,-0.30000000000000027
MT,Malta,2017-Q3,113.02,104.54,4.0,183.975,132.4,27.6,1495.2,2017,3,1,1,3.8023512123438685,1.1090334644400013,2.0433632294457382,3.0350194552529297,3.158732967616351,3.0962976990815294,-4.958603311735066,4.395530425417338,-1.2332546621015017,1.1075842885663656,7.796565086235563,41.36413641364136,-36.787204450625865,3.9,4.2,0.10000000000000009
MT,Malta,2017-Q4,116.59,101.72666666666667,4.0,186.799,123.5,27.6,1495.2,2017,4,1,1,3.158732967616351,-2.691154900835402,1.5349911672781769,-6.722054380664655,-4.580152671755733,3.8023512123438685,3.0962976990815294,1.1090334644400013,4.395530425417338,2.0433632294457382,1.1075842885663656,3.0350194552529297,41.36413641364136,4.0,3.9,0.0
MT,Malta,2018-Q1,111.25,100.31,4.3,187.134,138.6,27.4,1548.3,2018,1,1,1,-4.580152671755733,-1.3926207484107778,0.17933714848579196,12.22672064777328,3.811235955056169,3.158732967616351,3.8023512123438685,-2.691154900835402,1.1090334644400013,1.5349911672781769,2.0433632294457382,-6.722054380664655,3.0350194552529297,4.0,4.0,0.2999999999999998
MT,Malta,2018-Q2,115.49,105.17666666666666,4.0,193.862,212.8,27.4,1548.3,2018,2,1,1,3.811235955056169,4.851626624131855,3.5952846623275247,53.53535353535355,3.273010650272745,-4.580152671755733,3.158732967616351,-1.3926207484107778,-2.691154900835402,0.17933714848579196,1.5349911672781769,12.22672064777328,-6.722054380664655,4.3,4.0,-0.2999999999999998
MT,Malta,2018-Q3,119.27,107.02,3.7,199.94,186.5,27.4,1548.3,2018,3,1,1,3.273010650272745,1.7526067251925292,3.135219898690833,-12.359022556390986,3.772952125429696,3.811235955056169,-4.580152671755733,4.851626624131855,-1.3926207484107778,3.5952846623275247,0.17933714848579196,53.53535353535355,12.22672064777328,4.0,4.3,-0.2999999999999998
MT,Malta,2018-Q4,123.77,103.31,3.9,200.792,142.2,27.4,1548.3,2018,4,1,1,3.772952125429696,-3.4666417492057455,0.4261278383514977,-23.753351206434324,-4.233659206592866,3.273010650272745,3.811235955056169,1.7526067251925292,4.851626624131855,3.135219898690833,3.5952846623275247,-12.359022556390986,53.53535353535355,3.7,4.0,0.19999999999999973
MT,Malta,2019-Q1,118.53,101.51666666666667,4.3,197.96,152.4,26.9,1595.1,2019,1,1,1,-4.233659206592866,-1.7358758429322774,-1.4104147575600634,7.172995780590741,3.568716780561876,3.772952125429696,3.273010650272745,-3.4666417492057455,1.7526067251925292,0.4261278383514977,3.135219898690833,-23.753351206434324,-12.359022556390986,3.9,3.7,0.3999999999999999
MT,Malta,2019-Q2,122.76,107.01333333333332,3.8,203.141,218.8,26.9,1595.1,2019,2,1,1,3.568716780561876,5.41454605155145,2.6171953930086866,43.56955380577428,2.9977191267513748,-4.233659206592866,3.772952125429696,-1.7358758429322774,-3.4666417492057455,-1.4104147575600634,0.4261278383514977,7.172995780590741,-23.753351206434324,4.3,3.9,-0.5
MT,Malta,2019-Q3,126.44,108.94333333333333,4.2,205.612,128.3,26.9,1595.1,2019,3,1,1,2.9977191267513748,1.803513580862215,1.2163964930762328,-41.36197440585009,3.4957291996203788,3.568716780561876,-4.233659206592866,5.41454605155145,-1.7358758429322774,2.6171953930086866,-1.4104147575600634,43.56955380577428,7.172995780590741,3.8,4.3,0.40000000000000036
MT,Malta,2019-Q4,130.86,104.67666666666666,4.1,207.363,159.5,26.9,1595.1,2019,4,1,1,3.4957291996203788,-3.916409142367594,0.851603991984895,24.318004676539353,-4.4322176371695,2.9977191267513748,3.568716780561876,1.803513580862215,5.41454605155145,1.2163964930762328,2.6171953930086866,-41.36197440585009,43.56955380577428,4.2,3.8,-0.10000000000000053
MT,Malta,2020-Q1,125.06,102.75999999999999,4.0,210.331,139.2,26.3,1610.4,2020,1,1,1,-4.4322176371695,-1.8310352514091077,1.4313064529351882,-12.727272727272732,2.007036622421232,3.4957291996203788,2.9977191267513748,-3.916409142367594,1.803513580862215,0.851603991984895,1.2163964930762328,24.318004676539353,-41.36197440585009,4.1,4.2,-0.09999999999999964
MT,Malta,2020-Q2,127.57,108.07,4.8,184.093,82.4,26.3,1610.4,2020,2,1,1,2.007036622421232,5.167380303620095,-12.474623331796074,-40.80459770114941,1.7558987222701328,-4.4322176371695,3.4957291996203788,-1.8310352514091077,-3.916409142367594,1.4313064529351882,0.851603991984895,-12.727272727272732,24.318004676539353,4.0,4.1,0.7999999999999998
MT,Malta,2020-Q3,129.81,109.61666666666667,5.4,192.323,92.8,26.3,1610.4,2020,3,1,1,1.7558987222701328,1.431171154498645,4.470566507145857,12.621359223300965,2.465141360449885,2.007036622421232,-4.4322176371695,5.167380303620095,-1.8310352514091077,-12.474623331796074,1.4313064529351882,-40.80459770114941,-12.727272727272732,4.8,4.0,0.6000000000000005
MT,Malta,2020-Q4,133.01,105.02666666666669,5.2,199.525,99.1,26.3,1610.4,2020,4,1,1,2.465141360449885,-4.18731944655617,3.7447419185432818,6.788793103448265,-1.6464927449063915,1.7558987222701328,2.007036622421232,1.431171154498645,5.167380303620095,4.470566507145857,-12.474623331796074,12.621359223300965,-40.80459770114941,5.4,4.8,-0.20000000000000018
MT,Malta,2021-Q1,130.82,102.90666666666668,4.2,213.221,105.9,27.0,1646.4,2021,1,1,1,-1.6464927449063915,-2.0185349752443904,6.864302718957527,6.861755802219993,2.751872802323807,2.465141360449885,1.7558987222701328,-4.18731944655617,1.431171154498645,3.7447419185432818,4.470566507145857,6.788793103448265,12.621359223300965,5.2,5.4,-1.0
MT,Malta,2021-Q2,134.42,108.20666666666666,3.7,216.729,98.1,27.0,1646.4,2021,2,1,1,2.751872802323807,5.1502980046644,1.645241322383817,-7.365439093484428,2.306204433864023,-1.6464927449063915,2.465141360449885,-2.0185349752443904,-4.18731944655617,6.864302718957527,3.7447419185432818,6.861755802219993,6.788793103448265,4.2,5.2,-0.5
MT,Malta,2021-Q3,137.52,110.12333333333333,3.7,228.406,114.2,27.0,1646.4,2021,3,1,1,2.306204433864023,1.7713018298318062,5.387834576821748,16.41182466870541,1.0689354275741803,2.751872802323807,-1.6464927449063915,5.1502980046644,-2.0185349752443904,1.645241322383817,6.864302718957527,-7.365439093484428,6.861755802219993,3.7,4.2,0.0
MT,Malta,2021-Q4,138.99,107.24000000000001,3.4,231.962,81.8,27.0,1646.4,2021,4,1,1,1.0689354275741803,-2.618276477888426,1.5568767895764557,-28.37127845884414,0.5036333549176097,2.306204433864023,2.751872802323807,1.7713018298318062,5.1502980046644,5.387834576821748,1.645241322383817,16.41182466870541,-7.365439093484428,3.7,3.7,-0.30000000000000027
MT,Malta,2022-Q1,139.69,107.3,3.6,220.386,169.1,27.6,1696.8,2022,1,1,1,0.5036333549176097,0.05594927265943905,-4.990472577404914,106.72371638141809,3.536402033073238,1.0689354275741803,2.306204433864023,-2.618276477888426,1.7713018298318062,1.5568767895764557,5.387834576821748,-28.37127845884414,16.41182466870541,3.4,3.7,0.20000000000000018
MT,Malta,2022-Q2,144.63,114.44666666666667,3.7,225.518,118.2,27.6,1696.8,2022,2,1,1,3.536402033073238,6.660453557005286,2.3286415652536974,-30.100532229450028,1.1062711747217069,0.5036333549176097,1.0689354275741803,0.05594927265943905,-2.618276477888426,-4.990472577404914,1.5568767895764557,106.72371638141809,-28.37127845884414,3.6,3.4,0.10000000000000009
MT,Malta,2022-Q3,146.23,117.91666666666667,3.3,230.0,110.4,27.6,1696.8,2022,3,1,1,1.1062711747217069,3.0319799615541543,1.987424507134694,-6.598984771573601,0.6906927443069311,3.536402033073238,0.5036333549176097,6.660453557005286,0.05594927265943905,2.3286415652536974,-4.990472577404914,-30.100532229450028,106.72371638141809,3.7,3.6,-0.40000000000000036
MT,Malta,2022-Q4,147.24,115.08,3.3,237.765,108.9,27.6,1696.8,2022,4,1,1,0.6906927443069311,-2.4056537102473574,3.37608695652174,-1.3586956521739135,1.7997826677533135,1.1062711747217069,3.536402033073238,3.0319799615541543,6.660453557005286,1.987424507134694,2.3286415652536974,-6.598984771573601,-30.100532229450028,3.3,3.7,0.0
MT,Malta,2023-Q1,149.89,114.77666666666666,3.4,242.517,134.1,27.1,1766.0,2023,1,1,1,1.7997826677533135,-0.26358475263585923,1.9986120749479586,23.140495867768585,1.5678163986923899,0.6906927443069311,1.1062711747217069,-2.4056537102473574,3.0319799615541543,3.37608695652174,1.987424507134694,-1.3586956521739135,-6.598984771573601,3.3,3.3,0.10000000000000009
MT,Malta,2023-Q2,152.24,121.65333333333335,3.7,250.148,129.6,27.1,1766.0,2023,2,1,1,1.5678163986923899,5.991345511573232,3.1465835384735907,-3.3557046979865723,1.4910667367314723,1.7997826677533135,0.6906927443069311,-0.26358475263585923,-2.4056537102473574,1.9986120749479586,3.37608695652174,23.140495867768585,-1.3586956521739135,3.4,3.3,0.30000000000000027
MT,Malta,2023-Q3,154.51,124.03333333333335,3.7,256.347,96.4,27.1,1766.0,2023,3,1,1,1.4910667367314723,1.9563787812362898,2.478132945296374,-25.617283950617274,1.6439065432658273,1.5678163986923899,1.7997826677533135,5.991345511573232,-0.26358475263585923,3.1465835384735907,1.9986120749479586,-3.3557046979865723,23.140495867768585,3.7,3.4,0.0
MT,Malta,2023-Q4,157.05,119.58,3.1,261.672,68.2,27.1,1766.0,2023,4,1,1,1.6439065432658273,-3.5904326793872676,2.077262460649054,-29.253112033195016,1.8656478828398493,1.4910667367314723,1.5678163986923899,1.9563787812362898,5.991345511573232,2.478132945296374,3.1465835384735907,-25.617283950617274,-3.3557046979865723,3.7,3.7,-0.6000000000000001
MT,Malta,2024-Q1,159.98,118.35333333333334,3.4,264.072,137.0,26.5,1817.4,2024,1,1,1,1.8656478828398493,-1.025812566203932,0.9171787581399471,100.87976539589442,1.7252156519565132,1.6439065432658273,1.4910667367314723,-3.5904326793872676,1.9563787812362898,2.077262460649054,2.478132945296374,-29.253112033195016,-25.617283950617274,3.1,3.7,0.2999999999999998
MT,Malta,2024-Q2,162.74,124.44333333333333,3.2,270.533,111.8,26.5,1817.4,2024,2,1,1,1.7252156519565132,5.145609192812484,2.4466812081553657,-18.39416058394161,1.54848224161237,1.8656478828398493,1.6439065432658273,-1.025812566203932,-3.5904326793872676,0.9171787581399471,2.077262460649054,100.87976539589442,-29.253112033195016,3.4,3.1,-0.19999999999999973
MT,Malta,2024-Q3,165.26,126.85333333333334,3.1,270.039,92.1,26.5,1817.4,2024,3,1,1,1.54848224161237,1.9366244341467498,-0.18260249211742297,-17.620751341681572,1.028682076727594,1.7252156519565132,1.8656478828398493,5.145609192812484,-1.025812566203932,2.4466812081553657,0.9171787581399471,-18.39416058394161,100.87976539589442,3.2,3.4,-0.10000000000000009
MT,Malta,2024-Q4,166.96,122.11333333333334,3.1,268.898,119.2,26.5,1817.4,2024,4,1,1,1.028682076727594,-3.736598696657556,-0.42253156025610084,29.424538545059733,1.437470052707246,1.54848224161237,1.7252156519565132,1.9366244341467498,5.145609192812484,-0.18260249211742297,2.4466812081553657,-17.620751341681572,-18.39416058394161,3.1,3.2,0.0
MT,Malta,2025-Q1,169.36,120.72000000000001,3.2,272.593,113.1,26.6,1817.4,2025,1,1,1,1.437470052707246,-1.1410165420101537,1.374126992391167,-5.117449664429541,1.4643363249881913,1.028682076727594,1.54848224161237,-3.736598696657556,1.9366244341467498,-0.42253156025610084,-0.18260249211742297,29.424538545059733,-17.620751341681572,3.1,3.1,0.10000000000000009
MT,Malta,2025-Q2,171.84,127.69333333333334,2.9,277.193,159.8,26.6,1817.4,2025,2,1,1,1.4643363249881913,5.776452396730725,1.6874974779249596,41.290893015030974,1.623603351955305,1.437470052707246,1.028682076727594,-1.1410165420101537,-3.736598696657556,1.374126992391167,-0.42253156025610084,-5.117449664429541,29.424538545059733,3.2,3.1,-0.30000000000000027
NL,Netherlands,2014-Q1,95.82,99.23666666666666,8.7,109.263,42.2,26.4,500.9,2014,1,1,1,0.4191993292810725,-0.00671749571760083,0.23116933153535246,1.4423076923076872,0.5739929033604874,-0.28216114536523396,0.6839225589225562,-0.6374315845681378,-0.08336390009670014,0.6044889069364068,0.5027176433487268,29.59501557632398,-12.771739130434767,8.6,8.5,
NL,Netherlands,2014-Q2,96.37,100.31333333333333,8.5,109.614,46.6,26.4,500.9,2014,2,1,1,0.5739929033604874,1.0849484397568165,0.32124323879081373,10.426540284360186,0.5914703745979022,0.4191993292810725,-0.28216114536523396,-0.00671749571760083,-0.6374315845681378,0.23116933153535246,0.6044889069364068,1.4423076923076872,29.59501557632398,8.7,8.6,-0.1999999999999993
NL,Netherlands,2014-Q3,96.94,100.17333333333333,8.2,109.58,64.9,26.4,500.9,2014,3,1,1,0.5914703745979022,-0.1395627035289393,-0.031017935665156315,39.27038626609443,0.3816793893129722,0.5739929033604874,0.4191993292810725,1.0849484397568165,-0.00671749571760083,0.32124323879081373,0.23116933153535246,10.426540284360186,1.4423076923076872,8.5,8.7,-0.3000000000000007
NL,Netherlands,2014-Q4,97.31,99.43666666666667,8.2,111.061,64.2,26.4,500.9,2014,4,1,1,0.3816793893129722,-0.7353919872221448,1.3515240007300644,-1.078582434514641,1.0070907409310381,0.5914703745979022,0.5739929033604874,-0.1395627035289393,1.0849484397568165,-0.031017935665156315,0.32124323879081373,39.27038626609443,10.426540284360186,8.2,8.5,0.0
NL,Netherlands,2015-Q1,98.29,98.77333333333333,8.0,111.497,96.6,27.2,503.1,2015,1,1,1,1.0070907409310381,-0.6670912808823148,0.3925770522505534,50.46728971962615,0.9258317224539514,0.3816793893129722,0.5914703745979022,-0.7353919872221448,-0.1395627035289393,1.3515240007300644,-0.031017935665156315,-1.078582434514641,39.27038626609443,8.2,8.2,-0.1999999999999993
NL,Netherlands,2015-Q2,99.2,100.69333333333333,7.9,111.971,80.7,27.2,503.1,2015,2,1,1,0.9258317224539514,1.943844492440605,0.4251235459250102,-16.45962732919254,1.8346774193548354,1.0070907409310381,0.3816793893129722,-0.6670912808823148,-0.7353919872221448,0.3925770522505534,1.3515240007300644,50.46728971962615,-1.078582434514641,8.0,8.2,-0.09999999999999964
NL,Netherlands,2015-Q3,101.02,100.68333333333334,7.8,112.502,56.7,27.2,503.1,2015,3,1,1,1.8346774193548354,-0.00993114406778739,0.47422993453660744,-29.73977695167286,0.47515343496338236,0.9258317224539514,1.0070907409310381,1.943844492440605,-0.6670912808823148,0.4251235459250102,0.3925770522505534,-16.45962732919254,50.46728971962615,7.9,8.0,-0.10000000000000053
NL,Netherlands,2015-Q4,101.5,99.85666666666667,7.7,112.767,59.3,27.2,503.1,2015,4,1,1,0.47515343496338236,-0.8210561165370001,0.23555136797568377,4.585537918871241,1.004926108374371,1.8346774193548354,0.9258317224539514,-0.00993114406778739,1.943844492440605,0.47422993453660744,0.4251235459250102,-29.73977695167286,-16.45962732919254,7.8,7.9,-0.09999999999999964
NL,Netherlands,2016-Q1,102.52,99.12333333333333,7.4,113.498,58.0,27.8,498.1,2016,1,1,1,1.004926108374371,-0.73438595319959,0.6482392898631728,-2.1922428330522714,1.4728833398361285,0.47515343496338236,1.8346774193548354,-0.8210561165370001,-0.00993114406778739,0.23555136797568377,0.47422993453660744,4.585537918871241,-29.73977695167286,7.7,7.8,-0.2999999999999998
NL,Netherlands,2016-Q2,104.03,100.48666666666668,7.2,114.376,66.5,27.8,498.1,2016,2,1,1,1.4728833398361285,1.3753909271278397,0.7735819133376731,14.655172413793105,2.451215995385936,1.004926108374371,0.47515343496338236,-0.73438595319959,-0.8210561165370001,0.6482392898631728,0.23555136797568377,-2.1922428330522714,4.585537918871241,7.4,7.7,-0.20000000000000018
NL,Netherlands,2016-Q3,106.58,100.49333333333334,6.9,115.397,72.3,27.8,498.1,2016,3,1,1,2.451215995385936,0.006634379353798181,0.8926697908652192,8.721804511278197,1.3604803903171314,1.4728833398361285,1.004926108374371,1.3753909271278397,-0.73438595319959,0.7735819133376731,0.6482392898631728,14.655172413793105,-2.1922428330522714,7.2,7.4,-0.2999999999999998
NL,Netherlands,2016-Q4,108.03,100.32,6.5,116.324,85.8,27.8,498.1,2016,4,1,1,1.3604803903171314,-0.17248242006104864,0.803313777654524,18.672199170124482,2.008701286679626,2.451215995385936,1.4728833398361285,0.006634379353798181,1.3753909271278397,0.8926697908652192,0.7735819133376731,8.721804511278197,14.655172413793105,6.9,7.2,-0.40000000000000036
NL,Netherlands,2017-Q1,110.2,100.41666666666667,6.3,117.013,88.6,28.4,501.1,2017,1,1,1,2.008701286679626,0.09635832004253331,0.5923111309789952,3.263403263403264,1.6878402903811152,1.3604803903171314,2.451215995385936,-0.17248242006104864,0.006634379353798181,0.803313777654524,0.8926697908652192,18.672199170124482,8.721804511278197,6.5,6.9,-0.20000000000000018
NL,Netherlands,2017-Q2,112.06,101.53333333333335,6.1,117.61,84.7,28.4,501.1,2017,2,1,1,1.6878402903811152,1.1120331950207563,0.5101997213984744,-4.401805869074482,2.8199179011243913,2.008701286679626,1.3604803903171314,0.09635832004253331,-0.17248242006104864,0.5923111309789952,0.803313777654524,3.263403263403264,18.672199170124482,6.3,6.5,-0.20000000000000018
NL,Netherlands,2017-Q3,115.22,101.97666666666667,5.7,118.503,102.8,28.4,501.1,2017,3,1,1,2.8199179011243913,0.4366382140511993,0.7592891760904719,21.369539551357718,2.1871202916160293,1.6878402903811152,2.008701286679626,1.1120331950207563,0.09635832004253331,0.5101997213984744,0.5923111309789952,-4.401805869074482,3.263403263403264,6.1,6.3,-0.39999999999999947
NL,Netherlands,2017-Q4,117.74,101.67666666666666,5.4,119.251,91.8,28.4,501.1,2017,4,1,1,2.1871202916160293,-0.2941849442683053,0.6312076487515084,-10.700389105058361,2.1912688975709083,2.8199179011243913,1.6878402903811152,0.4366382140511993,1.1120331950207563,0.7592891760904719,0.5101997213984744,21.369539551357718,-4.401805869074482,5.7,6.1,-0.2999999999999998
NL,Netherlands,2018-Q1,120.32,101.67333333333333,5.2,120.105,89.4,29.0,504.0,2018,1,1,1,2.1912688975709083,-0.003278366062353655,0.7161365523140173,-2.614379084967311,1.9281914893617191,2.1871202916160293,2.8199179011243913,-0.2941849442683053,0.4366382140511993,0.6312076487515084,0.7592891760904719,-10.700389105058361,21.369539551357718,5.4,5.7,-0.20000000000000018
NL,Netherlands,2018-Q2,122.64,103.08333333333333,5.0,120.654,79.0,29.0,504.0,2018,2,1,1,1.9281914893617191,1.3867943085699164,0.4571000374672174,-11.63310961968681,3.106653620352251,2.1912688975709083,2.1871202916160293,-0.003278366062353655,-0.2941849442683053,0.7161365523140173,0.6312076487515084,-2.614379084967311,-10.700389105058361,5.2,5.4,-0.20000000000000018
NL,Netherlands,2018-Q3,126.45,103.80333333333333,4.8,120.963,90.9,29.0,504.0,2018,3,1,1,3.106653620352251,0.6984640258690389,0.25610423193593856,15.063291139240519,1.383946223803867,1.9281914893617191,2.1912688975709083,1.3867943085699164,-0.003278366062353655,0.4571000374672174,0.7161365523140173,-11.63310961968681,-2.614379084967311,5.0,5.2,-0.20000000000000018
NL,Netherlands,2018-Q4,128.2,103.53666666666668,4.6,121.298,110.1,29.0,504.0,2018,4,1,1,1.383946223803867,-0.2568960534343634,0.2769441895455804,21.12211221122111,1.6692667706708297,3.106653620352251,1.9281914893617191,0.6984640258690389,1.3867943085699164,0.25610423193593856,0.4571000374672174,15.063291139240519,-11.63310961968681,4.8,5.0,-0.20000000000000018
NL,Netherlands,2019-Q1,130.34,104.18333333333334,4.6,122.811,69.2,29.5,507.3,2019,1,1,1,1.6692667706708297,0.6245774443836227,1.2473412587181931,-37.14804722979109,1.3886757710602993,1.383946223803867,3.106653620352251,-0.2568960534343634,0.6984640258690389,0.2769441895455804,0.25610423193593856,21.12211221122111,15.063291139240519,4.6,4.8,0.0
NL,Netherlands,2019-Q2,132.15,105.86666666666667,4.4,123.364,71.7,29.5,507.3,2019,2,1,1,1.3886757710602993,1.6157414813629867,0.4502853978878063,3.6127167630057855,1.770715096481279,1.6692667706708297,1.383946223803867,0.6245774443836227,-0.2568960534343634,1.2473412587181931,0.2769441895455804,-37.14804722979109,21.12211221122111,4.6,4.6,-0.1999999999999993
NL,Netherlands,2019-Q3,134.49,106.71666666666665,4.3,123.929,70.4,29.5,507.3,2019,3,1,1,1.770715096481279,0.8028967254407826,0.4579942284621108,-1.8131101813110173,1.5242768979106147,1.3886757710602993,1.6692667706708297,1.6157414813629867,0.6245774443836227,0.4502853978878063,1.2473412587181931,3.6127167630057855,-37.14804722979109,4.4,4.6,-0.10000000000000053
NL,Netherlands,2019-Q4,136.54,106.35666666666667,4.4,124.0,95.1,29.5,507.3,2019,4,1,1,1.5242768979106147,-0.33734187099795365,0.05729086815837725,35.08522727272725,2.0213856745276315,1.770715096481279,1.3886757710602993,0.8028967254407826,1.6157414813629867,0.4579942284621108,0.4502853978878063,-1.8131101813110173,3.6127167630057855,4.3,4.4,0.10000000000000053
NL,Netherlands,2020-Q1,139.3,105.57,4.2,122.691,82.6,30.1,507.3,2020,1,1,1,2.0213856745276315,-0.7396496066693903,-1.0556451612903195,-13.144058885383803,2.3689877961234673,1.5242768979106147,1.770715096481279,-0.33734187099795365,0.8028967254407826,0.05729086815837725,0.4579942284621108,35.08522727272725,-1.8131101813110173,4.4,4.3,-0.20000000000000018
NL,Netherlands,2020-Q2,142.6,107.17666666666666,4.9,112.465,79.0,30.1,507.3,2020,2,1,1,2.3689877961234673,1.5218970035679291,-8.334759680824188,-4.358353510895874,2.384291725105192,2.0213856745276315,1.5242768979106147,-0.7396496066693903,-0.33734187099795365,-1.0556451612903195,0.05729086815837725,-13.144058885383803,35.08522727272725,4.2,4.4,0.7000000000000002
NL,Netherlands,2020-Q3,146.0,107.75333333333333,5.3,119.82,87.6,30.1,507.3,2020,3,1,1,2.384291725105192,0.538052436786618,6.539812386075661,10.88607594936708,1.6232876712328759,2.3689877961234673,2.0213856745276315,1.5218970035679291,-0.7396496066693903,-8.334759680824188,-1.0556451612903195,-4.358353510895874,-13.144058885383803,4.9,4.2,0.39999999999999947
NL,Netherlands,2020-Q4,148.37,107.33,5.1,120.211,105.0,30.1,507.3,2020,4,1,1,1.6232876712328759,-0.3928726102827462,0.32632281755968773,19.863013698630148,3.6058502392666947,2.384291725105192,2.3689877961234673,0.538052436786618,1.5218970035679291,6.539812386075661,-8.334759680824188,10.88607594936708,-4.358353510895874,5.3,4.9,-0.20000000000000018
NL,Netherlands,2021-Q1,153.72,107.45333333333333,4.8,121.445,100.5,30.6,510.2,2021,1,1,1,3.6058502392666947,0.11491040094413485,1.026528354310341,-4.285714285714281,4.443143377569614,1.6232876712328759,2.384291725105192,-0.3928726102827462,0.538052436786618,0.32632281755968773,6.539812386075661,19.863013698630148,10.88607594936708,5.1,5.3,-0.2999999999999998
NL,Netherlands,2021-Q2,160.55,109.11,4.4,126.19,109.9,30.6,510.2,2021,2,1,1,4.443143377569614,1.541754560119113,3.90711844868048,9.353233830845786,5.630644658984729,3.6058502392666947,1.6232876712328759,0.11491040094413485,-0.3928726102827462,1.026528354310341,0.32632281755968773,-4.285714285714281,19.863013698630148,4.8,5.1,-0.39999999999999947
NL,Netherlands,2021-Q3,169.59,110.29,4.0,128.498,79.4,30.6,510.2,2021,3,1,1,5.630644658984729,1.0814774081202572,1.8289880339171116,-27.752502274795265,3.7207382510761278,4.443143377569614,3.6058502392666947,1.541754560119113,0.11491040094413485,3.90711844868048,1.026528354310341,9.353233830845786,-4.285714285714281,4.4,4.8,-0.40000000000000036
NL,Netherlands,2021-Q4,175.9,113.07,3.8,128.546,110.1,30.6,510.2,2021,4,1,1,3.7207382510761278,2.5206274367576276,0.03735466699870127,38.66498740554154,4.002274019329155,5.630644658984729,4.443143377569614,1.0814774081202572,1.541754560119113,1.8289880339171116,3.90711844868048,-27.752502274795265,9.353233830845786,4.0,4.4,-0.20000000000000018
NL,Netherlands,2022-Q1,182.94,116.96333333333332,3.6,130.165,93.1,31.1,517.8,2022,1,1,1,4.002274019329155,3.4432947141888492,1.2594713176605987,-15.440508628519535,3.0829780255821726,3.7207382510761278,5.630644658984729,2.5206274367576276,1.0814774081202572,0.03735466699870127,1.8289880339171116,38.66498740554154,-27.752502274795265,3.8,4.0,-0.19999999999999973
NL,Netherlands,2022-Q2,188.58,120.5,3.4,133.25,84.2,31.1,517.8,2022,2,1,1,3.0829780255821726,3.023739633503375,2.3700687588829705,-9.559613319011806,0.7264821296001589,4.002274019329155,3.7207382510761278,3.4432947141888492,2.5206274367576276,1.2594713176605987,0.03735466699870127,-15.440508628519535,38.66498740554154,3.6,3.8,-0.20000000000000018
NL,Netherlands,2022-Q3,189.95,125.85666666666667,3.6,133.422,80.4,31.1,517.8,2022,3,1,1,0.7264821296001589,4.445366528354078,0.12908067542214408,-4.51306413301662,-2.1374045801526687,3.0829780255821726,4.002274019329155,3.023739633503375,3.4432947141888492,2.3700687588829705,1.2594713176605987,-9.559613319011806,-15.440508628519535,3.4,3.6,0.20000000000000018
NL,Netherlands,2022-Q4,185.89,127.79,3.6,133.143,82.8,31.1,517.8,2022,4,1,1,-2.1374045801526687,1.5361389940938164,-0.2091109412240888,2.985074626865658,-1.4793695196083756,0.7264821296001589,3.0829780255821726,4.445366528354078,3.023739633503375,0.12908067542214408,2.3700687588829705,-4.51306413301662,-9.559613319011806,3.6,3.4,0.0
NL,Netherlands,2023-Q1,183.14,125.43,3.6,132.406,73.5,31.4,526.0,2023,1,1,1,-1.4793695196083756,-1.8467798732295204,-0.5535401786049499,-11.231884057971008,-1.212187397619302,-2.1374045801526687,0.7264821296001589,1.5361389940938164,4.445366528354078,-0.2091109412240888,0.12908067542214408,2.985074626865658,-4.51306413301662,3.6,3.6,0.0
NL,Netherlands,2023-Q2,180.92,128.12,3.6,131.932,81.8,31.4,526.0,2023,2,1,1,-1.212187397619302,2.144622498604787,-0.3579898191924946,11.292517006802715,1.09993367234138,-1.4793695196083756,-2.1374045801526687,-1.8467798732295204,1.5361389940938164,-0.5535401786049499,-0.2091109412240888,-11.231884057971008,2.985074626865658,3.6,3.6,0.0
NL,Netherlands,2023-Q3,182.91,129.32000000000002,3.6,131.12,60.0,31.4,526.0,2023,3,1,1,1.09993367234138,0.9366219169528733,-0.6154685747203015,-26.650366748166256,1.727625608222616,-1.212187397619302,-1.4793695196083756,2.144622498604787,-1.8467798732295204,-0.3579898191924946,-0.5535401786049499,11.292517006802715,-11.231884057971008,3.6,3.6,0.0
NL,Netherlands,2023-Q4,186.07,128.35666666666665,3.5,131.444,76.6,31.4,526.0,2023,4,1,1,1.727625608222616,-0.7449221569234221,0.24710189139718342,27.66666666666666,2.0422421669264335,1.09993367234138,-1.212187397619302,0.9366219169528733,2.144622498604787,-0.6154685747203015,-0.3579898191924946,-26.650366748166256,11.292517006802715,3.6,3.6,-0.10000000000000009
NL,Netherlands,2024-Q1,189.87,129.15333333333334,3.7,131.524,84.6,31.8,529.5,2024,1,1,1,2.0422421669264335,0.6206663723479,0.060862420498475345,10.44386422976502,2.6017801653763106,1.727625608222616,1.09993367234138,-0.7449221569234221,0.9366219169528733,0.24710189139718342,-0.6154685747203015,27.66666666666666,-26.650366748166256,3.5,3.6,0.20000000000000018
NL,Netherlands,2024-Q2,194.81,131.79666666666665,3.7,132.989,100.0,31.8,529.5,2024,2,1,1,2.6017801653763106,2.046662881329664,1.113865150086668,18.20330969267141,3.6805092141060536,2.0422421669264335,1.727625608222616,0.6206663723479,-0.7449221569234221,0.060862420498475345,0.24710189139718342,10.44386422976502,27.66666666666666,3.7,3.5,0.0
NL,Netherlands,2024-Q3,201.98,133.65333333333334,3.6,133.724,72.1,31.8,529.5,2024,3,1,1,3.6805092141060536,1.408735678696993,0.5526772890990905,-27.900000000000002,2.1437766115457,2.6017801653763106,2.0422421669264335,2.046662881329664,0.6206663723479,1.113865150086668,0.060862420498475345,18.20330969267141,10.44386422976502,3.7,3.7,-0.10000000000000009
NL,Netherlands,2024-Q4,206.31,133.08333333333334,3.7,134.33,109.9,31.8,529.5,2024,4,1,1,2.1437766115457,-0.4264764565043877,0.45317220543807935,52.42718446601944,1.9194416169841633,3.6805092141060536,2.6017801653763106,1.408735678696993,2.046662881329664,0.5526772890990905,1.113865150086668,-27.900000000000002,18.20330969267141,3.6,3.7,0.10000000000000009
NL,Netherlands,2025-Q1,210.27,133.4,3.8,134.773,71.5,32.4,529.5,2025,1,1,1,1.9194416169841633,0.23794614902943323,0.3297848581850449,-34.940855323020934,1.46478337375755,2.1437766115457,3.6805092141060536,-0.4264764565043877,1.408735678696993,0.45317220543807935,0.5526772890990905,52.42718446601944,-27.900000000000002,3.7,3.6,0.09999999999999964
NL,Netherlands,2025-Q2,213.35,136.03666666666666,3.8,135.207,73.6,32.4,529.5,2025,2,1,1,1.46478337375755,1.9765117441279179,0.32202295712049356,2.9370629370629286,1.9967190063276297,1.9194416169841633,2.1437766115457,0.23794614902943323,-0.4264764565043877,0.3297848581850449,0.45317220543807935,-34.940855323020934,52.42718446601944,3.8,3.7,0.0
PL,Poland,2014-Q1,97.15,100.92333333333333,10.2,138.032,39.7,21.2,123.7,2014,1,0,0,-0.34875371833007485,0.21182934498396033,1.3376404081932414,2.5839793281653645,2.213072568193497,0.06158267474083434,-0.09228876127972407,-0.003309723969013856,-0.006619009796127173,0.5596078315565745,0.7325217339570145,-6.746987951807226,-3.935185185185186,10.3,10.5,
PL,Poland,2014-Q2,99.3,101.05,9.5,139.596,47.8,21.2,123.7,2014,2,0,0,2.213072568193497,0.12550781120983512,1.1330705923264128,20.403022670025184,-0.6445115810674751,-0.34875371833007485,0.06158267474083434,0.21182934498396033,-0.003309723969013856,1.3376404081932414,0.5596078315565745,2.5839793281653645,-6.746987951807226,10.2,10.3,-0.6999999999999993
PL,Poland,2014-Q3,98.66,100.59666666666665,8.7,140.729,49.8,21.2,123.7,2014,3,0,0,-0.6445115810674751,-0.4486227939963894,0.8116278403392796,4.184100418410042,0.2331238597202523,2.213072568193497,-0.34875371833007485,0.12550781120983512,0.21182934498396033,1.1330705923264128,1.3376404081932414,20.403022670025184,2.5839793281653645,9.5,10.2,-0.8000000000000007
PL,Poland,2014-Q4,98.89,100.25666666666666,8.5,141.928,41.3,21.2,123.7,2014,4,0,0,0.2331238597202523,-0.3379833659166831,0.8519921267116093,-17.06827309236948,0.1719081808069678,-0.6445115810674751,2.213072568193497,-0.4486227939963894,0.12550781120983512,0.8116278403392796,1.1330705923264128,4.184100418410042,20.403022670025184,8.7,9.5,-0.1999999999999993
PL,Poland,2015-Q1,99.06,99.75,8.2,144.25,44.3,22.2,123.6,2015,1,0,0,0.1719081808069678,-0.5053695514845136,1.6360408094244994,7.2639225181598155,1.3830002018978549,0.2331238597202523,-0.6445115810674751,-0.3379833659166831,-0.4486227939963894,0.8519921267116093,0.8116278403392796,-17.06827309236948,4.184100418410042,8.5,8.7,-0.3000000000000007
PL,Poland,2015-Q2,100.43,100.36333333333333,7.7,145.073,55.7,22.2,123.6,2015,2,0,0,1.3830002018978549,0.614870509607357,0.570537261698445,25.733634311512432,0.19914368216666922,0.1719081808069678,0.2331238597202523,-0.5053695514845136,-0.3379833659166831,1.6360408094244994,0.8519921267116093,7.2639225181598155,-17.06827309236948,8.2,8.5,-0.4999999999999991
PL,Poland,2015-Q3,100.63,100.12,7.5,147.013,58.6,22.2,123.6,2015,3,0,0,0.19914368216666922,-0.2424524228635927,1.3372577943518094,5.206463195691202,-0.7453045811388281,1.3830002018978549,0.1719081808069678,0.614870509607357,-0.5053695514845136,0.570537261698445,1.6360408094244994,25.733634311512432,7.2639225181598155,7.7,8.2,-0.20000000000000018
PL,Poland,2015-Q4,99.88,99.75999999999999,7.2,148.261,57.8,22.2,123.6,2015,4,0,0,-0.7453045811388281,-0.3595685177786745,0.8489045186480082,-1.3651877133105894,0.12014417300760805,0.19914368216666922,1.3830002018978549,-0.2424524228635927,0.614870509607357,1.3372577943518094,0.570537261698445,5.206463195691202,25.733634311512432,7.5,7.7,-0.2999999999999998
PL,Poland,2016-Q1,100.0,99.44666666666667,6.7,147.997,49.0,23.1,123.6,2016,1,0,0,0.12014417300760805,-0.31408714247526115,-0.17806435947416155,-15.22491349480969,0.8399999999999963,-0.7453045811388281,0.19914368216666922,-0.3595685177786745,-0.2424524228635927,0.8489045186480082,1.3372577943518094,-1.3651877133105894,5.206463195691202,7.2,7.5,-0.5
PL,Poland,2016-Q2,100.84,99.97666666666667,6.4,150.179,63.9,23.1,123.6,2016,2,0,0,0.8399999999999963,0.5329489843802326,1.4743542098826223,30.408163265306108,1.8742562475208224,0.12014417300760805,-0.7453045811388281,-0.31408714247526115,-0.3595685177786745,-0.17806435947416155,0.8489045186480082,-15.22491349480969,-1.3651877133105894,6.7,7.2,-0.2999999999999998
PL,Poland,2016-Q3,102.73,99.65666666666668,6.2,151.054,64.4,23.1,123.6,2016,3,0,0,1.8742562475208224,-0.3200746840929525,0.582638051924711,0.7824726134585402,1.0999707972354722,0.8399999999999963,0.12014417300760805,0.5329489843802326,-0.31408714247526115,1.4743542098826223,-0.17806435947416155,30.408163265306108,-15.22491349480969,6.4,6.7,-0.20000000000000018
PL,Poland,2016-Q4,103.86,100.17666666666666,5.7,153.976,65.8,23.1,123.6,2016,4,0,0,1.0999707972354722,0.5217914840953686,1.9344075628583202,2.1739130434782483,-0.5103023300596976,1.8742562475208224,0.8399999999999963,-0.3200746840929525,0.5329489843802326,0.582638051924711,1.4743542098826223,0.7824726134585402,30.408163265306108,6.2,6.4,-0.5
PL,Poland,2017-Q1,103.33,101.13333333333333,5.2,155.778,69.7,24.2,123.6,2017,1,0,0,-0.5103023300596976,0.9549795361528002,1.1703122564555413,5.927051671732531,2.0420013548824167,1.0999707972354722,1.8742562475208224,0.5217914840953686,-0.3200746840929525,1.9344075628583202,0.582638051924711,2.1739130434782483,0.7824726134585402,5.7,6.2,-0.5
PL,Poland,2017-Q2,105.44,101.50999999999999,5.1,157.312,81.8,24.2,123.6,2017,2,0,0,2.0420013548824167,0.3724456163480605,0.9847346865411222,17.360114777618364,1.005311077389992,-0.5103023300596976,1.0999707972354722,0.9549795361528002,0.5217914840953686,1.1703122564555413,1.9344075628583202,5.927051671732531,2.1739130434782483,5.2,5.7,-0.10000000000000053
PL,Poland,2017-Q3,106.5,101.14,4.8,159.672,68.7,24.2,123.6,2017,3,0,0,1.005311077389992,-0.3644961087577503,1.5002034174125267,-16.01466992665036,1.276995305164319,2.0420013548824167,-0.5103023300596976,0.3724456163480605,0.9549795361528002,0.9847346865411222,1.1703122564555413,17.360114777618364,5.927051671732531,5.1,5.2,-0.2999999999999998
PL,Poland,2017-Q4,107.86,101.96666666666665,4.6,161.941,69.4,24.2,123.6,2017,4,0,0,1.276995305164319,0.8173488893283176,1.4210381281627438,1.0189228529839944,1.5019469682922448,1.005311077389992,2.0420013548824167,-0.3644961087577503,0.3724456163480605,1.5002034174125267,0.9847346865411222,-16.01466992665036,17.360114777618364,4.8,5.1,-0.20000000000000018
PL,Poland,2018-Q1,109.48,102.13666666666666,4.1,165.15,77.3,25.3,123.6,2018,1,0,0,1.5019469682922448,0.1667211507028421,1.9815858862178182,11.383285302593649,2.256119839240034,1.276995305164319,1.005311077389992,0.8173488893283176,-0.3644961087577503,1.4210381281627438,1.5002034174125267,1.0189228529839944,-16.01466992665036,4.6,4.8,-0.5
PL,Poland,2018-Q2,111.95,102.65666666666668,3.8,167.565,76.3,25.3,123.6,2018,2,0,0,2.256119839240034,0.509121764955478,1.4623069936421373,-1.2936610608020649,1.322018758374277,1.5019469682922448,1.276995305164319,0.1667211507028421,0.8173488893283176,1.9815858862178182,1.4210381281627438,11.383285302593649,1.0189228529839944,4.1,4.6,-0.2999999999999998
PL,Poland,2018-Q3,113.43,102.57666666666667,3.9,169.683,71.6,25.3,123.6,2018,3,0,0,1.322018758374277,-0.07792966847421923,1.2639871094799027,-6.15989515072084,2.3626906462135278,2.256119839240034,1.5019469682922448,0.509121764955478,0.1667211507028421,1.4623069936421373,1.9815858862178182,-1.2936610608020649,11.383285302593649,3.8,4.1,0.10000000000000009
PL,Poland,2018-Q4,116.11,103.09666666666668,3.9,171.341,74.0,25.3,123.6,2018,4,0,0,2.3626906462135278,0.5069379001072516,0.9771161518832283,3.3519553072625774,1.9205925415554326,1.322018758374277,2.256119839240034,-0.07792966847421923,0.509121764955478,1.2639871094799027,1.4623069936421373,-6.15989515072084,-1.2936610608020649,3.9,3.8,0.0
PL,Poland,2019-Q1,118.34,103.37,3.7,173.827,66.7,26.4,123.6,2019,1,0,0,1.9205925415554326,0.2651233470205794,1.4509078387543006,-9.864864864864863,2.3322629711002074,2.3626906462135278,1.322018758374277,0.5069379001072516,-0.07792966847421923,0.9771161518832283,1.2639871094799027,3.3519553072625774,-6.15989515072084,3.9,3.9,-0.19999999999999973
PL,Poland,2019-Q2,121.1,104.96666666666665,3.3,175.443,84.2,26.4,123.6,2019,2,0,0,2.3322629711002074,1.5446132017671088,0.9296599492599089,26.236881559220393,2.0561519405450035,1.9205925415554326,2.3626906462135278,0.2651233470205794,0.5069379001072516,1.4509078387543006,0.9771161518832283,-9.864864864864863,3.3519553072625774,3.7,3.9,-0.40000000000000036
PL,Poland,2019-Q3,123.59,105.18333333333334,3.2,176.823,83.4,26.4,123.6,2019,3,0,0,2.0561519405450035,0.20641473483646866,0.7865802568355562,-0.9501187648455978,2.807670523505146,2.3322629711002074,1.9205925415554326,1.5446132017671088,0.2651233470205794,0.9296599492599089,1.4509078387543006,26.236881559220393,-9.864864864864863,3.3,3.7,-0.09999999999999964
PL,Poland,2019-Q4,127.06,105.78666666666668,3.0,178.085,78.5,26.4,123.6,2019,4,0,0,2.807670523505146,0.5736016479163331,0.713708058340834,-5.875299760191854,3.6203368487328857,2.0561519405450035,2.3322629711002074,0.20641473483646866,1.5446132017671088,0.7865802568355562,0.9296599492599089,-0.9501187648455978,26.236881559220393,3.2,3.3,-0.20000000000000018
PL,Poland,2020-Q1,131.66,107.37,2.9,179.156,69.5,27.5,123.6,2020,1,0,0,3.6203368487328857,1.4967229644567537,0.6013982087205605,-11.46496815286624,2.0127601397539108,2.807670523505146,2.0561519405450035,0.5736016479163331,0.20641473483646866,0.713708058340834,0.7865802568355562,-5.875299760191854,-0.9501187648455978,3.0,3.2,-0.10000000000000009
PL,Poland,2020-Q2,134.31,108.51333333333332,3.2,163.036,73.0,27.5,123.6,2020,2,0,0,2.0127601397539108,1.064853621433648,-8.997744982026834,5.035971223021574,2.0475020475020367,3.6203368487328857,2.807670523505146,1.4967229644567537,0.5736016479163331,0.6013982087205605,0.713708058340834,-11.46496815286624,-5.875299760191854,2.9,3.0,0.30000000000000027
PL,Poland,2020-Q3,137.06,109.07333333333332,3.4,173.746,81.9,27.5,123.6,2020,3,0,0,2.0475020475020367,0.5160656140566378,6.569101302779767,12.191780821917808,0.9922661608054772,2.0127601397539108,3.6203368487328857,1.064853621433648,1.4967229644567537,-8.997744982026834,0.6013982087205605,5.035971223021574,-11.46496815286624,3.2,2.9,0.19999999999999973
PL,Poland,2020-Q4,138.42,109.60000000000001,3.2,173.995,98.3,27.5,123.6,2020,4,0,0,0.9922661608054772,0.4828555711753779,0.14331265180205222,20.02442002442002,1.9794827337090037,2.0475020475020367,2.0127601397539108,0.5160656140566378,1.064853621433648,6.569101302779767,-8.997744982026834,12.191780821917808,5.035971223021574,3.4,3.2,-0.19999999999999973
PL,Poland,2021-Q1,141.16,111.53666666666668,3.8,178.074,99.7,28.9,123.4,2021,1,0,0,1.9794827337090037,1.7670316301703126,2.3443202390873275,1.4242115971515812,3.0745253612921575,0.9922661608054772,2.0475020475020367,0.4828555711753779,0.5160656140566378,0.14331265180205222,6.569101302779767,20.02442002442002,12.191780821917808,3.2,3.4,0.5999999999999996
PL,Poland,2021-Q2,145.5,113.51666666666667,3.7,182.601,102.0,28.9,123.4,2021,2,0,0,3.0745253612921575,1.7752009802456392,2.5422015566562095,2.306920762286868,2.597938144329892,1.9794827337090037,0.9922661608054772,1.7670316301703126,0.4828555711753779,2.3443202390873275,0.14331265180205222,1.4242115971515812,20.02442002442002,3.8,3.2,-0.09999999999999964
PL,Poland,2021-Q3,149.28,114.67999999999999,3.1,186.364,97.7,28.9,123.4,2021,3,0,0,2.597938144329892,1.024812802818964,2.060777323234819,-4.2156862745098,3.9322079314040748,3.0745253612921575,1.9794827337090037,1.7752009802456392,1.7670316301703126,2.5422015566562095,2.3443202390873275,2.306920762286868,1.4242115971515812,3.7,3.8,-0.6000000000000001
PL,Poland,2021-Q4,155.15,117.58666666666666,2.9,190.083,100.7,28.9,123.4,2021,4,0,0,3.9322079314040748,2.5345890012789196,1.9955570818398272,3.0706243602866,3.3193683532065865,2.597938144329892,3.0745253612921575,1.024812802818964,1.7752009802456392,2.060777323234819,2.5422015566562095,-4.2156862745098,2.306920762286868,3.1,3.7,-0.20000000000000018
PL,Poland,2022-Q1,160.3,121.57666666666667,2.9,196.355,91.5,29.7,119.8,2022,1,0,0,3.3193683532065865,3.3932418641569484,3.2996112224659813,-9.136047666335656,1.9962570180910744,3.9322079314040748,2.597938144329892,2.5345890012789196,1.024812802818964,1.9955570818398272,2.060777323234819,3.0706243602866,-4.2156862745098,2.9,3.1,0.0
PL,Poland,2022-Q2,163.5,128.04999999999998,2.9,194.171,109.6,29.7,119.8,2022,2,0,0,1.9962570180910744,5.324486606530843,-1.1122711415548325,19.781420765027313,2.37308868501529,3.3193683532065865,3.9322079314040748,3.3932418641569484,2.5345890012789196,3.2996112224659813,1.9955570818398272,-9.136047666335656,3.0706243602866,2.9,2.9,0.0
PL,Poland,2022-Q3,167.38,131.73333333333335,2.9,195.25,77.1,29.7,119.8,2022,3,0,0,2.37308868501529,2.8764805414551953,0.5556957527128148,-29.65328467153285,1.3502210538893555,1.9962570180910744,3.3193683532065865,5.324486606530843,3.3932418641569484,-1.1122711415548325,3.2996112224659813,19.781420765027313,-9.136047666335656,2.9,2.9,0.0
PL,Poland,2022-Q4,169.64,136.31333333333336,2.8,192.072,71.0,29.7,119.8,2022,4,0,0,1.3502210538893555,3.4767206477732904,-1.6276568501920607,-7.911802853437089,-0.0707380334826535,2.37308868501529,1.9962570180910744,2.8764805414551953,5.324486606530843,0.5556957527128148,-1.1122711415548325,-29.65328467153285,19.781420765027313,2.9,2.9,-0.10000000000000009
PL,Poland,2023-Q1,169.52,141.11666666666667,2.7,193.948,60.6,30.8,119.4,2023,1,0,0,-0.0707380334826535,3.523744314569366,0.9767170644341627,-14.647887323943664,3.2326569136384986,1.3502210538893555,2.37308868501529,3.4767206477732904,2.8764805414551953,-1.6276568501920607,0.5556957527128148,-7.911802853437089,-29.65328467153285,2.8,2.9,-0.09999999999999964
PL,Poland,2023-Q2,175.0,144.02333333333334,2.8,192.757,69.7,30.8,119.4,2023,2,0,0,3.2326569136384986,2.0597614267154896,-0.6140821251056972,15.016501650165015,4.502857142857142,-0.0707380334826535,1.3502210538893555,3.523744314569366,3.4767206477732904,0.9767170644341627,-1.6276568501920607,-14.647887323943664,-7.911802853437089,2.7,2.8,0.09999999999999964
PL,Poland,2023-Q3,182.88,143.80999999999997,2.8,196.475,72.6,30.8,119.4,2023,3,0,0,4.502857142857142,-0.14812414655035466,1.928853426853494,4.160688665710177,4.83377077865268,3.2326569136384986,-0.0707380334826535,2.0597614267154896,3.523744314569366,-0.6140821251056972,0.9767170644341627,15.016501650165015,-14.647887323943664,2.8,2.7,0.0
PL,Poland,2023-Q4,191.72,144.84333333333333,3.1,195.786,78.6,30.8,119.4,2023,4,0,0,4.83377077865268,0.7185406670839001,-0.3506807481867935,8.264462809917351,4.339662007093681,4.502857142857142,3.2326569136384986,-0.14812414655035466,2.0597614267154896,1.928853426853494,-0.6140821251056972,4.160688665710177,15.016501650165015,2.8,2.8,0.30000000000000027
PL,Poland,2024-Q1,200.04,146.23666666666668,2.9,197.532,82.2,31.8,119.0,2024,1,0,0,4.339662007093681,0.961958898119808,0.8917900156293124,4.580152671755733,2.93941211757649,4.83377077865268,4.502857142857142,0.7185406670839001,-0.14812414655035466,-0.3506807481867935,1.928853426853494,8.264462809917351,4.160688665710177,3.1,2.8,-0.20000000000000018
PL,Poland,2024-Q2,205.92,148.21,2.8,200.527,87.2,31.8,119.0,2024,2,0,0,2.93941211757649,1.3494107724920656,1.5162100317922977,6.082725060827254,1.5928515928515852,4.339662007093681,4.83377077865268,0.961958898119808,0.7185406670839001,0.8917900156293124,-0.3506807481867935,4.580152671755733,8.264462809917351,2.9,3.1,-0.10000000000000009
PL,Poland,2024-Q3,209.2,149.70333333333335,3.0,200.607,89.5,31.8,119.0,2024,3,0,0,1.5928515928515852,1.0075793356273843,0.03989487699911365,2.6376146788990695,1.1711281070745816,2.93941211757649,4.339662007093681,1.3494107724920656,0.961958898119808,1.5162100317922977,0.8917900156293124,6.082725060827254,4.580152671755733,2.8,2.9,0.20000000000000018
PL,Poland,2024-Q4,211.65,150.66333333333333,2.9,203.341,83.4,31.8,119.0,2024,4,0,0,1.1711281070745816,0.6412682861659524,1.3628637086442685,-6.815642458100557,0.7323411292227577,1.5928515928515852,2.93941211757649,1.0075793356273843,1.3494107724920656,0.03989487699911365,1.5162100317922977,2.6376146788990695,6.082725060827254,3.0,2.8,-0.10000000000000009
PL,Poland,2025-Q1,213.2,152.59666666666666,3.1,204.85,73.8,32.7,119.0,2025,1,0,0,0.7323411292227577,1.28321423040334,0.742103166601904,-11.510791366906481,1.1538461538461497,1.1711281070745816,1.5928515928515852,0.6412682861659524,1.0075793356273843,1.3628637086442685,0.03989487699911365,-6.815642458100557,2.6376146788990695,2.9,3.0,0.20000000000000018
PL,Poland,2025-Q2,215.66,153.51333333333332,3.0,206.6,68.4,32.7,119.0,2025,2,0,0,1.1538461538461497,0.6007121169094853,0.8542836221625549,-7.317073170731692,0.8717425577297488,0.7323411292227577,1.1711281070745816,1.28321423040334,0.6412682861659524,0.742103166601904,1.3628637086442685,-11.510791366906481,-6.815642458100557,3.1,2.9,-0.10000000000000009
PT,Portugal,2014-Q1,96.16,98.74000000000001,15.6,96.446,23.7,30.6,112.8,2014,1,1,1,1.3383918221097968,-0.9728211814261201,-0.7164769100903801,0.0,1.6014975041597435,2.307277628032356,0.5420054200542035,-0.1168692400160376,-0.3692737616021846,1.2423137050546984,-0.2816433003190566,-19.387755102040817,3.157894736842093,16.0,16.9,
PT,Portugal,2014-Q2,97.7,99.98333333333333,15.0,96.712,24.4,30.6,112.8,2014,2,1,1,1.6014975041597435,1.2591992438052646,0.2758020031935038,2.9535864978902815,-0.3991811668372591,1.3383918221097968,2.307277628032356,-0.9728211814261201,-0.1168692400160376,-0.7164769100903801,1.2423137050546984,0.0,-19.387755102040817,15.6,16.0,-0.5999999999999996
PT,Portugal,2014-Q3,97.31,99.56666666666666,14.0,96.814,26.3,30.6,112.8,2014,3,1,1,-0.3991811668372591,-0.41673612268712246,0.10546778062701101,7.7868852459016535,-0.3391223923543296,1.6014975041597435,1.3383918221097968,1.2591992438052646,-0.9728211814261201,0.2758020031935038,-0.7164769100903801,2.9535864978902815,0.0,15.0,15.6,-1.0
PT,Portugal,2014-Q4,96.98,99.69,13.9,97.598,28.2,30.6,112.8,2014,4,1,1,-0.3391223923543296,0.12387010378305252,0.8098002355031442,7.22433460076044,-0.04124561765312951,-0.3991811668372591,1.6014975041597435,-0.41673612268712246,1.2591992438052646,0.10546778062701101,0.2758020031935038,7.7868852459016535,2.9535864978902815,14.0,15.0,-0.09999999999999964
PT,Portugal,2015-Q1,96.94,98.73666666666668,13.8,98.183,29.2,31.4,112.3,2015,1,1,1,-0.04124561765312951,-0.956297856689059,0.5993975286378905,3.546099290780136,3.7445842789354256,-0.3391223923543296,-0.3991811668372591,0.12387010378305252,-0.41673612268712246,0.8098002355031442,0.10546778062701101,7.22433460076044,7.7868852459016535,13.9,14.0,-0.09999999999999964
PT,Portugal,2015-Q2,100.57,100.71666666666665,12.9,98.252,30.3,31.4,112.3,2015,2,1,1,3.7445842789354256,2.005334053543062,0.07027693185173156,3.767123287671237,0.07954658446853724,-0.04124561765312951,-0.3391223923543296,-0.956297856689059,0.12387010378305252,0.5993975286378905,0.8098002355031442,3.546099290780136,7.22433460076044,13.8,13.9,-0.9000000000000004
PT,Portugal,2015-Q3,100.65,100.32000000000001,12.7,98.415,30.9,31.4,112.3,2015,3,1,1,0.07954658446853724,-0.39384411716033574,0.16589993079021426,1.980198019801982,1.1823149528067622,3.7445842789354256,-0.04124561765312951,2.005334053543062,-0.956297856689059,0.07027693185173156,0.5993975286378905,3.767123287671237,3.546099290780136,12.9,13.8,-0.20000000000000107
PT,Portugal,2015-Q4,101.84,100.22666666666667,12.5,98.881,35.9,31.4,112.3,2015,4,1,1,1.1823149528067622,-0.09303561935141147,0.473505055123713,16.18122977346279,1.7969363707776909,0.07954658446853724,3.7445842789354256,-0.39384411716033574,2.005334053543062,0.16589993079021426,0.07027693185173156,1.980198019801982,3.767123287671237,12.7,12.9,-0.1999999999999993
PT,Portugal,2016-Q1,103.67,99.18,12.4,99.223,34.1,32.1,113.5,2016,1,1,1,1.7969363707776909,-1.0442995876014383,0.345870288528638,-5.013927576601662,3.1253014372528254,1.1823149528067622,0.07954658446853724,-0.09303561935141147,-0.39384411716033574,0.473505055123713,0.16589993079021426,16.18122977346279,1.980198019801982,12.5,12.7,-0.09999999999999964
PT,Portugal,2016-Q2,106.91,101.25333333333333,11.6,99.685,50.0,32.1,113.5,2016,2,1,1,3.1253014372528254,2.090475230221145,0.4656178506999398,46.6275659824047,1.3095126742119545,1.7969363707776909,1.1823149528067622,-1.0442995876014383,-0.09303561935141147,0.345870288528638,0.473505055123713,-5.013927576601662,16.18122977346279,12.4,12.5,-0.8000000000000007
PT,Portugal,2016-Q3,108.31,101.06333333333333,11.2,100.788,42.9,32.1,113.5,2016,3,1,1,1.3095126742119545,-0.187648143271002,1.1064854291016557,-14.200000000000001,1.1633274859200293,3.1253014372528254,1.7969363707776909,2.090475230221145,-1.0442995876014383,0.4656178506999398,0.345870288528638,46.6275659824047,-5.013927576601662,11.6,12.4,-0.40000000000000036
PT,Portugal,2016-Q4,109.57,101.04666666666667,10.8,101.928,45.5,32.1,113.5,2016,4,1,1,1.1633274859200293,-0.016491309080113314,1.1310870341707302,6.060606060606055,2.1173678926713624,1.3095126742119545,3.1253014372528254,-0.187648143271002,2.090475230221145,1.1064854291016557,0.4656178506999398,-14.200000000000001,46.6275659824047,11.2,11.6,-0.3999999999999986
PT,Portugal,2017-Q1,111.89,100.58666666666666,10.1,102.915,52.7,33.0,113.2,2017,1,1,1,2.1173678926713624,-0.4552352048558528,0.9683305862962177,15.824175824175835,3.2353204039681893,1.1633274859200293,1.3095126742119545,-0.016491309080113314,-0.187648143271002,1.1310870341707302,1.1064854291016557,6.060606060606055,-14.200000000000001,10.8,11.2,-0.7000000000000011
PT,Portugal,2017-Q2,115.51,102.98666666666666,9.5,103.21,55.9,33.0,113.2,2017,2,1,1,3.2353204039681893,2.3860021208907733,0.2866443181265943,6.072106261859567,3.540818976711968,2.1173678926713624,1.1633274859200293,-0.4552352048558528,-0.016491309080113314,0.9683305862962177,1.1310870341707302,15.824175824175835,6.060606060606055,10.1,10.8,-0.5999999999999996
PT,Portugal,2017-Q3,119.6,102.38666666666667,9.0,103.916,53.9,33.0,113.2,2017,3,1,1,3.540818976711968,-0.582599689280161,0.6840422439686078,-3.5778175313059046,1.2207357859531864,3.2353204039681893,2.1173678926713624,2.3860021208907733,-0.4552352048558528,0.2866443181265943,0.9683305862962177,6.072106261859567,15.824175824175835,9.5,10.1,-0.5
PT,Portugal,2017-Q4,121.06,102.84666666666668,8.3,104.895,55.5,33.0,113.2,2017,4,1,1,1.2207357859531864,0.4492772496418773,0.9421070864929382,2.9684601113172615,3.733685775648432,3.540818976711968,3.2353204039681893,-0.582599689280161,2.3860021208907733,0.6840422439686078,0.2866443181265943,-3.5778175313059046,6.072106261859567,9.0,9.5,-0.6999999999999993
PT,Portugal,2018-Q1,125.58,101.45,7.7,105.51,70.1,33.8,113.0,2018,1,1,1,3.733685775648432,-1.3580086860698892,0.5863005863006032,26.306306306306304,2.3172479694218984,1.2207357859531864,3.540818976711968,0.4492772496418773,-0.582599689280161,0.9421070864929382,0.6840422439686078,2.9684601113172615,-3.5778175313059046,8.3,9.0,-0.6000000000000005
PT,Portugal,2018-Q2,128.49,104.26666666666667,7.3,106.518,81.0,33.8,113.0,2018,2,1,1,2.3172479694218984,2.7764087399375637,0.9553596815467635,15.549215406562066,0.9572729395283641,3.733685775648432,1.2207357859531864,-1.3580086860698892,0.4492772496418773,0.5863005863006032,0.9421070864929382,26.306306306306304,2.9684601113172615,7.7,8.3,-0.40000000000000036
PT,Portugal,2018-Q3,129.72,104.21666666666665,7.1,107.233,71.6,33.8,113.0,2018,3,1,1,0.9572729395283641,-0.04795396419438047,0.6712480519724506,-11.604938271604947,2.0197348134443516,2.3172479694218984,3.733685775648432,2.7764087399375637,-1.3580086860698892,0.9553596815467635,0.5863005863006032,15.549215406562066,26.306306306306304,7.3,7.7,-0.20000000000000018
PT,Portugal,2018-Q4,132.34,103.64666666666666,6.7,107.9,84.9,33.8,113.0,2018,4,1,1,2.0197348134443516,-0.5469374700143859,0.6220100155735597,18.57541899441342,3.627021308750167,0.9572729395283641,2.3172479694218984,-0.04795396419438047,2.7764087399375637,0.6712480519724506,0.9553596815467635,-11.604938271604947,15.549215406562066,7.1,7.3,-0.39999999999999947
PT,Portugal,2019-Q1,137.14,102.23666666666668,6.6,108.789,92.3,34.6,113.0,2019,1,1,1,3.627021308750167,-1.3603910722325696,0.8239110287302953,8.716136631330972,2.5594283214233737,2.0197348134443516,0.9572729395283641,-0.5469374700143859,-0.04795396419438047,0.6220100155735597,0.6712480519724506,18.57541899441342,-11.604938271604947,6.7,7.1,-0.10000000000000053
PT,Portugal,2019-Q2,140.65,104.91333333333334,6.7,109.392,81.8,34.6,113.0,2019,2,1,1,2.5594283214233737,2.6181083107821745,0.5542839809171918,-11.375947995666301,2.147173835762528,3.627021308750167,2.0197348134443516,-1.3603910722325696,-0.5469374700143859,0.8239110287302953,0.6220100155735597,8.716136631330972,18.57541899441342,6.6,6.7,0.10000000000000053
PT,Portugal,2019-Q3,143.67,103.85333333333334,6.4,109.844,92.7,34.6,113.0,2019,3,1,1,2.147173835762528,-1.0103577556078047,0.4131929208717189,13.325183374083128,1.6704948841094192,2.5594283214233737,3.627021308750167,2.6181083107821745,-1.3603910722325696,0.5542839809171918,0.8239110287302953,-11.375947995666301,8.716136631330972,6.7,6.6,-0.2999999999999998
PT,Portugal,2019-Q4,146.07,103.81666666666666,6.7,110.864,88.5,34.6,113.0,2019,4,1,1,1.6704948841094192,-0.03530620105277604,0.9285896362113633,-4.530744336569581,3.8337783254603908,2.147173835762528,2.5594283214233737,-1.0103577556078047,2.6181083107821745,0.4131929208717189,0.5542839809171918,13.325183374083128,-11.375947995666301,6.4,6.7,0.2999999999999998
PT,Portugal,2020-Q1,151.67,102.74333333333334,6.7,106.147,93.6,35.6,113.0,2020,1,1,1,3.8337783254603908,-1.0338738160218242,-4.254762592004613,5.762711864406778,1.7604008703105523,1.6704948841094192,2.147173835762528,-0.03530620105277604,-1.0103577556078047,0.9285896362113633,0.4131929208717189,-4.530744336569581,13.325183374083128,6.7,6.4,0.0
PT,Portugal,2020-Q2,154.34,104.71999999999998,6.0,90.177,86.7,35.6,113.0,2020,2,1,1,1.7604008703105523,1.923888005709995,-15.045173203199337,-7.371794871794868,-0.47298172865102295,3.8337783254603908,1.6704948841094192,-1.0338738160218242,-0.03530620105277604,-4.254762592004613,0.9285896362113633,5.762711864406778,-4.530744336569581,6.7,6.7,-0.7000000000000002
PT,Portugal,2020-Q3,153.61,103.47333333333334,8.3,103.102,90.6,35.6,113.0,2020,3,1,1,-0.47298172865102295,-1.190476190476164,14.332923029153765,4.498269896193752,2.656077078315211,1.7604008703105523,3.8337783254603908,1.923888005709995,-1.0338738160218242,-15.045173203199337,-4.254762592004613,-7.371794871794868,5.762711864406778,6.0,6.7,2.3000000000000007
PT,Portugal,2020-Q4,157.69,103.38,7.2,103.454,96.9,35.6,113.0,2020,4,1,1,2.656077078315211,-0.09020037368727696,0.3414094779926602,6.9536423841059625,2.542964043376239,-0.47298172865102295,1.7604008703105523,-1.190476190476164,1.923888005709995,14.332923029153765,-15.045173203199337,4.498269896193752,-7.371794871794868,8.3,6.0,-1.1000000000000005
PT,Portugal,2021-Q1,161.7,102.94333333333333,7.0,100.439,100.4,36.5,113.2,2021,1,1,1,2.542964043376239,-0.42238988843747993,-2.9143387399230614,3.611971104231171,2.9066171923314954,2.656077078315211,-0.47298172865102295,-0.09020037368727696,-1.190476190476164,0.3414094779926602,14.332923029153765,6.9536423841059625,4.498269896193752,7.2,8.3,-0.20000000000000018
PT,Portugal,2021-Q2,166.4,104.65666666666668,7.3,105.08,105.5,36.5,113.2,2021,2,1,1,2.9066171923314954,1.6643460803678511,4.62071506088273,5.079681274900394,2.944711538461542,2.542964043376239,2.656077078315211,-0.42238988843747993,-0.09020037368727696,-2.9143387399230614,0.3414094779926602,3.611971104231171,6.9536423841059625,7.0,7.2,0.2999999999999998
PT,Portugal,2021-Q3,171.3,104.74333333333334,6.5,108.812,103.1,36.5,113.2,2021,3,1,1,2.944711538461542,0.08281045959803723,3.5515797487628564,-2.274881516587679,2.720373613543492,2.9066171923314954,2.542964043376239,1.6643460803678511,-0.42238988843747993,4.62071506088273,-2.9143387399230614,5.079681274900394,3.611971104231171,7.3,7.0,-0.7999999999999998
PT,Portugal,2021-Q4,175.96,105.87333333333333,6.3,110.945,91.0,36.5,113.2,2021,4,1,1,2.720373613543492,1.078827610349098,1.9602617358379648,-11.736178467507274,3.7963173448510856,2.944711538461542,2.9066171923314954,0.08281045959803723,1.6643460803678511,3.5515797487628564,4.62071506088273,-2.274881516587679,5.079681274900394,6.5,7.3,-0.20000000000000018
PT,Portugal,2022-Q1,182.64,107.49333333333334,5.8,112.572,120.0,37.3,115.0,2022,1,1,1,3.7963173448510856,1.530130344436742,1.4664924061472018,31.868131868131865,3.1044678055190733,2.720373613543492,2.944711538461542,1.078827610349098,0.08281045959803723,1.9602617358379648,3.5515797487628564,-11.736178467507274,-2.274881516587679,6.3,6.5,-0.5
PT,Portugal,2022-Q2,188.31,113.20333333333333,6.3,113.01,114.8,37.3,115.0,2022,2,1,1,3.1044678055190733,5.311957330687167,0.3890843193689486,-4.333333333333334,2.926026233338641,3.7963173448510856,2.720373613543492,1.530130344436742,1.078827610349098,1.4664924061472018,1.9602617358379648,31.868131868131865,-11.736178467507274,5.8,6.3,0.5
PT,Portugal,2022-Q3,193.82,114.72666666666667,6.2,114.292,103.1,37.3,115.0,2022,3,1,1,2.926026233338641,1.3456611996113255,1.1344128838155942,-10.19163763066202,1.0783200908059065,3.1044678055190733,3.7963173448510856,5.311957330687167,1.530130344436742,0.3890843193689486,1.4664924061472018,-4.333333333333334,31.868131868131865,6.3,5.8,-0.09999999999999964
PT,Portugal,2022-Q4,195.91,116.67999999999999,6.5,115.11,105.8,37.3,115.0,2022,4,1,1,1.0783200908059065,1.7025974780637831,0.7157106359150234,2.6188166828322146,1.3475575519371175,2.926026233338641,3.1044678055190733,1.3456611996113255,5.311957330687167,1.1344128838155942,0.3890843193689486,-10.19163763066202,-4.333333333333334,6.2,6.3,0.2999999999999998
PT,Portugal,2023-Q1,198.55,116.51666666666667,6.8,116.572,131.7,37.8,116.3,2023,1,1,1,1.3475575519371175,-0.1399840018283527,1.2700894796281892,24.48015122873346,3.1176026189876582,1.0783200908059065,2.926026233338641,1.7025974780637831,1.3456611996113255,0.7157106359150234,1.1344128838155942,2.6188166828322146,-10.19163763066202,6.5,6.2,0.2999999999999998
PT,Portugal,2023-Q2,204.74,119.60333333333334,6.5,117.138,115.9,37.8,116.3,2023,2,1,1,3.1176026189876582,2.649120297525398,0.4855368356037504,-11.996962794229294,1.8267070430790122,1.3475575519371175,1.0783200908059065,-0.1399840018283527,1.7025974780637831,1.2700894796281892,0.7157106359150234,24.48015122873346,2.6188166828322146,6.8,6.5,-0.2999999999999998
PT,Portugal,2023-Q3,208.48,120.25,6.4,117.258,111.9,37.8,116.3,2023,3,1,1,1.8267070430790122,0.5406761238538449,0.10244327203809966,-3.45125107851596,1.3382578664620226,3.1176026189876582,1.3475575519371175,2.649120297525398,-0.1399840018283527,0.4855368356037504,1.2700894796281892,-11.996962794229294,24.48015122873346,6.5,6.8,-0.09999999999999964
PT,Portugal,2023-Q4,211.27,119.53333333333335,6.5,118.12,108.0,37.8,116.3,2023,4,1,1,1.3382578664620226,-0.5959805959805831,0.7351310784765364,-3.4852546916890104,0.5585270033606093,1.8267070430790122,3.1176026189876582,0.5406761238538449,2.649120297525398,0.10244327203809966,0.4855368356037504,-3.45125107851596,-11.996962794229294,6.4,6.5,0.09999999999999964
PT,Portugal,2024-Q1,212.45,119.38666666666667,6.5,118.964,105.7,38.2,117.6,2024,1,1,1,0.5585270033606093,-0.12269938650307788,0.7145275990518174,-2.1296296296296258,3.902094610496598,1.3382578664620226,1.8267070430790122,-0.5959805959805831,0.5406761238538449,0.7351310784765364,0.10244327203809966,-3.4852546916890104,-3.45125107851596,6.5,6.4,0.0
PT,Portugal,2024-Q2,220.74,123.27999999999999,6.4,119.585,125.1,38.2,117.6,2024,2,1,1,3.902094610496598,3.2611123520214225,0.522006657476215,18.3538315988647,3.692126483645919,0.5585270033606093,1.3382578664620226,-0.12269938650307788,-0.5959805959805831,0.7145275990518174,0.7351310784765364,-2.1296296296296258,-3.4852546916890104,6.5,6.5,-0.09999999999999964
PT,Portugal,2024-Q3,228.89,123.05666666666667,6.4,119.757,128.6,38.2,117.6,2024,3,1,1,3.692126483645919,-0.18115942028984477,0.14383074800352613,2.7977617905675434,2.9664904539298487,3.902094610496598,0.5585270033606093,3.2611123520214225,-0.12269938650307788,0.522006657476215,0.7145275990518174,18.3538315988647,-2.1296296296296258,6.4,6.5,0.0
PT,Portugal,2024-Q4,235.68,122.88666666666666,6.6,121.171,135.1,38.2,117.6,2024,4,1,1,2.9664904539298487,-0.13814773681503079,1.180724300040925,5.054432348367022,4.8243380855397255,3.692126483645919,3.902094610496598,-0.18115942028984477,3.2611123520214225,0.14383074800352613,0.522006657476215,2.7977617905675434,18.3538315988647,6.4,6.4,0.1999999999999993
PT,Portugal,2025-Q1,247.05,122.18333333333334,6.3,120.836,148.3,38.6,117.6,2025,1,1,1,4.8243380855397255,-0.5723430803450169,-0.2764687920377096,9.770540340488543,4.748026715239817,2.9664904539298487,3.692126483645919,-0.13814773681503079,-0.18115942028984477,1.180724300040925,0.14383074800352613,5.054432348367022,2.7977617905675434,6.6,6.4,-0.2999999999999998
PT,Portugal,2025-Q2,258.78,125.7,6.1,121.662,151.6,38.6,117.6,2025,2,1,1,4.748026715239817,2.8781885145273467,0.6835711211890638,2.2252191503708607,4.0845505835072515,4.8243380855397255,2.9664904539298487,-0.5723430803450169,-0.13814773681503079,-0.2764687920377096,1.180724300040925,9.770540340488543,5.054432348367022,6.3,6.6,-0.20000000000000018
RO,Romania,2014-Q1,98.37,100.32,8.7,126.226,38.5,24.3,86.6,2014,1,0,0,0.7992622194896937,1.4563106796116498,1.0915963896430458,-15.938864628820959,-1.514689437836747,-0.45899632802938184,-2.3700458076080455,0.12488608363991904,-0.7104795737122527,0.9883452899927869,1.0931776556776684,-15.498154981549828,11.293634496919914,9.0,8.8,
RO,Romania,2014-Q2,96.88,100.73666666666668,8.7,126.629,51.9,24.3,86.6,2014,2,0,0,-1.514689437836747,0.4153375863902298,0.31926861343938295,34.805194805194795,-0.8980181668042819,0.7992622194896937,-0.45899632802938184,1.4563106796116498,0.12488608363991904,1.0915963896430458,0.9883452899927869,-15.938864628820959,-15.498154981549828,8.7,9.0,0.0
RO,Romania,2014-Q3,96.01,100.28666666666668,8.6,129.16,63.5,24.3,86.6,2014,3,0,0,-0.8980181668042819,-0.4467092419178753,1.998752260540626,22.350674373795766,1.676908655348397,-1.514689437836747,0.7992622194896937,0.4153375863902298,1.4563106796116498,0.31926861343938295,1.0915963896430458,34.805194805194795,-15.938864628820959,8.7,8.7,-0.09999999999999964
RO,Romania,2014-Q4,97.62,100.31333333333333,8.6,129.252,59.6,24.3,86.6,2014,4,0,0,1.676908655348397,0.026590440736540266,0.07122948281201857,-6.141732283464563,3.4726490473263594,-0.8980181668042819,-1.514689437836747,-0.4467092419178753,0.4153375863902298,1.998752260540626,0.31926861343938295,22.350674373795766,34.805194805194795,8.6,8.7,0.0
RO,Romania,2015-Q1,101.01,100.86666666666667,8.7,130.823,46.5,25.2,86.1,2015,1,0,0,3.4726490473263594,0.5516049710905913,1.2154550799987618,-21.97986577181208,-1.2375012375012373,1.676908655348397,-0.8980181668042819,0.026590440736540266,-0.4467092419178753,0.07122948281201857,1.998752260540626,-6.141732283464563,22.350674373795766,8.6,8.6,0.09999999999999964
RO,Romania,2015-Q2,99.76,101.08999999999999,8.4,132.347,63.5,25.2,86.1,2015,2,0,0,-1.2375012375012373,0.22141440845999671,1.1649327717603075,36.559139784946225,-0.8921411387329603,3.4726490473263594,1.676908655348397,0.5516049710905913,0.026590440736540266,1.2154550799987618,0.07122948281201857,-21.97986577181208,-6.141732283464563,8.7,8.6,-0.29999999999999893
RO,Romania,2015-Q3,98.87,98.75,8.2,132.278,75.1,25.2,86.1,2015,3,0,0,-0.8921411387329603,-2.3147690177069857,-0.052135673645803404,18.267716535433067,1.5070294325882472,-1.2375012375012373,3.4726490473263594,0.22141440845999671,0.5516049710905913,1.1649327717603075,1.2154550799987618,36.559139784946225,-21.97986577181208,8.4,8.7,-0.20000000000000107
RO,Romania,2015-Q4,100.36,99.29,8.1,131.96,53.3,25.2,86.1,2015,4,0,0,1.5070294325882472,0.546835443037974,-0.24040278806753967,-29.027962716378163,3.2781984854523882,-0.8921411387329603,-1.2375012375012373,-2.3147690177069857,0.22141440845999671,-0.052135673645803404,1.1649327717603075,18.267716535433067,36.559139784946225,8.2,8.4,-0.09999999999999964
RO,Romania,2016-Q1,103.65,98.83,7.8,135.394,45.2,25.9,85.6,2016,1,0,0,3.2781984854523882,-0.463289354416363,2.602303728402555,-15.196998123827388,2.836468885672927,1.5070294325882472,-0.8921411387329603,0.546835443037974,-2.3147690177069857,-0.24040278806753967,-0.052135673645803404,-29.027962716378163,18.267716535433067,8.1,8.2,-0.2999999999999998
RO,Romania,2016-Q2,106.59,98.96999999999998,7.2,135.286,93.2,25.9,85.6,2016,2,0,0,2.836468885672927,0.14165739148030987,-0.07976719795560472,106.19469026548671,-0.6848672483347418,3.2781984854523882,1.5070294325882472,-0.463289354416363,0.546835443037974,2.602303728402555,-0.24040278806753967,-15.196998123827388,-29.027962716378163,7.8,8.1,-0.5999999999999996
RO,Romania,2016-Q3,105.86,98.69,7.0,135.785,82.9,25.9,85.6,2016,3,0,0,-0.6848672483347418,-0.2829140143477682,0.3688482178495933,-11.051502145922743,1.7381447194407817,2.836468885672927,3.2781984854523882,0.14165739148030987,-0.463289354416363,-0.07976719795560472,2.602303728402555,106.19469026548671,-15.196998123827388,7.2,7.8,-0.20000000000000018
RO,Romania,2016-Q4,107.7,99.21,6.7,136.025,64.2,25.9,85.6,2016,4,0,0,1.7381447194407817,0.5269024217245954,0.17675000920573947,-22.55729794933655,1.1699164345403856,-0.6848672483347418,2.836468885672927,-0.2829140143477682,0.14165739148030987,0.3688482178495933,-0.07976719795560472,-11.051502145922743,106.19469026548671,7.0,7.2,-0.2999999999999998
RO,Romania,2017-Q1,108.96,99.23666666666668,6.5,142.512,54.2,26.7,85.2,2017,1,0,0,1.1699164345403856,0.026879010852409735,4.768976291122962,-15.576323987538942,4.8733480176211375,1.7381447194407817,-0.6848672483347418,0.5269024217245954,-0.2829140143477682,0.17675000920573947,0.3688482178495933,-22.55729794933655,-11.051502145922743,6.7,7.0,-0.20000000000000018
RO,Romania,2017-Q2,114.27,99.58333333333333,6.1,146.755,88.2,26.7,85.2,2017,2,0,0,4.8733480176211375,0.34933324376069663,2.977293140226789,62.73062730627306,-1.6014702021527993,1.1699164345403856,1.7381447194407817,0.026879010852409735,0.5269024217245954,4.768976291122962,0.17675000920573947,-15.576323987538942,-22.55729794933655,6.5,6.7,-0.40000000000000036
RO,Romania,2017-Q3,112.44,99.63,5.9,148.956,87.9,26.7,85.2,2017,3,0,0,-1.6014702021527993,0.046861924686192324,1.4997785424687438,-0.3401360544217691,1.1650658128779856,4.8733480176211375,1.1699164345403856,0.34933324376069663,0.026879010852409735,2.977293140226789,4.768976291122962,62.73062730627306,-15.576323987538942,6.1,6.5,-0.1999999999999993
RO,Romania,2017-Q4,113.75,101.56333333333333,5.8,148.728,81.5,26.7,85.2,2017,4,0,0,1.1650658128779856,1.9405132322928287,-0.1530653347297073,-7.281001137656428,2.065934065934072,-1.6014702021527993,4.8733480176211375,0.046861924686192324,0.34933324376069663,1.4997785424687438,2.977293140226789,-0.3401360544217691,62.73062730627306,5.9,6.1,-0.10000000000000053
RO,Romania,2018-Q1,116.1,102.93333333333334,5.6,150.718,65.2,27.5,83.1,2018,1,0,0,2.065934065934072,1.3489120089271056,1.3380130170512539,-19.999999999999996,3.066322136089572,1.1650658128779856,-1.6014702021527993,1.9405132322928287,0.046861924686192324,-0.1530653347297073,1.4997785424687438,-7.281001137656428,-0.3401360544217691,5.8,5.9,-0.20000000000000018
RO,Romania,2018-Q2,119.66,104.10000000000001,5.4,153.776,101.2,27.5,83.1,2018,2,0,0,3.066322136089572,1.133419689119175,2.0289547366605376,55.21472392638036,-0.6518468995487248,2.065934065934072,1.1650658128779856,1.3489120089271056,1.9405132322928287,1.3380130170512539,-0.1530653347297073,-19.999999999999996,-7.281001137656428,5.6,5.8,-0.1999999999999993
RO,Romania,2018-Q3,118.88,104.19333333333333,5.1,157.597,97.0,27.5,83.1,2018,3,0,0,-0.6518468995487248,0.08965738072364005,2.484783061075846,-4.150197628458496,0.7991251682368805,3.066322136089572,2.065934065934072,1.133419689119175,1.3489120089271056,2.0289547366605376,1.3380130170512539,55.21472392638036,-19.999999999999996,5.4,5.6,-0.3000000000000007
RO,Romania,2018-Q4,119.83,105.09333333333332,5.0,156.523,84.2,27.5,83.1,2018,4,0,0,0.7991251682368805,0.8637788726086004,-0.681485053649511,-13.195876288659791,0.06676124509721326,-0.6518468995487248,3.066322136089572,0.08965738072364005,1.133419689119175,2.484783061075846,2.0289547366605376,-4.150197628458496,55.21472392638036,5.1,5.4,-0.09999999999999964
RO,Romania,2019-Q1,119.91,106.85333333333334,4.9,156.925,82.6,28.1,82.7,2019,1,0,0,0.06676124509721326,1.6747018523217694,0.2568312644148252,-1.9002375296912177,1.5678425485781133,0.7991251682368805,-0.6518468995487248,0.8637788726086004,0.08965738072364005,-0.681485053649511,2.484783061075846,-13.195876288659791,-4.150197628458496,5.0,5.1,-0.09999999999999964
RO,Romania,2019-Q2,121.79,108.53000000000002,4.9,160.667,89.0,28.1,82.7,2019,2,0,0,1.5678425485781133,1.5691290242076494,2.384578620360034,7.748184019370474,1.461532145496336,0.06676124509721326,0.7991251682368805,1.6747018523217694,0.8637788726086004,0.2568312644148252,-0.681485053649511,-1.9002375296912177,-13.195876288659791,4.9,5.0,0.0
RO,Romania,2019-Q3,123.57,108.25666666666666,4.9,161.31,95.2,28.1,82.7,2019,3,0,0,1.461532145496336,-0.25185048680858024,0.4002066385754288,6.966292134831464,1.553775188152473,1.5678425485781133,0.06676124509721326,1.5691290242076494,1.6747018523217694,2.384578620360034,0.2568312644148252,7.748184019370474,-1.9002375296912177,4.9,4.9,0.0
RO,Romania,2019-Q4,125.49,108.96333333333332,4.9,164.21,95.8,28.1,82.7,2019,4,0,0,1.553775188152473,0.652769652369356,1.7977806707581756,0.6302521008403339,3.291098892342026,1.461532145496336,1.5678425485781133,-0.25185048680858024,1.5691290242076494,0.4002066385754288,2.384578620360034,6.966292134831464,7.748184019370474,4.9,4.9,0.0
RO,Romania,2020-Q1,129.62,110.20333333333333,5.1,160.289,74.8,29.0,82.7,2020,1,0,0,3.291098892342026,1.1379974915109115,-2.3877961147311444,-21.920668058455117,0.11572288227126304,1.553775188152473,1.461532145496336,0.652769652369356,-0.25185048680858024,1.7977806707581756,0.4002066385754288,0.6302521008403339,6.966292134831464,4.9,4.9,0.1999999999999993
RO,Romania,2020-Q2,129.77,110.77,6.6,147.037,78.4,29.0,82.7,2020,2,0,0,0.11572288227126304,0.5142010223526228,-8.267566707634321,4.81283422459895,-2.6123140941666123,3.291098892342026,1.553775188152473,1.1379974915109115,0.652769652369356,-2.3877961147311444,1.7977806707581756,-21.920668058455117,0.6302521008403339,5.1,4.9,1.5
RO,Romania,2020-Q3,126.38,110.80333333333334,6.4,152.568,106.9,29.0,82.7,2020,3,0,0,-2.6123140941666123,0.03009238361770805,3.7616382271129067,36.35204081632652,1.2581104605159155,0.11572288227126304,3.291098892342026,0.5142010223526228,1.1379974915109115,-8.267566707634321,-2.3877961147311444,4.81283422459895,-21.920668058455117,6.6,5.1,-0.1999999999999993
RO,Romania,2020-Q4,127.97,110.89666666666666,6.0,160.08,95.3,29.0,82.7,2020,4,0,0,1.2581104605159155,0.08423332631388725,4.9237061507000135,-10.851262862488309,2.71938735641164,-2.6123140941666123,0.11572288227126304,0.03009238361770805,0.5142010223526228,3.7616382271129067,-8.267566707634321,36.35204081632652,4.81283422459895,6.4,6.6,-0.40000000000000036
RO,Romania,2021-Q1,131.45,112.76,5.9,162.328,87.1,29.7,82.2,2021,1,0,0,2.71938735641164,1.68024286873667,1.4042978510744542,-8.604407135362013,1.6432103461392344,1.2581104605159155,-2.6123140941666123,0.08423332631388725,0.03009238361770805,4.9237061507000135,3.7616382271129067,-10.851262862488309,36.35204081632652,6.0,6.4,-0.09999999999999964
RO,Romania,2021-Q2,133.61,114.22000000000001,5.5,163.898,94.1,29.7,82.2,2021,2,0,0,1.6432103461392344,1.294785384888275,0.967177566408739,8.036739380022961,0.12723598533042058,2.71938735641164,1.2581104605159155,1.68024286873667,0.08423332631388725,1.4042978510744542,4.9237061507000135,-8.604407135362013,-10.851262862488309,5.9,6.0,-0.40000000000000036
RO,Romania,2021-Q3,133.78,115.60333333333334,5.5,164.258,118.8,29.7,82.2,2021,3,0,0,0.12723598533042058,1.2111130566742512,0.2196488059647006,26.248671625929877,2.7881596651218254,1.6432103461392344,2.71938735641164,1.294785384888275,1.68024286873667,0.967177566408739,1.4042978510744542,8.036739380022961,-8.604407135362013,5.5,5.9,0.0
RO,Romania,2021-Q4,137.51,118.25333333333333,5.6,164.13,100.0,29.7,82.2,2021,4,0,0,2.7881596651218254,2.2923214440183415,-0.07792618928759154,-15.82491582491582,1.6798778270671333,0.12723598533042058,1.6432103461392344,1.2111130566742512,1.294785384888275,0.2196488059647006,0.967177566408739,26.248671625929877,8.036739380022961,5.5,5.5,0.09999999999999964
RO,Romania,2022-Q1,139.82,122.05,5.8,169.519,80.6,30.3,81.3,2022,1,0,0,1.6798778270671333,3.2106212650806265,3.2833729360872477,-19.400000000000006,3.661850951223,2.7881596651218254,0.12723598533042058,2.2923214440183415,1.2111130566742512,-0.07792618928759154,0.2196488059647006,-15.82491582491582,26.248671625929877,5.6,5.5,0.20000000000000018
RO,Romania,2022-Q2,144.94,128.36666666666667,5.6,169.696,88.8,30.3,81.3,2022,2,0,0,3.661850951223,5.175474532295521,0.1044130746405969,10.173697270471461,-1.2004967572788794,1.6798778270671333,2.7881596651218254,3.2106212650806265,2.2923214440183415,3.2833729360872477,-0.07792618928759154,-19.400000000000006,-15.82491582491582,5.8,5.6,-0.20000000000000018
RO,Romania,2022-Q3,143.2,130.9333333333333,5.5,170.424,114.4,30.3,81.3,2022,3,0,0,-1.2004967572788794,1.9994806543754517,0.42900245144259497,28.828828828828847,2.534916201117343,3.661850951223,1.6798778270671333,5.175474532295521,3.2106212650806265,0.1044130746405969,3.2833729360872477,10.173697270471461,-19.400000000000006,5.6,5.8,-0.09999999999999964
RO,Romania,2022-Q4,146.83,134.88666666666666,5.6,172.389,86.7,30.3,81.3,2022,4,0,0,2.534916201117343,3.019348268839117,1.1530066187860788,-24.21328671328672,-0.3745828509160276,-1.2004967572788794,3.661850951223,1.9994806543754517,5.175474532295521,0.42900245144259497,0.1044130746405969,28.828828828828847,10.173697270471461,5.5,5.6,0.09999999999999964
RO,Romania,2023-Q1,146.28,137.89666666666668,5.6,172.159,73.6,30.8,81.4,2023,1,0,0,-0.3745828509160276,2.231502990164591,-0.13341918567890687,-15.109573241061137,-0.7793273174733439,2.534916201117343,-1.2004967572788794,3.019348268839117,1.9994806543754517,1.1530066187860788,0.42900245144259497,-24.21328671328672,28.828828828828847,5.6,5.5,0.0
RO,Romania,2023-Q2,145.14,140.88333333333333,5.6,173.771,66.3,30.8,81.4,2023,2,0,0,-0.7793273174733439,2.165872996688334,0.9363437287623677,-9.918478260869568,3.3622709108447113,-0.3745828509160276,2.534916201117343,2.231502990164591,3.019348268839117,-0.13341918567890687,1.1530066187860788,-15.109573241061137,-24.21328671328672,5.6,5.6,0.0
RO,Romania,2023-Q3,150.02,142.88666666666666,5.4,175.328,69.0,30.8,81.4,2023,3,0,0,3.3622709108447113,1.4219803620016513,0.8960068135649868,4.072398190045257,1.506465804559376,-0.7793273174733439,-0.3745828509160276,2.165872996688334,2.231502990164591,0.9363437287623677,-0.13341918567890687,-9.918478260869568,-15.109573241061137,5.6,5.6,-0.1999999999999993
RO,Romania,2023-Q4,152.28,144.88,5.7,176.167,69.5,30.8,81.4,2023,4,0,0,1.506465804559376,1.395045024028363,0.47853166636246947,0.7246376811594235,1.3002364066193817,3.3622709108447113,-0.7793273174733439,1.4219803620016513,2.165872996688334,0.8960068135649868,0.9363437287623677,4.072398190045257,-9.918478260869568,5.4,5.6,0.2999999999999998
RO,Romania,2024-Q1,154.26,147.62,5.2,175.643,53.0,31.2,81.3,2024,1,0,0,1.3002364066193817,1.8912203202650524,-0.2974450379469529,-23.741007194244602,0.518604952677304,1.506465804559376,3.3622709108447113,1.395045024028363,1.4219803620016513,0.47853166636246947,0.8960068135649868,0.7246376811594235,4.072398190045257,5.7,5.4,-0.5
RO,Romania,2024-Q2,155.06,149.03333333333333,5.3,174.734,67.6,31.2,81.3,2024,2,0,0,0.518604952677304,0.9574131779794826,-0.5175270292582024,27.54716981132075,0.5159293176834945,1.3002364066193817,1.506465804559376,1.8912203202650524,1.395045024028363,-0.2974450379469529,0.47853166636246947,-23.741007194244602,0.7246376811594235,5.2,5.7,0.09999999999999964
RO,Romania,2024-Q3,155.86,150.46333333333334,5.8,175.828,73.9,31.2,81.3,2024,3,0,0,0.5159293176834945,0.9595168866025627,0.6260945208145019,9.319526627218956,1.6040035929680396,0.518604952677304,1.3002364066193817,0.9574131779794826,1.8912203202650524,-0.5175270292582024,-0.2974450379469529,27.54716981132075,-23.741007194244602,5.3,5.2,0.5
RO,Romania,2024-Q4,158.36,152.53666666666666,5.7,177.608,89.8,31.2,81.3,2024,4,0,0,1.6040035929680396,1.3779658388533234,1.0123529813226506,21.515561569688746,2.1406920939631036,0.5159293176834945,0.518604952677304,0.9595168866025627,0.9574131779794826,0.6260945208145019,-0.5175270292582024,9.319526627218956,27.54716981132075,5.8,5.3,-0.09999999999999964
RO,Romania,2025-Q1,161.75,155.26333333333332,6.0,176.733,57.2,31.6,81.3,2025,1,0,0,2.1406920939631036,1.787548349030832,-0.4926579883788973,-36.30289532293987,0.38948995363214944,1.6040035929680396,0.5159293176834945,1.3779658388533234,0.9595168866025627,1.0123529813226506,0.6260945208145019,21.515561569688746,9.319526627218956,5.7,5.8,0.2999999999999998
RO,Romania,2025-Q2,162.38,157.03,6.1,178.428,76.7,31.6,81.3,2025,2,0,0,0.38948995363214944,1.1378518216363709,0.9590738571743751,34.09090909090908,2.3155561029683414,2.1406920939631036,1.6040035929680396,1.787548349030832,1.3779658388533234,-0.4926579883788973,1.0123529813226506,-36.30289532293987,21.515561569688746,6.0,5.7,0.09999999999999964
SE,Sweden,2014-Q1,85.18,98.71666666666665,8.2,114.877,39.6,30.6,23.8,2014,1,0,0,2.8992510268180727,-0.6374769334004604,0.48283402580362456,-19.183673469387752,2.218830711434583,1.5207260240372777,1.7596405840509366,0.1613065833249383,0.07398688414326227,0.7810365042004941,0.9019346230820569,31.720430107526877,-10.361445783132528,8.2,8.1,
SE,Sweden,2014-Q2,87.07,99.42999999999999,8.0,115.455,48.5,30.6,23.8,2014,2,0,0,2.218830711434583,0.7226067871011432,0.5031468440157782,22.47474747474747,3.3306534971861756,2.8992510268180727,1.5207260240372777,-0.6374769334004604,0.1613065833249383,0.48283402580362456,0.7810365042004941,-19.183673469387752,31.720430107526877,8.2,8.2,-0.1999999999999993
SE,Sweden,2014-Q3,89.97,99.41000000000001,7.9,116.374,56.5,30.6,23.8,2014,3,0,0,3.3306534971861756,-0.0201146535250718,0.7959811181845744,16.49484536082475,1.5783038790708082,2.218830711434583,2.8992510268180727,0.7226067871011432,-0.6374769334004604,0.5031468440157782,0.48283402580362456,22.47474747474747,-19.183673469387752,8.0,8.2,-0.09999999999999964
SE,Sweden,2014-Q4,91.39,99.65333333333335,8.0,116.786,52.8,30.6,23.8,2014,4,0,0,1.5783038790708082,0.24477752070550807,0.3540309691168142,-6.548672566371683,4.179888390414699,3.3306534971861756,2.218830711434583,-0.0201146535250718,0.7226067871011432,0.7959811181845744,0.5031468440157782,16.49484536082475,22.47474747474747,7.9,8.0,0.09999999999999964
SE,Sweden,2015-Q1,95.21,99.30333333333333,7.9,118.224,52.0,31.1,24.1,2015,1,0,0,4.179888390414699,-0.35121755418787703,1.231311972325444,-1.5151515151515138,3.3189790988341628,1.5783038790708082,3.3306534971861756,0.24477752070550807,-0.0201146535250718,0.3540309691168142,0.7959811181845744,-6.548672566371683,16.49484536082475,8.0,7.9,-0.09999999999999964
SE,Sweden,2015-Q2,98.37,100.02666666666666,7.7,120.957,73.9,31.1,24.1,2015,2,0,0,3.3189790988341628,0.7284079084287187,2.3117133576938675,42.11538461538462,3.812137846904551,4.179888390414699,1.5783038790708082,-0.35121755418787703,0.24477752070550807,1.231311972325444,0.3540309691168142,-1.5151515151515138,-6.548672566371683,7.9,8.0,-0.20000000000000018
SE,Sweden,2015-Q3,102.12,100.17999999999999,7.2,120.911,56.4,31.1,24.1,2015,3,0,0,3.812137846904551,0.15329245534523306,-0.038030043734549324,-23.680649526387022,2.134743439091258,3.3189790988341628,4.179888390414699,0.7284079084287187,-0.35121755418787703,2.3117133576938675,1.231311972325444,42.11538461538462,-1.5151515151515138,7.7,7.9,-0.5
SE,Sweden,2015-Q4,104.3,100.49000000000001,7.2,122.161,77.7,31.1,24.1,2015,4,0,0,2.134743439091258,0.3094430025953443,1.0338182630199144,37.76595744680853,1.3039309683605005,3.812137846904551,3.3189790988341628,0.15329245534523306,0.7284079084287187,-0.038030043734549324,2.3117133576938675,-23.680649526387022,42.11538461538462,7.2,7.7,0.0
SE,Sweden,2016-Q1,105.66,100.37,7.3,121.697,63.5,31.5,24.4,2016,1,0,0,1.3039309683605005,-0.11941486715096872,-0.3798266222444169,-18.275418275418275,1.1735756199129366,2.134743439091258,3.812137846904551,0.3094430025953443,0.15329245534523306,1.0338182630199144,-0.038030043734549324,37.76595744680853,-23.680649526387022,7.2,7.2,0.09999999999999964
SE,Sweden,2016-Q2,106.9,101.04333333333334,6.9,122.628,91.7,31.5,24.4,2016,2,0,0,1.1735756199129366,0.6708511839527143,0.7650147497473281,44.40944881889764,2.291861552853125,1.3039309683605005,2.134743439091258,-0.11941486715096872,0.3094430025953443,-0.3798266222444169,1.0338182630199144,-18.275418275418275,37.76595744680853,7.3,7.2,-0.39999999999999947
SE,Sweden,2016-Q3,109.35,101.23,7.0,123.145,68.5,31.5,24.4,2016,3,0,0,2.291861552853125,0.1847392207963594,0.42160028704700814,-25.29989094874592,1.563786008230461,1.1735756199129366,1.3039309683605005,0.6708511839527143,-0.11941486715096872,0.7650147497473281,-0.3798266222444169,44.40944881889764,-18.275418275418275,6.9,7.3,0.09999999999999964
SE,Sweden,2016-Q4,111.06,101.89999999999999,7.0,123.767,98.2,31.5,24.4,2016,4,0,0,1.563786008230461,0.6618591326681633,0.5050956189857514,43.357664233576656,2.665226003961818,2.291861552853125,1.1735756199129366,0.1847392207963594,0.6708511839527143,0.42160028704700814,0.7650147497473281,-25.29989094874592,44.40944881889764,7.0,6.9,0.0
SE,Sweden,2017-Q1,114.02,102.0,6.8,124.815,90.7,31.6,24.7,2017,1,0,0,2.665226003961818,0.09813542688912325,0.8467523653316267,-7.637474541751532,1.7102262760919196,1.563786008230461,2.291861552853125,0.6618591326681633,0.1847392207963594,0.5050956189857514,0.42160028704700814,43.357664233576656,-25.29989094874592,7.0,7.0,-0.20000000000000018
SE,Sweden,2017-Q2,115.97,102.91000000000001,6.8,125.21,109.2,31.6,24.7,2017,2,0,0,1.7102262760919196,0.8921568627451082,0.31646837319232457,20.39691289966923,1.3969129947400294,2.665226003961818,1.563786008230461,0.09813542688912325,0.6618591326681633,0.8467523653316267,0.5050956189857514,-7.637474541751532,43.357664233576656,6.8,7.0,0.0
SE,Sweden,2017-Q3,117.59,103.49000000000001,6.8,125.639,68.1,31.6,24.7,2017,3,0,0,1.3969129947400294,0.5635992614906105,0.34262439102308306,-37.63736263736265,-2.9424270771324146,1.7102262760919196,2.665226003961818,0.8921568627451082,0.09813542688912325,0.31646837319232457,0.8467523653316267,20.39691289966923,-7.637474541751532,6.8,6.8,0.0
SE,Sweden,2017-Q4,114.13,103.69333333333333,6.7,126.306,79.6,31.6,24.7,2017,4,0,0,-2.9424270771324146,0.19647631011046052,0.5308861102046425,16.886930983847282,-0.7798124945237905,1.3969129947400294,1.7102262760919196,0.5635992614906105,0.8921568627451082,0.34262439102308306,0.31646837319232457,-37.63736263736265,20.39691289966923,6.8,6.8,-0.09999999999999964
SE,Sweden,2018-Q1,113.24,103.75999999999999,6.3,126.957,63.2,31.7,25.0,2018,1,0,0,-0.7798124945237905,0.06429214350005541,0.5154149446582101,-20.603015075376874,0.7064641469445521,-2.9424270771324146,1.3969129947400294,0.19647631011046052,0.5635992614906105,0.5308861102046425,0.34262439102308306,16.886930983847282,-37.63736263736265,6.7,6.8,-0.40000000000000036
SE,Sweden,2018-Q2,114.04,104.94,6.4,127.69,76.4,31.7,25.0,2018,2,0,0,0.7064641469445521,1.1372397841171944,0.5773608387091622,20.88607594936709,0.9821115398105817,-0.7798124945237905,-2.9424270771324146,0.06429214350005541,0.19647631011046052,0.5154149446582101,0.5308861102046425,-20.603015075376874,16.886930983847282,6.3,6.7,0.10000000000000053
SE,Sweden,2018-Q3,115.16,105.8,6.6,127.564,59.9,31.7,25.0,2018,3,0,0,0.9821115398105817,0.8195159138555397,-0.09867648210509783,-21.596858638743466,-0.1736714136853057,0.7064641469445521,-0.7798124945237905,1.1372397841171944,0.06429214350005541,0.5773608387091622,0.5154149446582101,20.88607594936709,-20.603015075376874,6.4,6.3,0.1999999999999993
SE,Sweden,2018-Q4,114.96,105.98333333333333,6.6,129.202,94.5,31.7,25.0,2018,4,0,0,-0.1736714136853057,0.17328292375551335,1.2840613339186735,57.76293823038399,0.008698677800977883,0.9821115398105817,0.7064641469445521,0.8195159138555397,1.1372397841171944,-0.09867648210509783,0.5773608387091622,-21.596858638743466,20.88607594936709,6.6,6.4,0.0
SE,Sweden,2019-Q1,114.97,105.70333333333333,6.9,129.526,54.8,31.9,25.2,2019,1,0,0,0.008698677800977883,-0.26419248309482724,0.2507701119177863,-42.01058201058201,1.3394798643124428,-0.1736714136853057,0.9821115398105817,0.17328292375551335,0.8195159138555397,1.2840613339186735,-0.09867648210509783,57.76293823038399,-21.596858638743466,6.6,6.6,0.3000000000000007
SE,Sweden,2019-Q2,116.51,106.96,6.6,131.343,80.7,31.9,25.2,2019,2,0,0,1.3394798643124428,1.1888619091167119,1.4028071584083257,47.26277372262775,1.7423397133293328,0.008698677800977883,-0.1736714136853057,-0.26419248309482724,0.17328292375551335,0.2507701119177863,1.2840613339186735,-42.01058201058201,57.76293823038399,6.9,6.6,-0.3000000000000007
SE,Sweden,2019-Q3,118.54,107.26333333333334,7.2,130.861,64.7,31.9,25.2,2019,3,0,0,1.7423397133293328,0.283595113438051,-0.3669780650662813,-19.82651796778191,0.1602834486249316,1.3394798643124428,0.008698677800977883,1.1888619091167119,-0.26419248309482724,1.4028071584083257,0.2507701119177863,47.26277372262775,-42.01058201058201,6.6,6.9,0.6000000000000005
SE,Sweden,2019-Q4,118.73,107.79333333333334,7.0,133.115,62.5,31.9,25.2,2019,4,0,0,0.1602834486249316,0.4941110662233239,1.7224383124078368,-3.4003091190108248,1.238103259496337,1.7423397133293328,1.3394798643124428,0.283595113438051,1.1888619091167119,-0.3669780650662813,1.4028071584083257,-19.82651796778191,47.26277372262775,7.2,6.6,-0.20000000000000018
SE,Sweden,2020-Q1,120.2,106.96999999999998,7.3,133.068,68.8,32.1,25.2,2020,1,0,0,1.238103259496337,-0.7638072855464362,-0.035307816549601245,10.08,0.08319467554076532,0.1602834486249316,1.7423397133293328,0.4941110662233239,0.283595113438051,1.7224383124078368,-0.3669780650662813,-3.4003091190108248,-19.82651796778191,7.0,7.2,0.2999999999999998
SE,Sweden,2020-Q2,120.3,107.25333333333333,8.6,121.528,94.0,32.1,25.2,2020,2,0,0,0.08319467554076532,0.26487177090150915,-8.672257793008086,36.627906976744185,2.202826267664171,1.238103259496337,0.1602834486249316,-0.7638072855464362,0.4941110662233239,-0.035307816549601245,1.7224383124078368,10.08,-3.4003091190108248,7.3,7.0,1.2999999999999998
SE,Sweden,2020-Q3,122.95,108.07666666666667,9.4,128.633,72.7,32.1,25.2,2020,3,0,0,2.202826267664171,0.7676529090004935,5.846389309459554,-22.659574468085108,1.6592110614070732,0.08319467554076532,1.238103259496337,0.26487177090150915,-0.7638072855464362,-8.672257793008086,-0.035307816549601245,36.627906976744185,10.08,8.6,7.3,0.8000000000000007
SE,Sweden,2020-Q4,124.99,108.23,8.8,130.424,84.2,32.1,25.2,2020,4,0,0,1.6592110614070732,0.14187459519476864,1.3923332270879163,15.81843191196699,3.128250260020815,2.202826267664171,0.08319467554076532,0.7676529090004935,0.26487177090150915,5.846389309459554,-8.672257793008086,-22.659574468085108,36.627906976744185,9.4,8.6,-0.5999999999999996
SE,Sweden,2021-Q1,128.9,109.02,9.2,133.776,83.4,32.4,25.4,2021,1,0,0,3.128250260020815,0.7299270072992581,2.570079126541125,-0.9501187648455978,3.5221101629169915,1.6592110614070732,2.202826267664171,0.14187459519476864,0.7676529090004935,1.3923332270879163,5.846389309459554,15.81843191196699,-22.659574468085108,8.8,9.4,0.3999999999999986
SE,Sweden,2021-Q2,133.44,109.73333333333335,9.2,134.559,116.1,32.4,25.4,2021,2,0,0,3.5221101629169915,0.6543141931144358,0.5853067814854507,39.20863309352516,2.58543165467624,3.128250260020815,1.6592110614070732,0.7299270072992581,0.14187459519476864,2.570079126541125,1.3923332270879163,-0.9501187648455978,15.81843191196699,9.2,8.8,0.0
SE,Sweden,2021-Q3,136.89,110.73,8.9,134.114,83.9,32.4,25.4,2021,3,0,0,2.58543165467624,0.9082624544349827,-0.33070994879569326,-27.73471145564168,1.2637884432756374,3.5221101629169915,3.128250260020815,0.6543141931144358,0.7299270072992581,0.5853067814854507,2.570079126541125,39.20863309352516,-0.9501187648455978,9.2,9.2,-0.29999999999999893
SE,Sweden,2021-Q4,138.62,112.46333333333332,8.2,136.859,116.6,32.4,25.4,2021,4,0,0,1.2637884432756374,1.5653692164122823,2.046766183992732,38.97497020262215,2.5753859471937535,2.58543165467624,3.5221101629169915,0.9082624544349827,0.6543141931144358,-0.33070994879569326,0.5853067814854507,-27.73471145564168,39.20863309352516,8.9,9.2,-0.7000000000000011
SE,Sweden,2022-Q1,142.19,114.35000000000001,7.7,136.639,84.1,32.6,25.7,2022,1,0,0,2.5753859471937535,1.6775838050920422,-0.16074938440292508,-27.873070325900517,0.4712005063647329,1.2637884432756374,2.58543165467624,1.5653692164122823,0.9082624544349827,2.046766183992732,-0.33070994879569326,38.97497020262215,-27.73471145564168,8.2,8.9,-0.4999999999999991
SE,Sweden,2022-Q2,142.86,118.14333333333333,7.8,137.395,98.8,32.6,25.7,2022,2,0,0,0.4712005063647329,3.3173006850313325,0.5532827377249472,17.479191438763376,-3.079938401231974,2.5753859471937535,1.2637884432756374,1.6775838050920422,1.5653692164122823,-0.16074938440292508,2.046766183992732,-27.873070325900517,38.97497020262215,7.7,8.2,0.09999999999999964
SE,Sweden,2022-Q3,138.46,121.09333333333332,7.1,136.76,65.0,32.6,25.7,2022,3,0,0,-3.079938401231974,2.496966961036029,-0.4621711124859096,-34.210526315789465,-3.5894843276036426,0.4712005063647329,2.5753859471937535,3.3173006850313325,1.6775838050920422,0.5532827377249472,-0.16074938440292508,17.479191438763376,-27.873070325900517,7.8,7.7,-0.7000000000000002
SE,Sweden,2022-Q4,133.49,123.98666666666668,7.4,135.584,64.7,32.6,25.7,2022,4,0,0,-3.5894843276036426,2.3893415547236563,-0.8599005557180406,-0.4615384615384577,-0.8390141583639266,-3.079938401231974,0.4712005063647329,2.496966961036029,3.3173006850313325,-0.4621711124859096,0.5532827377249472,-34.210526315789465,17.479191438763376,7.1,7.8,0.3000000000000007
SE,Sweden,2023-Q1,132.37,124.79333333333334,7.4,137.618,35.7,32.8,25.9,2023,1,0,0,-0.8390141583639266,0.650607592214203,1.5001770120368185,-44.822256568778975,0.5892573846037585,-3.5894843276036426,-3.079938401231974,2.3893415547236563,2.496966961036029,-0.8599005557180406,-0.4621711124859096,-0.4615384615384577,-34.210526315789465,7.4,7.1,0.0
SE,Sweden,2023-Q2,133.15,126.3,7.6,136.112,47.7,32.8,25.9,2023,2,0,0,0.5892573846037585,1.2073294513595734,-1.0943335900826967,33.613445378151255,-0.4055576417574147,-0.8390141583639266,-3.5894843276036426,0.650607592214203,2.3893415547236563,1.5001770120368185,-0.8599005557180406,-44.822256568778975,-0.4615384615384577,7.4,7.4,0.1999999999999993
SE,Sweden,2023-Q3,132.61,126.94666666666667,7.8,136.911,28.1,32.8,25.9,2023,3,0,0,-0.4055576417574147,0.512008445500145,0.5870165745856415,-41.09014675052411,-2.2773546489706753,0.5892573846037585,-0.8390141583639266,1.2073294513595734,0.650607592214203,-1.0943335900826967,1.5001770120368185,33.613445378151255,-44.822256568778975,7.6,7.4,0.20000000000000018
SE,Sweden,2023-Q4,129.59,127.73,8.1,136.008,30.8,32.8,25.9,2023,4,0,0,-2.2773546489706753,0.6170570318243973,-0.6595525560400439,9.608540925266906,0.5478817810016245,-0.4055576417574147,0.5892573846037585,0.512008445500145,1.2073294513595734,0.5870165745856415,-1.0943335900826967,-41.09014675052411,33.613445378151255,7.8,7.6,0.2999999999999998
SE,Sweden,2024-Q1,130.3,128.28,8.3,137.982,33.9,33.1,26.0,2024,1,0,0,0.5478817810016245,0.4305957879902955,1.4513852126345483,10.064935064935066,1.404451266308504,-2.2773546489706753,-0.4055576417574147,0.6170570318243973,0.512008445500145,-0.6595525560400439,0.5870165745856415,9.608540925266906,-41.09014675052411,8.1,7.8,0.20000000000000107
SE,Sweden,2024-Q2,132.13,128.92,8.3,136.999,43.3,33.1,26.0,2024,2,0,0,1.404451266308504,0.4989086373557772,-0.7124117638532601,27.728613569321524,0.6584424430485125,0.5478817810016245,-2.2773546489706753,0.4305957879902955,0.6170570318243973,1.4513852126345483,-0.6595525560400439,10.064935064935066,9.608540925266906,8.3,8.1,0.0
SE,Sweden,2024-Q3,133.0,128.74,8.5,137.822,29.0,33.1,26.0,2024,3,0,0,0.6584424430485125,-0.13962147067947406,0.6007343119292852,-33.02540415704388,-0.2706766917293324,1.404451266308504,0.5478817810016245,0.4989086373557772,0.4305957879902955,-0.7124117638532601,1.4513852126345483,27.728613569321524,10.064935064935066,8.3,8.3,0.1999999999999993
SE,Sweden,2024-Q4,132.64,129.9766666666667,8.4,139.215,38.6,33.1,26.0,2024,4,0,0,-0.2706766917293324,0.9605924084718609,1.0107239773040622,33.10344827586207,0.06785283474064485,0.6584424430485125,1.404451266308504,-0.13962147067947406,0.4989086373557772,0.6007343119292852,-0.7124117638532601,-33.02540415704388,27.728613569321524,8.5,8.3,-0.09999999999999964
SE,Sweden,2025-Q1,132.73,131.25,8.8,138.813,38.7,33.4,26.0,2025,1,0,0,0.06785283474064485,0.9796630164388365,-0.28876198685487964,0.2590673575129543,0.2109545694266579,-0.2706766917293324,0.6584424430485125,0.9605924084718609,-0.13962147067947406,1.0107239773040622,0.6007343119292852,33.10344827586207,-33.02540415704388,8.4,8.5,0.40000000000000036
SE,Sweden,2025-Q2,133.01,132.05666666666667,8.6,140.133,48.2,33.4,26.0,2025,2,0,0,0.2109545694266579,0.6146031746031788,0.9509195824598748,24.547803617571052,0.4962032929854976,0.06785283474064485,-0.2706766917293324,0.9796630164388365,0.9605924084718609,-0.28876198685487964,1.0107239773040622,0.2590673575129543,33.10344827586207,8.8,8.4,-0.20000000000000107
SI,Slovenia,2014-Q1,101.51,100.02333333333333,10.3,108.088,58.7,25.7,102.4,2014,1,1,1,-1.65665568688238,-0.7343941248470154,-0.13581558645540115,-5.92948717948717,-2.630282730765443,-0.07744433688285923,-5.748175182481752,0.023161935014215373,0.0993640699523235,1.9709260149044283,0.06693566633984016,-20.711562897077517,-9.851088201603664,9.7,9.7,
SI,Slovenia,2014-Q2,98.84,101.48,9.4,109.263,75.6,25.7,102.4,2014,2,1,1,-2.630282730765443,1.456326857066692,1.0870771963585435,28.790459965928438,-1.082557668959938,-1.65665568688238,-0.07744433688285923,-0.7343941248470154,0.023161935014215373,-0.13581558645540115,1.9709260149044283,-5.92948717948717,-20.711562897077517,10.3,9.7,-0.9000000000000004
SI,Slovenia,2014-Q3,97.77,100.80666666666667,9.5,109.907,59.6,25.7,102.4,2014,3,1,1,-1.082557668959938,-0.6635133359611078,0.5894035492344019,-21.16402116402115,0.9409839419044719,-2.630282730765443,-1.65665568688238,1.456326857066692,-0.7343941248470154,1.0870771963585435,-0.13581558645540115,28.790459965928438,-5.92948717948717,9.4,10.3,0.09999999999999964
SI,Slovenia,2014-Q4,98.69,100.76333333333332,9.6,110.005,60.1,25.7,102.4,2014,4,1,1,0.9409839419044719,-0.04298657496198954,0.0891662951404415,0.8389261744966348,1.4388489208633004,-1.082557668959938,-2.630282730765443,-0.6635133359611078,1.456326857066692,0.5894035492344019,1.0870771963585435,-21.16402116402115,28.790459965928438,9.5,9.4,0.09999999999999964
SI,Slovenia,2015-Q1,100.11,99.47333333333331,9.3,110.555,60.4,26.6,102.4,2015,1,1,1,1.4388489208633004,-1.2802275960170806,0.4999772737602992,0.4991680532445919,2.2675057436819523,0.9409839419044719,-1.082557668959938,-0.04298657496198954,-0.6635133359611078,0.0891662951404415,0.5894035492344019,0.8389261744966348,-21.16402116402115,9.6,9.5,-0.29999999999999893
SI,Slovenia,2015-Q2,102.38,100.62,9.3,111.551,64.6,26.6,102.4,2015,2,1,1,2.2675057436819523,1.1527377521614035,0.9009090497942074,6.9536423841059625,-3.526079312365693,1.4388489208633004,0.9409839419044719,-1.2802275960170806,-0.04298657496198954,0.4999772737602992,0.0891662951404415,0.4991680532445919,0.8389261744966348,9.3,9.6,0.0
SI,Slovenia,2015-Q3,98.77,100.03333333333335,8.8,112.263,65.9,26.6,102.4,2015,3,1,1,-3.526079312365693,-0.5830517458424334,0.6382730768885958,2.012383900928816,-0.030373595221222516,2.2675057436819523,1.4388489208633004,1.1527377521614035,-1.2802275960170806,0.9009090497942074,0.4999772737602992,6.9536423841059625,0.4991680532445919,9.3,9.3,-0.5
SI,Slovenia,2015-Q4,98.74,99.87,8.5,112.436,64.8,26.6,102.4,2015,4,1,1,-0.030373595221222516,-0.1632789070309948,0.15410242020967857,-1.6691957511380973,2.2280737289852137,-3.526079312365693,2.2675057436819523,-0.5830517458424334,1.1527377521614035,0.6382730768885958,0.9009090497942074,2.012383900928816,6.9536423841059625,8.8,9.3,-0.3000000000000007
SI,Slovenia,2016-Q1,100.94,98.61333333333333,8.4,113.882,57.0,27.6,102.5,2016,1,1,1,2.2280737289852137,-1.258302459864502,1.2860649614002684,-12.037037037037035,1.882306320586502,-0.030373595221222516,-3.526079312365693,-0.1632789070309948,-0.5830517458424334,0.15410242020967857,0.6382730768885958,-1.6691957511380973,2.012383900928816,8.5,8.8,-0.09999999999999964
SI,Slovenia,2016-Q2,102.84,100.22333333333334,7.9,114.909,73.3,27.6,102.5,2016,2,1,1,1.882306320586502,1.6326392644672838,0.9018106461073705,28.596491228070175,0.8265266433294283,2.2280737289852137,-0.030373595221222516,-1.258302459864502,-0.1632789070309948,1.2860649614002684,0.15410242020967857,-12.037037037037035,-1.6691957511380973,8.4,8.5,-0.5
SI,Slovenia,2016-Q3,103.69,100.01666666666667,7.6,115.892,66.2,27.6,102.5,2016,3,1,1,0.8265266433294283,-0.20620613962152312,0.8554595375470875,-9.68622100954979,1.784164336001548,1.882306320586502,2.2280737289852137,1.6326392644672838,-1.258302459864502,0.9018106461073705,1.2860649614002684,28.596491228070175,-12.037037037037035,7.9,8.4,-0.3000000000000007
SI,Slovenia,2016-Q4,105.54,100.53000000000002,8.1,116.708,82.7,27.6,102.5,2016,4,1,1,1.784164336001548,0.5132477920346767,0.7041038207986849,24.924471299093653,2.027667235171493,0.8265266433294283,1.882306320586502,-0.20620613962152312,1.6326392644672838,0.8554595375470875,0.9018106461073705,-9.68622100954979,28.596491228070175,7.6,7.9,0.5
SI,Slovenia,2017-Q1,107.68,100.58999999999999,7.4,119.127,61.6,28.6,102.6,2017,1,1,1,2.027667235171493,0.05968367651445483,2.0726942454673214,-25.513905683192263,3.389673105497759,1.784164336001548,0.8265266433294283,0.5132477920346767,-0.20620613962152312,0.7041038207986849,0.8554595375470875,24.924471299093653,-9.68622100954979,8.1,7.6,-0.6999999999999993
SI,Slovenia,2017-Q2,111.33,101.60000000000001,6.6,120.721,82.5,28.6,102.6,2017,2,1,1,3.389673105497759,1.0040759518838982,1.338067776406704,33.928571428571416,0.7545136081918757,2.027667235171493,1.784164336001548,0.05968367651445483,0.5132477920346767,2.0726942454673214,0.7041038207986849,-25.513905683192263,24.924471299093653,7.4,8.1,-0.8000000000000007
SI,Slovenia,2017-Q3,112.17,101.33666666666666,6.5,121.704,79.9,28.6,102.6,2017,3,1,1,0.7545136081918757,-0.2591863517060533,0.814274235634227,-3.1515151515151496,3.3788000356601566,3.389673105497759,2.027667235171493,1.0040759518838982,0.05968367651445483,1.338067776406704,2.0726942454673214,33.928571428571416,-25.513905683192263,6.6,7.4,-0.09999999999999964
SI,Slovenia,2017-Q4,115.96,102.07333333333334,5.9,124.093,74.7,28.6,102.6,2017,4,1,1,3.3788000356601566,0.7269497713891182,1.9629593111154975,-6.508135168961204,1.7937219730941756,0.7545136081918757,3.389673105497759,-0.2591863517060533,1.0040759518838982,0.814274235634227,1.338067776406704,-3.1515151515151496,33.928571428571416,6.5,6.6,-0.5999999999999996
SI,Slovenia,2018-Q1,118.04,102.13,5.6,124.464,70.1,29.6,102.9,2018,1,1,1,1.7937219730941756,0.055515642348624716,0.2989693213960365,-6.157965194109782,1.6011521518129346,3.3788000356601566,0.7545136081918757,0.7269497713891182,-0.2591863517060533,1.9629593111154975,0.814274235634227,-6.508135168961204,-3.1515151515151496,5.9,6.5,-0.3000000000000007
SI,Slovenia,2018-Q2,119.93,103.78000000000002,5.3,126.295,79.9,29.6,102.9,2018,2,1,1,1.6011521518129346,1.615587976108901,1.4711081115824642,13.980028530670484,2.2846660551988585,1.7937219730941756,3.3788000356601566,0.055515642348624716,0.7269497713891182,0.2989693213960365,1.9629593111154975,-6.157965194109782,-6.508135168961204,5.6,5.9,-0.2999999999999998
SI,Slovenia,2018-Q3,122.67,103.46666666666665,5.1,127.824,97.7,29.6,102.9,2018,3,1,1,2.2846660551988585,-0.3019207297488502,1.2106575873945813,22.277847309136423,2.3477622890682337,1.6011521518129346,1.7937219730941756,1.615587976108901,0.055515642348624716,1.4711081115824642,0.2989693213960365,13.980028530670484,-6.157965194109782,5.3,5.6,-0.20000000000000018
SI,Slovenia,2018-Q4,125.55,104.06666666666666,4.5,128.711,100.7,29.6,102.9,2018,4,1,1,2.3477622890682337,0.5798969072164928,0.6939228939792264,3.0706243602866,1.1389884508164139,2.2846660551988585,1.6011521518129346,-0.3019207297488502,1.615587976108901,1.2106575873945813,1.4711081115824642,22.277847309136423,13.980028530670484,5.1,5.3,-0.5999999999999996
SI,Slovenia,2019-Q1,126.98,103.50333333333333,4.6,130.462,74.3,30.5,103.7,2019,1,1,1,1.1389884508164139,-0.5413196668802023,1.3604120859910696,-26.216484607745784,1.4569223499763861,2.3477622890682337,2.2846660551988585,0.5798969072164928,-0.3019207297488502,0.6939228939792264,1.2106575873945813,3.0706243602866,22.277847309136423,4.5,5.1,0.09999999999999964
SI,Slovenia,2019-Q2,128.83,105.59333333333332,4.3,130.385,80.0,30.5,103.7,2019,2,1,1,1.4569223499763861,2.0192586390132217,-0.059021017614324656,7.671601615074031,1.9405417992703455,1.1389884508164139,2.3477622890682337,-0.5413196668802023,0.5798969072164928,1.3604120859910696,0.6939228939792264,-26.216484607745784,3.0706243602866,4.6,4.5,-0.2999999999999998
SI,Slovenia,2019-Q3,131.33,105.60333333333334,4.8,131.816,80.7,30.5,103.7,2019,3,1,1,1.9405417992703455,0.009470294841862348,1.0975188863749707,0.8750000000000036,0.2208177872534689,1.4569223499763861,1.1389884508164139,2.0192586390132217,-0.5413196668802023,-0.059021017614324656,1.3604120859910696,7.671601615074031,-26.216484607745784,4.3,4.6,0.5
SI,Slovenia,2019-Q4,131.62,105.74,4.1,132.09,77.4,30.5,103.7,2019,4,1,1,0.2208177872534689,0.12941510684636448,0.20786550949809524,-4.089219330855009,1.0408752469229565,1.9405417992703455,1.4569223499763861,0.009470294841862348,2.0192586390132217,1.0975188863749707,-0.059021017614324656,0.8750000000000036,7.671601615074031,4.8,4.3,-0.7000000000000002
SI,Slovenia,2020-Q1,132.99,105.20666666666666,4.3,128.962,81.6,31.3,103.7,2020,1,1,1,1.0408752469229565,-0.504381817035493,-2.3680823680823804,5.426356589147274,1.9324761260245182,0.2208177872534689,1.9405417992703455,0.12941510684636448,0.009470294841862348,0.20786550949809524,1.0975188863749707,-4.089219330855009,0.8750000000000036,4.1,4.8,0.20000000000000018
SI,Slovenia,2020-Q2,135.56,104.35666666666667,5.3,116.195,71.0,31.3,103.7,2020,2,1,1,1.9324761260245182,-0.8079335910271768,-9.89981544951226,-12.99019607843137,0.06639126586014399,1.0408752469229565,0.2208177872534689,-0.504381817035493,0.12941510684636448,-2.3680823680823804,0.20786550949809524,5.426356589147274,-4.089219330855009,4.3,4.1,1.0
SI,Slovenia,2020-Q3,135.65,104.97333333333331,5.1,129.617,88.2,31.3,103.7,2020,3,1,1,0.06639126586014399,0.5909221579838198,11.551271569344635,24.22535211267607,2.04939181717656,1.9324761260245182,1.0408752469229565,-0.8079335910271768,-0.504381817035493,-9.89981544951226,-2.3680823680823804,-12.99019607843137,5.426356589147274,5.3,4.3,-0.20000000000000018
SI,Slovenia,2020-Q4,138.43,104.74666666666667,5.2,126.721,104.4,31.3,103.7,2020,4,1,1,2.04939181717656,-0.21592785469323195,-2.234274825061522,18.36734693877551,3.048472151990178,0.06639126586014399,1.9324761260245182,0.5909221579838198,-0.8079335910271768,11.551271569344635,-9.89981544951226,24.22535211267607,-12.99019607843137,5.1,5.3,0.10000000000000053
SI,Slovenia,2021-Q1,142.65,104.55,5.4,132.314,89.9,32.1,104.4,2021,1,1,1,3.048472151990178,-0.18775458248473376,4.413633099486258,-13.888888888888884,4.598668068699618,2.04939181717656,0.06639126586014399,-0.21592785469323195,0.5909221579838198,-2.234274825061522,11.551271569344635,18.36734693877551,24.22535211267607,5.2,5.1,0.20000000000000018
SI,Slovenia,2021-Q2,149.21,106.5,4.5,133.944,99.4,32.1,104.4,2021,2,1,1,4.598668068699618,1.8651362984218212,1.2319180132109864,10.567296996662968,2.6405736880906083,3.048472151990178,2.04939181717656,-0.18775458248473376,-0.21592785469323195,4.413633099486258,-2.234274825061522,-13.888888888888884,18.36734693877551,5.4,5.2,-0.9000000000000004
SI,Slovenia,2021-Q3,153.15,107.33666666666666,4.5,137.55,118.1,32.1,104.4,2021,3,1,1,2.6405736880906083,0.7856025039123526,2.6921698620319123,18.812877263581473,4.642507345739455,4.598668068699618,3.048472151990178,1.8651362984218212,-0.18775458248473376,1.2319180132109864,4.413633099486258,10.567296996662968,-13.888888888888884,4.5,5.4,0.0
SI,Slovenia,2021-Q4,160.26,109.48,4.6,139.261,92.6,32.1,104.4,2021,4,1,1,4.642507345739455,1.9968323965094292,1.2439113049800055,-21.591871295512277,4.161986771496329,2.6405736880906083,4.598668068699618,0.7856025039123526,1.8651362984218212,2.6921698620319123,1.2319180132109864,18.812877263581473,10.567296996662968,4.5,4.5,0.09999999999999964
SI,Slovenia,2022-Q1,166.93,111.17,4.1,139.052,136.1,33.1,104.8,2022,1,1,1,4.161986771496329,1.5436609426379144,-0.15007791126014913,46.97624190064795,3.294794225124309,4.642507345739455,2.6405736880906083,1.9968323965094292,0.7856025039123526,1.2439113049800055,2.6921698620319123,-21.591871295512277,18.812877263581473,4.6,4.5,-0.5
SI,Slovenia,2022-Q2,172.43,116.05,4.4,140.061,122.6,33.1,104.8,2022,2,1,1,3.294794225124309,4.389673473059275,0.7256278226850599,-9.919177075679652,2.302383575943856,4.161986771496329,4.642507345739455,1.5436609426379144,1.9968323965094292,-0.15007791126014913,1.2439113049800055,46.97624190064795,-21.591871295512277,4.1,4.6,0.3000000000000007
SI,Slovenia,2022-Q3,176.4,119.43666666666667,4.0,139.701,114.6,33.1,104.8,2022,3,1,1,2.302383575943856,2.9182823495619736,-0.2570308651230646,-6.5252854812398065,1.3775510204081742,3.294794225124309,4.161986771496329,4.389673473059275,1.5436609426379144,0.7256278226850599,-0.15007791126014913,-9.919177075679652,46.97624190064795,4.4,4.1,-0.40000000000000036
SI,Slovenia,2022-Q4,178.83,121.09333333333332,3.6,140.53,109.4,33.1,104.8,2022,4,1,1,1.3775510204081742,1.3870670648321148,0.5934102118095197,-4.537521815008716,1.750265615388913,2.302383575943856,3.294794225124309,2.9182823495619736,4.389673473059275,-0.2570308651230646,0.7256278226850599,-6.5252854812398065,-9.919177075679652,4.0,4.4,-0.3999999999999999
SI,Slovenia,2023-Q1,181.96,122.18666666666667,3.6,141.717,126.1,33.7,105.3,2023,1,1,1,1.750265615388913,0.90288482713059,0.8446595033089199,15.265082266910412,1.8850296768520458,1.3775510204081742,2.302383575943856,1.3870670648321148,2.9182823495619736,0.5934102118095197,-0.2570308651230646,-4.537521815008716,-6.5252854812398065,3.6,4.0,0.0
SI,Slovenia,2023-Q2,185.39,125.27333333333333,3.8,143.687,142.3,33.7,105.3,2023,2,1,1,1.8850296768520458,2.5261894369271065,1.3900943429510981,12.846946867565446,0.507039214628624,1.750265615388913,1.3775510204081742,0.90288482713059,1.3870670648321148,0.8446595033089199,0.5934102118095197,15.265082266910412,-4.537521815008716,3.6,3.6,0.19999999999999973
SI,Slovenia,2023-Q3,186.33,126.94333333333333,3.8,143.58,96.8,33.7,105.3,2023,3,1,1,0.507039214628624,1.3330849874940043,-0.07446741876440122,-31.97470133520731,2.6082756399935514,1.8850296768520458,1.750265615388913,2.5261894369271065,0.90288482713059,1.3900943429510981,0.8446595033089199,12.846946867565446,15.265082266910412,3.8,3.6,0.0
SI,Slovenia,2023-Q4,191.19,127.11000000000001,3.5,144.703,98.9,33.7,105.3,2023,4,1,1,2.6082756399935514,0.13129217761207457,0.7821423596601207,2.169421487603307,2.2229196087661496,0.507039214628624,1.8850296768520458,1.3330849874940043,2.5261894369271065,-0.07446741876440122,1.3900943429510981,-31.97470133520731,12.846946867565446,3.8,3.8,-0.2999999999999998
SI,Slovenia,2024-Q1,195.44,126.31666666666666,3.3,146.191,106.8,34.3,105.6,2024,1,1,1,2.2229196087661496,-0.624131329819333,1.0283131655874467,7.987866531850352,1.4787146950470786,2.6082756399935514,0.507039214628624,0.13129217761207457,1.3330849874940043,0.7821423596601207,-0.07446741876440122,2.169421487603307,-31.97470133520731,3.5,3.8,-0.20000000000000018
SI,Slovenia,2024-Q2,198.33,128.24333333333334,3.6,145.339,106.7,34.3,105.6,2024,2,1,1,1.4787146950470786,1.525267185644541,-0.5827992147259486,-0.0936329588014928,1.6185145968839798,2.2229196087661496,2.6082756399935514,-0.624131329819333,0.13129217761207457,1.0283131655874467,0.7821423596601207,7.987866531850352,2.169421487603307,3.3,3.5,0.30000000000000027
SI,Slovenia,2024-Q3,201.54,128.28,4.3,145.487,101.0,34.3,105.6,2024,3,1,1,1.6185145968839798,0.028591479739037418,0.10183089191475592,-5.34208059981256,2.0690681750521023,1.4787146950470786,2.2229196087661496,1.525267185644541,-0.624131329819333,-0.5827992147259486,1.0283131655874467,-0.0936329588014928,7.987866531850352,3.6,3.3,0.6999999999999997
SI,Slovenia,2024-Q4,205.71,128.63666666666666,3.6,146.332,115.1,34.3,105.6,2024,4,1,1,2.0690681750521023,0.27803762602638393,0.580807907235692,13.96039603960395,-1.9687910164795208,1.6185145968839798,1.4787146950470786,0.028591479739037418,1.525267185644541,0.10183089191475592,-0.5827992147259486,-5.34208059981256,-0.0936329588014928,4.3,3.6,-0.6999999999999997
SI,Slovenia,2025-Q1,201.66,129.0,3.8,145.394,115.8,34.9,105.6,2025,1,1,1,-1.9687910164795208,0.2824492757378838,-0.6410081185249883,0.6081668114682914,3.7935138351681053,2.0690681750521023,1.6185145968839798,0.27803762602638393,0.028591479739037418,0.580807907235692,0.10183089191475592,13.96039603960395,-5.34208059981256,3.6,4.3,0.19999999999999973
SI,Slovenia,2025-Q2,209.31,131.10333333333332,3.4,146.725,80.1,34.9,105.6,2025,2,1,1,3.7935138351681053,1.6304909560723502,0.9154435533790917,-30.82901554404145,-1.0892933925756076,-1.9687910164795208,2.0690681750521023,0.2824492757378838,0.27803762602638393,-0.6410081185249883,0.580807907235692,0.6081668114682914,13.96039603960395,3.8,3.6,-0.3999999999999999
SK,Slovakia,2014-Q1,93.4,100.30666666666667,13.8,136.475,56.4,19.0,110.5,2014,1,1,1,-0.1283147989734723,0.026592208482911772,0.6081828234426823,8.880308880308885,1.6167023554603865,-0.06411626415900873,-0.3726179069519997,-0.22883295194505715,-0.07290803645402244,0.5835551633880387,0.46409415971393475,-10.380622837370247,-28.992628992629,14.0,14.1,
SK,Slovakia,2014-Q2,94.91,100.47666666666667,13.3,137.511,68.3,19.0,110.5,2014,2,1,1,1.6167023554603865,0.16948026053436038,0.7591133907309144,21.099290780141832,-0.10536297545041817,-0.1283147989734723,-0.06411626415900873,0.026592208482911772,-0.22883295194505715,0.6081828234426823,0.5835551633880387,8.880308880308885,-10.380622837370247,13.8,14.0,-0.5
SK,Slovakia,2014-Q3,94.81,100.37,12.9,138.824,64.5,19.0,110.5,2014,3,1,1,-0.10536297545041817,-0.10616063430979317,0.9548327042927518,-5.563689604685207,1.99346060542136,1.6167023554603865,-0.1283147989734723,0.16948026053436038,0.026592208482911772,0.7591133907309144,0.6081828234426823,21.099290780141832,8.880308880308885,13.3,13.8,-0.40000000000000036
SK,Slovakia,2014-Q4,96.7,100.22666666666667,12.4,140.325,60.6,19.0,110.5,2014,4,1,1,1.99346060542136,-0.14280495499983115,1.0812251483893087,-6.04651162790697,1.6132368148914278,-0.10536297545041817,1.6167023554603865,-0.10616063430979317,0.16948026053436038,0.9548327042927518,0.7591133907309144,-5.563689604685207,21.099290780141832,12.9,13.3,-0.5
SK,Slovakia,2015-Q1,98.26,99.80666666666667,12.2,143.022,68.2,19.7,110.6,2015,1,1,1,1.6132368148914278,-0.41905015298656645,1.9219668626403008,12.541254125412538,1.933645430490527,1.99346060542136,-0.10536297545041817,-0.14280495499983115,-0.10616063430979317,1.0812251483893087,0.9548327042927518,-6.04651162790697,-5.563689604685207,12.4,12.9,-0.20000000000000107
SK,Slovakia,2015-Q2,100.16,100.37333333333333,11.5,144.778,93.8,19.7,110.6,2015,2,1,1,1.933645430490527,0.5677643443991576,1.2277831382584425,37.53665689149559,0.06988817891373511,1.6132368148914278,1.99346060542136,-0.41905015298656645,-0.14280495499983115,1.9219668626403008,1.0812251483893087,12.541254125412538,-6.04651162790697,12.2,12.4,-0.6999999999999993
SK,Slovakia,2015-Q3,100.23,100.05,11.3,146.449,78.6,19.7,110.6,2015,3,1,1,0.06988817891373511,-0.32213071200850596,1.1541808838359646,-16.204690831556512,1.1074528584256171,1.933645430490527,1.6132368148914278,0.5677643443991576,-0.41905015298656645,1.2277831382584425,1.9219668626403008,37.53665689149559,12.541254125412538,11.5,12.2,-0.1999999999999993
SK,Slovakia,2015-Q4,101.34,99.77,10.8,147.52,67.4,19.7,110.6,2015,4,1,1,1.1074528584256171,-0.2798600699650211,0.7313126071192055,-14.249363867684462,1.7860667061377455,0.06988817891373511,1.933645430490527,-0.32213071200850596,0.5677643443991576,1.1541808838359646,1.2277831382584425,-16.204690831556512,37.53665689149559,11.3,11.5,-0.5
SK,Slovakia,2016-Q1,103.15,99.33,10.3,147.518,75.6,20.6,111.5,2016,1,1,1,1.7860667061377455,-0.4410143329658167,-0.00135574837311081,12.166172106824913,2.8211342704798748,1.1074528584256171,0.06988817891373511,-0.2798600699650211,-0.32213071200850596,0.7313126071192055,1.1541808838359646,-14.249363867684462,-16.204690831556512,10.8,11.3,-0.5
SK,Slovakia,2016-Q2,106.06,99.75,9.8,147.886,76.8,20.6,111.5,2016,2,1,1,2.8211342704798748,0.42283298097252064,0.24946108271532985,1.5873015873015817,1.574580426173866,1.7860667061377455,1.1074528584256171,-0.4410143329658167,-0.2798600699650211,-0.00135574837311081,0.7313126071192055,12.166172106824913,-14.249363867684462,10.3,10.8,-0.5
SK,Slovakia,2016-Q3,107.73,99.32666666666667,9.5,148.414,86.5,20.6,111.5,2016,3,1,1,1.574580426173866,-0.42439431913116055,0.3570317677129564,12.630208333333348,1.847210619140438,2.8211342704798748,1.7860667061377455,0.42283298097252064,-0.4410143329658167,0.24946108271532985,-0.00135574837311081,1.5873015873015817,12.166172106824913,9.8,10.3,-0.3000000000000007
SK,Slovakia,2016-Q4,109.72,99.66666666666667,9.0,149.284,114.1,20.6,111.5,2016,4,1,1,1.847210619140438,0.3423048526746797,0.5861980675677447,31.907514450867037,-2.5884068538096994,1.574580426173866,2.8211342704798748,-0.42439431913116055,0.42283298097252064,0.3570317677129564,0.24946108271532985,12.630208333333348,1.5873015873015817,9.5,9.8,-0.5
SK,Slovakia,2017-Q1,106.88,100.33,8.6,150.4,71.3,21.5,111.7,2017,1,1,1,-2.5884068538096994,0.665551839464884,0.7475683931298827,-37.51095530236634,5.7354041916167775,1.847210619140438,1.574580426173866,0.3423048526746797,-0.42439431913116055,0.5861980675677447,0.3570317677129564,31.907514450867037,12.630208333333348,9.0,9.5,-0.40000000000000036
SK,Slovakia,2017-Q2,113.01,100.73333333333333,8.2,151.8,81.7,21.5,111.7,2017,2,1,1,5.7354041916167775,0.40200671118642006,0.9308510638297962,14.586255259467041,2.291832581187503,-2.5884068538096994,1.847210619140438,0.665551839464884,0.3423048526746797,0.7475683931298827,0.5861980675677447,-37.51095530236634,31.907514450867037,8.6,9.0,-0.40000000000000036
SK,Slovakia,2017-Q3,115.6,100.93333333333334,7.9,153.056,83.6,21.5,111.7,2017,3,1,1,2.291832581187503,0.19854401058900795,0.8274044795783864,2.325581395348819,0.48442906574395206,5.7354041916167775,-2.5884068538096994,0.40200671118642006,0.665551839464884,0.9308510638297962,0.7475683931298827,14.586255259467041,-37.51095530236634,8.2,8.6,-0.29999999999999893
SK,Slovakia,2017-Q4,116.16,101.61333333333334,7.6,154.895,85.9,21.5,111.7,2017,4,1,1,0.48442906574395206,0.6737120211360637,1.2015210119171948,2.7511961722488154,2.926997245179064,2.291832581187503,5.7354041916167775,0.19854401058900795,0.40200671118642006,0.8274044795783864,0.9308510638297962,2.325581395348819,14.586255259467041,7.9,8.2,-0.3000000000000007
SK,Slovakia,2018-Q1,119.56,102.76333333333334,7.1,156.394,62.5,22.5,111.8,2018,1,1,1,2.926997245179064,1.131741241306905,0.9677523483650141,-27.24097788125728,1.1876881900301228,0.48442906574395206,2.291832581187503,0.6737120211360637,0.19854401058900795,1.2015210119171948,0.8274044795783864,2.7511961722488154,2.325581395348819,7.6,7.9,-0.5
SK,Slovakia,2018-Q2,120.98,103.61,6.7,158.242,92.2,22.5,111.8,2018,2,1,1,1.1876881900301228,0.8238995750754041,1.1816310088622162,47.52000000000001,-0.24797487187965261,2.926997245179064,0.48442906574395206,1.131741241306905,0.6737120211360637,0.9677523483650141,1.2015210119171948,-27.24097788125728,2.7511961722488154,7.1,7.6,-0.39999999999999947
SK,Slovakia,2018-Q3,120.68,103.70333333333333,6.3,159.784,96.4,22.5,111.8,2018,3,1,1,-0.24797487187965261,0.09008139497475032,0.9744568445798185,4.5553145336225676,2.8007954922107947,1.1876881900301228,2.926997245179064,0.8238995750754041,1.131741241306905,1.1816310088622162,0.9677523483650141,47.52000000000001,-27.24097788125728,6.7,7.1,-0.40000000000000036
SK,Slovakia,2018-Q4,124.06,103.75666666666666,6.0,160.517,108.0,22.5,111.8,2018,4,1,1,2.8007954922107947,0.051428755102689294,0.4587443048114981,12.03319502074689,1.87812348863452,-0.24797487187965261,1.1876881900301228,0.09008139497475032,0.8238995750754041,0.9744568445798185,1.1816310088622162,4.5553145336225676,47.52000000000001,6.3,6.7,-0.2999999999999998
SK,Slovakia,2019-Q1,126.39,105.24333333333334,5.8,161.571,67.4,23.5,112.0,2019,1,1,1,1.87812348863452,1.4328396568895396,0.6566282699028703,-37.59259259259259,3.671176517129515,2.8007954922107947,-0.24797487187965261,0.051428755102689294,0.09008139497475032,0.4587443048114981,0.9744568445798185,12.03319502074689,4.5553145336225676,6.0,6.3,-0.20000000000000018
SK,Slovakia,2019-Q2,131.03,106.29666666666667,5.7,161.904,80.6,23.5,112.0,2019,2,1,1,3.671176517129515,1.0008551610553251,0.20610134244387623,19.584569732937673,2.7245668930779177,1.87812348863452,2.8007954922107947,1.4328396568895396,0.051428755102689294,0.6566282699028703,0.4587443048114981,-37.59259259259259,12.03319502074689,5.8,6.0,-0.09999999999999964
SK,Slovakia,2019-Q3,134.6,106.82666666666667,5.8,162.464,98.7,23.5,112.0,2019,3,1,1,2.7245668930779177,0.4986045344789858,0.3458839806304903,22.45657568238215,2.2139673105497915,3.671176517129515,1.87812348863452,1.0008551610553251,1.4328396568895396,0.20610134244387623,0.6566282699028703,19.584569732937673,-37.59259259259259,5.7,5.8,0.09999999999999964
SK,Slovakia,2019-Q4,137.58,106.93666666666667,5.7,163.449,109.2,23.5,112.0,2019,4,1,1,2.2139673105497915,0.10297054418373364,0.6062881623005723,10.63829787234043,3.924989097252496,2.7245668930779177,3.671176517129515,0.4986045344789858,1.0008551610553251,0.3458839806304903,0.20610134244387623,22.45657568238215,19.584569732937673,5.8,5.7,-0.09999999999999964
SK,Slovakia,2020-Q1,142.98,108.31333333333333,6.0,159.749,89.4,24.5,112.0,2020,1,1,1,3.924989097252496,1.2873663539166413,-2.2637030511046374,-18.131868131868135,0.5385368583018746,2.2139673105497915,2.7245668930779177,0.10297054418373364,0.4986045344789858,0.6062881623005723,0.3458839806304903,10.63829787234043,22.45657568238215,5.7,5.8,0.2999999999999998
SK,Slovakia,2020-Q2,143.75,108.43333333333334,6.5,147.399,67.3,24.5,112.0,2020,2,1,1,0.5385368583018746,0.11078968424940161,-7.730877814571602,-24.720357941834457,1.4886956521739103,3.924989097252496,2.2139673105497915,1.2873663539166413,0.10297054418373364,-2.2637030511046374,0.6062881623005723,-18.131868131868135,10.63829787234043,6.0,5.7,0.5
SK,Slovakia,2020-Q3,145.89,108.46666666666665,6.9,162.042,91.5,24.5,112.0,2020,3,1,1,1.4886956521739103,0.03074085459573439,9.934260069606982,35.958395245170884,1.083007745561737,0.5385368583018746,3.924989097252496,0.11078968424940161,1.2873663539166413,-7.730877814571602,-2.2637030511046374,-24.720357941834457,-18.131868131868135,6.5,6.0,0.40000000000000036
SK,Slovakia,2020-Q4,147.47,108.65666666666668,7.0,163.408,84.3,24.5,112.0,2020,4,1,1,1.083007745561737,0.17516902274126167,0.8429913232371744,-7.868852459016395,-1.1731199566013317,1.4886956521739103,0.5385368583018746,0.03074085459573439,0.11078968424940161,9.934260069606982,-7.730877814571602,35.958395245170884,-24.720357941834457,6.9,6.5,0.09999999999999964
SK,Slovakia,2021-Q1,145.74,109.41333333333334,7.1,165.136,71.0,25.5,112.1,2021,1,1,1,-1.1731199566013317,0.6963831027395173,1.0574757661803602,-15.776986951364169,3.286674900507758,1.083007745561737,1.4886956521739103,0.17516902274126167,0.03074085459573439,0.8429913232371744,9.934260069606982,-7.868852459016395,35.958395245170884,7.0,6.9,0.09999999999999964
SK,Slovakia,2021-Q2,150.53,110.69,7.0,166.868,103.3,25.5,112.1,2021,2,1,1,3.286674900507758,1.1668291494028704,1.0488324774731161,45.49295774647888,4.690094997674876,-1.1731199566013317,1.083007745561737,0.6963831027395173,0.17516902274126167,1.0574757661803602,0.8429913232371744,-15.776986951364169,-7.868852459016395,7.1,7.0,-0.09999999999999964
SK,Slovakia,2021-Q3,157.59,112.16333333333334,6.6,167.911,101.6,25.5,112.1,2021,3,1,1,4.690094997674876,1.3310446592585956,0.6250449457055884,-1.645692158760892,3.5662161304651274,3.286674900507758,-1.1731199566013317,1.1668291494028704,0.6963831027395173,1.0488324774731161,1.0574757661803602,45.49295774647888,-15.776986951364169,7.0,7.1,-0.40000000000000036
SK,Slovakia,2021-Q4,163.21,113.83666666666666,6.6,168.462,124.1,25.5,112.1,2021,4,1,1,3.5662161304651274,1.4918719724211549,0.3281500318621067,22.14566929133859,1.9667912505361151,4.690094997674876,3.286674900507758,1.3310446592585956,1.1668291494028704,0.6250449457055884,1.0488324774731161,-1.645692158760892,45.49295774647888,6.6,7.0,0.0
SK,Slovakia,2022-Q1,166.42,118.72000000000001,6.3,168.039,71.4,26.1,111.5,2022,1,1,1,1.9667912505361151,4.289771895405714,-0.2510952024789015,-42.46575342465753,5.498137243119827,3.5662161304651274,4.690094997674876,1.4918719724211549,1.3310446592585956,0.3281500318621067,0.6250449457055884,22.14566929133859,-1.645692158760892,6.6,6.6,-0.2999999999999998
SK,Slovakia,2022-Q2,175.57,123.69666666666666,6.3,167.545,104.3,26.1,111.5,2022,2,1,1,5.498137243119827,4.1919362084456235,-0.29397937383583983,46.07843137254901,2.847866947656197,1.9667912505361151,3.5662161304651274,4.289771895405714,1.4918719724211549,-0.2510952024789015,0.3281500318621067,-42.46575342465753,22.14566929133859,6.3,6.6,0.0
SK,Slovakia,2022-Q3,180.57,127.03666666666668,6.0,167.883,80.6,26.1,111.5,2022,3,1,1,2.847866947656197,2.700153601552202,0.20173684681727977,-22.722914669223393,-0.830702774547265,5.498137243119827,1.9667912505361151,4.1919362084456235,4.289771895405714,-0.29397937383583983,-0.2510952024789015,46.07843137254901,-42.46575342465753,6.3,6.3,-0.2999999999999998
SK,Slovakia,2022-Q4,179.07,130.74666666666667,6.0,168.549,78.8,26.1,111.5,2022,4,1,1,-0.830702774547265,2.9204166775996354,0.39670484801914707,-2.2332506203473934,-0.13961020829843518,2.847866947656197,5.498137243119827,2.700153601552202,4.1919362084456235,0.20173684681727977,-0.29397937383583983,-22.722914669223393,46.07843137254901,6.0,6.3,0.0
SK,Slovakia,2023-Q1,178.82,136.65,6.1,169.487,88.1,27.0,111.4,2023,1,1,1,-0.13961020829843518,4.515092800326337,0.5565147227215794,11.802030456852798,-3.9536964545352826,-0.830702774547265,2.847866947656197,2.9204166775996354,2.700153601552202,0.39670484801914707,0.20173684681727977,-2.2332506203473934,-22.722914669223393,6.0,6.0,0.09999999999999964
SK,Slovakia,2023-Q2,171.75,139.20666666666668,5.8,171.08,77.1,27.0,111.4,2023,2,1,1,-3.9536964545352826,1.8709598731552646,0.9398950951990503,-12.485811577752559,0.8442503639010113,-0.13961020829843518,-0.830702774547265,4.515092800326337,2.9204166775996354,0.5565147227215794,0.39670484801914707,11.802030456852798,-2.2332506203473934,6.1,6.0,-0.2999999999999998
SK,Slovakia,2023-Q3,173.2,139.28666666666666,5.8,172.416,69.3,27.0,111.4,2023,3,1,1,0.8442503639010113,0.05746851204442294,0.7809212064531224,-10.116731517509725,1.9399538106235736,-3.9536964545352826,-0.13961020829843518,1.8709598731552646,4.515092800326337,0.9398950951990503,0.5565147227215794,-12.485811577752559,11.802030456852798,5.8,6.1,0.0
SK,Slovakia,2023-Q4,176.56,139.99666666666667,5.6,173.23,87.6,27.0,111.4,2023,4,1,1,1.9399538106235736,0.509740104341172,0.4721139569413557,26.406926406926413,-1.727458087902134,0.8442503639010113,-3.9536964545352826,0.05746851204442294,1.8709598731552646,0.7809212064531224,0.9398950951990503,-10.116731517509725,-12.485811577752559,5.8,5.8,-0.20000000000000018
SK,Slovakia,2024-Q1,173.51,141.61333333333334,5.6,174.321,64.7,27.9,111.3,2024,1,1,1,-1.727458087902134,1.1547893997476244,0.629798533741277,-26.141552511415522,2.991182064434317,1.9399538106235736,0.8442503639010113,0.509740104341172,0.05746851204442294,0.4721139569413557,0.7809212064531224,26.406926406926413,-10.116731517509725,5.6,5.8,0.0
SK,Slovakia,2024-Q2,178.7,142.67999999999998,5.4,174.776,73.6,27.9,111.3,2024,2,1,1,2.991182064434317,0.753224743432801,0.26101272939003106,13.755795981452845,2.8987129266927925,-1.727458087902134,1.9399538106235736,1.1547893997476244,0.509740104341172,0.629798533741277,0.4721139569413557,-26.141552511415522,26.406926406926413,5.6,5.6,-0.1999999999999993
SK,Slovakia,2024-Q3,183.88,143.54,5.3,174.97,51.1,27.9,111.3,2024,3,1,1,2.8987129266927925,0.6027474067844318,0.11099922186110778,-30.57065217391304,3.643680661300852,2.991182064434317,-1.727458087902134,0.753224743432801,1.1547893997476244,0.26101272939003106,0.629798533741277,13.755795981452845,-26.141552511415522,5.4,5.6,-0.10000000000000053
SK,Slovakia,2024-Q4,190.58,144.82666666666668,5.2,175.45,53.6,27.9,111.3,2024,4,1,1,3.643680661300852,0.8963819608936108,0.2743327427559006,4.89236790606653,2.1093504040297972,2.8987129266927925,2.991182064434317,0.6027474067844318,0.753224743432801,0.11099922186110778,0.26101272939003106,-30.57065217391304,13.755795981452845,5.3,5.4,-0.09999999999999964
SK,Slovakia,2025-Q1,194.6,147.53666666666666,5.3,175.689,53.6,28.7,111.3,2025,1,1,1,2.1093504040297972,1.8712023568403513,0.13622114562552579,0.0,2.183967112024665,3.643680661300852,2.8987129266927925,0.8963819608936108,0.6027474067844318,0.2743327427559006,0.11099922186110778,4.89236790606653,-30.57065217391304,5.2,5.3,0.09999999999999964
SK,Slovakia,2025-Q2,198.85,148.79666666666665,5.4,176.013,65.7,28.7,111.3,2025,2,1,1,2.183967112024665,0.8540249881385353,0.18441678192715472,22.574626865671643,4.862962031682172,2.1093504040297972,3.643680661300852,1.8712023568403513,0.8963819608936108,0.13622114562552579,0.2743327427559006,0.0,4.89236790606653,5.3,5.2,0.10000000000000053
